cell,scope,reuse,union_share,cap_share,pred_C_beats_A,actual_C_beats_A,correct
ecom|s1|r1|DISJOINT|w1|WORKLOAD,WORKLOAD,1,0.0105,1.0,1,1,1
ecom|s1|r1|DISJOINT|w1|CAP_10PCT,CAP_10PCT,1,0.0105,0.1,1,1,1
ecom|s1|r1|DISJOINT|w1|CELL,CELL,1,0.0105,1.0,1,1,1
ecom|s1|r1|DISJOINT|w2|WORKLOAD,WORKLOAD,1,0.0079,1.0,1,1,1
ecom|s1|r1|DISJOINT|w2|CAP_10PCT,CAP_10PCT,1,0.0079,0.1,1,1,1
ecom|s1|r1|DISJOINT|w2|CELL,CELL,1,0.0079,1.0,1,1,1
ecom|s1|r1|DISJOINT|w4|WORKLOAD,WORKLOAD,1,0.0107,1.0,1,1,1
ecom|s1|r1|DISJOINT|w4|CAP_10PCT,CAP_10PCT,1,0.0107,0.1,1,1,1
ecom|s1|r1|DISJOINT|w4|CELL,CELL,1,0.0107,1.0,1,1,1
ecom|s1|r1|OVERLAP|w1|WORKLOAD,WORKLOAD,1,0.0096,1.0,1,1,1
ecom|s1|r1|OVERLAP|w1|CAP_10PCT,CAP_10PCT,1,0.0096,0.1,1,1,1
ecom|s1|r1|OVERLAP|w1|CELL,CELL,1,0.0096,1.0,1,1,1
ecom|s1|r1|OVERLAP|w2|WORKLOAD,WORKLOAD,1,0.0104,1.0,1,1,1
ecom|s1|r1|OVERLAP|w2|CAP_10PCT,CAP_10PCT,1,0.0104,0.1,1,1,1
ecom|s1|r1|OVERLAP|w2|CELL,CELL,1,0.0104,1.0,1,1,1
ecom|s1|r1|OVERLAP|w4|WORKLOAD,WORKLOAD,1,0.0102,1.0,1,1,1
ecom|s1|r1|OVERLAP|w4|CAP_10PCT,CAP_10PCT,1,0.0102,0.1,1,1,1
ecom|s1|r1|OVERLAP|w4|CELL,CELL,1,0.0102,1.0,1,1,1
ecom|s1|r1|NESTED|w1|WORKLOAD,WORKLOAD,1,0.0103,1.0,1,1,1
ecom|s1|r1|NESTED|w1|CAP_10PCT,CAP_10PCT,1,0.0103,0.1,1,1,1
ecom|s1|r1|NESTED|w1|CELL,CELL,1,0.0103,1.0,1,1,1
ecom|s1|r1|NESTED|w2|WORKLOAD,WORKLOAD,1,0.0103,1.0,1,1,1
ecom|s1|r1|NESTED|w2|CAP_10PCT,CAP_10PCT,1,0.0103,0.1,1,1,1
ecom|s1|r1|NESTED|w2|CELL,CELL,1,0.0103,1.0,1,1,1
ecom|s1|r1|NESTED|w4|WORKLOAD,WORKLOAD,1,0.0103,1.0,1,1,1
ecom|s1|r1|NESTED|w4|CAP_10PCT,CAP_10PCT,1,0.0103,0.1,1,1,1
ecom|s1|r1|NESTED|w4|CELL,CELL,1,0.0103,1.0,1,1,1
ecom|s1|r10|DISJOINT|w1|WORKLOAD,WORKLOAD,10,0.1014,1.0,1,1,1
ecom|s1|r10|DISJOINT|w1|CAP_10PCT,CAP_10PCT,10,0.1014,0.1,0,1,0
ecom|s1|r10|DISJOINT|w1|CELL,CELL,10,0.1014,0.1,0,1,0
ecom|s1|r10|DISJOINT|w2|WORKLOAD,WORKLOAD,10,0.0919,1.0,1,1,1
ecom|s1|r10|DISJOINT|w2|CAP_10PCT,CAP_10PCT,10,0.0919,0.1,1,1,1
ecom|s1|r10|DISJOINT|w2|CELL,CELL,10,0.0919,0.1,1,1,1
ecom|s1|r10|DISJOINT|w4|WORKLOAD,WORKLOAD,10,0.0949,1.0,1,1,1
ecom|s1|r10|DISJOINT|w4|CAP_10PCT,CAP_10PCT,10,0.0949,0.1,1,1,1
ecom|s1|r10|DISJOINT|w4|CELL,CELL,10,0.0949,0.1,1,1,1
ecom|s1|r10|OVERLAP|w1|WORKLOAD,WORKLOAD,10,0.0537,1.0,1,1,1
ecom|s1|r10|OVERLAP|w1|CAP_10PCT,CAP_10PCT,10,0.0537,0.1,1,1,1
ecom|s1|r10|OVERLAP|w1|CELL,CELL,10,0.0537,0.1,1,1,1
ecom|s1|r10|OVERLAP|w2|WORKLOAD,WORKLOAD,10,0.0559,1.0,1,1,1
ecom|s1|r10|OVERLAP|w2|CAP_10PCT,CAP_10PCT,10,0.0559,0.1,1,1,1
ecom|s1|r10|OVERLAP|w2|CELL,CELL,10,0.0559,0.1,1,1,1
ecom|s1|r10|OVERLAP|w4|WORKLOAD,WORKLOAD,10,0.0544,1.0,1,1,1
ecom|s1|r10|OVERLAP|w4|CAP_10PCT,CAP_10PCT,10,0.0544,0.1,1,1,1
ecom|s1|r10|OVERLAP|w4|CELL,CELL,10,0.0544,0.1,1,1,1
ecom|s1|r10|NESTED|w1|WORKLOAD,WORKLOAD,10,0.0191,1.0,1,1,1
ecom|s1|r10|NESTED|w1|CAP_10PCT,CAP_10PCT,10,0.0191,0.1,1,1,1
ecom|s1|r10|NESTED|w1|CELL,CELL,10,0.0191,0.1,1,1,1
ecom|s1|r10|NESTED|w2|WORKLOAD,WORKLOAD,10,0.0191,1.0,1,1,1
ecom|s1|r10|NESTED|w2|CAP_10PCT,CAP_10PCT,10,0.0191,0.1,1,1,1
ecom|s1|r10|NESTED|w2|CELL,CELL,10,0.0191,0.1,1,1,1
ecom|s1|r10|NESTED|w4|WORKLOAD,WORKLOAD,10,0.0191,1.0,1,1,1
ecom|s1|r10|NESTED|w4|CAP_10PCT,CAP_10PCT,10,0.0191,0.1,1,1,1
ecom|s1|r10|NESTED|w4|CELL,CELL,10,0.0191,0.1,1,1,1
ecom|s1|r50|DISJOINT|w1|WORKLOAD,WORKLOAD,50,0.4014,1.0,1,1,1
ecom|s1|r50|DISJOINT|w1|CAP_10PCT,CAP_10PCT,50,0.4014,0.1,0,1,0
ecom|s1|r50|DISJOINT|w1|CELL,CELL,50,0.4014,0.02,0,1,0
ecom|s1|r50|DISJOINT|w2|WORKLOAD,WORKLOAD,50,0.3809,1.0,1,1,1
ecom|s1|r50|DISJOINT|w2|CAP_10PCT,CAP_10PCT,50,0.3809,0.1,0,1,0
ecom|s1|r50|DISJOINT|w2|CELL,CELL,50,0.3809,0.02,0,1,0
ecom|s1|r50|DISJOINT|w4|WORKLOAD,WORKLOAD,50,0.401,1.0,1,1,1
ecom|s1|r50|DISJOINT|w4|CAP_10PCT,CAP_10PCT,50,0.401,0.1,0,1,0
ecom|s1|r50|DISJOINT|w4|CELL,CELL,50,0.401,0.02,0,1,0
ecom|s1|r50|OVERLAP|w1|WORKLOAD,WORKLOAD,50,0.23,1.0,1,1,1
ecom|s1|r50|OVERLAP|w1|CAP_10PCT,CAP_10PCT,50,0.23,0.1,0,1,0
ecom|s1|r50|OVERLAP|w1|CELL,CELL,50,0.23,0.02,0,1,0
ecom|s1|r50|OVERLAP|w2|WORKLOAD,WORKLOAD,50,0.2273,1.0,1,1,1
ecom|s1|r50|OVERLAP|w2|CAP_10PCT,CAP_10PCT,50,0.2273,0.1,0,1,0
ecom|s1|r50|OVERLAP|w2|CELL,CELL,50,0.2273,0.02,0,1,0
ecom|s1|r50|OVERLAP|w4|WORKLOAD,WORKLOAD,50,0.2319,1.0,1,1,1
ecom|s1|r50|OVERLAP|w4|CAP_10PCT,CAP_10PCT,50,0.2319,0.1,0,1,0
ecom|s1|r50|OVERLAP|w4|CELL,CELL,50,0.2319,0.02,0,1,0
ecom|s1|r50|NESTED|w1|WORKLOAD,WORKLOAD,50,0.0212,1.0,1,1,1
ecom|s1|r50|NESTED|w1|CAP_10PCT,CAP_10PCT,50,0.0212,0.1,1,1,1
ecom|s1|r50|NESTED|w1|CELL,CELL,50,0.0212,0.02,0,1,0
ecom|s1|r50|NESTED|w2|WORKLOAD,WORKLOAD,50,0.0212,1.0,1,1,1
ecom|s1|r50|NESTED|w2|CAP_10PCT,CAP_10PCT,50,0.0212,0.1,1,1,1
ecom|s1|r50|NESTED|w2|CELL,CELL,50,0.0212,0.02,0,1,0
ecom|s1|r50|NESTED|w4|WORKLOAD,WORKLOAD,50,0.0212,1.0,1,1,1
ecom|s1|r50|NESTED|w4|CAP_10PCT,CAP_10PCT,50,0.0212,0.1,1,1,1
ecom|s1|r50|NESTED|w4|CELL,CELL,50,0.0212,0.02,0,1,0
ecom|s1|r100|DISJOINT|w1|WORKLOAD,WORKLOAD,100,0.6517,1.0,1,1,1
ecom|s1|r100|DISJOINT|w1|CAP_10PCT,CAP_10PCT,100,0.6517,0.1,0,1,0
ecom|s1|r100|DISJOINT|w1|CELL,CELL,100,0.6517,0.01,0,0,1
ecom|s1|r100|DISJOINT|w2|WORKLOAD,WORKLOAD,100,0.6219,1.0,1,1,1
ecom|s1|r100|DISJOINT|w2|CAP_10PCT,CAP_10PCT,100,0.6219,0.1,0,1,0
ecom|s1|r100|DISJOINT|w2|CELL,CELL,100,0.6219,0.01,0,1,0
ecom|s1|r100|DISJOINT|w4|WORKLOAD,WORKLOAD,100,0.6343,1.0,1,1,1
ecom|s1|r100|DISJOINT|w4|CAP_10PCT,CAP_10PCT,100,0.6343,0.1,0,1,0
ecom|s1|r100|DISJOINT|w4|CELL,CELL,100,0.6343,0.01,0,1,0
ecom|s1|r100|OVERLAP|w1|WORKLOAD,WORKLOAD,100,0.4013,1.0,1,1,1
ecom|s1|r100|OVERLAP|w1|CAP_10PCT,CAP_10PCT,100,0.4013,0.1,0,1,0
ecom|s1|r100|OVERLAP|w1|CELL,CELL,100,0.4013,0.01,0,0,1
ecom|s1|r100|OVERLAP|w2|WORKLOAD,WORKLOAD,100,0.3975,1.0,1,1,1
ecom|s1|r100|OVERLAP|w2|CAP_10PCT,CAP_10PCT,100,0.3975,0.1,0,1,0
ecom|s1|r100|OVERLAP|w2|CELL,CELL,100,0.3975,0.01,0,1,0
ecom|s1|r100|OVERLAP|w4|WORKLOAD,WORKLOAD,100,0.4031,1.0,1,1,1
ecom|s1|r100|OVERLAP|w4|CAP_10PCT,CAP_10PCT,100,0.4031,0.1,0,1,0
ecom|s1|r100|OVERLAP|w4|CELL,CELL,100,0.4031,0.01,0,0,1
ecom|s1|r100|NESTED|w1|WORKLOAD,WORKLOAD,100,0.0212,1.0,1,1,1
ecom|s1|r100|NESTED|w1|CAP_10PCT,CAP_10PCT,100,0.0212,0.1,1,1,1
ecom|s1|r100|NESTED|w1|CELL,CELL,100,0.0212,0.01,0,0,1
ecom|s1|r100|NESTED|w2|WORKLOAD,WORKLOAD,100,0.0212,1.0,1,1,1
ecom|s1|r100|NESTED|w2|CAP_10PCT,CAP_10PCT,100,0.0212,0.1,1,1,1
ecom|s1|r100|NESTED|w2|CELL,CELL,100,0.0212,0.01,0,0,1
ecom|s1|r100|NESTED|w4|WORKLOAD,WORKLOAD,100,0.0212,1.0,1,1,1
ecom|s1|r100|NESTED|w4|CAP_10PCT,CAP_10PCT,100,0.0212,0.1,1,1,1
ecom|s1|r100|NESTED|w4|CELL,CELL,100,0.0212,0.01,0,0,1
ecom|s5|r1|DISJOINT|w1|WORKLOAD,WORKLOAD,1,0.0482,1.0,1,1,1
ecom|s5|r1|DISJOINT|w1|CAP_10PCT,CAP_10PCT,1,0.0482,0.1,1,1,1
ecom|s5|r1|DISJOINT|w1|CELL,CELL,1,0.0482,1.0,1,1,1
ecom|s5|r1|DISJOINT|w2|WORKLOAD,WORKLOAD,1,0.0503,1.0,1,1,1
ecom|s5|r1|DISJOINT|w2|CAP_10PCT,CAP_10PCT,1,0.0503,0.1,1,1,1
ecom|s5|r1|DISJOINT|w2|CELL,CELL,1,0.0503,1.0,1,1,1
ecom|s5|r1|DISJOINT|w4|WORKLOAD,WORKLOAD,1,0.0496,1.0,1,1,1
ecom|s5|r1|DISJOINT|w4|CAP_10PCT,CAP_10PCT,1,0.0496,0.1,1,1,1
ecom|s5|r1|DISJOINT|w4|CELL,CELL,1,0.0496,1.0,1,1,1
ecom|s5|r1|OVERLAP|w1|WORKLOAD,WORKLOAD,1,0.0495,1.0,1,1,1
ecom|s5|r1|OVERLAP|w1|CAP_10PCT,CAP_10PCT,1,0.0495,0.1,1,1,1
ecom|s5|r1|OVERLAP|w1|CELL,CELL,1,0.0495,1.0,1,1,1
ecom|s5|r1|OVERLAP|w2|WORKLOAD,WORKLOAD,1,0.0517,1.0,1,1,1
ecom|s5|r1|OVERLAP|w2|CAP_10PCT,CAP_10PCT,1,0.0517,0.1,1,1,1
ecom|s5|r1|OVERLAP|w2|CELL,CELL,1,0.0517,1.0,1,1,1
ecom|s5|r1|OVERLAP|w4|WORKLOAD,WORKLOAD,1,0.0521,1.0,1,1,1
ecom|s5|r1|OVERLAP|w4|CAP_10PCT,CAP_10PCT,1,0.0521,0.1,1,1,1
ecom|s5|r1|OVERLAP|w4|CELL,CELL,1,0.0521,1.0,1,1,1
ecom|s5|r1|NESTED|w1|WORKLOAD,WORKLOAD,1,0.0531,1.0,1,1,1
ecom|s5|r1|NESTED|w1|CAP_10PCT,CAP_10PCT,1,0.0531,0.1,1,1,1
ecom|s5|r1|NESTED|w1|CELL,CELL,1,0.0531,1.0,1,1,1
ecom|s5|r1|NESTED|w2|WORKLOAD,WORKLOAD,1,0.0531,1.0,1,1,1
ecom|s5|r1|NESTED|w2|CAP_10PCT,CAP_10PCT,1,0.0531,0.1,1,1,1
ecom|s5|r1|NESTED|w2|CELL,CELL,1,0.0531,1.0,1,1,1
ecom|s5|r1|NESTED|w4|WORKLOAD,WORKLOAD,1,0.0531,1.0,1,1,1
ecom|s5|r1|NESTED|w4|CAP_10PCT,CAP_10PCT,1,0.0531,0.1,1,1,1
ecom|s5|r1|NESTED|w4|CELL,CELL,1,0.0531,1.0,1,1,1
ecom|s5|r10|DISJOINT|w1|WORKLOAD,WORKLOAD,10,0.4056,1.0,1,1,1
ecom|s5|r10|DISJOINT|w1|CAP_10PCT,CAP_10PCT,10,0.4056,0.1,0,1,0
ecom|s5|r10|DISJOINT|w1|CELL,CELL,10,0.4056,0.1,0,1,0
ecom|s5|r10|DISJOINT|w2|WORKLOAD,WORKLOAD,10,0.4001,1.0,1,1,1
ecom|s5|r10|DISJOINT|w2|CAP_10PCT,CAP_10PCT,10,0.4001,0.1,0,1,0
ecom|s5|r10|DISJOINT|w2|CELL,CELL,10,0.4001,0.1,0,1,0
ecom|s5|r10|DISJOINT|w4|WORKLOAD,WORKLOAD,10,0.4055,1.0,1,1,1
ecom|s5|r10|DISJOINT|w4|CAP_10PCT,CAP_10PCT,10,0.4055,0.1,0,1,0
ecom|s5|r10|DISJOINT|w4|CELL,CELL,10,0.4055,0.1,0,1,0
ecom|s5|r10|OVERLAP|w1|WORKLOAD,WORKLOAD,10,0.2438,1.0,1,1,1
ecom|s5|r10|OVERLAP|w1|CAP_10PCT,CAP_10PCT,10,0.2438,0.1,0,1,0
ecom|s5|r10|OVERLAP|w1|CELL,CELL,10,0.2438,0.1,0,1,0
ecom|s5|r10|OVERLAP|w2|WORKLOAD,WORKLOAD,10,0.2458,1.0,1,1,1
ecom|s5|r10|OVERLAP|w2|CAP_10PCT,CAP_10PCT,10,0.2458,0.1,0,1,0
ecom|s5|r10|OVERLAP|w2|CELL,CELL,10,0.2458,0.1,0,1,0
ecom|s5|r10|OVERLAP|w4|WORKLOAD,WORKLOAD,10,0.2435,1.0,1,1,1
ecom|s5|r10|OVERLAP|w4|CAP_10PCT,CAP_10PCT,10,0.2435,0.1,0,1,0
ecom|s5|r10|OVERLAP|w4|CELL,CELL,10,0.2435,0.1,0,1,0
ecom|s5|r10|NESTED|w1|WORKLOAD,WORKLOAD,10,0.0926,1.0,1,1,1
ecom|s5|r10|NESTED|w1|CAP_10PCT,CAP_10PCT,10,0.0926,0.1,1,1,1
ecom|s5|r10|NESTED|w1|CELL,CELL,10,0.0926,0.1,1,1,1
ecom|s5|r10|NESTED|w2|WORKLOAD,WORKLOAD,10,0.0926,1.0,1,1,1
ecom|s5|r10|NESTED|w2|CAP_10PCT,CAP_10PCT,10,0.0926,0.1,1,1,1
ecom|s5|r10|NESTED|w2|CELL,CELL,10,0.0926,0.1,1,1,1
ecom|s5|r10|NESTED|w4|WORKLOAD,WORKLOAD,10,0.0926,1.0,1,1,1
ecom|s5|r10|NESTED|w4|CAP_10PCT,CAP_10PCT,10,0.0926,0.1,1,1,1
ecom|s5|r10|NESTED|w4|CELL,CELL,10,0.0926,0.1,1,1,1
ecom|s5|r50|DISJOINT|w1|WORKLOAD,WORKLOAD,50,0.9223,1.0,1,1,1
ecom|s5|r50|DISJOINT|w1|CAP_10PCT,CAP_10PCT,50,0.9223,0.1,0,0,1
ecom|s5|r50|DISJOINT|w1|CELL,CELL,50,0.9223,0.02,0,0,1
ecom|s5|r50|DISJOINT|w2|WORKLOAD,WORKLOAD,50,0.9246,1.0,1,1,1
ecom|s5|r50|DISJOINT|w2|CAP_10PCT,CAP_10PCT,50,0.9246,0.1,0,0,1
ecom|s5|r50|DISJOINT|w2|CELL,CELL,50,0.9246,0.02,0,0,1
ecom|s5|r50|DISJOINT|w4|WORKLOAD,WORKLOAD,50,0.9255,1.0,1,1,1
ecom|s5|r50|DISJOINT|w4|CAP_10PCT,CAP_10PCT,50,0.9255,0.1,0,0,1
ecom|s5|r50|DISJOINT|w4|CELL,CELL,50,0.9255,0.02,0,0,1
ecom|s5|r50|OVERLAP|w1|WORKLOAD,WORKLOAD,50,0.721,1.0,1,1,1
ecom|s5|r50|OVERLAP|w1|CAP_10PCT,CAP_10PCT,50,0.721,0.1,0,0,1
ecom|s5|r50|OVERLAP|w1|CELL,CELL,50,0.721,0.02,0,0,1
ecom|s5|r50|OVERLAP|w2|WORKLOAD,WORKLOAD,50,0.7271,1.0,1,1,1
ecom|s5|r50|OVERLAP|w2|CAP_10PCT,CAP_10PCT,50,0.7271,0.1,0,0,1
ecom|s5|r50|OVERLAP|w2|CELL,CELL,50,0.7271,0.02,0,0,1
ecom|s5|r50|OVERLAP|w4|WORKLOAD,WORKLOAD,50,0.7266,1.0,1,1,1
ecom|s5|r50|OVERLAP|w4|CAP_10PCT,CAP_10PCT,50,0.7266,0.1,0,0,1
ecom|s5|r50|OVERLAP|w4|CELL,CELL,50,0.7266,0.02,0,0,1
ecom|s5|r50|NESTED|w1|WORKLOAD,WORKLOAD,50,0.099,1.0,1,1,1
ecom|s5|r50|NESTED|w1|CAP_10PCT,CAP_10PCT,50,0.099,0.1,1,1,1
ecom|s5|r50|NESTED|w1|CELL,CELL,50,0.099,0.02,0,0,1
ecom|s5|r50|NESTED|w2|WORKLOAD,WORKLOAD,50,0.099,1.0,1,1,1
ecom|s5|r50|NESTED|w2|CAP_10PCT,CAP_10PCT,50,0.099,0.1,1,1,1
ecom|s5|r50|NESTED|w2|CELL,CELL,50,0.099,0.02,0,0,1
ecom|s5|r50|NESTED|w4|WORKLOAD,WORKLOAD,50,0.099,1.0,1,1,1
ecom|s5|r50|NESTED|w4|CAP_10PCT,CAP_10PCT,50,0.099,0.1,1,1,1
ecom|s5|r50|NESTED|w4|CELL,CELL,50,0.099,0.02,0,0,1
ecom|s5|r100|DISJOINT|w1|WORKLOAD,WORKLOAD,100,0.9931,1.0,1,1,1
ecom|s5|r100|DISJOINT|w1|CAP_10PCT,CAP_10PCT,100,0.9931,0.1,0,0,1
ecom|s5|r100|DISJOINT|w1|CELL,CELL,100,0.9931,0.01,0,0,1
ecom|s5|r100|DISJOINT|w2|WORKLOAD,WORKLOAD,100,0.994,1.0,1,1,1
ecom|s5|r100|DISJOINT|w2|CAP_10PCT,CAP_10PCT,100,0.994,0.1,0,0,1
ecom|s5|r100|DISJOINT|w2|CELL,CELL,100,0.994,0.01,0,0,1
ecom|s5|r100|DISJOINT|w4|WORKLOAD,WORKLOAD,100,0.9946,1.0,1,1,1
ecom|s5|r100|DISJOINT|w4|CAP_10PCT,CAP_10PCT,100,0.9946,0.1,0,0,1
ecom|s5|r100|DISJOINT|w4|CELL,CELL,100,0.9946,0.01,0,0,1
ecom|s5|r100|OVERLAP|w1|WORKLOAD,WORKLOAD,100,0.9217,1.0,1,1,1
ecom|s5|r100|OVERLAP|w1|CAP_10PCT,CAP_10PCT,100,0.9217,0.1,0,0,1
ecom|s5|r100|OVERLAP|w1|CELL,CELL,100,0.9217,0.01,0,0,1
ecom|s5|r100|OVERLAP|w2|WORKLOAD,WORKLOAD,100,0.9247,1.0,1,1,1
ecom|s5|r100|OVERLAP|w2|CAP_10PCT,CAP_10PCT,100,0.9247,0.1,0,0,1
ecom|s5|r100|OVERLAP|w2|CELL,CELL,100,0.9247,0.01,0,0,1
ecom|s5|r100|OVERLAP|w4|WORKLOAD,WORKLOAD,100,0.9235,1.0,1,1,1
ecom|s5|r100|OVERLAP|w4|CAP_10PCT,CAP_10PCT,100,0.9235,0.1,0,0,1
ecom|s5|r100|OVERLAP|w4|CELL,CELL,100,0.9235,0.01,0,0,1
ecom|s5|r100|NESTED|w1|WORKLOAD,WORKLOAD,100,0.1008,1.0,1,1,1
ecom|s5|r100|NESTED|w1|CAP_10PCT,CAP_10PCT,100,0.1008,0.1,0,1,0
ecom|s5|r100|NESTED|w1|CELL,CELL,100,0.1008,0.01,0,0,1
ecom|s5|r100|NESTED|w2|WORKLOAD,WORKLOAD,100,0.1008,1.0,1,1,1
ecom|s5|r100|NESTED|w2|CAP_10PCT,CAP_10PCT,100,0.1008,0.1,0,1,0
ecom|s5|r100|NESTED|w2|CELL,CELL,100,0.1008,0.01,0,0,1
ecom|s5|r100|NESTED|w4|WORKLOAD,WORKLOAD,100,0.1008,1.0,1,1,1
ecom|s5|r100|NESTED|w4|CAP_10PCT,CAP_10PCT,100,0.1008,0.1,0,1,0
ecom|s5|r100|NESTED|w4|CELL,CELL,100,0.1008,0.01,0,0,1
ecom|s10|r1|DISJOINT|w1|WORKLOAD,WORKLOAD,1,0.0971,1.0,1,1,1
ecom|s10|r1|DISJOINT|w1|CAP_10PCT,CAP_10PCT,1,0.0971,0.1,1,1,1
ecom|s10|r1|DISJOINT|w1|CELL,CELL,1,0.0971,1.0,1,1,1
ecom|s10|r1|DISJOINT|w2|WORKLOAD,WORKLOAD,1,0.0963,1.0,1,1,1
ecom|s10|r1|DISJOINT|w2|CAP_10PCT,CAP_10PCT,1,0.0963,0.1,1,1,1
ecom|s10|r1|DISJOINT|w2|CELL,CELL,1,0.0963,1.0,1,1,1
ecom|s10|r1|DISJOINT|w4|WORKLOAD,WORKLOAD,1,0.0982,1.0,1,1,1
ecom|s10|r1|DISJOINT|w4|CAP_10PCT,CAP_10PCT,1,0.0982,0.1,1,1,1
ecom|s10|r1|DISJOINT|w4|CELL,CELL,1,0.0982,1.0,1,1,1
ecom|s10|r1|OVERLAP|w1|WORKLOAD,WORKLOAD,1,0.1038,1.0,1,1,1
ecom|s10|r1|OVERLAP|w1|CAP_10PCT,CAP_10PCT,1,0.1038,0.1,0,1,0
ecom|s10|r1|OVERLAP|w1|CELL,CELL,1,0.1038,1.0,1,1,1
ecom|s10|r1|OVERLAP|w2|WORKLOAD,WORKLOAD,1,0.0994,1.0,1,1,1
ecom|s10|r1|OVERLAP|w2|CAP_10PCT,CAP_10PCT,1,0.0994,0.1,1,1,1
ecom|s10|r1|OVERLAP|w2|CELL,CELL,1,0.0994,1.0,1,1,1
ecom|s10|r1|OVERLAP|w4|WORKLOAD,WORKLOAD,1,0.1032,1.0,1,1,1
ecom|s10|r1|OVERLAP|w4|CAP_10PCT,CAP_10PCT,1,0.1032,0.1,0,1,0
ecom|s10|r1|OVERLAP|w4|CELL,CELL,1,0.1032,1.0,1,1,1
ecom|s10|r1|NESTED|w1|WORKLOAD,WORKLOAD,1,0.1019,1.0,1,1,1
ecom|s10|r1|NESTED|w1|CAP_10PCT,CAP_10PCT,1,0.1019,0.1,0,1,0
ecom|s10|r1|NESTED|w1|CELL,CELL,1,0.1019,1.0,1,1,1
ecom|s10|r1|NESTED|w2|WORKLOAD,WORKLOAD,1,0.1019,1.0,1,1,1
ecom|s10|r1|NESTED|w2|CAP_10PCT,CAP_10PCT,1,0.1019,0.1,0,1,0
ecom|s10|r1|NESTED|w2|CELL,CELL,1,0.1019,1.0,1,1,1
ecom|s10|r1|NESTED|w4|WORKLOAD,WORKLOAD,1,0.1019,1.0,1,1,1
ecom|s10|r1|NESTED|w4|CAP_10PCT,CAP_10PCT,1,0.1019,0.1,0,1,0
ecom|s10|r1|NESTED|w4|CELL,CELL,1,0.1019,1.0,1,1,1
ecom|s10|r10|DISJOINT|w1|WORKLOAD,WORKLOAD,10,0.6523,1.0,1,1,1
ecom|s10|r10|DISJOINT|w1|CAP_10PCT,CAP_10PCT,10,0.6523,0.1,0,1,0
ecom|s10|r10|DISJOINT|w1|CELL,CELL,10,0.6523,0.1,0,0,1
ecom|s10|r10|DISJOINT|w2|WORKLOAD,WORKLOAD,10,0.6567,1.0,1,1,1
ecom|s10|r10|DISJOINT|w2|CAP_10PCT,CAP_10PCT,10,0.6567,0.1,0,1,0
ecom|s10|r10|DISJOINT|w2|CELL,CELL,10,0.6567,0.1,0,0,1
ecom|s10|r10|DISJOINT|w4|WORKLOAD,WORKLOAD,10,0.649,1.0,1,1,1
ecom|s10|r10|DISJOINT|w4|CAP_10PCT,CAP_10PCT,10,0.649,0.1,0,1,0
ecom|s10|r10|DISJOINT|w4|CELL,CELL,10,0.649,0.1,0,1,0
ecom|s10|r10|OVERLAP|w1|WORKLOAD,WORKLOAD,10,0.4313,1.0,1,1,1
ecom|s10|r10|OVERLAP|w1|CAP_10PCT,CAP_10PCT,10,0.4313,0.1,0,1,0
ecom|s10|r10|OVERLAP|w1|CELL,CELL,10,0.4313,0.1,0,0,1
ecom|s10|r10|OVERLAP|w2|WORKLOAD,WORKLOAD,10,0.4305,1.0,1,1,1
ecom|s10|r10|OVERLAP|w2|CAP_10PCT,CAP_10PCT,10,0.4305,0.1,0,1,0
ecom|s10|r10|OVERLAP|w2|CELL,CELL,10,0.4305,0.1,0,0,1
ecom|s10|r10|OVERLAP|w4|WORKLOAD,WORKLOAD,10,0.4455,1.0,1,1,1
ecom|s10|r10|OVERLAP|w4|CAP_10PCT,CAP_10PCT,10,0.4455,0.1,0,1,0
ecom|s10|r10|OVERLAP|w4|CELL,CELL,10,0.4455,0.1,0,0,1
ecom|s10|r10|NESTED|w1|WORKLOAD,WORKLOAD,10,0.1867,1.0,1,1,1
ecom|s10|r10|NESTED|w1|CAP_10PCT,CAP_10PCT,10,0.1867,0.1,0,1,0
ecom|s10|r10|NESTED|w1|CELL,CELL,10,0.1867,0.1,0,0,1
ecom|s10|r10|NESTED|w2|WORKLOAD,WORKLOAD,10,0.1867,1.0,1,1,1
ecom|s10|r10|NESTED|w2|CAP_10PCT,CAP_10PCT,10,0.1867,0.1,0,1,0
ecom|s10|r10|NESTED|w2|CELL,CELL,10,0.1867,0.1,0,0,1
ecom|s10|r10|NESTED|w4|WORKLOAD,WORKLOAD,10,0.1867,1.0,1,1,1
ecom|s10|r10|NESTED|w4|CAP_10PCT,CAP_10PCT,10,0.1867,0.1,0,1,0
ecom|s10|r10|NESTED|w4|CELL,CELL,10,0.1867,0.1,0,0,1
ecom|s10|r50|DISJOINT|w1|WORKLOAD,WORKLOAD,50,0.9956,1.0,1,1,1
ecom|s10|r50|DISJOINT|w1|CAP_10PCT,CAP_10PCT,50,0.9956,0.1,0,0,1
ecom|s10|r50|DISJOINT|w1|CELL,CELL,50,0.9956,0.02,0,0,1
ecom|s10|r50|DISJOINT|w2|WORKLOAD,WORKLOAD,50,0.9954,1.0,1,1,1
ecom|s10|r50|DISJOINT|w2|CAP_10PCT,CAP_10PCT,50,0.9954,0.1,0,0,1
ecom|s10|r50|DISJOINT|w2|CELL,CELL,50,0.9954,0.02,0,0,1
ecom|s10|r50|DISJOINT|w4|WORKLOAD,WORKLOAD,50,0.9939,1.0,1,1,1
ecom|s10|r50|DISJOINT|w4|CAP_10PCT,CAP_10PCT,50,0.9939,0.1,0,0,1
ecom|s10|r50|DISJOINT|w4|CELL,CELL,50,0.9939,0.02,0,0,1
ecom|s10|r50|OVERLAP|w1|WORKLOAD,WORKLOAD,50,0.9263,1.0,1,1,1
ecom|s10|r50|OVERLAP|w1|CAP_10PCT,CAP_10PCT,50,0.9263,0.1,0,0,1
ecom|s10|r50|OVERLAP|w1|CELL,CELL,50,0.9263,0.02,0,0,1
ecom|s10|r50|OVERLAP|w2|WORKLOAD,WORKLOAD,50,0.9233,1.0,1,1,1
ecom|s10|r50|OVERLAP|w2|CAP_10PCT,CAP_10PCT,50,0.9233,0.1,0,0,1
ecom|s10|r50|OVERLAP|w2|CELL,CELL,50,0.9233,0.02,0,0,1
ecom|s10|r50|OVERLAP|w4|WORKLOAD,WORKLOAD,50,0.9276,1.0,1,1,1
ecom|s10|r50|OVERLAP|w4|CAP_10PCT,CAP_10PCT,50,0.9276,0.1,0,0,1
ecom|s10|r50|OVERLAP|w4|CELL,CELL,50,0.9276,0.02,0,0,1
ecom|s10|r50|NESTED|w1|WORKLOAD,WORKLOAD,50,0.2019,1.0,1,1,1
ecom|s10|r50|NESTED|w1|CAP_10PCT,CAP_10PCT,50,0.2019,0.1,0,0,1
ecom|s10|r50|NESTED|w1|CELL,CELL,50,0.2019,0.02,0,0,1
ecom|s10|r50|NESTED|w2|WORKLOAD,WORKLOAD,50,0.2019,1.0,1,1,1
ecom|s10|r50|NESTED|w2|CAP_10PCT,CAP_10PCT,50,0.2019,0.1,0,0,1
ecom|s10|r50|NESTED|w2|CELL,CELL,50,0.2019,0.02,0,0,1
ecom|s10|r50|NESTED|w4|WORKLOAD,WORKLOAD,50,0.2019,1.0,1,1,1
ecom|s10|r50|NESTED|w4|CAP_10PCT,CAP_10PCT,50,0.2019,0.1,0,0,1
ecom|s10|r50|NESTED|w4|CELL,CELL,50,0.2019,0.02,0,0,1
ecom|s10|r100|DISJOINT|w1|WORKLOAD,WORKLOAD,100,1.0,1.0,1,1,1
ecom|s10|r100|DISJOINT|w1|CAP_10PCT,CAP_10PCT,100,1.0,0.1,0,0,1
ecom|s10|r100|DISJOINT|w1|CELL,CELL,100,1.0,0.01,0,0,1
ecom|s10|r100|DISJOINT|w2|WORKLOAD,WORKLOAD,100,1.0,1.0,1,1,1
ecom|s10|r100|DISJOINT|w2|CAP_10PCT,CAP_10PCT,100,1.0,0.1,0,0,1
ecom|s10|r100|DISJOINT|w2|CELL,CELL,100,1.0,0.01,0,0,1
ecom|s10|r100|DISJOINT|w4|WORKLOAD,WORKLOAD,100,1.0,1.0,1,1,1
ecom|s10|r100|DISJOINT|w4|CAP_10PCT,CAP_10PCT,100,1.0,0.1,0,0,1
ecom|s10|r100|DISJOINT|w4|CELL,CELL,100,1.0,0.01,0,0,1
ecom|s10|r100|OVERLAP|w1|WORKLOAD,WORKLOAD,100,0.9948,1.0,1,1,1
ecom|s10|r100|OVERLAP|w1|CAP_10PCT,CAP_10PCT,100,0.9948,0.1,0,0,1
ecom|s10|r100|OVERLAP|w1|CELL,CELL,100,0.9948,0.01,0,0,1
ecom|s10|r100|OVERLAP|w2|WORKLOAD,WORKLOAD,100,0.9943,1.0,1,1,1
ecom|s10|r100|OVERLAP|w2|CAP_10PCT,CAP_10PCT,100,0.9943,0.1,0,0,1
ecom|s10|r100|OVERLAP|w2|CELL,CELL,100,0.9943,0.01,0,0,1
ecom|s10|r100|OVERLAP|w4|WORKLOAD,WORKLOAD,100,0.9939,1.0,1,1,1
ecom|s10|r100|OVERLAP|w4|CAP_10PCT,CAP_10PCT,100,0.9939,0.1,0,0,1
ecom|s10|r100|OVERLAP|w4|CELL,CELL,100,0.9939,0.01,0,0,1
ecom|s10|r100|NESTED|w1|WORKLOAD,WORKLOAD,100,0.2037,1.0,1,1,1
ecom|s10|r100|NESTED|w1|CAP_10PCT,CAP_10PCT,100,0.2037,0.1,0,0,1
ecom|s10|r100|NESTED|w1|CELL,CELL,100,0.2037,0.01,0,0,1
ecom|s10|r100|NESTED|w2|WORKLOAD,WORKLOAD,100,0.2037,1.0,1,1,1
ecom|s10|r100|NESTED|w2|CAP_10PCT,CAP_10PCT,100,0.2037,0.1,0,0,1
ecom|s10|r100|NESTED|w2|CELL,CELL,100,0.2037,0.01,0,0,1
ecom|s10|r100|NESTED|w4|WORKLOAD,WORKLOAD,100,0.2037,1.0,1,1,1
ecom|s10|r100|NESTED|w4|CAP_10PCT,CAP_10PCT,100,0.2037,0.1,0,0,1
ecom|s10|r100|NESTED|w4|CELL,CELL,100,0.2037,0.01,0,0,1
ecom|s25|r1|DISJOINT|w1|WORKLOAD,WORKLOAD,1,0.2486,1.0,1,1,1
ecom|s25|r1|DISJOINT|w1|CAP_10PCT,CAP_10PCT,1,0.2486,0.1,0,1,0
ecom|s25|r1|DISJOINT|w1|CELL,CELL,1,0.2486,1.0,1,1,1
ecom|s25|r1|DISJOINT|w2|WORKLOAD,WORKLOAD,1,0.2469,1.0,1,1,1
ecom|s25|r1|DISJOINT|w2|CAP_10PCT,CAP_10PCT,1,0.2469,0.1,0,1,0
ecom|s25|r1|DISJOINT|w2|CELL,CELL,1,0.2469,1.0,1,1,1
ecom|s25|r1|DISJOINT|w4|WORKLOAD,WORKLOAD,1,0.2493,1.0,1,1,1
ecom|s25|r1|DISJOINT|w4|CAP_10PCT,CAP_10PCT,1,0.2493,0.1,0,1,0
ecom|s25|r1|DISJOINT|w4|CELL,CELL,1,0.2493,1.0,1,1,1
ecom|s25|r1|OVERLAP|w1|WORKLOAD,WORKLOAD,1,0.2355,1.0,1,1,1
ecom|s25|r1|OVERLAP|w1|CAP_10PCT,CAP_10PCT,1,0.2355,0.1,0,1,0
ecom|s25|r1|OVERLAP|w1|CELL,CELL,1,0.2355,1.0,1,1,1
ecom|s25|r1|OVERLAP|w2|WORKLOAD,WORKLOAD,1,0.2355,1.0,1,1,1
ecom|s25|r1|OVERLAP|w2|CAP_10PCT,CAP_10PCT,1,0.2355,0.1,0,1,0
ecom|s25|r1|OVERLAP|w2|CELL,CELL,1,0.2355,1.0,1,1,1
ecom|s25|r1|OVERLAP|w4|WORKLOAD,WORKLOAD,1,0.2414,1.0,1,1,1
ecom|s25|r1|OVERLAP|w4|CAP_10PCT,CAP_10PCT,1,0.2414,0.1,0,1,0
ecom|s25|r1|OVERLAP|w4|CELL,CELL,1,0.2414,1.0,1,1,1
ecom|s25|r1|NESTED|w1|WORKLOAD,WORKLOAD,1,0.2511,1.0,1,1,1
ecom|s25|r1|NESTED|w1|CAP_10PCT,CAP_10PCT,1,0.2511,0.1,0,1,0
ecom|s25|r1|NESTED|w1|CELL,CELL,1,0.2511,1.0,1,1,1
ecom|s25|r1|NESTED|w2|WORKLOAD,WORKLOAD,1,0.2511,1.0,1,1,1
ecom|s25|r1|NESTED|w2|CAP_10PCT,CAP_10PCT,1,0.2511,0.1,0,1,0
ecom|s25|r1|NESTED|w2|CELL,CELL,1,0.2511,1.0,1,1,1
ecom|s25|r1|NESTED|w4|WORKLOAD,WORKLOAD,1,0.2511,1.0,1,1,1
ecom|s25|r1|NESTED|w4|CAP_10PCT,CAP_10PCT,1,0.2511,0.1,0,1,0
ecom|s25|r1|NESTED|w4|CELL,CELL,1,0.2511,1.0,1,1,1
ecom|s25|r10|DISJOINT|w1|WORKLOAD,WORKLOAD,10,0.9414,1.0,1,1,1
ecom|s25|r10|DISJOINT|w1|CAP_10PCT,CAP_10PCT,10,0.9414,0.1,0,0,1
ecom|s25|r10|DISJOINT|w1|CELL,CELL,10,0.9414,0.1,0,0,1
ecom|s25|r10|DISJOINT|w2|WORKLOAD,WORKLOAD,10,0.9445,1.0,1,1,1
ecom|s25|r10|DISJOINT|w2|CAP_10PCT,CAP_10PCT,10,0.9445,0.1,0,0,1
ecom|s25|r10|DISJOINT|w2|CELL,CELL,10,0.9445,0.1,0,0,1
ecom|s25|r10|DISJOINT|w4|WORKLOAD,WORKLOAD,10,0.944,1.0,1,1,1
ecom|s25|r10|DISJOINT|w4|CAP_10PCT,CAP_10PCT,10,0.944,0.1,0,0,1
ecom|s25|r10|DISJOINT|w4|CELL,CELL,10,0.944,0.1,0,0,1
ecom|s25|r10|OVERLAP|w1|WORKLOAD,WORKLOAD,10,0.7747,1.0,1,1,1
ecom|s25|r10|OVERLAP|w1|CAP_10PCT,CAP_10PCT,10,0.7747,0.1,0,0,1
ecom|s25|r10|OVERLAP|w1|CELL,CELL,10,0.7747,0.1,0,0,1
ecom|s25|r10|OVERLAP|w2|WORKLOAD,WORKLOAD,10,0.771,1.0,1,1,1
ecom|s25|r10|OVERLAP|w2|CAP_10PCT,CAP_10PCT,10,0.771,0.1,0,0,1
ecom|s25|r10|OVERLAP|w2|CELL,CELL,10,0.771,0.1,0,0,1
ecom|s25|r10|OVERLAP|w4|WORKLOAD,WORKLOAD,10,0.7644,1.0,1,1,1
ecom|s25|r10|OVERLAP|w4|CAP_10PCT,CAP_10PCT,10,0.7644,0.1,0,0,1
ecom|s25|r10|OVERLAP|w4|CELL,CELL,10,0.7644,0.1,0,0,1
ecom|s25|r10|NESTED|w1|WORKLOAD,WORKLOAD,10,0.456,1.0,1,1,1
ecom|s25|r10|NESTED|w1|CAP_10PCT,CAP_10PCT,10,0.456,0.1,0,0,1
ecom|s25|r10|NESTED|w1|CELL,CELL,10,0.456,0.1,0,0,1
ecom|s25|r10|NESTED|w2|WORKLOAD,WORKLOAD,10,0.456,1.0,1,1,1
ecom|s25|r10|NESTED|w2|CAP_10PCT,CAP_10PCT,10,0.456,0.1,0,0,1
ecom|s25|r10|NESTED|w2|CELL,CELL,10,0.456,0.1,0,0,1
ecom|s25|r10|NESTED|w4|WORKLOAD,WORKLOAD,10,0.456,1.0,1,1,1
ecom|s25|r10|NESTED|w4|CAP_10PCT,CAP_10PCT,10,0.456,0.1,0,0,1
ecom|s25|r10|NESTED|w4|CELL,CELL,10,0.456,0.1,0,0,1
ecom|s25|r50|DISJOINT|w1|WORKLOAD,WORKLOAD,50,1.0,1.0,1,1,1
ecom|s25|r50|DISJOINT|w1|CAP_10PCT,CAP_10PCT,50,1.0,0.1,0,0,1
ecom|s25|r50|DISJOINT|w1|CELL,CELL,50,1.0,0.02,0,0,1
ecom|s25|r50|DISJOINT|w2|WORKLOAD,WORKLOAD,50,1.0,1.0,1,1,1
ecom|s25|r50|DISJOINT|w2|CAP_10PCT,CAP_10PCT,50,1.0,0.1,0,0,1
ecom|s25|r50|DISJOINT|w2|CELL,CELL,50,1.0,0.02,0,0,1
ecom|s25|r50|DISJOINT|w4|WORKLOAD,WORKLOAD,50,1.0,1.0,1,1,1
ecom|s25|r50|DISJOINT|w4|CAP_10PCT,CAP_10PCT,50,1.0,0.1,0,0,1
ecom|s25|r50|DISJOINT|w4|CELL,CELL,50,1.0,0.02,0,0,1
ecom|s25|r50|OVERLAP|w1|WORKLOAD,WORKLOAD,50,0.9983,1.0,1,1,1
ecom|s25|r50|OVERLAP|w1|CAP_10PCT,CAP_10PCT,50,0.9983,0.1,0,0,1
ecom|s25|r50|OVERLAP|w1|CELL,CELL,50,0.9983,0.02,0,0,1
ecom|s25|r50|OVERLAP|w2|WORKLOAD,WORKLOAD,50,0.999,1.0,1,1,1
ecom|s25|r50|OVERLAP|w2|CAP_10PCT,CAP_10PCT,50,0.999,0.1,0,0,1
ecom|s25|r50|OVERLAP|w2|CELL,CELL,50,0.999,0.02,0,0,1
ecom|s25|r50|OVERLAP|w4|WORKLOAD,WORKLOAD,50,0.9989,1.0,1,1,1
ecom|s25|r50|OVERLAP|w4|CAP_10PCT,CAP_10PCT,50,0.9989,0.1,0,0,1
ecom|s25|r50|OVERLAP|w4|CELL,CELL,50,0.9989,0.02,0,0,1
ecom|s25|r50|NESTED|w1|WORKLOAD,WORKLOAD,50,0.4848,1.0,1,1,1
ecom|s25|r50|NESTED|w1|CAP_10PCT,CAP_10PCT,50,0.4848,0.1,0,0,1
ecom|s25|r50|NESTED|w1|CELL,CELL,50,0.4848,0.02,0,0,1
ecom|s25|r50|NESTED|w2|WORKLOAD,WORKLOAD,50,0.4848,1.0,1,1,1
ecom|s25|r50|NESTED|w2|CAP_10PCT,CAP_10PCT,50,0.4848,0.1,0,0,1
ecom|s25|r50|NESTED|w2|CELL,CELL,50,0.4848,0.02,0,0,1
ecom|s25|r50|NESTED|w4|WORKLOAD,WORKLOAD,50,0.4848,1.0,1,1,1
ecom|s25|r50|NESTED|w4|CAP_10PCT,CAP_10PCT,50,0.4848,0.1,0,0,1
ecom|s25|r50|NESTED|w4|CELL,CELL,50,0.4848,0.02,0,0,1
ecom|s25|r100|DISJOINT|w1|WORKLOAD,WORKLOAD,100,1.0,1.0,1,1,1
ecom|s25|r100|DISJOINT|w1|CAP_10PCT,CAP_10PCT,100,1.0,0.1,0,0,1
ecom|s25|r100|DISJOINT|w1|CELL,CELL,100,1.0,0.01,0,0,1
ecom|s25|r100|DISJOINT|w2|WORKLOAD,WORKLOAD,100,1.0,1.0,1,1,1
ecom|s25|r100|DISJOINT|w2|CAP_10PCT,CAP_10PCT,100,1.0,0.1,0,0,1
ecom|s25|r100|DISJOINT|w2|CELL,CELL,100,1.0,0.01,0,0,1
ecom|s25|r100|DISJOINT|w4|WORKLOAD,WORKLOAD,100,1.0,1.0,1,1,1
ecom|s25|r100|DISJOINT|w4|CAP_10PCT,CAP_10PCT,100,1.0,0.1,0,0,1
ecom|s25|r100|DISJOINT|w4|CELL,CELL,100,1.0,0.01,0,0,1
ecom|s25|r100|OVERLAP|w1|WORKLOAD,WORKLOAD,100,1.0,1.0,1,1,1
ecom|s25|r100|OVERLAP|w1|CAP_10PCT,CAP_10PCT,100,1.0,0.1,0,0,1
ecom|s25|r100|OVERLAP|w1|CELL,CELL,100,1.0,0.01,0,0,1
ecom|s25|r100|OVERLAP|w2|WORKLOAD,WORKLOAD,100,1.0,1.0,1,1,1
ecom|s25|r100|OVERLAP|w2|CAP_10PCT,CAP_10PCT,100,1.0,0.1,0,0,1
ecom|s25|r100|OVERLAP|w2|CELL,CELL,100,1.0,0.01,0,0,1
ecom|s25|r100|OVERLAP|w4|WORKLOAD,WORKLOAD,100,1.0,1.0,1,1,1
ecom|s25|r100|OVERLAP|w4|CAP_10PCT,CAP_10PCT,100,1.0,0.1,0,0,1
ecom|s25|r100|OVERLAP|w4|CELL,CELL,100,1.0,0.01,0,0,1
ecom|s25|r100|NESTED|w1|WORKLOAD,WORKLOAD,100,0.4895,1.0,1,1,1
ecom|s25|r100|NESTED|w1|CAP_10PCT,CAP_10PCT,100,0.4895,0.1,0,0,1
ecom|s25|r100|NESTED|w1|CELL,CELL,100,0.4895,0.01,0,0,1
ecom|s25|r100|NESTED|w2|WORKLOAD,WORKLOAD,100,0.4895,1.0,1,1,1
ecom|s25|r100|NESTED|w2|CAP_10PCT,CAP_10PCT,100,0.4895,0.1,0,0,1
ecom|s25|r100|NESTED|w2|CELL,CELL,100,0.4895,0.01,0,0,1
ecom|s25|r100|NESTED|w4|WORKLOAD,WORKLOAD,100,0.4895,1.0,1,1,1
ecom|s25|r100|NESTED|w4|CAP_10PCT,CAP_10PCT,100,0.4895,0.1,0,0,1
ecom|s25|r100|NESTED|w4|CELL,CELL,100,0.4895,0.01,0,0,1
ecom|s50|r1|DISJOINT|w1|WORKLOAD,WORKLOAD,1,0.4983,1.0,1,1,1
ecom|s50|r1|DISJOINT|w1|CAP_10PCT,CAP_10PCT,1,0.4983,0.1,0,1,0
ecom|s50|r1|DISJOINT|w1|CELL,CELL,1,0.4983,1.0,1,1,1
ecom|s50|r1|DISJOINT|w2|WORKLOAD,WORKLOAD,1,0.4947,1.0,1,1,1
ecom|s50|r1|DISJOINT|w2|CAP_10PCT,CAP_10PCT,1,0.4947,0.1,0,1,0
ecom|s50|r1|DISJOINT|w2|CELL,CELL,1,0.4947,1.0,1,1,1
ecom|s50|r1|DISJOINT|w4|WORKLOAD,WORKLOAD,1,0.4859,1.0,1,1,1
ecom|s50|r1|DISJOINT|w4|CAP_10PCT,CAP_10PCT,1,0.4859,0.1,0,1,0
ecom|s50|r1|DISJOINT|w4|CELL,CELL,1,0.4859,1.0,1,1,1
ecom|s50|r1|OVERLAP|w1|WORKLOAD,WORKLOAD,1,0.4429,1.0,1,1,1
ecom|s50|r1|OVERLAP|w1|CAP_10PCT,CAP_10PCT,1,0.4429,0.1,0,1,0
ecom|s50|r1|OVERLAP|w1|CELL,CELL,1,0.4429,1.0,1,1,1
ecom|s50|r1|OVERLAP|w2|WORKLOAD,WORKLOAD,1,0.4364,1.0,1,1,1
ecom|s50|r1|OVERLAP|w2|CAP_10PCT,CAP_10PCT,1,0.4364,0.1,0,1,0
ecom|s50|r1|OVERLAP|w2|CELL,CELL,1,0.4364,1.0,1,1,1
ecom|s50|r1|OVERLAP|w4|WORKLOAD,WORKLOAD,1,0.4385,1.0,1,1,1
ecom|s50|r1|OVERLAP|w4|CAP_10PCT,CAP_10PCT,1,0.4385,0.1,0,1,0
ecom|s50|r1|OVERLAP|w4|CELL,CELL,1,0.4385,1.0,1,1,1
ecom|s50|r1|NESTED|w1|WORKLOAD,WORKLOAD,1,0.4952,1.0,1,1,1
ecom|s50|r1|NESTED|w1|CAP_10PCT,CAP_10PCT,1,0.4952,0.1,0,1,0
ecom|s50|r1|NESTED|w1|CELL,CELL,1,0.4952,1.0,1,1,1
ecom|s50|r1|NESTED|w2|WORKLOAD,WORKLOAD,1,0.4952,1.0,1,1,1
ecom|s50|r1|NESTED|w2|CAP_10PCT,CAP_10PCT,1,0.4952,0.1,0,1,0
ecom|s50|r1|NESTED|w2|CELL,CELL,1,0.4952,1.0,1,1,1
ecom|s50|r1|NESTED|w4|WORKLOAD,WORKLOAD,1,0.4952,1.0,1,1,1
ecom|s50|r1|NESTED|w4|CAP_10PCT,CAP_10PCT,1,0.4952,0.1,0,1,0
ecom|s50|r1|NESTED|w4|CELL,CELL,1,0.4952,1.0,1,1,1
ecom|s50|r10|DISJOINT|w1|WORKLOAD,WORKLOAD,10,0.9991,1.0,1,1,1
ecom|s50|r10|DISJOINT|w1|CAP_10PCT,CAP_10PCT,10,0.9991,0.1,0,0,1
ecom|s50|r10|DISJOINT|w1|CELL,CELL,10,0.9991,0.1,0,0,1
ecom|s50|r10|DISJOINT|w2|WORKLOAD,WORKLOAD,10,0.9988,1.0,1,1,1
ecom|s50|r10|DISJOINT|w2|CAP_10PCT,CAP_10PCT,10,0.9988,0.1,0,0,1
ecom|s50|r10|DISJOINT|w2|CELL,CELL,10,0.9988,0.1,0,0,1
ecom|s50|r10|DISJOINT|w4|WORKLOAD,WORKLOAD,10,0.9989,1.0,1,1,1
ecom|s50|r10|DISJOINT|w4|CAP_10PCT,CAP_10PCT,10,0.9989,0.1,0,0,1
ecom|s50|r10|DISJOINT|w4|CELL,CELL,10,0.9989,0.1,0,0,1
ecom|s50|r10|OVERLAP|w1|WORKLOAD,WORKLOAD,10,0.9613,1.0,1,1,1
ecom|s50|r10|OVERLAP|w1|CAP_10PCT,CAP_10PCT,10,0.9613,0.1,0,0,1
ecom|s50|r10|OVERLAP|w1|CELL,CELL,10,0.9613,0.1,0,0,1
ecom|s50|r10|OVERLAP|w2|WORKLOAD,WORKLOAD,10,0.9563,1.0,1,1,1
ecom|s50|r10|OVERLAP|w2|CAP_10PCT,CAP_10PCT,10,0.9563,0.1,0,0,1
ecom|s50|r10|OVERLAP|w2|CELL,CELL,10,0.9563,0.1,0,0,1
ecom|s50|r10|OVERLAP|w4|WORKLOAD,WORKLOAD,10,0.9573,1.0,1,1,1
ecom|s50|r10|OVERLAP|w4|CAP_10PCT,CAP_10PCT,10,0.9573,0.1,0,0,1
ecom|s50|r10|OVERLAP|w4|CELL,CELL,10,0.9573,0.1,0,0,1
ecom|s50|r10|NESTED|w1|WORKLOAD,WORKLOAD,10,0.9073,1.0,1,1,1
ecom|s50|r10|NESTED|w1|CAP_10PCT,CAP_10PCT,10,0.9073,0.1,0,0,1
ecom|s50|r10|NESTED|w1|CELL,CELL,10,0.9073,0.1,0,0,1
ecom|s50|r10|NESTED|w2|WORKLOAD,WORKLOAD,10,0.9073,1.0,1,1,1
ecom|s50|r10|NESTED|w2|CAP_10PCT,CAP_10PCT,10,0.9073,0.1,0,0,1
ecom|s50|r10|NESTED|w2|CELL,CELL,10,0.9073,0.1,0,0,1
ecom|s50|r10|NESTED|w4|WORKLOAD,WORKLOAD,10,0.9073,1.0,1,1,1
ecom|s50|r10|NESTED|w4|CAP_10PCT,CAP_10PCT,10,0.9073,0.1,0,0,1
ecom|s50|r10|NESTED|w4|CELL,CELL,10,0.9073,0.1,0,0,1
ecom|s50|r50|DISJOINT|w1|WORKLOAD,WORKLOAD,50,1.0,1.0,1,1,1
ecom|s50|r50|DISJOINT|w1|CAP_10PCT,CAP_10PCT,50,1.0,0.1,0,0,1
ecom|s50|r50|DISJOINT|w1|CELL,CELL,50,1.0,0.02,0,0,1
ecom|s50|r50|DISJOINT|w2|WORKLOAD,WORKLOAD,50,1.0,1.0,1,1,1
ecom|s50|r50|DISJOINT|w2|CAP_10PCT,CAP_10PCT,50,1.0,0.1,0,0,1
ecom|s50|r50|DISJOINT|w2|CELL,CELL,50,1.0,0.02,0,0,1
ecom|s50|r50|DISJOINT|w4|WORKLOAD,WORKLOAD,50,1.0,1.0,1,1,1
ecom|s50|r50|DISJOINT|w4|CAP_10PCT,CAP_10PCT,50,1.0,0.1,0,0,1
ecom|s50|r50|DISJOINT|w4|CELL,CELL,50,1.0,0.02,0,0,1
ecom|s50|r50|OVERLAP|w1|WORKLOAD,WORKLOAD,50,1.0,1.0,1,1,1
ecom|s50|r50|OVERLAP|w1|CAP_10PCT,CAP_10PCT,50,1.0,0.1,0,0,1
ecom|s50|r50|OVERLAP|w1|CELL,CELL,50,1.0,0.02,0,0,1
ecom|s50|r50|OVERLAP|w2|WORKLOAD,WORKLOAD,50,1.0,1.0,1,1,1
ecom|s50|r50|OVERLAP|w2|CAP_10PCT,CAP_10PCT,50,1.0,0.1,0,0,1
ecom|s50|r50|OVERLAP|w2|CELL,CELL,50,1.0,0.02,0,0,1
ecom|s50|r50|OVERLAP|w4|WORKLOAD,WORKLOAD,50,1.0,1.0,1,1,1
ecom|s50|r50|OVERLAP|w4|CAP_10PCT,CAP_10PCT,50,1.0,0.1,0,0,1
ecom|s50|r50|OVERLAP|w4|CELL,CELL,50,1.0,0.02,0,0,1
ecom|s50|r50|NESTED|w1|WORKLOAD,WORKLOAD,50,0.9806,1.0,1,1,1
ecom|s50|r50|NESTED|w1|CAP_10PCT,CAP_10PCT,50,0.9806,0.1,0,0,1
ecom|s50|r50|NESTED|w1|CELL,CELL,50,0.9806,0.02,0,0,1
ecom|s50|r50|NESTED|w2|WORKLOAD,WORKLOAD,50,0.9806,1.0,1,1,1
ecom|s50|r50|NESTED|w2|CAP_10PCT,CAP_10PCT,50,0.9806,0.1,0,0,1
ecom|s50|r50|NESTED|w2|CELL,CELL,50,0.9806,0.02,0,0,1
ecom|s50|r50|NESTED|w4|WORKLOAD,WORKLOAD,50,0.9806,1.0,1,1,1
ecom|s50|r50|NESTED|w4|CAP_10PCT,CAP_10PCT,50,0.9806,0.1,0,0,1
ecom|s50|r50|NESTED|w4|CELL,CELL,50,0.9806,0.02,0,0,1
ecom|s50|r100|DISJOINT|w1|WORKLOAD,WORKLOAD,100,1.0,1.0,1,1,1
ecom|s50|r100|DISJOINT|w1|CAP_10PCT,CAP_10PCT,100,1.0,0.1,0,0,1
ecom|s50|r100|DISJOINT|w1|CELL,CELL,100,1.0,0.01,0,0,1
ecom|s50|r100|DISJOINT|w2|WORKLOAD,WORKLOAD,100,1.0,1.0,1,1,1
ecom|s50|r100|DISJOINT|w2|CAP_10PCT,CAP_10PCT,100,1.0,0.1,0,0,1
ecom|s50|r100|DISJOINT|w2|CELL,CELL,100,1.0,0.01,0,0,1
ecom|s50|r100|DISJOINT|w4|WORKLOAD,WORKLOAD,100,1.0,1.0,1,1,1
ecom|s50|r100|DISJOINT|w4|CAP_10PCT,CAP_10PCT,100,1.0,0.1,0,0,1
ecom|s50|r100|DISJOINT|w4|CELL,CELL,100,1.0,0.01,0,0,1
ecom|s50|r100|OVERLAP|w1|WORKLOAD,WORKLOAD,100,1.0,1.0,1,1,1
ecom|s50|r100|OVERLAP|w1|CAP_10PCT,CAP_10PCT,100,1.0,0.1,0,0,1
ecom|s50|r100|OVERLAP|w1|CELL,CELL,100,1.0,0.01,0,0,1
ecom|s50|r100|OVERLAP|w2|WORKLOAD,WORKLOAD,100,1.0,1.0,1,1,1
ecom|s50|r100|OVERLAP|w2|CAP_10PCT,CAP_10PCT,100,1.0,0.1,0,0,1
ecom|s50|r100|OVERLAP|w2|CELL,CELL,100,1.0,0.01,0,0,1
ecom|s50|r100|OVERLAP|w4|WORKLOAD,WORKLOAD,100,1.0,1.0,1,1,1
ecom|s50|r100|OVERLAP|w4|CAP_10PCT,CAP_10PCT,100,1.0,0.1,0,0,1
ecom|s50|r100|OVERLAP|w4|CELL,CELL,100,1.0,0.01,0,0,1
ecom|s50|r100|NESTED|w1|WORKLOAD,WORKLOAD,100,0.9909,1.0,1,1,1
ecom|s50|r100|NESTED|w1|CAP_10PCT,CAP_10PCT,100,0.9909,0.1,0,0,1
ecom|s50|r100|NESTED|w1|CELL,CELL,100,0.9909,0.01,0,0,1
ecom|s50|r100|NESTED|w2|WORKLOAD,WORKLOAD,100,0.9909,1.0,1,1,1
ecom|s50|r100|NESTED|w2|CAP_10PCT,CAP_10PCT,100,0.9909,0.1,0,0,1
ecom|s50|r100|NESTED|w2|CELL,CELL,100,0.9909,0.01,0,0,1
ecom|s50|r100|NESTED|w4|WORKLOAD,WORKLOAD,100,0.9909,1.0,1,1,1
ecom|s50|r100|NESTED|w4|CAP_10PCT,CAP_10PCT,100,0.9909,0.1,0,0,1
ecom|s50|r100|NESTED|w4|CELL,CELL,100,0.9909,0.01,0,0,1
ecom|s75|r1|DISJOINT|w1|WORKLOAD,WORKLOAD,1,0.7547,1.0,1,1,1
ecom|s75|r1|DISJOINT|w1|CAP_10PCT,CAP_10PCT,1,0.7547,0.1,0,1,0
ecom|s75|r1|DISJOINT|w1|CELL,CELL,1,0.7547,1.0,1,1,1
ecom|s75|r1|DISJOINT|w2|WORKLOAD,WORKLOAD,1,0.7537,1.0,1,1,1
ecom|s75|r1|DISJOINT|w2|CAP_10PCT,CAP_10PCT,1,0.7537,0.1,0,1,0
ecom|s75|r1|DISJOINT|w2|CELL,CELL,1,0.7537,1.0,1,1,1
ecom|s75|r1|DISJOINT|w4|WORKLOAD,WORKLOAD,1,0.7465,1.0,1,1,1
ecom|s75|r1|DISJOINT|w4|CAP_10PCT,CAP_10PCT,1,0.7465,0.1,0,1,0
ecom|s75|r1|DISJOINT|w4|CELL,CELL,1,0.7465,1.0,1,1,1
ecom|s75|r1|OVERLAP|w1|WORKLOAD,WORKLOAD,1,0.6112,1.0,1,1,1
ecom|s75|r1|OVERLAP|w1|CAP_10PCT,CAP_10PCT,1,0.6112,0.1,0,1,0
ecom|s75|r1|OVERLAP|w1|CELL,CELL,1,0.6112,1.0,1,1,1
ecom|s75|r1|OVERLAP|w2|WORKLOAD,WORKLOAD,1,0.6119,1.0,1,1,1
ecom|s75|r1|OVERLAP|w2|CAP_10PCT,CAP_10PCT,1,0.6119,0.1,0,1,0
ecom|s75|r1|OVERLAP|w2|CELL,CELL,1,0.6119,1.0,1,1,1
ecom|s75|r1|OVERLAP|w4|WORKLOAD,WORKLOAD,1,0.6081,1.0,1,1,1
ecom|s75|r1|OVERLAP|w4|CAP_10PCT,CAP_10PCT,1,0.6081,0.1,0,1,0
ecom|s75|r1|OVERLAP|w4|CELL,CELL,1,0.6081,1.0,1,1,1
ecom|s75|r1|NESTED|w1|WORKLOAD,WORKLOAD,1,0.7473,1.0,1,1,1
ecom|s75|r1|NESTED|w1|CAP_10PCT,CAP_10PCT,1,0.7473,0.1,0,1,0
ecom|s75|r1|NESTED|w1|CELL,CELL,1,0.7473,1.0,1,1,1
ecom|s75|r1|NESTED|w2|WORKLOAD,WORKLOAD,1,0.7473,1.0,1,1,1
ecom|s75|r1|NESTED|w2|CAP_10PCT,CAP_10PCT,1,0.7473,0.1,0,1,0
ecom|s75|r1|NESTED|w2|CELL,CELL,1,0.7473,1.0,1,1,1
ecom|s75|r1|NESTED|w4|WORKLOAD,WORKLOAD,1,0.7473,1.0,1,1,1
ecom|s75|r1|NESTED|w4|CAP_10PCT,CAP_10PCT,1,0.7473,0.1,0,1,0
ecom|s75|r1|NESTED|w4|CELL,CELL,1,0.7473,1.0,1,1,1
ecom|s75|r10|DISJOINT|w1|WORKLOAD,WORKLOAD,10,1.0,1.0,1,1,1
ecom|s75|r10|DISJOINT|w1|CAP_10PCT,CAP_10PCT,10,1.0,0.1,0,0,1
ecom|s75|r10|DISJOINT|w1|CELL,CELL,10,1.0,0.1,0,0,1
ecom|s75|r10|DISJOINT|w2|WORKLOAD,WORKLOAD,10,1.0,1.0,1,1,1
ecom|s75|r10|DISJOINT|w2|CAP_10PCT,CAP_10PCT,10,1.0,0.1,0,0,1
ecom|s75|r10|DISJOINT|w2|CELL,CELL,10,1.0,0.1,0,0,1
ecom|s75|r10|DISJOINT|w4|WORKLOAD,WORKLOAD,10,1.0,1.0,1,1,1
ecom|s75|r10|DISJOINT|w4|CAP_10PCT,CAP_10PCT,10,1.0,0.1,0,0,1
ecom|s75|r10|DISJOINT|w4|CELL,CELL,10,1.0,0.1,0,0,1
ecom|s75|r10|OVERLAP|w1|WORKLOAD,WORKLOAD,10,0.9944,1.0,1,1,1
ecom|s75|r10|OVERLAP|w1|CAP_10PCT,CAP_10PCT,10,0.9944,0.1,0,0,1
ecom|s75|r10|OVERLAP|w1|CELL,CELL,10,0.9944,0.1,0,0,1
ecom|s75|r10|OVERLAP|w2|WORKLOAD,WORKLOAD,10,0.9941,1.0,1,1,1
ecom|s75|r10|OVERLAP|w2|CAP_10PCT,CAP_10PCT,10,0.9941,0.1,0,0,1
ecom|s75|r10|OVERLAP|w2|CELL,CELL,10,0.9941,0.1,0,0,1
ecom|s75|r10|OVERLAP|w4|WORKLOAD,WORKLOAD,10,0.9945,1.0,1,1,1
ecom|s75|r10|OVERLAP|w4|CAP_10PCT,CAP_10PCT,10,0.9945,0.1,0,0,1
ecom|s75|r10|OVERLAP|w4|CELL,CELL,10,0.9945,0.1,0,0,1
ecom|s75|r10|NESTED|w1|WORKLOAD,WORKLOAD,10,1.0,1.0,1,1,1
ecom|s75|r10|NESTED|w1|CAP_10PCT,CAP_10PCT,10,1.0,0.1,0,0,1
ecom|s75|r10|NESTED|w1|CELL,CELL,10,1.0,0.1,0,0,1
ecom|s75|r10|NESTED|w2|WORKLOAD,WORKLOAD,10,1.0,1.0,1,1,1
ecom|s75|r10|NESTED|w2|CAP_10PCT,CAP_10PCT,10,1.0,0.1,0,0,1
ecom|s75|r10|NESTED|w2|CELL,CELL,10,1.0,0.1,0,0,1
ecom|s75|r10|NESTED|w4|WORKLOAD,WORKLOAD,10,1.0,1.0,1,1,1
ecom|s75|r10|NESTED|w4|CAP_10PCT,CAP_10PCT,10,1.0,0.1,0,0,1
ecom|s75|r10|NESTED|w4|CELL,CELL,10,1.0,0.1,0,0,1
ecom|s75|r50|DISJOINT|w1|WORKLOAD,WORKLOAD,50,1.0,1.0,1,1,1
ecom|s75|r50|DISJOINT|w1|CAP_10PCT,CAP_10PCT,50,1.0,0.1,0,0,1
ecom|s75|r50|DISJOINT|w1|CELL,CELL,50,1.0,0.02,0,0,1
ecom|s75|r50|DISJOINT|w2|WORKLOAD,WORKLOAD,50,1.0,1.0,1,1,1
ecom|s75|r50|DISJOINT|w2|CAP_10PCT,CAP_10PCT,50,1.0,0.1,0,0,1
ecom|s75|r50|DISJOINT|w2|CELL,CELL,50,1.0,0.02,0,0,1
ecom|s75|r50|DISJOINT|w4|WORKLOAD,WORKLOAD,50,1.0,1.0,1,1,1
ecom|s75|r50|DISJOINT|w4|CAP_10PCT,CAP_10PCT,50,1.0,0.1,0,0,1
ecom|s75|r50|DISJOINT|w4|CELL,CELL,50,1.0,0.02,0,0,1
ecom|s75|r50|OVERLAP|w1|WORKLOAD,WORKLOAD,50,1.0,1.0,1,1,1
ecom|s75|r50|OVERLAP|w1|CAP_10PCT,CAP_10PCT,50,1.0,0.1,0,0,1
ecom|s75|r50|OVERLAP|w1|CELL,CELL,50,1.0,0.02,0,0,1
ecom|s75|r50|OVERLAP|w2|WORKLOAD,WORKLOAD,50,1.0,1.0,1,1,1
ecom|s75|r50|OVERLAP|w2|CAP_10PCT,CAP_10PCT,50,1.0,0.1,0,0,1
ecom|s75|r50|OVERLAP|w2|CELL,CELL,50,1.0,0.02,0,0,1
ecom|s75|r50|OVERLAP|w4|WORKLOAD,WORKLOAD,50,1.0,1.0,1,1,1
ecom|s75|r50|OVERLAP|w4|CAP_10PCT,CAP_10PCT,50,1.0,0.1,0,0,1
ecom|s75|r50|OVERLAP|w4|CELL,CELL,50,1.0,0.02,0,0,1
ecom|s75|r50|NESTED|w1|WORKLOAD,WORKLOAD,50,1.0,1.0,1,1,1
ecom|s75|r50|NESTED|w1|CAP_10PCT,CAP_10PCT,50,1.0,0.1,0,0,1
ecom|s75|r50|NESTED|w1|CELL,CELL,50,1.0,0.02,0,0,1
ecom|s75|r50|NESTED|w2|WORKLOAD,WORKLOAD,50,1.0,1.0,1,1,1
ecom|s75|r50|NESTED|w2|CAP_10PCT,CAP_10PCT,50,1.0,0.1,0,0,1
ecom|s75|r50|NESTED|w2|CELL,CELL,50,1.0,0.02,0,0,1
ecom|s75|r50|NESTED|w4|WORKLOAD,WORKLOAD,50,1.0,1.0,1,1,1
ecom|s75|r50|NESTED|w4|CAP_10PCT,CAP_10PCT,50,1.0,0.1,0,0,1
ecom|s75|r50|NESTED|w4|CELL,CELL,50,1.0,0.02,0,0,1
ecom|s75|r100|DISJOINT|w1|WORKLOAD,WORKLOAD,100,1.0,1.0,1,1,1
ecom|s75|r100|DISJOINT|w1|CAP_10PCT,CAP_10PCT,100,1.0,0.1,0,0,1
ecom|s75|r100|DISJOINT|w1|CELL,CELL,100,1.0,0.01,0,0,1
ecom|s75|r100|DISJOINT|w2|WORKLOAD,WORKLOAD,100,1.0,1.0,1,1,1
ecom|s75|r100|DISJOINT|w2|CAP_10PCT,CAP_10PCT,100,1.0,0.1,0,0,1
ecom|s75|r100|DISJOINT|w2|CELL,CELL,100,1.0,0.01,0,0,1
ecom|s75|r100|DISJOINT|w4|WORKLOAD,WORKLOAD,100,1.0,1.0,1,1,1
ecom|s75|r100|DISJOINT|w4|CAP_10PCT,CAP_10PCT,100,1.0,0.1,0,0,1
ecom|s75|r100|DISJOINT|w4|CELL,CELL,100,1.0,0.01,0,0,1
ecom|s75|r100|OVERLAP|w1|WORKLOAD,WORKLOAD,100,1.0,1.0,1,1,1
ecom|s75|r100|OVERLAP|w1|CAP_10PCT,CAP_10PCT,100,1.0,0.1,0,0,1
ecom|s75|r100|OVERLAP|w1|CELL,CELL,100,1.0,0.01,0,0,1
ecom|s75|r100|OVERLAP|w2|WORKLOAD,WORKLOAD,100,1.0,1.0,1,1,1
ecom|s75|r100|OVERLAP|w2|CAP_10PCT,CAP_10PCT,100,1.0,0.1,0,0,1
ecom|s75|r100|OVERLAP|w2|CELL,CELL,100,1.0,0.01,0,0,1
ecom|s75|r100|OVERLAP|w4|WORKLOAD,WORKLOAD,100,1.0,1.0,1,1,1
ecom|s75|r100|OVERLAP|w4|CAP_10PCT,CAP_10PCT,100,1.0,0.1,0,0,1
ecom|s75|r100|OVERLAP|w4|CELL,CELL,100,1.0,0.01,0,0,1
ecom|s75|r100|NESTED|w1|WORKLOAD,WORKLOAD,100,1.0,1.0,1,1,1
ecom|s75|r100|NESTED|w1|CAP_10PCT,CAP_10PCT,100,1.0,0.1,0,0,1
ecom|s75|r100|NESTED|w1|CELL,CELL,100,1.0,0.01,0,0,1
ecom|s75|r100|NESTED|w2|WORKLOAD,WORKLOAD,100,1.0,1.0,1,1,1
ecom|s75|r100|NESTED|w2|CAP_10PCT,CAP_10PCT,100,1.0,0.1,0,0,1
ecom|s75|r100|NESTED|w2|CELL,CELL,100,1.0,0.01,0,0,1
ecom|s75|r100|NESTED|w4|WORKLOAD,WORKLOAD,100,1.0,1.0,1,1,1
ecom|s75|r100|NESTED|w4|CAP_10PCT,CAP_10PCT,100,1.0,0.1,0,0,1
ecom|s75|r100|NESTED|w4|CELL,CELL,100,1.0,0.01,0,0,1
ecom|s100|r1|DISJOINT|w1|WORKLOAD,WORKLOAD,1,1.0,1.0,1,1,1
ecom|s100|r1|DISJOINT|w1|CAP_10PCT,CAP_10PCT,1,1.0,0.1,0,1,0
ecom|s100|r1|DISJOINT|w1|CELL,CELL,1,1.0,1.0,1,1,1
ecom|s100|r1|DISJOINT|w2|WORKLOAD,WORKLOAD,1,1.0,1.0,1,1,1
ecom|s100|r1|DISJOINT|w2|CAP_10PCT,CAP_10PCT,1,1.0,0.1,0,1,0
ecom|s100|r1|DISJOINT|w2|CELL,CELL,1,1.0,1.0,1,1,1
ecom|s100|r1|DISJOINT|w4|WORKLOAD,WORKLOAD,1,1.0,1.0,1,1,1
ecom|s100|r1|DISJOINT|w4|CAP_10PCT,CAP_10PCT,1,1.0,0.1,0,1,0
ecom|s100|r1|DISJOINT|w4|CELL,CELL,1,1.0,1.0,1,1,1
ecom|s100|r1|OVERLAP|w1|WORKLOAD,WORKLOAD,1,0.7409,1.0,1,1,1
ecom|s100|r1|OVERLAP|w1|CAP_10PCT,CAP_10PCT,1,0.7409,0.1,0,1,0
ecom|s100|r1|OVERLAP|w1|CELL,CELL,1,0.7409,1.0,1,1,1
ecom|s100|r1|OVERLAP|w2|WORKLOAD,WORKLOAD,1,0.7461,1.0,1,1,1
ecom|s100|r1|OVERLAP|w2|CAP_10PCT,CAP_10PCT,1,0.7461,0.1,0,1,0
ecom|s100|r1|OVERLAP|w2|CELL,CELL,1,0.7461,1.0,1,1,1
ecom|s100|r1|OVERLAP|w4|WORKLOAD,WORKLOAD,1,0.7407,1.0,1,1,1
ecom|s100|r1|OVERLAP|w4|CAP_10PCT,CAP_10PCT,1,0.7407,0.1,0,1,0
ecom|s100|r1|OVERLAP|w4|CELL,CELL,1,0.7407,1.0,1,1,1
ecom|s100|r1|NESTED|w1|WORKLOAD,WORKLOAD,1,1.0,1.0,1,1,1
ecom|s100|r1|NESTED|w1|CAP_10PCT,CAP_10PCT,1,1.0,0.1,0,1,0
ecom|s100|r1|NESTED|w1|CELL,CELL,1,1.0,1.0,1,1,1
ecom|s100|r1|NESTED|w2|WORKLOAD,WORKLOAD,1,1.0,1.0,1,1,1
ecom|s100|r1|NESTED|w2|CAP_10PCT,CAP_10PCT,1,1.0,0.1,0,1,0
ecom|s100|r1|NESTED|w2|CELL,CELL,1,1.0,1.0,1,1,1
ecom|s100|r1|NESTED|w4|WORKLOAD,WORKLOAD,1,1.0,1.0,1,1,1
ecom|s100|r1|NESTED|w4|CAP_10PCT,CAP_10PCT,1,1.0,0.1,0,1,0
ecom|s100|r1|NESTED|w4|CELL,CELL,1,1.0,1.0,1,1,1
ecom|s100|r10|DISJOINT|w1|WORKLOAD,WORKLOAD,10,1.0,1.0,1,1,1
ecom|s100|r10|DISJOINT|w1|CAP_10PCT,CAP_10PCT,10,1.0,0.1,0,0,1
ecom|s100|r10|DISJOINT|w1|CELL,CELL,10,1.0,0.1,0,0,1
ecom|s100|r10|DISJOINT|w2|WORKLOAD,WORKLOAD,10,1.0,1.0,1,1,1
ecom|s100|r10|DISJOINT|w2|CAP_10PCT,CAP_10PCT,10,1.0,0.1,0,0,1
ecom|s100|r10|DISJOINT|w2|CELL,CELL,10,1.0,0.1,0,0,1
ecom|s100|r10|DISJOINT|w4|WORKLOAD,WORKLOAD,10,1.0,1.0,1,1,1
ecom|s100|r10|DISJOINT|w4|CAP_10PCT,CAP_10PCT,10,1.0,0.1,0,0,1
ecom|s100|r10|DISJOINT|w4|CELL,CELL,10,1.0,0.1,0,0,1
ecom|s100|r10|OVERLAP|w1|WORKLOAD,WORKLOAD,10,0.9995,1.0,1,1,1
ecom|s100|r10|OVERLAP|w1|CAP_10PCT,CAP_10PCT,10,0.9995,0.1,0,0,1
ecom|s100|r10|OVERLAP|w1|CELL,CELL,10,0.9995,0.1,0,0,1
ecom|s100|r10|OVERLAP|w2|WORKLOAD,WORKLOAD,10,0.9997,1.0,1,1,1
ecom|s100|r10|OVERLAP|w2|CAP_10PCT,CAP_10PCT,10,0.9997,0.1,0,0,1
ecom|s100|r10|OVERLAP|w2|CELL,CELL,10,0.9997,0.1,0,0,1
ecom|s100|r10|OVERLAP|w4|WORKLOAD,WORKLOAD,10,0.9997,1.0,1,1,1
ecom|s100|r10|OVERLAP|w4|CAP_10PCT,CAP_10PCT,10,0.9997,0.1,0,0,1
ecom|s100|r10|OVERLAP|w4|CELL,CELL,10,0.9997,0.1,0,0,1
ecom|s100|r10|NESTED|w1|WORKLOAD,WORKLOAD,10,1.0,1.0,1,1,1
ecom|s100|r10|NESTED|w1|CAP_10PCT,CAP_10PCT,10,1.0,0.1,0,0,1
ecom|s100|r10|NESTED|w1|CELL,CELL,10,1.0,0.1,0,0,1
ecom|s100|r10|NESTED|w2|WORKLOAD,WORKLOAD,10,1.0,1.0,1,1,1
ecom|s100|r10|NESTED|w2|CAP_10PCT,CAP_10PCT,10,1.0,0.1,0,0,1
ecom|s100|r10|NESTED|w2|CELL,CELL,10,1.0,0.1,0,0,1
ecom|s100|r10|NESTED|w4|WORKLOAD,WORKLOAD,10,1.0,1.0,1,1,1
ecom|s100|r10|NESTED|w4|CAP_10PCT,CAP_10PCT,10,1.0,0.1,0,0,1
ecom|s100|r10|NESTED|w4|CELL,CELL,10,1.0,0.1,0,0,1
ecom|s100|r50|DISJOINT|w1|WORKLOAD,WORKLOAD,50,1.0,1.0,1,1,1
ecom|s100|r50|DISJOINT|w1|CAP_10PCT,CAP_10PCT,50,1.0,0.1,0,0,1
ecom|s100|r50|DISJOINT|w1|CELL,CELL,50,1.0,0.02,0,0,1
ecom|s100|r50|DISJOINT|w2|WORKLOAD,WORKLOAD,50,1.0,1.0,1,1,1
ecom|s100|r50|DISJOINT|w2|CAP_10PCT,CAP_10PCT,50,1.0,0.1,0,0,1
ecom|s100|r50|DISJOINT|w2|CELL,CELL,50,1.0,0.02,0,0,1
ecom|s100|r50|DISJOINT|w4|WORKLOAD,WORKLOAD,50,1.0,1.0,1,1,1
ecom|s100|r50|DISJOINT|w4|CAP_10PCT,CAP_10PCT,50,1.0,0.1,0,0,1
ecom|s100|r50|DISJOINT|w4|CELL,CELL,50,1.0,0.02,0,0,1
ecom|s100|r50|OVERLAP|w1|WORKLOAD,WORKLOAD,50,1.0,1.0,1,1,1
ecom|s100|r50|OVERLAP|w1|CAP_10PCT,CAP_10PCT,50,1.0,0.1,0,0,1
ecom|s100|r50|OVERLAP|w1|CELL,CELL,50,1.0,0.02,0,0,1
ecom|s100|r50|OVERLAP|w2|WORKLOAD,WORKLOAD,50,1.0,1.0,1,1,1
ecom|s100|r50|OVERLAP|w2|CAP_10PCT,CAP_10PCT,50,1.0,0.1,0,0,1
ecom|s100|r50|OVERLAP|w2|CELL,CELL,50,1.0,0.02,0,0,1
ecom|s100|r50|OVERLAP|w4|WORKLOAD,WORKLOAD,50,1.0,1.0,1,1,1
ecom|s100|r50|OVERLAP|w4|CAP_10PCT,CAP_10PCT,50,1.0,0.1,0,0,1
ecom|s100|r50|OVERLAP|w4|CELL,CELL,50,1.0,0.02,0,0,1
ecom|s100|r50|NESTED|w1|WORKLOAD,WORKLOAD,50,1.0,1.0,1,1,1
ecom|s100|r50|NESTED|w1|CAP_10PCT,CAP_10PCT,50,1.0,0.1,0,0,1
ecom|s100|r50|NESTED|w1|CELL,CELL,50,1.0,0.02,0,0,1
ecom|s100|r50|NESTED|w2|WORKLOAD,WORKLOAD,50,1.0,1.0,1,1,1
ecom|s100|r50|NESTED|w2|CAP_10PCT,CAP_10PCT,50,1.0,0.1,0,0,1
ecom|s100|r50|NESTED|w2|CELL,CELL,50,1.0,0.02,0,0,1
ecom|s100|r50|NESTED|w4|WORKLOAD,WORKLOAD,50,1.0,1.0,1,1,1
ecom|s100|r50|NESTED|w4|CAP_10PCT,CAP_10PCT,50,1.0,0.1,0,0,1
ecom|s100|r50|NESTED|w4|CELL,CELL,50,1.0,0.02,0,0,1
ecom|s100|r100|DISJOINT|w1|WORKLOAD,WORKLOAD,100,1.0,1.0,1,1,1
ecom|s100|r100|DISJOINT|w1|CAP_10PCT,CAP_10PCT,100,1.0,0.1,0,0,1
ecom|s100|r100|DISJOINT|w1|CELL,CELL,100,1.0,0.01,0,0,1
ecom|s100|r100|DISJOINT|w2|WORKLOAD,WORKLOAD,100,1.0,1.0,1,1,1
ecom|s100|r100|DISJOINT|w2|CAP_10PCT,CAP_10PCT,100,1.0,0.1,0,0,1
ecom|s100|r100|DISJOINT|w2|CELL,CELL,100,1.0,0.01,0,0,1
ecom|s100|r100|DISJOINT|w4|WORKLOAD,WORKLOAD,100,1.0,1.0,1,1,1
ecom|s100|r100|DISJOINT|w4|CAP_10PCT,CAP_10PCT,100,1.0,0.1,0,0,1
ecom|s100|r100|DISJOINT|w4|CELL,CELL,100,1.0,0.01,0,0,1
ecom|s100|r100|OVERLAP|w1|WORKLOAD,WORKLOAD,100,1.0,1.0,1,1,1
ecom|s100|r100|OVERLAP|w1|CAP_10PCT,CAP_10PCT,100,1.0,0.1,0,0,1
ecom|s100|r100|OVERLAP|w1|CELL,CELL,100,1.0,0.01,0,0,1
ecom|s100|r100|OVERLAP|w2|WORKLOAD,WORKLOAD,100,1.0,1.0,1,1,1
ecom|s100|r100|OVERLAP|w2|CAP_10PCT,CAP_10PCT,100,1.0,0.1,0,0,1
ecom|s100|r100|OVERLAP|w2|CELL,CELL,100,1.0,0.01,0,0,1
ecom|s100|r100|OVERLAP|w4|WORKLOAD,WORKLOAD,100,1.0,1.0,1,1,1
ecom|s100|r100|OVERLAP|w4|CAP_10PCT,CAP_10PCT,100,1.0,0.1,0,0,1
ecom|s100|r100|OVERLAP|w4|CELL,CELL,100,1.0,0.01,0,0,1
ecom|s100|r100|NESTED|w1|WORKLOAD,WORKLOAD,100,1.0,1.0,1,1,1
ecom|s100|r100|NESTED|w1|CAP_10PCT,CAP_10PCT,100,1.0,0.1,0,0,1
ecom|s100|r100|NESTED|w1|CELL,CELL,100,1.0,0.01,0,0,1
ecom|s100|r100|NESTED|w2|WORKLOAD,WORKLOAD,100,1.0,1.0,1,1,1
ecom|s100|r100|NESTED|w2|CAP_10PCT,CAP_10PCT,100,1.0,0.1,0,0,1
ecom|s100|r100|NESTED|w2|CELL,CELL,100,1.0,0.01,0,0,1
ecom|s100|r100|NESTED|w4|WORKLOAD,WORKLOAD,100,1.0,1.0,1,1,1
ecom|s100|r100|NESTED|w4|CAP_10PCT,CAP_10PCT,100,1.0,0.1,0,0,1
ecom|s100|r100|NESTED|w4|CELL,CELL,100,1.0,0.01,0,0,1
finproc|s1|r1|DISJOINT|w1|WORKLOAD,WORKLOAD,1,0.0115,1.0,1,1,1
finproc|s1|r1|DISJOINT|w1|CAP_10PCT,CAP_10PCT,1,0.0115,0.1,1,1,1
finproc|s1|r1|DISJOINT|w1|CELL,CELL,1,0.0115,1.0,1,1,1
finproc|s1|r1|DISJOINT|w2|WORKLOAD,WORKLOAD,1,0.0115,1.0,1,1,1
finproc|s1|r1|DISJOINT|w2|CAP_10PCT,CAP_10PCT,1,0.0115,0.1,1,1,1
finproc|s1|r1|DISJOINT|w2|CELL,CELL,1,0.0115,1.0,1,1,1
finproc|s1|r1|DISJOINT|w4|WORKLOAD,WORKLOAD,1,0.0106,1.0,1,1,1
finproc|s1|r1|DISJOINT|w4|CAP_10PCT,CAP_10PCT,1,0.0106,0.1,1,1,1
finproc|s1|r1|DISJOINT|w4|CELL,CELL,1,0.0106,1.0,1,1,1
finproc|s1|r1|OVERLAP|w1|WORKLOAD,WORKLOAD,1,0.0104,1.0,1,1,1
finproc|s1|r1|OVERLAP|w1|CAP_10PCT,CAP_10PCT,1,0.0104,0.1,1,1,1
finproc|s1|r1|OVERLAP|w1|CELL,CELL,1,0.0104,1.0,1,1,1
finproc|s1|r1|OVERLAP|w2|WORKLOAD,WORKLOAD,1,0.0093,1.0,1,1,1
finproc|s1|r1|OVERLAP|w2|CAP_10PCT,CAP_10PCT,1,0.0093,0.1,1,1,1
finproc|s1|r1|OVERLAP|w2|CELL,CELL,1,0.0093,1.0,1,1,1
finproc|s1|r1|OVERLAP|w4|WORKLOAD,WORKLOAD,1,0.0114,1.0,1,1,1
finproc|s1|r1|OVERLAP|w4|CAP_10PCT,CAP_10PCT,1,0.0114,0.1,1,1,1
finproc|s1|r1|OVERLAP|w4|CELL,CELL,1,0.0114,1.0,1,1,1
finproc|s1|r1|NESTED|w1|WORKLOAD,WORKLOAD,1,0.0097,1.0,1,1,1
finproc|s1|r1|NESTED|w1|CAP_10PCT,CAP_10PCT,1,0.0097,0.1,1,1,1
finproc|s1|r1|NESTED|w1|CELL,CELL,1,0.0097,1.0,1,1,1
finproc|s1|r1|NESTED|w2|WORKLOAD,WORKLOAD,1,0.0097,1.0,1,1,1
finproc|s1|r1|NESTED|w2|CAP_10PCT,CAP_10PCT,1,0.0097,0.1,1,1,1
finproc|s1|r1|NESTED|w2|CELL,CELL,1,0.0097,1.0,1,1,1
finproc|s1|r1|NESTED|w4|WORKLOAD,WORKLOAD,1,0.0097,1.0,1,1,1
finproc|s1|r1|NESTED|w4|CAP_10PCT,CAP_10PCT,1,0.0097,0.1,1,1,1
finproc|s1|r1|NESTED|w4|CELL,CELL,1,0.0097,1.0,1,1,1
finproc|s1|r10|DISJOINT|w1|WORKLOAD,WORKLOAD,10,0.1007,1.0,1,1,1
finproc|s1|r10|DISJOINT|w1|CAP_10PCT,CAP_10PCT,10,0.1007,0.1,0,1,0
finproc|s1|r10|DISJOINT|w1|CELL,CELL,10,0.1007,0.1,0,1,0
finproc|s1|r10|DISJOINT|w2|WORKLOAD,WORKLOAD,10,0.0925,1.0,1,1,1
finproc|s1|r10|DISJOINT|w2|CAP_10PCT,CAP_10PCT,10,0.0925,0.1,1,1,1
finproc|s1|r10|DISJOINT|w2|CELL,CELL,10,0.0925,0.1,1,1,1
finproc|s1|r10|DISJOINT|w4|WORKLOAD,WORKLOAD,10,0.0985,1.0,1,1,1
finproc|s1|r10|DISJOINT|w4|CAP_10PCT,CAP_10PCT,10,0.0985,0.1,1,1,1
finproc|s1|r10|DISJOINT|w4|CELL,CELL,10,0.0985,0.1,1,1,1
finproc|s1|r10|OVERLAP|w1|WORKLOAD,WORKLOAD,10,0.0531,1.0,1,1,1
finproc|s1|r10|OVERLAP|w1|CAP_10PCT,CAP_10PCT,10,0.0531,0.1,1,1,1
finproc|s1|r10|OVERLAP|w1|CELL,CELL,10,0.0531,0.1,1,1,1
finproc|s1|r10|OVERLAP|w2|WORKLOAD,WORKLOAD,10,0.0577,1.0,1,1,1
finproc|s1|r10|OVERLAP|w2|CAP_10PCT,CAP_10PCT,10,0.0577,0.1,1,1,1
finproc|s1|r10|OVERLAP|w2|CELL,CELL,10,0.0577,0.1,1,1,1
finproc|s1|r10|OVERLAP|w4|WORKLOAD,WORKLOAD,10,0.0548,1.0,1,1,1
finproc|s1|r10|OVERLAP|w4|CAP_10PCT,CAP_10PCT,10,0.0548,0.1,1,1,1
finproc|s1|r10|OVERLAP|w4|CELL,CELL,10,0.0548,0.1,1,1,1
finproc|s1|r10|NESTED|w1|WORKLOAD,WORKLOAD,10,0.0192,1.0,1,1,1
finproc|s1|r10|NESTED|w1|CAP_10PCT,CAP_10PCT,10,0.0192,0.1,1,1,1
finproc|s1|r10|NESTED|w1|CELL,CELL,10,0.0192,0.1,1,1,1
finproc|s1|r10|NESTED|w2|WORKLOAD,WORKLOAD,10,0.0192,1.0,1,1,1
finproc|s1|r10|NESTED|w2|CAP_10PCT,CAP_10PCT,10,0.0192,0.1,1,1,1
finproc|s1|r10|NESTED|w2|CELL,CELL,10,0.0192,0.1,1,1,1
finproc|s1|r10|NESTED|w4|WORKLOAD,WORKLOAD,10,0.0192,1.0,1,1,1
finproc|s1|r10|NESTED|w4|CAP_10PCT,CAP_10PCT,10,0.0192,0.1,1,1,1
finproc|s1|r10|NESTED|w4|CELL,CELL,10,0.0192,0.1,1,1,1
finproc|s1|r50|DISJOINT|w1|WORKLOAD,WORKLOAD,50,0.4018,1.0,1,1,1
finproc|s1|r50|DISJOINT|w1|CAP_10PCT,CAP_10PCT,50,0.4018,0.1,0,1,0
finproc|s1|r50|DISJOINT|w1|CELL,CELL,50,0.4018,0.02,0,1,0
finproc|s1|r50|DISJOINT|w2|WORKLOAD,WORKLOAD,50,0.3997,1.0,1,1,1
finproc|s1|r50|DISJOINT|w2|CAP_10PCT,CAP_10PCT,50,0.3997,0.1,0,1,0
finproc|s1|r50|DISJOINT|w2|CELL,CELL,50,0.3997,0.02,0,1,0
finproc|s1|r50|DISJOINT|w4|WORKLOAD,WORKLOAD,50,0.3959,1.0,1,1,1
finproc|s1|r50|DISJOINT|w4|CAP_10PCT,CAP_10PCT,50,0.3959,0.1,0,1,0
finproc|s1|r50|DISJOINT|w4|CELL,CELL,50,0.3959,0.02,0,1,0
finproc|s1|r50|OVERLAP|w1|WORKLOAD,WORKLOAD,50,0.2256,1.0,1,1,1
finproc|s1|r50|OVERLAP|w1|CAP_10PCT,CAP_10PCT,50,0.2256,0.1,0,1,0
finproc|s1|r50|OVERLAP|w1|CELL,CELL,50,0.2256,0.02,0,1,0
finproc|s1|r50|OVERLAP|w2|WORKLOAD,WORKLOAD,50,0.232,1.0,1,1,1
finproc|s1|r50|OVERLAP|w2|CAP_10PCT,CAP_10PCT,50,0.232,0.1,0,1,0
finproc|s1|r50|OVERLAP|w2|CELL,CELL,50,0.232,0.02,0,1,0
finproc|s1|r50|OVERLAP|w4|WORKLOAD,WORKLOAD,50,0.2296,1.0,1,1,1
finproc|s1|r50|OVERLAP|w4|CAP_10PCT,CAP_10PCT,50,0.2296,0.1,0,1,0
finproc|s1|r50|OVERLAP|w4|CELL,CELL,50,0.2296,0.02,0,1,0
finproc|s1|r50|NESTED|w1|WORKLOAD,WORKLOAD,50,0.0206,1.0,1,1,1
finproc|s1|r50|NESTED|w1|CAP_10PCT,CAP_10PCT,50,0.0206,0.1,1,1,1
finproc|s1|r50|NESTED|w1|CELL,CELL,50,0.0206,0.02,0,1,0
finproc|s1|r50|NESTED|w2|WORKLOAD,WORKLOAD,50,0.0206,1.0,1,1,1
finproc|s1|r50|NESTED|w2|CAP_10PCT,CAP_10PCT,50,0.0206,0.1,1,1,1
finproc|s1|r50|NESTED|w2|CELL,CELL,50,0.0206,0.02,0,1,0
finproc|s1|r50|NESTED|w4|WORKLOAD,WORKLOAD,50,0.0206,1.0,1,1,1
finproc|s1|r50|NESTED|w4|CAP_10PCT,CAP_10PCT,50,0.0206,0.1,1,1,1
finproc|s1|r50|NESTED|w4|CELL,CELL,50,0.0206,0.02,0,1,0
finproc|s1|r100|DISJOINT|w1|WORKLOAD,WORKLOAD,100,0.6333,1.0,1,1,1
finproc|s1|r100|DISJOINT|w1|CAP_10PCT,CAP_10PCT,100,0.6333,0.1,0,1,0
finproc|s1|r100|DISJOINT|w1|CELL,CELL,100,0.6333,0.01,0,0,1
finproc|s1|r100|DISJOINT|w2|WORKLOAD,WORKLOAD,100,0.6408,1.0,1,1,1
finproc|s1|r100|DISJOINT|w2|CAP_10PCT,CAP_10PCT,100,0.6408,0.1,0,1,0
finproc|s1|r100|DISJOINT|w2|CELL,CELL,100,0.6408,0.01,0,0,1
finproc|s1|r100|DISJOINT|w4|WORKLOAD,WORKLOAD,100,0.6342,1.0,1,1,1
finproc|s1|r100|DISJOINT|w4|CAP_10PCT,CAP_10PCT,100,0.6342,0.1,0,1,0
finproc|s1|r100|DISJOINT|w4|CELL,CELL,100,0.6342,0.01,0,1,0
finproc|s1|r100|OVERLAP|w1|WORKLOAD,WORKLOAD,100,0.3969,1.0,1,1,1
finproc|s1|r100|OVERLAP|w1|CAP_10PCT,CAP_10PCT,100,0.3969,0.1,0,1,0
finproc|s1|r100|OVERLAP|w1|CELL,CELL,100,0.3969,0.01,0,0,1
finproc|s1|r100|OVERLAP|w2|WORKLOAD,WORKLOAD,100,0.4009,1.0,1,1,1
finproc|s1|r100|OVERLAP|w2|CAP_10PCT,CAP_10PCT,100,0.4009,0.1,0,1,0
finproc|s1|r100|OVERLAP|w2|CELL,CELL,100,0.4009,0.01,0,0,1
finproc|s1|r100|OVERLAP|w4|WORKLOAD,WORKLOAD,100,0.3973,1.0,1,1,1
finproc|s1|r100|OVERLAP|w4|CAP_10PCT,CAP_10PCT,100,0.3973,0.1,0,1,0
finproc|s1|r100|OVERLAP|w4|CELL,CELL,100,0.3973,0.01,0,0,1
finproc|s1|r100|NESTED|w1|WORKLOAD,WORKLOAD,100,0.0206,1.0,1,1,1
finproc|s1|r100|NESTED|w1|CAP_10PCT,CAP_10PCT,100,0.0206,0.1,1,1,1
finproc|s1|r100|NESTED|w1|CELL,CELL,100,0.0206,0.01,0,0,1
finproc|s1|r100|NESTED|w2|WORKLOAD,WORKLOAD,100,0.0206,1.0,1,1,1
finproc|s1|r100|NESTED|w2|CAP_10PCT,CAP_10PCT,100,0.0206,0.1,1,1,1
finproc|s1|r100|NESTED|w2|CELL,CELL,100,0.0206,0.01,0,0,1
finproc|s1|r100|NESTED|w4|WORKLOAD,WORKLOAD,100,0.0206,1.0,1,1,1
finproc|s1|r100|NESTED|w4|CAP_10PCT,CAP_10PCT,100,0.0206,0.1,1,1,1
finproc|s1|r100|NESTED|w4|CELL,CELL,100,0.0206,0.01,0,0,1
finproc|s5|r1|DISJOINT|w1|WORKLOAD,WORKLOAD,1,0.0524,1.0,1,1,1
finproc|s5|r1|DISJOINT|w1|CAP_10PCT,CAP_10PCT,1,0.0524,0.1,1,1,1
finproc|s5|r1|DISJOINT|w1|CELL,CELL,1,0.0524,1.0,1,1,1
finproc|s5|r1|DISJOINT|w2|WORKLOAD,WORKLOAD,1,0.0503,1.0,1,1,1
finproc|s5|r1|DISJOINT|w2|CAP_10PCT,CAP_10PCT,1,0.0503,0.1,1,1,1
finproc|s5|r1|DISJOINT|w2|CELL,CELL,1,0.0503,1.0,1,1,1
finproc|s5|r1|DISJOINT|w4|WORKLOAD,WORKLOAD,1,0.048,1.0,1,1,1
finproc|s5|r1|DISJOINT|w4|CAP_10PCT,CAP_10PCT,1,0.048,0.1,1,1,1
finproc|s5|r1|DISJOINT|w4|CELL,CELL,1,0.048,1.0,1,1,1
finproc|s5|r1|OVERLAP|w1|WORKLOAD,WORKLOAD,1,0.0506,1.0,1,1,1
finproc|s5|r1|OVERLAP|w1|CAP_10PCT,CAP_10PCT,1,0.0506,0.1,1,1,1
finproc|s5|r1|OVERLAP|w1|CELL,CELL,1,0.0506,1.0,1,1,1
finproc|s5|r1|OVERLAP|w2|WORKLOAD,WORKLOAD,1,0.0501,1.0,1,1,1
finproc|s5|r1|OVERLAP|w2|CAP_10PCT,CAP_10PCT,1,0.0501,0.1,1,1,1
finproc|s5|r1|OVERLAP|w2|CELL,CELL,1,0.0501,1.0,1,1,1
finproc|s5|r1|OVERLAP|w4|WORKLOAD,WORKLOAD,1,0.0468,1.0,1,1,1
finproc|s5|r1|OVERLAP|w4|CAP_10PCT,CAP_10PCT,1,0.0468,0.1,1,1,1
finproc|s5|r1|OVERLAP|w4|CELL,CELL,1,0.0468,1.0,1,1,1
finproc|s5|r1|NESTED|w1|WORKLOAD,WORKLOAD,1,0.0533,1.0,1,1,1
finproc|s5|r1|NESTED|w1|CAP_10PCT,CAP_10PCT,1,0.0533,0.1,1,1,1
finproc|s5|r1|NESTED|w1|CELL,CELL,1,0.0533,1.0,1,1,1
finproc|s5|r1|NESTED|w2|WORKLOAD,WORKLOAD,1,0.0533,1.0,1,1,1
finproc|s5|r1|NESTED|w2|CAP_10PCT,CAP_10PCT,1,0.0533,0.1,1,1,1
finproc|s5|r1|NESTED|w2|CELL,CELL,1,0.0533,1.0,1,1,1
finproc|s5|r1|NESTED|w4|WORKLOAD,WORKLOAD,1,0.0533,1.0,1,1,1
finproc|s5|r1|NESTED|w4|CAP_10PCT,CAP_10PCT,1,0.0533,0.1,1,1,1
finproc|s5|r1|NESTED|w4|CELL,CELL,1,0.0533,1.0,1,1,1
finproc|s5|r10|DISJOINT|w1|WORKLOAD,WORKLOAD,10,0.4089,1.0,1,1,1
finproc|s5|r10|DISJOINT|w1|CAP_10PCT,CAP_10PCT,10,0.4089,0.1,0,1,0
finproc|s5|r10|DISJOINT|w1|CELL,CELL,10,0.4089,0.1,0,1,0
finproc|s5|r10|DISJOINT|w2|WORKLOAD,WORKLOAD,10,0.4133,1.0,1,1,1
finproc|s5|r10|DISJOINT|w2|CAP_10PCT,CAP_10PCT,10,0.4133,0.1,0,1,0
finproc|s5|r10|DISJOINT|w2|CELL,CELL,10,0.4133,0.1,0,1,0
finproc|s5|r10|DISJOINT|w4|WORKLOAD,WORKLOAD,10,0.3975,1.0,1,1,1
finproc|s5|r10|DISJOINT|w4|CAP_10PCT,CAP_10PCT,10,0.3975,0.1,0,1,0
finproc|s5|r10|DISJOINT|w4|CELL,CELL,10,0.3975,0.1,0,1,0
finproc|s5|r10|OVERLAP|w1|WORKLOAD,WORKLOAD,10,0.2445,1.0,1,1,1
finproc|s5|r10|OVERLAP|w1|CAP_10PCT,CAP_10PCT,10,0.2445,0.1,0,1,0
finproc|s5|r10|OVERLAP|w1|CELL,CELL,10,0.2445,0.1,0,1,0
finproc|s5|r10|OVERLAP|w2|WORKLOAD,WORKLOAD,10,0.2418,1.0,1,1,1
finproc|s5|r10|OVERLAP|w2|CAP_10PCT,CAP_10PCT,10,0.2418,0.1,0,1,0
finproc|s5|r10|OVERLAP|w2|CELL,CELL,10,0.2418,0.1,0,1,0
finproc|s5|r10|OVERLAP|w4|WORKLOAD,WORKLOAD,10,0.2415,1.0,1,1,1
finproc|s5|r10|OVERLAP|w4|CAP_10PCT,CAP_10PCT,10,0.2415,0.1,0,1,0
finproc|s5|r10|OVERLAP|w4|CELL,CELL,10,0.2415,0.1,0,1,0
finproc|s5|r10|NESTED|w1|WORKLOAD,WORKLOAD,10,0.0924,1.0,1,1,1
finproc|s5|r10|NESTED|w1|CAP_10PCT,CAP_10PCT,10,0.0924,0.1,1,1,1
finproc|s5|r10|NESTED|w1|CELL,CELL,10,0.0924,0.1,1,1,1
finproc|s5|r10|NESTED|w2|WORKLOAD,WORKLOAD,10,0.0924,1.0,1,1,1
finproc|s5|r10|NESTED|w2|CAP_10PCT,CAP_10PCT,10,0.0924,0.1,1,1,1
finproc|s5|r10|NESTED|w2|CELL,CELL,10,0.0924,0.1,1,1,1
finproc|s5|r10|NESTED|w4|WORKLOAD,WORKLOAD,10,0.0924,1.0,1,1,1
finproc|s5|r10|NESTED|w4|CAP_10PCT,CAP_10PCT,10,0.0924,0.1,1,1,1
finproc|s5|r10|NESTED|w4|CELL,CELL,10,0.0924,0.1,1,1,1
finproc|s5|r50|DISJOINT|w1|WORKLOAD,WORKLOAD,50,0.9238,1.0,1,1,1
finproc|s5|r50|DISJOINT|w1|CAP_10PCT,CAP_10PCT,50,0.9238,0.1,0,0,1
finproc|s5|r50|DISJOINT|w1|CELL,CELL,50,0.9238,0.02,0,0,1
finproc|s5|r50|DISJOINT|w2|WORKLOAD,WORKLOAD,50,0.9251,1.0,1,1,1
finproc|s5|r50|DISJOINT|w2|CAP_10PCT,CAP_10PCT,50,0.9251,0.1,0,0,1
finproc|s5|r50|DISJOINT|w2|CELL,CELL,50,0.9251,0.02,0,0,1
finproc|s5|r50|DISJOINT|w4|WORKLOAD,WORKLOAD,50,0.9205,1.0,1,1,1
finproc|s5|r50|DISJOINT|w4|CAP_10PCT,CAP_10PCT,50,0.9205,0.1,0,0,1
finproc|s5|r50|DISJOINT|w4|CELL,CELL,50,0.9205,0.02,0,0,1
finproc|s5|r50|OVERLAP|w1|WORKLOAD,WORKLOAD,50,0.73,1.0,1,1,1
finproc|s5|r50|OVERLAP|w1|CAP_10PCT,CAP_10PCT,50,0.73,0.1,0,0,1
finproc|s5|r50|OVERLAP|w1|CELL,CELL,50,0.73,0.02,0,0,1
finproc|s5|r50|OVERLAP|w2|WORKLOAD,WORKLOAD,50,0.7217,1.0,1,1,1
finproc|s5|r50|OVERLAP|w2|CAP_10PCT,CAP_10PCT,50,0.7217,0.1,0,0,1
finproc|s5|r50|OVERLAP|w2|CELL,CELL,50,0.7217,0.02,0,0,1
finproc|s5|r50|OVERLAP|w4|WORKLOAD,WORKLOAD,50,0.7298,1.0,1,1,1
finproc|s5|r50|OVERLAP|w4|CAP_10PCT,CAP_10PCT,50,0.7298,0.1,0,0,1
finproc|s5|r50|OVERLAP|w4|CELL,CELL,50,0.7298,0.02,0,0,1
finproc|s5|r50|NESTED|w1|WORKLOAD,WORKLOAD,50,0.0979,1.0,1,1,1
finproc|s5|r50|NESTED|w1|CAP_10PCT,CAP_10PCT,50,0.0979,0.1,1,1,1
finproc|s5|r50|NESTED|w1|CELL,CELL,50,0.0979,0.02,0,0,1
finproc|s5|r50|NESTED|w2|WORKLOAD,WORKLOAD,50,0.0979,1.0,1,1,1
finproc|s5|r50|NESTED|w2|CAP_10PCT,CAP_10PCT,50,0.0979,0.1,1,1,1
finproc|s5|r50|NESTED|w2|CELL,CELL,50,0.0979,0.02,0,0,1
finproc|s5|r50|NESTED|w4|WORKLOAD,WORKLOAD,50,0.0979,1.0,1,1,1
finproc|s5|r50|NESTED|w4|CAP_10PCT,CAP_10PCT,50,0.0979,0.1,1,1,1
finproc|s5|r50|NESTED|w4|CELL,CELL,50,0.0979,0.02,0,0,1
finproc|s5|r100|DISJOINT|w1|WORKLOAD,WORKLOAD,100,0.9936,1.0,1,1,1
finproc|s5|r100|DISJOINT|w1|CAP_10PCT,CAP_10PCT,100,0.9936,0.1,0,0,1
finproc|s5|r100|DISJOINT|w1|CELL,CELL,100,0.9936,0.01,0,0,1
finproc|s5|r100|DISJOINT|w2|WORKLOAD,WORKLOAD,100,0.9948,1.0,1,1,1
finproc|s5|r100|DISJOINT|w2|CAP_10PCT,CAP_10PCT,100,0.9948,0.1,0,0,1
finproc|s5|r100|DISJOINT|w2|CELL,CELL,100,0.9948,0.01,0,0,1
finproc|s5|r100|DISJOINT|w4|WORKLOAD,WORKLOAD,100,0.9937,1.0,1,1,1
finproc|s5|r100|DISJOINT|w4|CAP_10PCT,CAP_10PCT,100,0.9937,0.1,0,0,1
finproc|s5|r100|DISJOINT|w4|CELL,CELL,100,0.9937,0.01,0,0,1
finproc|s5|r100|OVERLAP|w1|WORKLOAD,WORKLOAD,100,0.9248,1.0,1,1,1
finproc|s5|r100|OVERLAP|w1|CAP_10PCT,CAP_10PCT,100,0.9248,0.1,0,0,1
finproc|s5|r100|OVERLAP|w1|CELL,CELL,100,0.9248,0.01,0,0,1
finproc|s5|r100|OVERLAP|w2|WORKLOAD,WORKLOAD,100,0.9214,1.0,1,1,1
finproc|s5|r100|OVERLAP|w2|CAP_10PCT,CAP_10PCT,100,0.9214,0.1,0,0,1
finproc|s5|r100|OVERLAP|w2|CELL,CELL,100,0.9214,0.01,0,0,1
finproc|s5|r100|OVERLAP|w4|WORKLOAD,WORKLOAD,100,0.9282,1.0,1,1,1
finproc|s5|r100|OVERLAP|w4|CAP_10PCT,CAP_10PCT,100,0.9282,0.1,0,0,1
finproc|s5|r100|OVERLAP|w4|CELL,CELL,100,0.9282,0.01,0,0,1
finproc|s5|r100|NESTED|w1|WORKLOAD,WORKLOAD,100,0.099,1.0,1,1,1
finproc|s5|r100|NESTED|w1|CAP_10PCT,CAP_10PCT,100,0.099,0.1,1,1,1
finproc|s5|r100|NESTED|w1|CELL,CELL,100,0.099,0.01,0,0,1
finproc|s5|r100|NESTED|w2|WORKLOAD,WORKLOAD,100,0.099,1.0,1,1,1
finproc|s5|r100|NESTED|w2|CAP_10PCT,CAP_10PCT,100,0.099,0.1,1,1,1
finproc|s5|r100|NESTED|w2|CELL,CELL,100,0.099,0.01,0,0,1
finproc|s5|r100|NESTED|w4|WORKLOAD,WORKLOAD,100,0.099,1.0,1,1,1
finproc|s5|r100|NESTED|w4|CAP_10PCT,CAP_10PCT,100,0.099,0.1,1,1,1
finproc|s5|r100|NESTED|w4|CELL,CELL,100,0.099,0.01,0,0,1
finproc|s10|r1|DISJOINT|w1|WORKLOAD,WORKLOAD,1,0.0993,1.0,1,1,1
finproc|s10|r1|DISJOINT|w1|CAP_10PCT,CAP_10PCT,1,0.0993,0.1,1,1,1
finproc|s10|r1|DISJOINT|w1|CELL,CELL,1,0.0993,1.0,1,1,1
finproc|s10|r1|DISJOINT|w2|WORKLOAD,WORKLOAD,1,0.1033,1.0,1,1,1
finproc|s10|r1|DISJOINT|w2|CAP_10PCT,CAP_10PCT,1,0.1033,0.1,0,1,0
finproc|s10|r1|DISJOINT|w2|CELL,CELL,1,0.1033,1.0,1,1,1
finproc|s10|r1|DISJOINT|w4|WORKLOAD,WORKLOAD,1,0.0976,1.0,1,1,1
finproc|s10|r1|DISJOINT|w4|CAP_10PCT,CAP_10PCT,1,0.0976,0.1,1,1,1
finproc|s10|r1|DISJOINT|w4|CELL,CELL,1,0.0976,1.0,1,1,1
finproc|s10|r1|OVERLAP|w1|WORKLOAD,WORKLOAD,1,0.0962,1.0,1,1,1
finproc|s10|r1|OVERLAP|w1|CAP_10PCT,CAP_10PCT,1,0.0962,0.1,1,1,1
finproc|s10|r1|OVERLAP|w1|CELL,CELL,1,0.0962,1.0,1,1,1
finproc|s10|r1|OVERLAP|w2|WORKLOAD,WORKLOAD,1,0.1042,1.0,1,1,1
finproc|s10|r1|OVERLAP|w2|CAP_10PCT,CAP_10PCT,1,0.1042,0.1,0,1,0
finproc|s10|r1|OVERLAP|w2|CELL,CELL,1,0.1042,1.0,1,1,1
finproc|s10|r1|OVERLAP|w4|WORKLOAD,WORKLOAD,1,0.1032,1.0,1,1,1
finproc|s10|r1|OVERLAP|w4|CAP_10PCT,CAP_10PCT,1,0.1032,0.1,0,1,0
finproc|s10|r1|OVERLAP|w4|CELL,CELL,1,0.1032,1.0,1,1,1
finproc|s10|r1|NESTED|w1|WORKLOAD,WORKLOAD,1,0.1,1.0,1,1,1
finproc|s10|r1|NESTED|w1|CAP_10PCT,CAP_10PCT,1,0.1,0.1,1,1,1
finproc|s10|r1|NESTED|w1|CELL,CELL,1,0.1,1.0,1,1,1
finproc|s10|r1|NESTED|w2|WORKLOAD,WORKLOAD,1,0.1,1.0,1,1,1
finproc|s10|r1|NESTED|w2|CAP_10PCT,CAP_10PCT,1,0.1,0.1,1,1,1
finproc|s10|r1|NESTED|w2|CELL,CELL,1,0.1,1.0,1,1,1
finproc|s10|r1|NESTED|w4|WORKLOAD,WORKLOAD,1,0.1,1.0,1,1,1
finproc|s10|r1|NESTED|w4|CAP_10PCT,CAP_10PCT,1,0.1,0.1,1,1,1
finproc|s10|r1|NESTED|w4|CELL,CELL,1,0.1,1.0,1,1,1
finproc|s10|r10|DISJOINT|w1|WORKLOAD,WORKLOAD,10,0.6488,1.0,1,1,1
finproc|s10|r10|DISJOINT|w1|CAP_10PCT,CAP_10PCT,10,0.6488,0.1,0,1,0
finproc|s10|r10|DISJOINT|w1|CELL,CELL,10,0.6488,0.1,0,1,0
finproc|s10|r10|DISJOINT|w2|WORKLOAD,WORKLOAD,10,0.6574,1.0,1,1,1
finproc|s10|r10|DISJOINT|w2|CAP_10PCT,CAP_10PCT,10,0.6574,0.1,0,0,1
finproc|s10|r10|DISJOINT|w2|CELL,CELL,10,0.6574,0.1,0,0,1
finproc|s10|r10|DISJOINT|w4|WORKLOAD,WORKLOAD,10,0.6491,1.0,1,1,1
finproc|s10|r10|DISJOINT|w4|CAP_10PCT,CAP_10PCT,10,0.6491,0.1,0,1,0
finproc|s10|r10|DISJOINT|w4|CELL,CELL,10,0.6491,0.1,0,1,0
finproc|s10|r10|OVERLAP|w1|WORKLOAD,WORKLOAD,10,0.4285,1.0,1,1,1
finproc|s10|r10|OVERLAP|w1|CAP_10PCT,CAP_10PCT,10,0.4285,0.1,0,1,0
finproc|s10|r10|OVERLAP|w1|CELL,CELL,10,0.4285,0.1,0,0,1
finproc|s10|r10|OVERLAP|w2|WORKLOAD,WORKLOAD,10,0.4371,1.0,1,1,1
finproc|s10|r10|OVERLAP|w2|CAP_10PCT,CAP_10PCT,10,0.4371,0.1,0,1,0
finproc|s10|r10|OVERLAP|w2|CELL,CELL,10,0.4371,0.1,0,0,1
finproc|s10|r10|OVERLAP|w4|WORKLOAD,WORKLOAD,10,0.4359,1.0,1,1,1
finproc|s10|r10|OVERLAP|w4|CAP_10PCT,CAP_10PCT,10,0.4359,0.1,0,1,0
finproc|s10|r10|OVERLAP|w4|CELL,CELL,10,0.4359,0.1,0,0,1
finproc|s10|r10|NESTED|w1|WORKLOAD,WORKLOAD,10,0.1828,1.0,1,1,1
finproc|s10|r10|NESTED|w1|CAP_10PCT,CAP_10PCT,10,0.1828,0.1,0,1,0
finproc|s10|r10|NESTED|w1|CELL,CELL,10,0.1828,0.1,0,0,1
finproc|s10|r10|NESTED|w2|WORKLOAD,WORKLOAD,10,0.1828,1.0,1,1,1
finproc|s10|r10|NESTED|w2|CAP_10PCT,CAP_10PCT,10,0.1828,0.1,0,1,0
finproc|s10|r10|NESTED|w2|CELL,CELL,10,0.1828,0.1,0,0,1
finproc|s10|r10|NESTED|w4|WORKLOAD,WORKLOAD,10,0.1828,1.0,1,1,1
finproc|s10|r10|NESTED|w4|CAP_10PCT,CAP_10PCT,10,0.1828,0.1,0,1,0
finproc|s10|r10|NESTED|w4|CELL,CELL,10,0.1828,0.1,0,0,1
finproc|s10|r50|DISJOINT|w1|WORKLOAD,WORKLOAD,50,0.9949,1.0,1,1,1
finproc|s10|r50|DISJOINT|w1|CAP_10PCT,CAP_10PCT,50,0.9949,0.1,0,0,1
finproc|s10|r50|DISJOINT|w1|CELL,CELL,50,0.9949,0.02,0,0,1
finproc|s10|r50|DISJOINT|w2|WORKLOAD,WORKLOAD,50,0.9942,1.0,1,1,1
finproc|s10|r50|DISJOINT|w2|CAP_10PCT,CAP_10PCT,50,0.9942,0.1,0,0,1
finproc|s10|r50|DISJOINT|w2|CELL,CELL,50,0.9942,0.02,0,0,1
finproc|s10|r50|DISJOINT|w4|WORKLOAD,WORKLOAD,50,0.9949,1.0,1,1,1
finproc|s10|r50|DISJOINT|w4|CAP_10PCT,CAP_10PCT,50,0.9949,0.1,0,0,1
finproc|s10|r50|DISJOINT|w4|CELL,CELL,50,0.9949,0.02,0,0,1
finproc|s10|r50|OVERLAP|w1|WORKLOAD,WORKLOAD,50,0.9319,1.0,1,1,1
finproc|s10|r50|OVERLAP|w1|CAP_10PCT,CAP_10PCT,50,0.9319,0.1,0,0,1
finproc|s10|r50|OVERLAP|w1|CELL,CELL,50,0.9319,0.02,0,0,1
finproc|s10|r50|OVERLAP|w2|WORKLOAD,WORKLOAD,50,0.93,1.0,1,1,1
finproc|s10|r50|OVERLAP|w2|CAP_10PCT,CAP_10PCT,50,0.93,0.1,0,0,1
finproc|s10|r50|OVERLAP|w2|CELL,CELL,50,0.93,0.02,0,0,1
finproc|s10|r50|OVERLAP|w4|WORKLOAD,WORKLOAD,50,0.9252,1.0,1,1,1
finproc|s10|r50|OVERLAP|w4|CAP_10PCT,CAP_10PCT,50,0.9252,0.1,0,0,1
finproc|s10|r50|OVERLAP|w4|CELL,CELL,50,0.9252,0.02,0,0,1
finproc|s10|r50|NESTED|w1|WORKLOAD,WORKLOAD,50,0.1954,1.0,1,1,1
finproc|s10|r50|NESTED|w1|CAP_10PCT,CAP_10PCT,50,0.1954,0.1,0,0,1
finproc|s10|r50|NESTED|w1|CELL,CELL,50,0.1954,0.02,0,0,1
finproc|s10|r50|NESTED|w2|WORKLOAD,WORKLOAD,50,0.1954,1.0,1,1,1
finproc|s10|r50|NESTED|w2|CAP_10PCT,CAP_10PCT,50,0.1954,0.1,0,0,1
finproc|s10|r50|NESTED|w2|CELL,CELL,50,0.1954,0.02,0,0,1
finproc|s10|r50|NESTED|w4|WORKLOAD,WORKLOAD,50,0.1954,1.0,1,1,1
finproc|s10|r50|NESTED|w4|CAP_10PCT,CAP_10PCT,50,0.1954,0.1,0,0,1
finproc|s10|r50|NESTED|w4|CELL,CELL,50,0.1954,0.02,0,0,1
finproc|s10|r100|DISJOINT|w1|WORKLOAD,WORKLOAD,100,1.0,1.0,1,1,1
finproc|s10|r100|DISJOINT|w1|CAP_10PCT,CAP_10PCT,100,1.0,0.1,0,0,1
finproc|s10|r100|DISJOINT|w1|CELL,CELL,100,1.0,0.01,0,0,1
finproc|s10|r100|DISJOINT|w2|WORKLOAD,WORKLOAD,100,1.0,1.0,1,1,1
finproc|s10|r100|DISJOINT|w2|CAP_10PCT,CAP_10PCT,100,1.0,0.1,0,0,1
finproc|s10|r100|DISJOINT|w2|CELL,CELL,100,1.0,0.01,0,0,1
finproc|s10|r100|DISJOINT|w4|WORKLOAD,WORKLOAD,100,0.9999,1.0,1,1,1
finproc|s10|r100|DISJOINT|w4|CAP_10PCT,CAP_10PCT,100,0.9999,0.1,0,0,1
finproc|s10|r100|DISJOINT|w4|CELL,CELL,100,0.9999,0.01,0,0,1
finproc|s10|r100|OVERLAP|w1|WORKLOAD,WORKLOAD,100,0.9944,1.0,1,1,1
finproc|s10|r100|OVERLAP|w1|CAP_10PCT,CAP_10PCT,100,0.9944,0.1,0,0,1
finproc|s10|r100|OVERLAP|w1|CELL,CELL,100,0.9944,0.01,0,0,1
finproc|s10|r100|OVERLAP|w2|WORKLOAD,WORKLOAD,100,0.9952,1.0,1,1,1
finproc|s10|r100|OVERLAP|w2|CAP_10PCT,CAP_10PCT,100,0.9952,0.1,0,0,1
finproc|s10|r100|OVERLAP|w2|CELL,CELL,100,0.9952,0.01,0,0,1
finproc|s10|r100|OVERLAP|w4|WORKLOAD,WORKLOAD,100,0.9946,1.0,1,1,1
finproc|s10|r100|OVERLAP|w4|CAP_10PCT,CAP_10PCT,100,0.9946,0.1,0,0,1
finproc|s10|r100|OVERLAP|w4|CELL,CELL,100,0.9946,0.01,0,0,1
finproc|s10|r100|NESTED|w1|WORKLOAD,WORKLOAD,100,0.1971,1.0,1,1,1
finproc|s10|r100|NESTED|w1|CAP_10PCT,CAP_10PCT,100,0.1971,0.1,0,0,1
finproc|s10|r100|NESTED|w1|CELL,CELL,100,0.1971,0.01,0,0,1
finproc|s10|r100|NESTED|w2|WORKLOAD,WORKLOAD,100,0.1971,1.0,1,1,1
finproc|s10|r100|NESTED|w2|CAP_10PCT,CAP_10PCT,100,0.1971,0.1,0,0,1
finproc|s10|r100|NESTED|w2|CELL,CELL,100,0.1971,0.01,0,0,1
finproc|s10|r100|NESTED|w4|WORKLOAD,WORKLOAD,100,0.1971,1.0,1,1,1
finproc|s10|r100|NESTED|w4|CAP_10PCT,CAP_10PCT,100,0.1971,0.1,0,0,1
finproc|s10|r100|NESTED|w4|CELL,CELL,100,0.1971,0.01,0,0,1
finproc|s25|r1|DISJOINT|w1|WORKLOAD,WORKLOAD,1,0.2435,1.0,1,1,1
finproc|s25|r1|DISJOINT|w1|CAP_10PCT,CAP_10PCT,1,0.2435,0.1,0,1,0
finproc|s25|r1|DISJOINT|w1|CELL,CELL,1,0.2435,1.0,1,1,1
finproc|s25|r1|DISJOINT|w2|WORKLOAD,WORKLOAD,1,0.2492,1.0,1,1,1
finproc|s25|r1|DISJOINT|w2|CAP_10PCT,CAP_10PCT,1,0.2492,0.1,0,1,0
finproc|s25|r1|DISJOINT|w2|CELL,CELL,1,0.2492,1.0,1,1,1
finproc|s25|r1|DISJOINT|w4|WORKLOAD,WORKLOAD,1,0.2595,1.0,1,1,1
finproc|s25|r1|DISJOINT|w4|CAP_10PCT,CAP_10PCT,1,0.2595,0.1,0,1,0
finproc|s25|r1|DISJOINT|w4|CELL,CELL,1,0.2595,1.0,1,1,1
finproc|s25|r1|OVERLAP|w1|WORKLOAD,WORKLOAD,1,0.2374,1.0,1,1,1
finproc|s25|r1|OVERLAP|w1|CAP_10PCT,CAP_10PCT,1,0.2374,0.1,0,1,0
finproc|s25|r1|OVERLAP|w1|CELL,CELL,1,0.2374,1.0,1,1,1
finproc|s25|r1|OVERLAP|w2|WORKLOAD,WORKLOAD,1,0.226,1.0,1,1,1
finproc|s25|r1|OVERLAP|w2|CAP_10PCT,CAP_10PCT,1,0.226,0.1,0,1,0
finproc|s25|r1|OVERLAP|w2|CELL,CELL,1,0.226,1.0,1,1,1
finproc|s25|r1|OVERLAP|w4|WORKLOAD,WORKLOAD,1,0.2351,1.0,1,1,1
finproc|s25|r1|OVERLAP|w4|CAP_10PCT,CAP_10PCT,1,0.2351,0.1,0,1,0
finproc|s25|r1|OVERLAP|w4|CELL,CELL,1,0.2351,1.0,1,1,1
finproc|s25|r1|NESTED|w1|WORKLOAD,WORKLOAD,1,0.2491,1.0,1,1,1
finproc|s25|r1|NESTED|w1|CAP_10PCT,CAP_10PCT,1,0.2491,0.1,0,1,0
finproc|s25|r1|NESTED|w1|CELL,CELL,1,0.2491,1.0,1,1,1
finproc|s25|r1|NESTED|w2|WORKLOAD,WORKLOAD,1,0.2491,1.0,1,1,1
finproc|s25|r1|NESTED|w2|CAP_10PCT,CAP_10PCT,1,0.2491,0.1,0,1,0
finproc|s25|r1|NESTED|w2|CELL,CELL,1,0.2491,1.0,1,1,1
finproc|s25|r1|NESTED|w4|WORKLOAD,WORKLOAD,1,0.2491,1.0,1,1,1
finproc|s25|r1|NESTED|w4|CAP_10PCT,CAP_10PCT,1,0.2491,0.1,0,1,0
finproc|s25|r1|NESTED|w4|CELL,CELL,1,0.2491,1.0,1,1,1
finproc|s25|r10|DISJOINT|w1|WORKLOAD,WORKLOAD,10,0.9441,1.0,1,1,1
finproc|s25|r10|DISJOINT|w1|CAP_10PCT,CAP_10PCT,10,0.9441,0.1,0,0,1
finproc|s25|r10|DISJOINT|w1|CELL,CELL,10,0.9441,0.1,0,0,1
finproc|s25|r10|DISJOINT|w2|WORKLOAD,WORKLOAD,10,0.9439,1.0,1,1,1
finproc|s25|r10|DISJOINT|w2|CAP_10PCT,CAP_10PCT,10,0.9439,0.1,0,0,1
finproc|s25|r10|DISJOINT|w2|CELL,CELL,10,0.9439,0.1,0,0,1
finproc|s25|r10|DISJOINT|w4|WORKLOAD,WORKLOAD,10,0.9467,1.0,1,1,1
finproc|s25|r10|DISJOINT|w4|CAP_10PCT,CAP_10PCT,10,0.9467,0.1,0,0,1
finproc|s25|r10|DISJOINT|w4|CELL,CELL,10,0.9467,0.1,0,0,1
finproc|s25|r10|OVERLAP|w1|WORKLOAD,WORKLOAD,10,0.777,1.0,1,1,1
finproc|s25|r10|OVERLAP|w1|CAP_10PCT,CAP_10PCT,10,0.777,0.1,0,0,1
finproc|s25|r10|OVERLAP|w1|CELL,CELL,10,0.777,0.1,0,0,1
finproc|s25|r10|OVERLAP|w2|WORKLOAD,WORKLOAD,10,0.7688,1.0,1,1,1
finproc|s25|r10|OVERLAP|w2|CAP_10PCT,CAP_10PCT,10,0.7688,0.1,0,0,1
finproc|s25|r10|OVERLAP|w2|CELL,CELL,10,0.7688,0.1,0,0,1
finproc|s25|r10|OVERLAP|w4|WORKLOAD,WORKLOAD,10,0.7662,1.0,1,1,1
finproc|s25|r10|OVERLAP|w4|CAP_10PCT,CAP_10PCT,10,0.7662,0.1,0,0,1
finproc|s25|r10|OVERLAP|w4|CELL,CELL,10,0.7662,0.1,0,0,1
finproc|s25|r10|NESTED|w1|WORKLOAD,WORKLOAD,10,0.4541,1.0,1,1,1
finproc|s25|r10|NESTED|w1|CAP_10PCT,CAP_10PCT,10,0.4541,0.1,0,0,1
finproc|s25|r10|NESTED|w1|CELL,CELL,10,0.4541,0.1,0,0,1
finproc|s25|r10|NESTED|w2|WORKLOAD,WORKLOAD,10,0.4541,1.0,1,1,1
finproc|s25|r10|NESTED|w2|CAP_10PCT,CAP_10PCT,10,0.4541,0.1,0,0,1
finproc|s25|r10|NESTED|w2|CELL,CELL,10,0.4541,0.1,0,0,1
finproc|s25|r10|NESTED|w4|WORKLOAD,WORKLOAD,10,0.4541,1.0,1,1,1
finproc|s25|r10|NESTED|w4|CAP_10PCT,CAP_10PCT,10,0.4541,0.1,0,0,1
finproc|s25|r10|NESTED|w4|CELL,CELL,10,0.4541,0.1,0,0,1
finproc|s25|r50|DISJOINT|w1|WORKLOAD,WORKLOAD,50,1.0,1.0,1,1,1
finproc|s25|r50|DISJOINT|w1|CAP_10PCT,CAP_10PCT,50,1.0,0.1,0,0,1
finproc|s25|r50|DISJOINT|w1|CELL,CELL,50,1.0,0.02,0,0,1
finproc|s25|r50|DISJOINT|w2|WORKLOAD,WORKLOAD,50,1.0,1.0,1,1,1
finproc|s25|r50|DISJOINT|w2|CAP_10PCT,CAP_10PCT,50,1.0,0.1,0,0,1
finproc|s25|r50|DISJOINT|w2|CELL,CELL,50,1.0,0.02,0,0,1
finproc|s25|r50|DISJOINT|w4|WORKLOAD,WORKLOAD,50,1.0,1.0,1,1,1
finproc|s25|r50|DISJOINT|w4|CAP_10PCT,CAP_10PCT,50,1.0,0.1,0,0,1
finproc|s25|r50|DISJOINT|w4|CELL,CELL,50,1.0,0.02,0,0,1
finproc|s25|r50|OVERLAP|w1|WORKLOAD,WORKLOAD,50,0.9981,1.0,1,1,1
finproc|s25|r50|OVERLAP|w1|CAP_10PCT,CAP_10PCT,50,0.9981,0.1,0,0,1
finproc|s25|r50|OVERLAP|w1|CELL,CELL,50,0.9981,0.02,0,0,1
finproc|s25|r50|OVERLAP|w2|WORKLOAD,WORKLOAD,50,0.9989,1.0,1,1,1
finproc|s25|r50|OVERLAP|w2|CAP_10PCT,CAP_10PCT,50,0.9989,0.1,0,0,1
finproc|s25|r50|OVERLAP|w2|CELL,CELL,50,0.9989,0.02,0,0,1
finproc|s25|r50|OVERLAP|w4|WORKLOAD,WORKLOAD,50,0.999,1.0,1,1,1
finproc|s25|r50|OVERLAP|w4|CAP_10PCT,CAP_10PCT,50,0.999,0.1,0,0,1
finproc|s25|r50|OVERLAP|w4|CELL,CELL,50,0.999,0.02,0,0,1
finproc|s25|r50|NESTED|w1|WORKLOAD,WORKLOAD,50,0.4864,1.0,1,1,1
finproc|s25|r50|NESTED|w1|CAP_10PCT,CAP_10PCT,50,0.4864,0.1,0,0,1
finproc|s25|r50|NESTED|w1|CELL,CELL,50,0.4864,0.02,0,0,1
finproc|s25|r50|NESTED|w2|WORKLOAD,WORKLOAD,50,0.4864,1.0,1,1,1
finproc|s25|r50|NESTED|w2|CAP_10PCT,CAP_10PCT,50,0.4864,0.1,0,0,1
finproc|s25|r50|NESTED|w2|CELL,CELL,50,0.4864,0.02,0,0,1
finproc|s25|r50|NESTED|w4|WORKLOAD,WORKLOAD,50,0.4864,1.0,1,1,1
finproc|s25|r50|NESTED|w4|CAP_10PCT,CAP_10PCT,50,0.4864,0.1,0,0,1
finproc|s25|r50|NESTED|w4|CELL,CELL,50,0.4864,0.02,0,0,1
finproc|s25|r100|DISJOINT|w1|WORKLOAD,WORKLOAD,100,1.0,1.0,1,1,1
finproc|s25|r100|DISJOINT|w1|CAP_10PCT,CAP_10PCT,100,1.0,0.1,0,0,1
finproc|s25|r100|DISJOINT|w1|CELL,CELL,100,1.0,0.01,0,0,1
finproc|s25|r100|DISJOINT|w2|WORKLOAD,WORKLOAD,100,1.0,1.0,1,1,1
finproc|s25|r100|DISJOINT|w2|CAP_10PCT,CAP_10PCT,100,1.0,0.1,0,0,1
finproc|s25|r100|DISJOINT|w2|CELL,CELL,100,1.0,0.01,0,0,1
finproc|s25|r100|DISJOINT|w4|WORKLOAD,WORKLOAD,100,1.0,1.0,1,1,1
finproc|s25|r100|DISJOINT|w4|CAP_10PCT,CAP_10PCT,100,1.0,0.1,0,0,1
finproc|s25|r100|DISJOINT|w4|CELL,CELL,100,1.0,0.01,0,0,1
finproc|s25|r100|OVERLAP|w1|WORKLOAD,WORKLOAD,100,1.0,1.0,1,1,1
finproc|s25|r100|OVERLAP|w1|CAP_10PCT,CAP_10PCT,100,1.0,0.1,0,0,1
finproc|s25|r100|OVERLAP|w1|CELL,CELL,100,1.0,0.01,0,0,1
finproc|s25|r100|OVERLAP|w2|WORKLOAD,WORKLOAD,100,1.0,1.0,1,1,1
finproc|s25|r100|OVERLAP|w2|CAP_10PCT,CAP_10PCT,100,1.0,0.1,0,0,1
finproc|s25|r100|OVERLAP|w2|CELL,CELL,100,1.0,0.01,0,0,1
finproc|s25|r100|OVERLAP|w4|WORKLOAD,WORKLOAD,100,1.0,1.0,1,1,1
finproc|s25|r100|OVERLAP|w4|CAP_10PCT,CAP_10PCT,100,1.0,0.1,0,0,1
finproc|s25|r100|OVERLAP|w4|CELL,CELL,100,1.0,0.01,0,0,1
finproc|s25|r100|NESTED|w1|WORKLOAD,WORKLOAD,100,0.4914,1.0,1,1,1
finproc|s25|r100|NESTED|w1|CAP_10PCT,CAP_10PCT,100,0.4914,0.1,0,0,1
finproc|s25|r100|NESTED|w1|CELL,CELL,100,0.4914,0.01,0,0,1
finproc|s25|r100|NESTED|w2|WORKLOAD,WORKLOAD,100,0.4914,1.0,1,1,1
finproc|s25|r100|NESTED|w2|CAP_10PCT,CAP_10PCT,100,0.4914,0.1,0,0,1
finproc|s25|r100|NESTED|w2|CELL,CELL,100,0.4914,0.01,0,0,1
finproc|s25|r100|NESTED|w4|WORKLOAD,WORKLOAD,100,0.4914,1.0,1,1,1
finproc|s25|r100|NESTED|w4|CAP_10PCT,CAP_10PCT,100,0.4914,0.1,0,0,1
finproc|s25|r100|NESTED|w4|CELL,CELL,100,0.4914,0.01,0,0,1
finproc|s50|r1|DISJOINT|w1|WORKLOAD,WORKLOAD,1,0.5001,1.0,1,1,1
finproc|s50|r1|DISJOINT|w1|CAP_10PCT,CAP_10PCT,1,0.5001,0.1,0,1,0
finproc|s50|r1|DISJOINT|w1|CELL,CELL,1,0.5001,1.0,1,1,1
finproc|s50|r1|DISJOINT|w2|WORKLOAD,WORKLOAD,1,0.5084,1.0,1,1,1
finproc|s50|r1|DISJOINT|w2|CAP_10PCT,CAP_10PCT,1,0.5084,0.1,0,1,0
finproc|s50|r1|DISJOINT|w2|CELL,CELL,1,0.5084,1.0,1,1,1
finproc|s50|r1|DISJOINT|w4|WORKLOAD,WORKLOAD,1,0.5028,1.0,1,1,1
finproc|s50|r1|DISJOINT|w4|CAP_10PCT,CAP_10PCT,1,0.5028,0.1,0,1,0
finproc|s50|r1|DISJOINT|w4|CELL,CELL,1,0.5028,1.0,1,1,1
finproc|s50|r1|OVERLAP|w1|WORKLOAD,WORKLOAD,1,0.4325,1.0,1,1,1
finproc|s50|r1|OVERLAP|w1|CAP_10PCT,CAP_10PCT,1,0.4325,0.1,0,1,0
finproc|s50|r1|OVERLAP|w1|CELL,CELL,1,0.4325,1.0,1,1,1
finproc|s50|r1|OVERLAP|w2|WORKLOAD,WORKLOAD,1,0.4401,1.0,1,1,1
finproc|s50|r1|OVERLAP|w2|CAP_10PCT,CAP_10PCT,1,0.4401,0.1,0,1,0
finproc|s50|r1|OVERLAP|w2|CELL,CELL,1,0.4401,1.0,1,1,1
finproc|s50|r1|OVERLAP|w4|WORKLOAD,WORKLOAD,1,0.4371,1.0,1,1,1
finproc|s50|r1|OVERLAP|w4|CAP_10PCT,CAP_10PCT,1,0.4371,0.1,0,1,0
finproc|s50|r1|OVERLAP|w4|CELL,CELL,1,0.4371,1.0,1,1,1
finproc|s50|r1|NESTED|w1|WORKLOAD,WORKLOAD,1,0.4971,1.0,1,1,1
finproc|s50|r1|NESTED|w1|CAP_10PCT,CAP_10PCT,1,0.4971,0.1,0,1,0
finproc|s50|r1|NESTED|w1|CELL,CELL,1,0.4971,1.0,1,1,1
finproc|s50|r1|NESTED|w2|WORKLOAD,WORKLOAD,1,0.4971,1.0,1,1,1
finproc|s50|r1|NESTED|w2|CAP_10PCT,CAP_10PCT,1,0.4971,0.1,0,1,0
finproc|s50|r1|NESTED|w2|CELL,CELL,1,0.4971,1.0,1,1,1
finproc|s50|r1|NESTED|w4|WORKLOAD,WORKLOAD,1,0.4971,1.0,1,1,1
finproc|s50|r1|NESTED|w4|CAP_10PCT,CAP_10PCT,1,0.4971,0.1,0,1,0
finproc|s50|r1|NESTED|w4|CELL,CELL,1,0.4971,1.0,1,1,1
finproc|s50|r10|DISJOINT|w1|WORKLOAD,WORKLOAD,10,0.9993,1.0,1,1,1
finproc|s50|r10|DISJOINT|w1|CAP_10PCT,CAP_10PCT,10,0.9993,0.1,0,0,1
finproc|s50|r10|DISJOINT|w1|CELL,CELL,10,0.9993,0.1,0,0,1
finproc|s50|r10|DISJOINT|w2|WORKLOAD,WORKLOAD,10,0.999,1.0,1,1,1
finproc|s50|r10|DISJOINT|w2|CAP_10PCT,CAP_10PCT,10,0.999,0.1,0,0,1
finproc|s50|r10|DISJOINT|w2|CELL,CELL,10,0.999,0.1,0,0,1
finproc|s50|r10|DISJOINT|w4|WORKLOAD,WORKLOAD,10,0.9992,1.0,1,1,1
finproc|s50|r10|DISJOINT|w4|CAP_10PCT,CAP_10PCT,10,0.9992,0.1,0,0,1
finproc|s50|r10|DISJOINT|w4|CELL,CELL,10,0.9992,0.1,0,0,1
finproc|s50|r10|OVERLAP|w1|WORKLOAD,WORKLOAD,10,0.9549,1.0,1,1,1
finproc|s50|r10|OVERLAP|w1|CAP_10PCT,CAP_10PCT,10,0.9549,0.1,0,0,1
finproc|s50|r10|OVERLAP|w1|CELL,CELL,10,0.9549,0.1,0,0,1
finproc|s50|r10|OVERLAP|w2|WORKLOAD,WORKLOAD,10,0.9608,1.0,1,1,1
finproc|s50|r10|OVERLAP|w2|CAP_10PCT,CAP_10PCT,10,0.9608,0.1,0,0,1
finproc|s50|r10|OVERLAP|w2|CELL,CELL,10,0.9608,0.1,0,0,1
finproc|s50|r10|OVERLAP|w4|WORKLOAD,WORKLOAD,10,0.9561,1.0,1,1,1
finproc|s50|r10|OVERLAP|w4|CAP_10PCT,CAP_10PCT,10,0.9561,0.1,0,0,1
finproc|s50|r10|OVERLAP|w4|CELL,CELL,10,0.9561,0.1,0,0,1
finproc|s50|r10|NESTED|w1|WORKLOAD,WORKLOAD,10,0.9131,1.0,1,1,1
finproc|s50|r10|NESTED|w1|CAP_10PCT,CAP_10PCT,10,0.9131,0.1,0,0,1
finproc|s50|r10|NESTED|w1|CELL,CELL,10,0.9131,0.1,0,0,1
finproc|s50|r10|NESTED|w2|WORKLOAD,WORKLOAD,10,0.9131,1.0,1,1,1
finproc|s50|r10|NESTED|w2|CAP_10PCT,CAP_10PCT,10,0.9131,0.1,0,0,1
finproc|s50|r10|NESTED|w2|CELL,CELL,10,0.9131,0.1,0,0,1
finproc|s50|r10|NESTED|w4|WORKLOAD,WORKLOAD,10,0.9131,1.0,1,1,1
finproc|s50|r10|NESTED|w4|CAP_10PCT,CAP_10PCT,10,0.9131,0.1,0,0,1
finproc|s50|r10|NESTED|w4|CELL,CELL,10,0.9131,0.1,0,0,1
finproc|s50|r50|DISJOINT|w1|WORKLOAD,WORKLOAD,50,1.0,1.0,1,1,1
finproc|s50|r50|DISJOINT|w1|CAP_10PCT,CAP_10PCT,50,1.0,0.1,0,0,1
finproc|s50|r50|DISJOINT|w1|CELL,CELL,50,1.0,0.02,0,0,1
finproc|s50|r50|DISJOINT|w2|WORKLOAD,WORKLOAD,50,1.0,1.0,1,1,1
finproc|s50|r50|DISJOINT|w2|CAP_10PCT,CAP_10PCT,50,1.0,0.1,0,0,1
finproc|s50|r50|DISJOINT|w2|CELL,CELL,50,1.0,0.02,0,0,1
finproc|s50|r50|DISJOINT|w4|WORKLOAD,WORKLOAD,50,1.0,1.0,1,1,1
finproc|s50|r50|DISJOINT|w4|CAP_10PCT,CAP_10PCT,50,1.0,0.1,0,0,1
finproc|s50|r50|DISJOINT|w4|CELL,CELL,50,1.0,0.02,0,0,1
finproc|s50|r50|OVERLAP|w1|WORKLOAD,WORKLOAD,50,1.0,1.0,1,1,1
finproc|s50|r50|OVERLAP|w1|CAP_10PCT,CAP_10PCT,50,1.0,0.1,0,0,1
finproc|s50|r50|OVERLAP|w1|CELL,CELL,50,1.0,0.02,0,0,1
finproc|s50|r50|OVERLAP|w2|WORKLOAD,WORKLOAD,50,1.0,1.0,1,1,1
finproc|s50|r50|OVERLAP|w2|CAP_10PCT,CAP_10PCT,50,1.0,0.1,0,0,1
finproc|s50|r50|OVERLAP|w2|CELL,CELL,50,1.0,0.02,0,0,1
finproc|s50|r50|OVERLAP|w4|WORKLOAD,WORKLOAD,50,1.0,1.0,1,1,1
finproc|s50|r50|OVERLAP|w4|CAP_10PCT,CAP_10PCT,50,1.0,0.1,0,0,1
finproc|s50|r50|OVERLAP|w4|CELL,CELL,50,1.0,0.02,0,0,1
finproc|s50|r50|NESTED|w1|WORKLOAD,WORKLOAD,50,0.9812,1.0,1,1,1
finproc|s50|r50|NESTED|w1|CAP_10PCT,CAP_10PCT,50,0.9812,0.1,0,0,1
finproc|s50|r50|NESTED|w1|CELL,CELL,50,0.9812,0.02,0,0,1
finproc|s50|r50|NESTED|w2|WORKLOAD,WORKLOAD,50,0.9812,1.0,1,1,1
finproc|s50|r50|NESTED|w2|CAP_10PCT,CAP_10PCT,50,0.9812,0.1,0,0,1
finproc|s50|r50|NESTED|w2|CELL,CELL,50,0.9812,0.02,0,0,1
finproc|s50|r50|NESTED|w4|WORKLOAD,WORKLOAD,50,0.9812,1.0,1,1,1
finproc|s50|r50|NESTED|w4|CAP_10PCT,CAP_10PCT,50,0.9812,0.1,0,0,1
finproc|s50|r50|NESTED|w4|CELL,CELL,50,0.9812,0.02,0,0,1
finproc|s50|r100|DISJOINT|w1|WORKLOAD,WORKLOAD,100,1.0,1.0,1,1,1
finproc|s50|r100|DISJOINT|w1|CAP_10PCT,CAP_10PCT,100,1.0,0.1,0,0,1
finproc|s50|r100|DISJOINT|w1|CELL,CELL,100,1.0,0.01,0,0,1
finproc|s50|r100|DISJOINT|w2|WORKLOAD,WORKLOAD,100,1.0,1.0,1,1,1
finproc|s50|r100|DISJOINT|w2|CAP_10PCT,CAP_10PCT,100,1.0,0.1,0,0,1
finproc|s50|r100|DISJOINT|w2|CELL,CELL,100,1.0,0.01,0,0,1
finproc|s50|r100|DISJOINT|w4|WORKLOAD,WORKLOAD,100,1.0,1.0,1,1,1
finproc|s50|r100|DISJOINT|w4|CAP_10PCT,CAP_10PCT,100,1.0,0.1,0,0,1
finproc|s50|r100|DISJOINT|w4|CELL,CELL,100,1.0,0.01,0,0,1
finproc|s50|r100|OVERLAP|w1|WORKLOAD,WORKLOAD,100,1.0,1.0,1,1,1
finproc|s50|r100|OVERLAP|w1|CAP_10PCT,CAP_10PCT,100,1.0,0.1,0,0,1
finproc|s50|r100|OVERLAP|w1|CELL,CELL,100,1.0,0.01,0,0,1
finproc|s50|r100|OVERLAP|w2|WORKLOAD,WORKLOAD,100,1.0,1.0,1,1,1
finproc|s50|r100|OVERLAP|w2|CAP_10PCT,CAP_10PCT,100,1.0,0.1,0,0,1
finproc|s50|r100|OVERLAP|w2|CELL,CELL,100,1.0,0.01,0,0,1
finproc|s50|r100|OVERLAP|w4|WORKLOAD,WORKLOAD,100,1.0,1.0,1,1,1
finproc|s50|r100|OVERLAP|w4|CAP_10PCT,CAP_10PCT,100,1.0,0.1,0,0,1
finproc|s50|r100|OVERLAP|w4|CELL,CELL,100,1.0,0.01,0,0,1
finproc|s50|r100|NESTED|w1|WORKLOAD,WORKLOAD,100,0.9897,1.0,1,1,1
finproc|s50|r100|NESTED|w1|CAP_10PCT,CAP_10PCT,100,0.9897,0.1,0,0,1
finproc|s50|r100|NESTED|w1|CELL,CELL,100,0.9897,0.01,0,0,1
finproc|s50|r100|NESTED|w2|WORKLOAD,WORKLOAD,100,0.9897,1.0,1,1,1
finproc|s50|r100|NESTED|w2|CAP_10PCT,CAP_10PCT,100,0.9897,0.1,0,0,1
finproc|s50|r100|NESTED|w2|CELL,CELL,100,0.9897,0.01,0,0,1
finproc|s50|r100|NESTED|w4|WORKLOAD,WORKLOAD,100,0.9897,1.0,1,1,1
finproc|s50|r100|NESTED|w4|CAP_10PCT,CAP_10PCT,100,0.9897,0.1,0,0,1
finproc|s50|r100|NESTED|w4|CELL,CELL,100,0.9897,0.01,0,0,1
finproc|s75|r1|DISJOINT|w1|WORKLOAD,WORKLOAD,1,0.7464,1.0,1,1,1
finproc|s75|r1|DISJOINT|w1|CAP_10PCT,CAP_10PCT,1,0.7464,0.1,0,1,0
finproc|s75|r1|DISJOINT|w1|CELL,CELL,1,0.7464,1.0,1,1,1
finproc|s75|r1|DISJOINT|w2|WORKLOAD,WORKLOAD,1,0.7502,1.0,1,1,1
finproc|s75|r1|DISJOINT|w2|CAP_10PCT,CAP_10PCT,1,0.7502,0.1,0,1,0
finproc|s75|r1|DISJOINT|w2|CELL,CELL,1,0.7502,1.0,1,1,1
finproc|s75|r1|DISJOINT|w4|WORKLOAD,WORKLOAD,1,0.7499,1.0,1,1,1
finproc|s75|r1|DISJOINT|w4|CAP_10PCT,CAP_10PCT,1,0.7499,0.1,0,1,0
finproc|s75|r1|DISJOINT|w4|CELL,CELL,1,0.7499,1.0,1,1,1
finproc|s75|r1|OVERLAP|w1|WORKLOAD,WORKLOAD,1,0.6064,1.0,1,1,1
finproc|s75|r1|OVERLAP|w1|CAP_10PCT,CAP_10PCT,1,0.6064,0.1,0,1,0
finproc|s75|r1|OVERLAP|w1|CELL,CELL,1,0.6064,1.0,1,1,1
finproc|s75|r1|OVERLAP|w2|WORKLOAD,WORKLOAD,1,0.6032,1.0,1,1,1
finproc|s75|r1|OVERLAP|w2|CAP_10PCT,CAP_10PCT,1,0.6032,0.1,0,1,0
finproc|s75|r1|OVERLAP|w2|CELL,CELL,1,0.6032,1.0,1,1,1
finproc|s75|r1|OVERLAP|w4|WORKLOAD,WORKLOAD,1,0.6044,1.0,1,1,1
finproc|s75|r1|OVERLAP|w4|CAP_10PCT,CAP_10PCT,1,0.6044,0.1,0,1,0
finproc|s75|r1|OVERLAP|w4|CELL,CELL,1,0.6044,1.0,1,1,1
finproc|s75|r1|NESTED|w1|WORKLOAD,WORKLOAD,1,0.7509,1.0,1,1,1
finproc|s75|r1|NESTED|w1|CAP_10PCT,CAP_10PCT,1,0.7509,0.1,0,1,0
finproc|s75|r1|NESTED|w1|CELL,CELL,1,0.7509,1.0,1,1,1
finproc|s75|r1|NESTED|w2|WORKLOAD,WORKLOAD,1,0.7509,1.0,1,1,1
finproc|s75|r1|NESTED|w2|CAP_10PCT,CAP_10PCT,1,0.7509,0.1,0,1,0
finproc|s75|r1|NESTED|w2|CELL,CELL,1,0.7509,1.0,1,1,1
finproc|s75|r1|NESTED|w4|WORKLOAD,WORKLOAD,1,0.7509,1.0,1,1,1
finproc|s75|r1|NESTED|w4|CAP_10PCT,CAP_10PCT,1,0.7509,0.1,0,1,0
finproc|s75|r1|NESTED|w4|CELL,CELL,1,0.7509,1.0,1,1,1
finproc|s75|r10|DISJOINT|w1|WORKLOAD,WORKLOAD,10,1.0,1.0,1,1,1
finproc|s75|r10|DISJOINT|w1|CAP_10PCT,CAP_10PCT,10,1.0,0.1,0,0,1
finproc|s75|r10|DISJOINT|w1|CELL,CELL,10,1.0,0.1,0,0,1
finproc|s75|r10|DISJOINT|w2|WORKLOAD,WORKLOAD,10,1.0,1.0,1,1,1
finproc|s75|r10|DISJOINT|w2|CAP_10PCT,CAP_10PCT,10,1.0,0.1,0,0,1
finproc|s75|r10|DISJOINT|w2|CELL,CELL,10,1.0,0.1,0,0,1
finproc|s75|r10|DISJOINT|w4|WORKLOAD,WORKLOAD,10,1.0,1.0,1,1,1
finproc|s75|r10|DISJOINT|w4|CAP_10PCT,CAP_10PCT,10,1.0,0.1,0,0,1
finproc|s75|r10|DISJOINT|w4|CELL,CELL,10,1.0,0.1,0,0,1
finproc|s75|r10|OVERLAP|w1|WORKLOAD,WORKLOAD,10,0.9951,1.0,1,1,1
finproc|s75|r10|OVERLAP|w1|CAP_10PCT,CAP_10PCT,10,0.9951,0.1,0,0,1
finproc|s75|r10|OVERLAP|w1|CELL,CELL,10,0.9951,0.1,0,0,1
finproc|s75|r10|OVERLAP|w2|WORKLOAD,WORKLOAD,10,0.9936,1.0,1,1,1
finproc|s75|r10|OVERLAP|w2|CAP_10PCT,CAP_10PCT,10,0.9936,0.1,0,0,1
finproc|s75|r10|OVERLAP|w2|CELL,CELL,10,0.9936,0.1,0,0,1
finproc|s75|r10|OVERLAP|w4|WORKLOAD,WORKLOAD,10,0.995,1.0,1,1,1
finproc|s75|r10|OVERLAP|w4|CAP_10PCT,CAP_10PCT,10,0.995,0.1,0,0,1
finproc|s75|r10|OVERLAP|w4|CELL,CELL,10,0.995,0.1,0,0,1
finproc|s75|r10|NESTED|w1|WORKLOAD,WORKLOAD,10,1.0,1.0,1,1,1
finproc|s75|r10|NESTED|w1|CAP_10PCT,CAP_10PCT,10,1.0,0.1,0,0,1
finproc|s75|r10|NESTED|w1|CELL,CELL,10,1.0,0.1,0,0,1
finproc|s75|r10|NESTED|w2|WORKLOAD,WORKLOAD,10,1.0,1.0,1,1,1
finproc|s75|r10|NESTED|w2|CAP_10PCT,CAP_10PCT,10,1.0,0.1,0,0,1
finproc|s75|r10|NESTED|w2|CELL,CELL,10,1.0,0.1,0,0,1
finproc|s75|r10|NESTED|w4|WORKLOAD,WORKLOAD,10,1.0,1.0,1,1,1
finproc|s75|r10|NESTED|w4|CAP_10PCT,CAP_10PCT,10,1.0,0.1,0,0,1
finproc|s75|r10|NESTED|w4|CELL,CELL,10,1.0,0.1,0,0,1
finproc|s75|r50|DISJOINT|w1|WORKLOAD,WORKLOAD,50,1.0,1.0,1,1,1
finproc|s75|r50|DISJOINT|w1|CAP_10PCT,CAP_10PCT,50,1.0,0.1,0,0,1
finproc|s75|r50|DISJOINT|w1|CELL,CELL,50,1.0,0.02,0,0,1
finproc|s75|r50|DISJOINT|w2|WORKLOAD,WORKLOAD,50,1.0,1.0,1,1,1
finproc|s75|r50|DISJOINT|w2|CAP_10PCT,CAP_10PCT,50,1.0,0.1,0,0,1
finproc|s75|r50|DISJOINT|w2|CELL,CELL,50,1.0,0.02,0,0,1
finproc|s75|r50|DISJOINT|w4|WORKLOAD,WORKLOAD,50,1.0,1.0,1,1,1
finproc|s75|r50|DISJOINT|w4|CAP_10PCT,CAP_10PCT,50,1.0,0.1,0,0,1
finproc|s75|r50|DISJOINT|w4|CELL,CELL,50,1.0,0.02,0,0,1
finproc|s75|r50|OVERLAP|w1|WORKLOAD,WORKLOAD,50,1.0,1.0,1,1,1
finproc|s75|r50|OVERLAP|w1|CAP_10PCT,CAP_10PCT,50,1.0,0.1,0,0,1
finproc|s75|r50|OVERLAP|w1|CELL,CELL,50,1.0,0.02,0,0,1
finproc|s75|r50|OVERLAP|w2|WORKLOAD,WORKLOAD,50,1.0,1.0,1,1,1
finproc|s75|r50|OVERLAP|w2|CAP_10PCT,CAP_10PCT,50,1.0,0.1,0,0,1
finproc|s75|r50|OVERLAP|w2|CELL,CELL,50,1.0,0.02,0,0,1
finproc|s75|r50|OVERLAP|w4|WORKLOAD,WORKLOAD,50,1.0,1.0,1,1,1
finproc|s75|r50|OVERLAP|w4|CAP_10PCT,CAP_10PCT,50,1.0,0.1,0,0,1
finproc|s75|r50|OVERLAP|w4|CELL,CELL,50,1.0,0.02,0,0,1
finproc|s75|r50|NESTED|w1|WORKLOAD,WORKLOAD,50,1.0,1.0,1,1,1
finproc|s75|r50|NESTED|w1|CAP_10PCT,CAP_10PCT,50,1.0,0.1,0,0,1
finproc|s75|r50|NESTED|w1|CELL,CELL,50,1.0,0.02,0,0,1
finproc|s75|r50|NESTED|w2|WORKLOAD,WORKLOAD,50,1.0,1.0,1,1,1
finproc|s75|r50|NESTED|w2|CAP_10PCT,CAP_10PCT,50,1.0,0.1,0,0,1
finproc|s75|r50|NESTED|w2|CELL,CELL,50,1.0,0.02,0,0,1
finproc|s75|r50|NESTED|w4|WORKLOAD,WORKLOAD,50,1.0,1.0,1,1,1
finproc|s75|r50|NESTED|w4|CAP_10PCT,CAP_10PCT,50,1.0,0.1,0,0,1
finproc|s75|r50|NESTED|w4|CELL,CELL,50,1.0,0.02,0,0,1
finproc|s75|r100|DISJOINT|w1|WORKLOAD,WORKLOAD,100,1.0,1.0,1,1,1
finproc|s75|r100|DISJOINT|w1|CAP_10PCT,CAP_10PCT,100,1.0,0.1,0,0,1
finproc|s75|r100|DISJOINT|w1|CELL,CELL,100,1.0,0.01,0,0,1
finproc|s75|r100|DISJOINT|w2|WORKLOAD,WORKLOAD,100,1.0,1.0,1,1,1
finproc|s75|r100|DISJOINT|w2|CAP_10PCT,CAP_10PCT,100,1.0,0.1,0,0,1
finproc|s75|r100|DISJOINT|w2|CELL,CELL,100,1.0,0.01,0,0,1
finproc|s75|r100|DISJOINT|w4|WORKLOAD,WORKLOAD,100,1.0,1.0,1,1,1
finproc|s75|r100|DISJOINT|w4|CAP_10PCT,CAP_10PCT,100,1.0,0.1,0,0,1
finproc|s75|r100|DISJOINT|w4|CELL,CELL,100,1.0,0.01,0,0,1
finproc|s75|r100|OVERLAP|w1|WORKLOAD,WORKLOAD,100,1.0,1.0,1,1,1
finproc|s75|r100|OVERLAP|w1|CAP_10PCT,CAP_10PCT,100,1.0,0.1,0,0,1
finproc|s75|r100|OVERLAP|w1|CELL,CELL,100,1.0,0.01,0,0,1
finproc|s75|r100|OVERLAP|w2|WORKLOAD,WORKLOAD,100,1.0,1.0,1,1,1
finproc|s75|r100|OVERLAP|w2|CAP_10PCT,CAP_10PCT,100,1.0,0.1,0,0,1
finproc|s75|r100|OVERLAP|w2|CELL,CELL,100,1.0,0.01,0,0,1
finproc|s75|r100|OVERLAP|w4|WORKLOAD,WORKLOAD,100,1.0,1.0,1,1,1
finproc|s75|r100|OVERLAP|w4|CAP_10PCT,CAP_10PCT,100,1.0,0.1,0,0,1
finproc|s75|r100|OVERLAP|w4|CELL,CELL,100,1.0,0.01,0,0,1
finproc|s75|r100|NESTED|w1|WORKLOAD,WORKLOAD,100,1.0,1.0,1,1,1
finproc|s75|r100|NESTED|w1|CAP_10PCT,CAP_10PCT,100,1.0,0.1,0,0,1
finproc|s75|r100|NESTED|w1|CELL,CELL,100,1.0,0.01,0,0,1
finproc|s75|r100|NESTED|w2|WORKLOAD,WORKLOAD,100,1.0,1.0,1,1,1
finproc|s75|r100|NESTED|w2|CAP_10PCT,CAP_10PCT,100,1.0,0.1,0,0,1
finproc|s75|r100|NESTED|w2|CELL,CELL,100,1.0,0.01,0,0,1
finproc|s75|r100|NESTED|w4|WORKLOAD,WORKLOAD,100,1.0,1.0,1,1,1
finproc|s75|r100|NESTED|w4|CAP_10PCT,CAP_10PCT,100,1.0,0.1,0,0,1
finproc|s75|r100|NESTED|w4|CELL,CELL,100,1.0,0.01,0,0,1
finproc|s100|r1|DISJOINT|w1|WORKLOAD,WORKLOAD,1,1.0,1.0,1,1,1
finproc|s100|r1|DISJOINT|w1|CAP_10PCT,CAP_10PCT,1,1.0,0.1,0,1,0
finproc|s100|r1|DISJOINT|w1|CELL,CELL,1,1.0,1.0,1,1,1
finproc|s100|r1|DISJOINT|w2|WORKLOAD,WORKLOAD,1,1.0,1.0,1,1,1
finproc|s100|r1|DISJOINT|w2|CAP_10PCT,CAP_10PCT,1,1.0,0.1,0,1,0
finproc|s100|r1|DISJOINT|w2|CELL,CELL,1,1.0,1.0,1,1,1
finproc|s100|r1|DISJOINT|w4|WORKLOAD,WORKLOAD,1,1.0,1.0,1,1,1
finproc|s100|r1|DISJOINT|w4|CAP_10PCT,CAP_10PCT,1,1.0,0.1,0,1,0
finproc|s100|r1|DISJOINT|w4|CELL,CELL,1,1.0,1.0,1,1,1
finproc|s100|r1|OVERLAP|w1|WORKLOAD,WORKLOAD,1,0.7485,1.0,1,1,1
finproc|s100|r1|OVERLAP|w1|CAP_10PCT,CAP_10PCT,1,0.7485,0.1,0,1,0
finproc|s100|r1|OVERLAP|w1|CELL,CELL,1,0.7485,1.0,1,1,1
finproc|s100|r1|OVERLAP|w2|WORKLOAD,WORKLOAD,1,0.7511,1.0,1,1,1
finproc|s100|r1|OVERLAP|w2|CAP_10PCT,CAP_10PCT,1,0.7511,0.1,0,1,0
finproc|s100|r1|OVERLAP|w2|CELL,CELL,1,0.7511,1.0,1,1,1
finproc|s100|r1|OVERLAP|w4|WORKLOAD,WORKLOAD,1,0.7497,1.0,1,1,1
finproc|s100|r1|OVERLAP|w4|CAP_10PCT,CAP_10PCT,1,0.7497,0.1,0,1,0
finproc|s100|r1|OVERLAP|w4|CELL,CELL,1,0.7497,1.0,1,1,1
finproc|s100|r1|NESTED|w1|WORKLOAD,WORKLOAD,1,1.0,1.0,1,1,1
finproc|s100|r1|NESTED|w1|CAP_10PCT,CAP_10PCT,1,1.0,0.1,0,1,0
finproc|s100|r1|NESTED|w1|CELL,CELL,1,1.0,1.0,1,1,1
finproc|s100|r1|NESTED|w2|WORKLOAD,WORKLOAD,1,1.0,1.0,1,1,1
finproc|s100|r1|NESTED|w2|CAP_10PCT,CAP_10PCT,1,1.0,0.1,0,1,0
finproc|s100|r1|NESTED|w2|CELL,CELL,1,1.0,1.0,1,1,1
finproc|s100|r1|NESTED|w4|WORKLOAD,WORKLOAD,1,1.0,1.0,1,1,1
finproc|s100|r1|NESTED|w4|CAP_10PCT,CAP_10PCT,1,1.0,0.1,0,1,0
finproc|s100|r1|NESTED|w4|CELL,CELL,1,1.0,1.0,1,1,1
finproc|s100|r10|DISJOINT|w1|WORKLOAD,WORKLOAD,10,1.0,1.0,1,1,1
finproc|s100|r10|DISJOINT|w1|CAP_10PCT,CAP_10PCT,10,1.0,0.1,0,0,1
finproc|s100|r10|DISJOINT|w1|CELL,CELL,10,1.0,0.1,0,0,1
finproc|s100|r10|DISJOINT|w2|WORKLOAD,WORKLOAD,10,1.0,1.0,1,1,1
finproc|s100|r10|DISJOINT|w2|CAP_10PCT,CAP_10PCT,10,1.0,0.1,0,0,1
finproc|s100|r10|DISJOINT|w2|CELL,CELL,10,1.0,0.1,0,0,1
finproc|s100|r10|DISJOINT|w4|WORKLOAD,WORKLOAD,10,1.0,1.0,1,1,1
finproc|s100|r10|DISJOINT|w4|CAP_10PCT,CAP_10PCT,10,1.0,0.1,0,0,1
finproc|s100|r10|DISJOINT|w4|CELL,CELL,10,1.0,0.1,0,0,1
finproc|s100|r10|OVERLAP|w1|WORKLOAD,WORKLOAD,10,0.9997,1.0,1,1,1
finproc|s100|r10|OVERLAP|w1|CAP_10PCT,CAP_10PCT,10,0.9997,0.1,0,0,1
finproc|s100|r10|OVERLAP|w1|CELL,CELL,10,0.9997,0.1,0,0,1
finproc|s100|r10|OVERLAP|w2|WORKLOAD,WORKLOAD,10,0.9991,1.0,1,1,1
finproc|s100|r10|OVERLAP|w2|CAP_10PCT,CAP_10PCT,10,0.9991,0.1,0,0,1
finproc|s100|r10|OVERLAP|w2|CELL,CELL,10,0.9991,0.1,0,0,1
finproc|s100|r10|OVERLAP|w4|WORKLOAD,WORKLOAD,10,0.9997,1.0,1,1,1
finproc|s100|r10|OVERLAP|w4|CAP_10PCT,CAP_10PCT,10,0.9997,0.1,0,0,1
finproc|s100|r10|OVERLAP|w4|CELL,CELL,10,0.9997,0.1,0,0,1
finproc|s100|r10|NESTED|w1|WORKLOAD,WORKLOAD,10,1.0,1.0,1,1,1
finproc|s100|r10|NESTED|w1|CAP_10PCT,CAP_10PCT,10,1.0,0.1,0,0,1
finproc|s100|r10|NESTED|w1|CELL,CELL,10,1.0,0.1,0,0,1
finproc|s100|r10|NESTED|w2|WORKLOAD,WORKLOAD,10,1.0,1.0,1,1,1
finproc|s100|r10|NESTED|w2|CAP_10PCT,CAP_10PCT,10,1.0,0.1,0,0,1
finproc|s100|r10|NESTED|w2|CELL,CELL,10,1.0,0.1,0,0,1
finproc|s100|r10|NESTED|w4|WORKLOAD,WORKLOAD,10,1.0,1.0,1,1,1
finproc|s100|r10|NESTED|w4|CAP_10PCT,CAP_10PCT,10,1.0,0.1,0,0,1
finproc|s100|r10|NESTED|w4|CELL,CELL,10,1.0,0.1,0,0,1
finproc|s100|r50|DISJOINT|w1|WORKLOAD,WORKLOAD,50,1.0,1.0,1,1,1
finproc|s100|r50|DISJOINT|w1|CAP_10PCT,CAP_10PCT,50,1.0,0.1,0,0,1
finproc|s100|r50|DISJOINT|w1|CELL,CELL,50,1.0,0.02,0,0,1
finproc|s100|r50|DISJOINT|w2|WORKLOAD,WORKLOAD,50,1.0,1.0,1,1,1
finproc|s100|r50|DISJOINT|w2|CAP_10PCT,CAP_10PCT,50,1.0,0.1,0,0,1
finproc|s100|r50|DISJOINT|w2|CELL,CELL,50,1.0,0.02,0,0,1
finproc|s100|r50|DISJOINT|w4|WORKLOAD,WORKLOAD,50,1.0,1.0,1,1,1
finproc|s100|r50|DISJOINT|w4|CAP_10PCT,CAP_10PCT,50,1.0,0.1,0,0,1
finproc|s100|r50|DISJOINT|w4|CELL,CELL,50,1.0,0.02,0,0,1
finproc|s100|r50|OVERLAP|w1|WORKLOAD,WORKLOAD,50,1.0,1.0,1,1,1
finproc|s100|r50|OVERLAP|w1|CAP_10PCT,CAP_10PCT,50,1.0,0.1,0,0,1
finproc|s100|r50|OVERLAP|w1|CELL,CELL,50,1.0,0.02,0,0,1
finproc|s100|r50|OVERLAP|w2|WORKLOAD,WORKLOAD,50,1.0,1.0,1,1,1
finproc|s100|r50|OVERLAP|w2|CAP_10PCT,CAP_10PCT,50,1.0,0.1,0,0,1
finproc|s100|r50|OVERLAP|w2|CELL,CELL,50,1.0,0.02,0,0,1
finproc|s100|r50|OVERLAP|w4|WORKLOAD,WORKLOAD,50,1.0,1.0,1,1,1
finproc|s100|r50|OVERLAP|w4|CAP_10PCT,CAP_10PCT,50,1.0,0.1,0,0,1
finproc|s100|r50|OVERLAP|w4|CELL,CELL,50,1.0,0.02,0,0,1
finproc|s100|r50|NESTED|w1|WORKLOAD,WORKLOAD,50,1.0,1.0,1,1,1
finproc|s100|r50|NESTED|w1|CAP_10PCT,CAP_10PCT,50,1.0,0.1,0,0,1
finproc|s100|r50|NESTED|w1|CELL,CELL,50,1.0,0.02,0,0,1
finproc|s100|r50|NESTED|w2|WORKLOAD,WORKLOAD,50,1.0,1.0,1,1,1
finproc|s100|r50|NESTED|w2|CAP_10PCT,CAP_10PCT,50,1.0,0.1,0,0,1
finproc|s100|r50|NESTED|w2|CELL,CELL,50,1.0,0.02,0,0,1
finproc|s100|r50|NESTED|w4|WORKLOAD,WORKLOAD,50,1.0,1.0,1,1,1
finproc|s100|r50|NESTED|w4|CAP_10PCT,CAP_10PCT,50,1.0,0.1,0,0,1
finproc|s100|r50|NESTED|w4|CELL,CELL,50,1.0,0.02,0,0,1
finproc|s100|r100|DISJOINT|w1|WORKLOAD,WORKLOAD,100,1.0,1.0,1,1,1
finproc|s100|r100|DISJOINT|w1|CAP_10PCT,CAP_10PCT,100,1.0,0.1,0,0,1
finproc|s100|r100|DISJOINT|w1|CELL,CELL,100,1.0,0.01,0,0,1
finproc|s100|r100|DISJOINT|w2|WORKLOAD,WORKLOAD,100,1.0,1.0,1,1,1
finproc|s100|r100|DISJOINT|w2|CAP_10PCT,CAP_10PCT,100,1.0,0.1,0,0,1
finproc|s100|r100|DISJOINT|w2|CELL,CELL,100,1.0,0.01,0,0,1
finproc|s100|r100|DISJOINT|w4|WORKLOAD,WORKLOAD,100,1.0,1.0,1,1,1
finproc|s100|r100|DISJOINT|w4|CAP_10PCT,CAP_10PCT,100,1.0,0.1,0,0,1
finproc|s100|r100|DISJOINT|w4|CELL,CELL,100,1.0,0.01,0,0,1
finproc|s100|r100|OVERLAP|w1|WORKLOAD,WORKLOAD,100,1.0,1.0,1,1,1
finproc|s100|r100|OVERLAP|w1|CAP_10PCT,CAP_10PCT,100,1.0,0.1,0,0,1
finproc|s100|r100|OVERLAP|w1|CELL,CELL,100,1.0,0.01,0,0,1
finproc|s100|r100|OVERLAP|w2|WORKLOAD,WORKLOAD,100,1.0,1.0,1,1,1
finproc|s100|r100|OVERLAP|w2|CAP_10PCT,CAP_10PCT,100,1.0,0.1,0,0,1
finproc|s100|r100|OVERLAP|w2|CELL,CELL,100,1.0,0.01,0,0,1
finproc|s100|r100|OVERLAP|w4|WORKLOAD,WORKLOAD,100,1.0,1.0,1,1,1
finproc|s100|r100|OVERLAP|w4|CAP_10PCT,CAP_10PCT,100,1.0,0.1,0,0,1
finproc|s100|r100|OVERLAP|w4|CELL,CELL,100,1.0,0.01,0,0,1
finproc|s100|r100|NESTED|w1|WORKLOAD,WORKLOAD,100,1.0,1.0,1,1,1
finproc|s100|r100|NESTED|w1|CAP_10PCT,CAP_10PCT,100,1.0,0.1,0,0,1
finproc|s100|r100|NESTED|w1|CELL,CELL,100,1.0,0.01,0,0,1
finproc|s100|r100|NESTED|w2|WORKLOAD,WORKLOAD,100,1.0,1.0,1,1,1
finproc|s100|r100|NESTED|w2|CAP_10PCT,CAP_10PCT,100,1.0,0.1,0,0,1
finproc|s100|r100|NESTED|w2|CELL,CELL,100,1.0,0.01,0,0,1
finproc|s100|r100|NESTED|w4|WORKLOAD,WORKLOAD,100,1.0,1.0,1,1,1
finproc|s100|r100|NESTED|w4|CAP_10PCT,CAP_10PCT,100,1.0,0.1,0,0,1
finproc|s100|r100|NESTED|w4|CELL,CELL,100,1.0,0.01,0,0,1
ecom|s1|r1|DISJOINT|w1|WORKLOAD,,,,,1,1,1
ecom|s1|r1|DISJOINT|w1|CAP_10PCT,,,,,1,1,1
ecom|s1|r1|DISJOINT|w1|CELL,,,,,1,1,1
ecom|s1|r1|DISJOINT|w2|WORKLOAD,,,,,1,1,1
ecom|s1|r1|DISJOINT|w2|CAP_10PCT,,,,,1,1,1
ecom|s1|r1|DISJOINT|w2|CELL,,,,,1,1,1
ecom|s1|r1|DISJOINT|w4|WORKLOAD,,,,,1,1,1
ecom|s1|r1|DISJOINT|w4|CAP_10PCT,,,,,1,1,1
ecom|s1|r1|DISJOINT|w4|CELL,,,,,1,1,1
ecom|s1|r1|OVERLAP|w1|WORKLOAD,,,,,1,1,1
ecom|s1|r1|OVERLAP|w1|CAP_10PCT,,,,,1,1,1
ecom|s1|r1|OVERLAP|w1|CELL,,,,,1,1,1
ecom|s1|r1|OVERLAP|w2|WORKLOAD,,,,,1,1,1
ecom|s1|r1|OVERLAP|w2|CAP_10PCT,,,,,1,1,1
ecom|s1|r1|OVERLAP|w2|CELL,,,,,1,1,1
ecom|s1|r1|OVERLAP|w4|WORKLOAD,,,,,1,1,1
ecom|s1|r1|OVERLAP|w4|CAP_10PCT,,,,,1,1,1
ecom|s1|r1|OVERLAP|w4|CELL,,,,,1,1,1
ecom|s1|r1|NESTED|w1|WORKLOAD,,,,,1,1,1
ecom|s1|r1|NESTED|w1|CAP_10PCT,,,,,1,1,1
ecom|s1|r1|NESTED|w1|CELL,,,,,1,1,1
ecom|s1|r1|NESTED|w2|WORKLOAD,,,,,1,1,1
ecom|s1|r1|NESTED|w2|CAP_10PCT,,,,,1,1,1
ecom|s1|r1|NESTED|w2|CELL,,,,,1,1,1
ecom|s1|r1|NESTED|w4|WORKLOAD,,,,,1,1,1
ecom|s1|r1|NESTED|w4|CAP_10PCT,,,,,1,1,1
ecom|s1|r1|NESTED|w4|CELL,,,,,1,1,1
ecom|s1|r10|DISJOINT|w1|WORKLOAD,,,,,1,1,1
ecom|s1|r10|DISJOINT|w1|CAP_10PCT,,,,,1,1,1
ecom|s1|r10|DISJOINT|w1|CELL,,,,,1,1,1
ecom|s1|r10|DISJOINT|w2|WORKLOAD,,,,,1,1,1
ecom|s1|r10|DISJOINT|w2|CAP_10PCT,,,,,1,1,1
ecom|s1|r10|DISJOINT|w2|CELL,,,,,1,1,1
ecom|s1|r10|DISJOINT|w4|WORKLOAD,,,,,1,1,1
ecom|s1|r10|DISJOINT|w4|CAP_10PCT,,,,,1,1,1
ecom|s1|r10|DISJOINT|w4|CELL,,,,,1,1,1
ecom|s1|r10|OVERLAP|w1|WORKLOAD,,,,,1,1,1
ecom|s1|r10|OVERLAP|w1|CAP_10PCT,,,,,1,1,1
ecom|s1|r10|OVERLAP|w1|CELL,,,,,1,1,1
ecom|s1|r10|OVERLAP|w2|WORKLOAD,,,,,1,1,1
ecom|s1|r10|OVERLAP|w2|CAP_10PCT,,,,,1,1,1
ecom|s1|r10|OVERLAP|w2|CELL,,,,,1,1,1
ecom|s1|r10|OVERLAP|w4|WORKLOAD,,,,,1,1,1
ecom|s1|r10|OVERLAP|w4|CAP_10PCT,,,,,1,1,1
ecom|s1|r10|OVERLAP|w4|CELL,,,,,1,1,1
ecom|s1|r10|NESTED|w1|WORKLOAD,,,,,1,1,1
ecom|s1|r10|NESTED|w1|CAP_10PCT,,,,,1,1,1
ecom|s1|r10|NESTED|w1|CELL,,,,,1,1,1
ecom|s1|r10|NESTED|w2|WORKLOAD,,,,,1,1,1
ecom|s1|r10|NESTED|w2|CAP_10PCT,,,,,1,1,1
ecom|s1|r10|NESTED|w2|CELL,,,,,1,1,1
ecom|s1|r10|NESTED|w4|WORKLOAD,,,,,1,1,1
ecom|s1|r10|NESTED|w4|CAP_10PCT,,,,,1,1,1
ecom|s1|r10|NESTED|w4|CELL,,,,,1,1,1
ecom|s1|r50|DISJOINT|w1|WORKLOAD,,,,,0,1,0
ecom|s1|r50|DISJOINT|w1|CAP_10PCT,,,,,0,1,0
ecom|s1|r50|DISJOINT|w1|CELL,,,,,0,1,0
ecom|s1|r50|DISJOINT|w2|WORKLOAD,,,,,1,1,1
ecom|s1|r50|DISJOINT|w2|CAP_10PCT,,,,,1,1,1
ecom|s1|r50|DISJOINT|w2|CELL,,,,,1,1,1
ecom|s1|r50|DISJOINT|w4|WORKLOAD,,,,,1,1,1
ecom|s1|r50|DISJOINT|w4|CAP_10PCT,,,,,1,1,1
ecom|s1|r50|DISJOINT|w4|CELL,,,,,1,1,1
ecom|s1|r50|OVERLAP|w1|WORKLOAD,,,,,1,1,1
ecom|s1|r50|OVERLAP|w1|CAP_10PCT,,,,,1,1,1
ecom|s1|r50|OVERLAP|w1|CELL,,,,,1,1,1
ecom|s1|r50|OVERLAP|w2|WORKLOAD,,,,,1,1,1
ecom|s1|r50|OVERLAP|w2|CAP_10PCT,,,,,1,1,1
ecom|s1|r50|OVERLAP|w2|CELL,,,,,1,1,1
ecom|s1|r50|OVERLAP|w4|WORKLOAD,,,,,1,1,1
ecom|s1|r50|OVERLAP|w4|CAP_10PCT,,,,,1,1,1
ecom|s1|r50|OVERLAP|w4|CELL,,,,,1,1,1
ecom|s1|r50|NESTED|w1|WORKLOAD,,,,,1,1,1
ecom|s1|r50|NESTED|w1|CAP_10PCT,,,,,1,1,1
ecom|s1|r50|NESTED|w1|CELL,,,,,1,1,1
ecom|s1|r50|NESTED|w2|WORKLOAD,,,,,1,1,1
ecom|s1|r50|NESTED|w2|CAP_10PCT,,,,,1,1,1
ecom|s1|r50|NESTED|w2|CELL,,,,,1,1,1
ecom|s1|r50|NESTED|w4|WORKLOAD,,,,,1,1,1
ecom|s1|r50|NESTED|w4|CAP_10PCT,,,,,1,1,1
ecom|s1|r50|NESTED|w4|CELL,,,,,1,1,1
ecom|s1|r100|DISJOINT|w1|WORKLOAD,,,,,0,1,0
ecom|s1|r100|DISJOINT|w1|CAP_10PCT,,,,,0,1,0
ecom|s1|r100|DISJOINT|w1|CELL,,,,,0,0,1
ecom|s1|r100|DISJOINT|w2|WORKLOAD,,,,,1,1,1
ecom|s1|r100|DISJOINT|w2|CAP_10PCT,,,,,1,1,1
ecom|s1|r100|DISJOINT|w2|CELL,,,,,1,1,1
ecom|s1|r100|DISJOINT|w4|WORKLOAD,,,,,1,1,1
ecom|s1|r100|DISJOINT|w4|CAP_10PCT,,,,,1,1,1
ecom|s1|r100|DISJOINT|w4|CELL,,,,,1,1,1
ecom|s1|r100|OVERLAP|w1|WORKLOAD,,,,,1,1,1
ecom|s1|r100|OVERLAP|w1|CAP_10PCT,,,,,1,1,1
ecom|s1|r100|OVERLAP|w1|CELL,,,,,1,0,0
ecom|s1|r100|OVERLAP|w2|WORKLOAD,,,,,1,1,1
ecom|s1|r100|OVERLAP|w2|CAP_10PCT,,,,,1,1,1
ecom|s1|r100|OVERLAP|w2|CELL,,,,,1,1,1
ecom|s1|r100|OVERLAP|w4|WORKLOAD,,,,,1,1,1
ecom|s1|r100|OVERLAP|w4|CAP_10PCT,,,,,1,1,1
ecom|s1|r100|OVERLAP|w4|CELL,,,,,1,0,0
ecom|s1|r100|NESTED|w1|WORKLOAD,,,,,1,1,1
ecom|s1|r100|NESTED|w1|CAP_10PCT,,,,,1,1,1
ecom|s1|r100|NESTED|w1|CELL,,,,,1,0,0
ecom|s1|r100|NESTED|w2|WORKLOAD,,,,,1,1,1
ecom|s1|r100|NESTED|w2|CAP_10PCT,,,,,1,1,1
ecom|s1|r100|NESTED|w2|CELL,,,,,1,0,0
ecom|s1|r100|NESTED|w4|WORKLOAD,,,,,1,1,1
ecom|s1|r100|NESTED|w4|CAP_10PCT,,,,,1,1,1
ecom|s1|r100|NESTED|w4|CELL,,,,,1,0,0
ecom|s5|r1|DISJOINT|w1|WORKLOAD,,,,,1,1,1
ecom|s5|r1|DISJOINT|w1|CAP_10PCT,,,,,1,1,1
ecom|s5|r1|DISJOINT|w1|CELL,,,,,1,1,1
ecom|s5|r1|DISJOINT|w2|WORKLOAD,,,,,1,1,1
ecom|s5|r1|DISJOINT|w2|CAP_10PCT,,,,,1,1,1
ecom|s5|r1|DISJOINT|w2|CELL,,,,,1,1,1
ecom|s5|r1|DISJOINT|w4|WORKLOAD,,,,,1,1,1
ecom|s5|r1|DISJOINT|w4|CAP_10PCT,,,,,1,1,1
ecom|s5|r1|DISJOINT|w4|CELL,,,,,1,1,1
ecom|s5|r1|OVERLAP|w1|WORKLOAD,,,,,1,1,1
ecom|s5|r1|OVERLAP|w1|CAP_10PCT,,,,,1,1,1
ecom|s5|r1|OVERLAP|w1|CELL,,,,,1,1,1
ecom|s5|r1|OVERLAP|w2|WORKLOAD,,,,,1,1,1
ecom|s5|r1|OVERLAP|w2|CAP_10PCT,,,,,1,1,1
ecom|s5|r1|OVERLAP|w2|CELL,,,,,1,1,1
ecom|s5|r1|OVERLAP|w4|WORKLOAD,,,,,1,1,1
ecom|s5|r1|OVERLAP|w4|CAP_10PCT,,,,,1,1,1
ecom|s5|r1|OVERLAP|w4|CELL,,,,,1,1,1
ecom|s5|r1|NESTED|w1|WORKLOAD,,,,,1,1,1
ecom|s5|r1|NESTED|w1|CAP_10PCT,,,,,1,1,1
ecom|s5|r1|NESTED|w1|CELL,,,,,1,1,1
ecom|s5|r1|NESTED|w2|WORKLOAD,,,,,1,1,1
ecom|s5|r1|NESTED|w2|CAP_10PCT,,,,,1,1,1
ecom|s5|r1|NESTED|w2|CELL,,,,,1,1,1
ecom|s5|r1|NESTED|w4|WORKLOAD,,,,,1,1,1
ecom|s5|r1|NESTED|w4|CAP_10PCT,,,,,1,1,1
ecom|s5|r1|NESTED|w4|CELL,,,,,1,1,1
ecom|s5|r10|DISJOINT|w1|WORKLOAD,,,,,0,1,0
ecom|s5|r10|DISJOINT|w1|CAP_10PCT,,,,,0,1,0
ecom|s5|r10|DISJOINT|w1|CELL,,,,,0,1,0
ecom|s5|r10|DISJOINT|w2|WORKLOAD,,,,,1,1,1
ecom|s5|r10|DISJOINT|w2|CAP_10PCT,,,,,1,1,1
ecom|s5|r10|DISJOINT|w2|CELL,,,,,1,1,1
ecom|s5|r10|DISJOINT|w4|WORKLOAD,,,,,1,1,1
ecom|s5|r10|DISJOINT|w4|CAP_10PCT,,,,,1,1,1
ecom|s5|r10|DISJOINT|w4|CELL,,,,,1,1,1
ecom|s5|r10|OVERLAP|w1|WORKLOAD,,,,,1,1,1
ecom|s5|r10|OVERLAP|w1|CAP_10PCT,,,,,1,1,1
ecom|s5|r10|OVERLAP|w1|CELL,,,,,1,1,1
ecom|s5|r10|OVERLAP|w2|WORKLOAD,,,,,1,1,1
ecom|s5|r10|OVERLAP|w2|CAP_10PCT,,,,,1,1,1
ecom|s5|r10|OVERLAP|w2|CELL,,,,,1,1,1
ecom|s5|r10|OVERLAP|w4|WORKLOAD,,,,,1,1,1
ecom|s5|r10|OVERLAP|w4|CAP_10PCT,,,,,1,1,1
ecom|s5|r10|OVERLAP|w4|CELL,,,,,1,1,1
ecom|s5|r10|NESTED|w1|WORKLOAD,,,,,1,1,1
ecom|s5|r10|NESTED|w1|CAP_10PCT,,,,,1,1,1
ecom|s5|r10|NESTED|w1|CELL,,,,,1,1,1
ecom|s5|r10|NESTED|w2|WORKLOAD,,,,,1,1,1
ecom|s5|r10|NESTED|w2|CAP_10PCT,,,,,1,1,1
ecom|s5|r10|NESTED|w2|CELL,,,,,1,1,1
ecom|s5|r10|NESTED|w4|WORKLOAD,,,,,1,1,1
ecom|s5|r10|NESTED|w4|CAP_10PCT,,,,,1,1,1
ecom|s5|r10|NESTED|w4|CELL,,,,,1,1,1
ecom|s5|r50|DISJOINT|w1|WORKLOAD,,,,,0,1,0
ecom|s5|r50|DISJOINT|w1|CAP_10PCT,,,,,0,0,1
ecom|s5|r50|DISJOINT|w1|CELL,,,,,0,0,1
ecom|s5|r50|DISJOINT|w2|WORKLOAD,,,,,0,1,0
ecom|s5|r50|DISJOINT|w2|CAP_10PCT,,,,,0,0,1
ecom|s5|r50|DISJOINT|w2|CELL,,,,,0,0,1
ecom|s5|r50|DISJOINT|w4|WORKLOAD,,,,,0,1,0
ecom|s5|r50|DISJOINT|w4|CAP_10PCT,,,,,0,0,1
ecom|s5|r50|DISJOINT|w4|CELL,,,,,0,0,1
ecom|s5|r50|OVERLAP|w1|WORKLOAD,,,,,1,1,1
ecom|s5|r50|OVERLAP|w1|CAP_10PCT,,,,,1,0,0
ecom|s5|r50|OVERLAP|w1|CELL,,,,,1,0,0
ecom|s5|r50|OVERLAP|w2|WORKLOAD,,,,,1,1,1
ecom|s5|r50|OVERLAP|w2|CAP_10PCT,,,,,1,0,0
ecom|s5|r50|OVERLAP|w2|CELL,,,,,1,0,0
ecom|s5|r50|OVERLAP|w4|WORKLOAD,,,,,1,1,1
ecom|s5|r50|OVERLAP|w4|CAP_10PCT,,,,,1,0,0
ecom|s5|r50|OVERLAP|w4|CELL,,,,,1,0,0
ecom|s5|r50|NESTED|w1|WORKLOAD,,,,,1,1,1
ecom|s5|r50|NESTED|w1|CAP_10PCT,,,,,1,1,1
ecom|s5|r50|NESTED|w1|CELL,,,,,1,0,0
ecom|s5|r50|NESTED|w2|WORKLOAD,,,,,1,1,1
ecom|s5|r50|NESTED|w2|CAP_10PCT,,,,,1,1,1
ecom|s5|r50|NESTED|w2|CELL,,,,,1,0,0
ecom|s5|r50|NESTED|w4|WORKLOAD,,,,,1,1,1
ecom|s5|r50|NESTED|w4|CAP_10PCT,,,,,1,1,1
ecom|s5|r50|NESTED|w4|CELL,,,,,1,0,0
ecom|s5|r100|DISJOINT|w1|WORKLOAD,,,,,0,1,0
ecom|s5|r100|DISJOINT|w1|CAP_10PCT,,,,,0,0,1
ecom|s5|r100|DISJOINT|w1|CELL,,,,,0,0,1
ecom|s5|r100|DISJOINT|w2|WORKLOAD,,,,,0,1,0
ecom|s5|r100|DISJOINT|w2|CAP_10PCT,,,,,0,0,1
ecom|s5|r100|DISJOINT|w2|CELL,,,,,0,0,1
ecom|s5|r100|DISJOINT|w4|WORKLOAD,,,,,0,1,0
ecom|s5|r100|DISJOINT|w4|CAP_10PCT,,,,,0,0,1
ecom|s5|r100|DISJOINT|w4|CELL,,,,,0,0,1
ecom|s5|r100|OVERLAP|w1|WORKLOAD,,,,,1,1,1
ecom|s5|r100|OVERLAP|w1|CAP_10PCT,,,,,1,0,0
ecom|s5|r100|OVERLAP|w1|CELL,,,,,1,0,0
ecom|s5|r100|OVERLAP|w2|WORKLOAD,,,,,1,1,1
ecom|s5|r100|OVERLAP|w2|CAP_10PCT,,,,,1,0,0
ecom|s5|r100|OVERLAP|w2|CELL,,,,,1,0,0
ecom|s5|r100|OVERLAP|w4|WORKLOAD,,,,,1,1,1
ecom|s5|r100|OVERLAP|w4|CAP_10PCT,,,,,1,0,0
ecom|s5|r100|OVERLAP|w4|CELL,,,,,1,0,0
ecom|s5|r100|NESTED|w1|WORKLOAD,,,,,1,1,1
ecom|s5|r100|NESTED|w1|CAP_10PCT,,,,,1,1,1
ecom|s5|r100|NESTED|w1|CELL,,,,,1,0,0
ecom|s5|r100|NESTED|w2|WORKLOAD,,,,,1,1,1
ecom|s5|r100|NESTED|w2|CAP_10PCT,,,,,1,1,1
ecom|s5|r100|NESTED|w2|CELL,,,,,1,0,0
ecom|s5|r100|NESTED|w4|WORKLOAD,,,,,1,1,1
ecom|s5|r100|NESTED|w4|CAP_10PCT,,,,,1,1,1
ecom|s5|r100|NESTED|w4|CELL,,,,,1,0,0
ecom|s10|r1|DISJOINT|w1|WORKLOAD,,,,,1,1,1
ecom|s10|r1|DISJOINT|w1|CAP_10PCT,,,,,1,1,1
ecom|s10|r1|DISJOINT|w1|CELL,,,,,1,1,1
ecom|s10|r1|DISJOINT|w2|WORKLOAD,,,,,1,1,1
ecom|s10|r1|DISJOINT|w2|CAP_10PCT,,,,,1,1,1
ecom|s10|r1|DISJOINT|w2|CELL,,,,,1,1,1
ecom|s10|r1|DISJOINT|w4|WORKLOAD,,,,,1,1,1
ecom|s10|r1|DISJOINT|w4|CAP_10PCT,,,,,1,1,1
ecom|s10|r1|DISJOINT|w4|CELL,,,,,1,1,1
ecom|s10|r1|OVERLAP|w1|WORKLOAD,,,,,1,1,1
ecom|s10|r1|OVERLAP|w1|CAP_10PCT,,,,,1,1,1
ecom|s10|r1|OVERLAP|w1|CELL,,,,,1,1,1
ecom|s10|r1|OVERLAP|w2|WORKLOAD,,,,,1,1,1
ecom|s10|r1|OVERLAP|w2|CAP_10PCT,,,,,1,1,1
ecom|s10|r1|OVERLAP|w2|CELL,,,,,1,1,1
ecom|s10|r1|OVERLAP|w4|WORKLOAD,,,,,1,1,1
ecom|s10|r1|OVERLAP|w4|CAP_10PCT,,,,,1,1,1
ecom|s10|r1|OVERLAP|w4|CELL,,,,,1,1,1
ecom|s10|r1|NESTED|w1|WORKLOAD,,,,,1,1,1
ecom|s10|r1|NESTED|w1|CAP_10PCT,,,,,1,1,1
ecom|s10|r1|NESTED|w1|CELL,,,,,1,1,1
ecom|s10|r1|NESTED|w2|WORKLOAD,,,,,1,1,1
ecom|s10|r1|NESTED|w2|CAP_10PCT,,,,,1,1,1
ecom|s10|r1|NESTED|w2|CELL,,,,,1,1,1
ecom|s10|r1|NESTED|w4|WORKLOAD,,,,,1,1,1
ecom|s10|r1|NESTED|w4|CAP_10PCT,,,,,1,1,1
ecom|s10|r1|NESTED|w4|CELL,,,,,1,1,1
ecom|s10|r10|DISJOINT|w1|WORKLOAD,,,,,0,1,0
ecom|s10|r10|DISJOINT|w1|CAP_10PCT,,,,,0,1,0
ecom|s10|r10|DISJOINT|w1|CELL,,,,,0,0,1
ecom|s10|r10|DISJOINT|w2|WORKLOAD,,,,,0,1,0
ecom|s10|r10|DISJOINT|w2|CAP_10PCT,,,,,0,1,0
ecom|s10|r10|DISJOINT|w2|CELL,,,,,0,0,1
ecom|s10|r10|DISJOINT|w4|WORKLOAD,,,,,1,1,1
ecom|s10|r10|DISJOINT|w4|CAP_10PCT,,,,,1,1,1
ecom|s10|r10|DISJOINT|w4|CELL,,,,,1,1,1
ecom|s10|r10|OVERLAP|w1|WORKLOAD,,,,,1,1,1
ecom|s10|r10|OVERLAP|w1|CAP_10PCT,,,,,1,1,1
ecom|s10|r10|OVERLAP|w1|CELL,,,,,1,0,0
ecom|s10|r10|OVERLAP|w2|WORKLOAD,,,,,1,1,1
ecom|s10|r10|OVERLAP|w2|CAP_10PCT,,,,,1,1,1
ecom|s10|r10|OVERLAP|w2|CELL,,,,,1,0,0
ecom|s10|r10|OVERLAP|w4|WORKLOAD,,,,,1,1,1
ecom|s10|r10|OVERLAP|w4|CAP_10PCT,,,,,1,1,1
ecom|s10|r10|OVERLAP|w4|CELL,,,,,1,0,0
ecom|s10|r10|NESTED|w1|WORKLOAD,,,,,1,1,1
ecom|s10|r10|NESTED|w1|CAP_10PCT,,,,,1,1,1
ecom|s10|r10|NESTED|w1|CELL,,,,,1,0,0
ecom|s10|r10|NESTED|w2|WORKLOAD,,,,,1,1,1
ecom|s10|r10|NESTED|w2|CAP_10PCT,,,,,1,1,1
ecom|s10|r10|NESTED|w2|CELL,,,,,1,0,0
ecom|s10|r10|NESTED|w4|WORKLOAD,,,,,1,1,1
ecom|s10|r10|NESTED|w4|CAP_10PCT,,,,,1,1,1
ecom|s10|r10|NESTED|w4|CELL,,,,,1,0,0
ecom|s10|r50|DISJOINT|w1|WORKLOAD,,,,,0,1,0
ecom|s10|r50|DISJOINT|w1|CAP_10PCT,,,,,0,0,1
ecom|s10|r50|DISJOINT|w1|CELL,,,,,0,0,1
ecom|s10|r50|DISJOINT|w2|WORKLOAD,,,,,0,1,0
ecom|s10|r50|DISJOINT|w2|CAP_10PCT,,,,,0,0,1
ecom|s10|r50|DISJOINT|w2|CELL,,,,,0,0,1
ecom|s10|r50|DISJOINT|w4|WORKLOAD,,,,,0,1,0
ecom|s10|r50|DISJOINT|w4|CAP_10PCT,,,,,0,0,1
ecom|s10|r50|DISJOINT|w4|CELL,,,,,0,0,1
ecom|s10|r50|OVERLAP|w1|WORKLOAD,,,,,1,1,1
ecom|s10|r50|OVERLAP|w1|CAP_10PCT,,,,,1,0,0
ecom|s10|r50|OVERLAP|w1|CELL,,,,,1,0,0
ecom|s10|r50|OVERLAP|w2|WORKLOAD,,,,,1,1,1
ecom|s10|r50|OVERLAP|w2|CAP_10PCT,,,,,1,0,0
ecom|s10|r50|OVERLAP|w2|CELL,,,,,1,0,0
ecom|s10|r50|OVERLAP|w4|WORKLOAD,,,,,1,1,1
ecom|s10|r50|OVERLAP|w4|CAP_10PCT,,,,,1,0,0
ecom|s10|r50|OVERLAP|w4|CELL,,,,,1,0,0
ecom|s10|r50|NESTED|w1|WORKLOAD,,,,,1,1,1
ecom|s10|r50|NESTED|w1|CAP_10PCT,,,,,1,0,0
ecom|s10|r50|NESTED|w1|CELL,,,,,1,0,0
ecom|s10|r50|NESTED|w2|WORKLOAD,,,,,1,1,1
ecom|s10|r50|NESTED|w2|CAP_10PCT,,,,,1,0,0
ecom|s10|r50|NESTED|w2|CELL,,,,,1,0,0
ecom|s10|r50|NESTED|w4|WORKLOAD,,,,,1,1,1
ecom|s10|r50|NESTED|w4|CAP_10PCT,,,,,1,0,0
ecom|s10|r50|NESTED|w4|CELL,,,,,1,0,0
ecom|s10|r100|DISJOINT|w1|WORKLOAD,,,,,0,1,0
ecom|s10|r100|DISJOINT|w1|CAP_10PCT,,,,,0,0,1
ecom|s10|r100|DISJOINT|w1|CELL,,,,,0,0,1
ecom|s10|r100|DISJOINT|w2|WORKLOAD,,,,,0,1,0
ecom|s10|r100|DISJOINT|w2|CAP_10PCT,,,,,0,0,1
ecom|s10|r100|DISJOINT|w2|CELL,,,,,0,0,1
ecom|s10|r100|DISJOINT|w4|WORKLOAD,,,,,0,1,0
ecom|s10|r100|DISJOINT|w4|CAP_10PCT,,,,,0,0,1
ecom|s10|r100|DISJOINT|w4|CELL,,,,,0,0,1
ecom|s10|r100|OVERLAP|w1|WORKLOAD,,,,,1,1,1
ecom|s10|r100|OVERLAP|w1|CAP_10PCT,,,,,1,0,0
ecom|s10|r100|OVERLAP|w1|CELL,,,,,1,0,0
ecom|s10|r100|OVERLAP|w2|WORKLOAD,,,,,1,1,1
ecom|s10|r100|OVERLAP|w2|CAP_10PCT,,,,,1,0,0
ecom|s10|r100|OVERLAP|w2|CELL,,,,,1,0,0
ecom|s10|r100|OVERLAP|w4|WORKLOAD,,,,,1,1,1
ecom|s10|r100|OVERLAP|w4|CAP_10PCT,,,,,1,0,0
ecom|s10|r100|OVERLAP|w4|CELL,,,,,1,0,0
ecom|s10|r100|NESTED|w1|WORKLOAD,,,,,1,1,1
ecom|s10|r100|NESTED|w1|CAP_10PCT,,,,,1,0,0
ecom|s10|r100|NESTED|w1|CELL,,,,,1,0,0
ecom|s10|r100|NESTED|w2|WORKLOAD,,,,,1,1,1
ecom|s10|r100|NESTED|w2|CAP_10PCT,,,,,1,0,0
ecom|s10|r100|NESTED|w2|CELL,,,,,1,0,0
ecom|s10|r100|NESTED|w4|WORKLOAD,,,,,1,1,1
ecom|s10|r100|NESTED|w4|CAP_10PCT,,,,,1,0,0
ecom|s10|r100|NESTED|w4|CELL,,,,,1,0,0
ecom|s25|r1|DISJOINT|w1|WORKLOAD,,,,,1,1,1
ecom|s25|r1|DISJOINT|w1|CAP_10PCT,,,,,1,1,1
ecom|s25|r1|DISJOINT|w1|CELL,,,,,1,1,1
ecom|s25|r1|DISJOINT|w2|WORKLOAD,,,,,1,1,1
ecom|s25|r1|DISJOINT|w2|CAP_10PCT,,,,,1,1,1
ecom|s25|r1|DISJOINT|w2|CELL,,,,,1,1,1
ecom|s25|r1|DISJOINT|w4|WORKLOAD,,,,,1,1,1
ecom|s25|r1|DISJOINT|w4|CAP_10PCT,,,,,1,1,1
ecom|s25|r1|DISJOINT|w4|CELL,,,,,1,1,1
ecom|s25|r1|OVERLAP|w1|WORKLOAD,,,,,1,1,1
ecom|s25|r1|OVERLAP|w1|CAP_10PCT,,,,,1,1,1
ecom|s25|r1|OVERLAP|w1|CELL,,,,,1,1,1
ecom|s25|r1|OVERLAP|w2|WORKLOAD,,,,,1,1,1
ecom|s25|r1|OVERLAP|w2|CAP_10PCT,,,,,1,1,1
ecom|s25|r1|OVERLAP|w2|CELL,,,,,1,1,1
ecom|s25|r1|OVERLAP|w4|WORKLOAD,,,,,1,1,1
ecom|s25|r1|OVERLAP|w4|CAP_10PCT,,,,,1,1,1
ecom|s25|r1|OVERLAP|w4|CELL,,,,,1,1,1
ecom|s25|r1|NESTED|w1|WORKLOAD,,,,,1,1,1
ecom|s25|r1|NESTED|w1|CAP_10PCT,,,,,1,1,1
ecom|s25|r1|NESTED|w1|CELL,,,,,1,1,1
ecom|s25|r1|NESTED|w2|WORKLOAD,,,,,1,1,1
ecom|s25|r1|NESTED|w2|CAP_10PCT,,,,,1,1,1
ecom|s25|r1|NESTED|w2|CELL,,,,,1,1,1
ecom|s25|r1|NESTED|w4|WORKLOAD,,,,,1,1,1
ecom|s25|r1|NESTED|w4|CAP_10PCT,,,,,1,1,1
ecom|s25|r1|NESTED|w4|CELL,,,,,1,1,1
ecom|s25|r10|DISJOINT|w1|WORKLOAD,,,,,0,1,0
ecom|s25|r10|DISJOINT|w1|CAP_10PCT,,,,,0,0,1
ecom|s25|r10|DISJOINT|w1|CELL,,,,,0,0,1
ecom|s25|r10|DISJOINT|w2|WORKLOAD,,,,,0,1,0
ecom|s25|r10|DISJOINT|w2|CAP_10PCT,,,,,0,0,1
ecom|s25|r10|DISJOINT|w2|CELL,,,,,0,0,1
ecom|s25|r10|DISJOINT|w4|WORKLOAD,,,,,0,1,0
ecom|s25|r10|DISJOINT|w4|CAP_10PCT,,,,,0,0,1
ecom|s25|r10|DISJOINT|w4|CELL,,,,,0,0,1
ecom|s25|r10|OVERLAP|w1|WORKLOAD,,,,,1,1,1
ecom|s25|r10|OVERLAP|w1|CAP_10PCT,,,,,1,0,0
ecom|s25|r10|OVERLAP|w1|CELL,,,,,1,0,0
ecom|s25|r10|OVERLAP|w2|WORKLOAD,,,,,1,1,1
ecom|s25|r10|OVERLAP|w2|CAP_10PCT,,,,,1,0,0
ecom|s25|r10|OVERLAP|w2|CELL,,,,,1,0,0
ecom|s25|r10|OVERLAP|w4|WORKLOAD,,,,,1,1,1
ecom|s25|r10|OVERLAP|w4|CAP_10PCT,,,,,1,0,0
ecom|s25|r10|OVERLAP|w4|CELL,,,,,1,0,0
ecom|s25|r10|NESTED|w1|WORKLOAD,,,,,1,1,1
ecom|s25|r10|NESTED|w1|CAP_10PCT,,,,,1,0,0
ecom|s25|r10|NESTED|w1|CELL,,,,,1,0,0
ecom|s25|r10|NESTED|w2|WORKLOAD,,,,,1,1,1
ecom|s25|r10|NESTED|w2|CAP_10PCT,,,,,1,0,0
ecom|s25|r10|NESTED|w2|CELL,,,,,1,0,0
ecom|s25|r10|NESTED|w4|WORKLOAD,,,,,1,1,1
ecom|s25|r10|NESTED|w4|CAP_10PCT,,,,,1,0,0
ecom|s25|r10|NESTED|w4|CELL,,,,,1,0,0
ecom|s25|r50|DISJOINT|w1|WORKLOAD,,,,,0,1,0
ecom|s25|r50|DISJOINT|w1|CAP_10PCT,,,,,0,0,1
ecom|s25|r50|DISJOINT|w1|CELL,,,,,0,0,1
ecom|s25|r50|DISJOINT|w2|WORKLOAD,,,,,0,1,0
ecom|s25|r50|DISJOINT|w2|CAP_10PCT,,,,,0,0,1
ecom|s25|r50|DISJOINT|w2|CELL,,,,,0,0,1
ecom|s25|r50|DISJOINT|w4|WORKLOAD,,,,,0,1,0
ecom|s25|r50|DISJOINT|w4|CAP_10PCT,,,,,0,0,1
ecom|s25|r50|DISJOINT|w4|CELL,,,,,0,0,1
ecom|s25|r50|OVERLAP|w1|WORKLOAD,,,,,1,1,1
ecom|s25|r50|OVERLAP|w1|CAP_10PCT,,,,,1,0,0
ecom|s25|r50|OVERLAP|w1|CELL,,,,,1,0,0
ecom|s25|r50|OVERLAP|w2|WORKLOAD,,,,,1,1,1
ecom|s25|r50|OVERLAP|w2|CAP_10PCT,,,,,1,0,0
ecom|s25|r50|OVERLAP|w2|CELL,,,,,1,0,0
ecom|s25|r50|OVERLAP|w4|WORKLOAD,,,,,1,1,1
ecom|s25|r50|OVERLAP|w4|CAP_10PCT,,,,,1,0,0
ecom|s25|r50|OVERLAP|w4|CELL,,,,,1,0,0
ecom|s25|r50|NESTED|w1|WORKLOAD,,,,,1,1,1
ecom|s25|r50|NESTED|w1|CAP_10PCT,,,,,1,0,0
ecom|s25|r50|NESTED|w1|CELL,,,,,1,0,0
ecom|s25|r50|NESTED|w2|WORKLOAD,,,,,1,1,1
ecom|s25|r50|NESTED|w2|CAP_10PCT,,,,,1,0,0
ecom|s25|r50|NESTED|w2|CELL,,,,,1,0,0
ecom|s25|r50|NESTED|w4|WORKLOAD,,,,,1,1,1
ecom|s25|r50|NESTED|w4|CAP_10PCT,,,,,1,0,0
ecom|s25|r50|NESTED|w4|CELL,,,,,1,0,0
ecom|s25|r100|DISJOINT|w1|WORKLOAD,,,,,0,1,0
ecom|s25|r100|DISJOINT|w1|CAP_10PCT,,,,,0,0,1
ecom|s25|r100|DISJOINT|w1|CELL,,,,,0,0,1
ecom|s25|r100|DISJOINT|w2|WORKLOAD,,,,,0,1,0
ecom|s25|r100|DISJOINT|w2|CAP_10PCT,,,,,0,0,1
ecom|s25|r100|DISJOINT|w2|CELL,,,,,0,0,1
ecom|s25|r100|DISJOINT|w4|WORKLOAD,,,,,0,1,0
ecom|s25|r100|DISJOINT|w4|CAP_10PCT,,,,,0,0,1
ecom|s25|r100|DISJOINT|w4|CELL,,,,,0,0,1
ecom|s25|r100|OVERLAP|w1|WORKLOAD,,,,,1,1,1
ecom|s25|r100|OVERLAP|w1|CAP_10PCT,,,,,1,0,0
ecom|s25|r100|OVERLAP|w1|CELL,,,,,1,0,0
ecom|s25|r100|OVERLAP|w2|WORKLOAD,,,,,1,1,1
ecom|s25|r100|OVERLAP|w2|CAP_10PCT,,,,,1,0,0
ecom|s25|r100|OVERLAP|w2|CELL,,,,,1,0,0
ecom|s25|r100|OVERLAP|w4|WORKLOAD,,,,,1,1,1
ecom|s25|r100|OVERLAP|w4|CAP_10PCT,,,,,1,0,0
ecom|s25|r100|OVERLAP|w4|CELL,,,,,1,0,0
ecom|s25|r100|NESTED|w1|WORKLOAD,,,,,1,1,1
ecom|s25|r100|NESTED|w1|CAP_10PCT,,,,,1,0,0
ecom|s25|r100|NESTED|w1|CELL,,,,,1,0,0
ecom|s25|r100|NESTED|w2|WORKLOAD,,,,,1,1,1
ecom|s25|r100|NESTED|w2|CAP_10PCT,,,,,1,0,0
ecom|s25|r100|NESTED|w2|CELL,,,,,1,0,0
ecom|s25|r100|NESTED|w4|WORKLOAD,,,,,1,1,1
ecom|s25|r100|NESTED|w4|CAP_10PCT,,,,,1,0,0
ecom|s25|r100|NESTED|w4|CELL,,,,,1,0,0
ecom|s50|r1|DISJOINT|w1|WORKLOAD,,,,,1,1,1
ecom|s50|r1|DISJOINT|w1|CAP_10PCT,,,,,1,1,1
ecom|s50|r1|DISJOINT|w1|CELL,,,,,1,1,1
ecom|s50|r1|DISJOINT|w2|WORKLOAD,,,,,1,1,1
ecom|s50|r1|DISJOINT|w2|CAP_10PCT,,,,,1,1,1
ecom|s50|r1|DISJOINT|w2|CELL,,,,,1,1,1
ecom|s50|r1|DISJOINT|w4|WORKLOAD,,,,,1,1,1
ecom|s50|r1|DISJOINT|w4|CAP_10PCT,,,,,1,1,1
ecom|s50|r1|DISJOINT|w4|CELL,,,,,1,1,1
ecom|s50|r1|OVERLAP|w1|WORKLOAD,,,,,1,1,1
ecom|s50|r1|OVERLAP|w1|CAP_10PCT,,,,,1,1,1
ecom|s50|r1|OVERLAP|w1|CELL,,,,,1,1,1
ecom|s50|r1|OVERLAP|w2|WORKLOAD,,,,,1,1,1
ecom|s50|r1|OVERLAP|w2|CAP_10PCT,,,,,1,1,1
ecom|s50|r1|OVERLAP|w2|CELL,,,,,1,1,1
ecom|s50|r1|OVERLAP|w4|WORKLOAD,,,,,1,1,1
ecom|s50|r1|OVERLAP|w4|CAP_10PCT,,,,,1,1,1
ecom|s50|r1|OVERLAP|w4|CELL,,,,,1,1,1
ecom|s50|r1|NESTED|w1|WORKLOAD,,,,,1,1,1
ecom|s50|r1|NESTED|w1|CAP_10PCT,,,,,1,1,1
ecom|s50|r1|NESTED|w1|CELL,,,,,1,1,1
ecom|s50|r1|NESTED|w2|WORKLOAD,,,,,1,1,1
ecom|s50|r1|NESTED|w2|CAP_10PCT,,,,,1,1,1
ecom|s50|r1|NESTED|w2|CELL,,,,,1,1,1
ecom|s50|r1|NESTED|w4|WORKLOAD,,,,,1,1,1
ecom|s50|r1|NESTED|w4|CAP_10PCT,,,,,1,1,1
ecom|s50|r1|NESTED|w4|CELL,,,,,1,1,1
ecom|s50|r10|DISJOINT|w1|WORKLOAD,,,,,0,1,0
ecom|s50|r10|DISJOINT|w1|CAP_10PCT,,,,,0,0,1
ecom|s50|r10|DISJOINT|w1|CELL,,,,,0,0,1
ecom|s50|r10|DISJOINT|w2|WORKLOAD,,,,,0,1,0
ecom|s50|r10|DISJOINT|w2|CAP_10PCT,,,,,0,0,1
ecom|s50|r10|DISJOINT|w2|CELL,,,,,0,0,1
ecom|s50|r10|DISJOINT|w4|WORKLOAD,,,,,0,1,0
ecom|s50|r10|DISJOINT|w4|CAP_10PCT,,,,,0,0,1
ecom|s50|r10|DISJOINT|w4|CELL,,,,,0,0,1
ecom|s50|r10|OVERLAP|w1|WORKLOAD,,,,,1,1,1
ecom|s50|r10|OVERLAP|w1|CAP_10PCT,,,,,1,0,0
ecom|s50|r10|OVERLAP|w1|CELL,,,,,1,0,0
ecom|s50|r10|OVERLAP|w2|WORKLOAD,,,,,1,1,1
ecom|s50|r10|OVERLAP|w2|CAP_10PCT,,,,,1,0,0
ecom|s50|r10|OVERLAP|w2|CELL,,,,,1,0,0
ecom|s50|r10|OVERLAP|w4|WORKLOAD,,,,,1,1,1
ecom|s50|r10|OVERLAP|w4|CAP_10PCT,,,,,1,0,0
ecom|s50|r10|OVERLAP|w4|CELL,,,,,1,0,0
ecom|s50|r10|NESTED|w1|WORKLOAD,,,,,1,1,1
ecom|s50|r10|NESTED|w1|CAP_10PCT,,,,,1,0,0
ecom|s50|r10|NESTED|w1|CELL,,,,,1,0,0
ecom|s50|r10|NESTED|w2|WORKLOAD,,,,,1,1,1
ecom|s50|r10|NESTED|w2|CAP_10PCT,,,,,1,0,0
ecom|s50|r10|NESTED|w2|CELL,,,,,1,0,0
ecom|s50|r10|NESTED|w4|WORKLOAD,,,,,1,1,1
ecom|s50|r10|NESTED|w4|CAP_10PCT,,,,,1,0,0
ecom|s50|r10|NESTED|w4|CELL,,,,,1,0,0
ecom|s50|r50|DISJOINT|w1|WORKLOAD,,,,,0,1,0
ecom|s50|r50|DISJOINT|w1|CAP_10PCT,,,,,0,0,1
ecom|s50|r50|DISJOINT|w1|CELL,,,,,0,0,1
ecom|s50|r50|DISJOINT|w2|WORKLOAD,,,,,0,1,0
ecom|s50|r50|DISJOINT|w2|CAP_10PCT,,,,,0,0,1
ecom|s50|r50|DISJOINT|w2|CELL,,,,,0,0,1
ecom|s50|r50|DISJOINT|w4|WORKLOAD,,,,,0,1,0
ecom|s50|r50|DISJOINT|w4|CAP_10PCT,,,,,0,0,1
ecom|s50|r50|DISJOINT|w4|CELL,,,,,0,0,1
ecom|s50|r50|OVERLAP|w1|WORKLOAD,,,,,1,1,1
ecom|s50|r50|OVERLAP|w1|CAP_10PCT,,,,,1,0,0
ecom|s50|r50|OVERLAP|w1|CELL,,,,,1,0,0
ecom|s50|r50|OVERLAP|w2|WORKLOAD,,,,,1,1,1
ecom|s50|r50|OVERLAP|w2|CAP_10PCT,,,,,1,0,0
ecom|s50|r50|OVERLAP|w2|CELL,,,,,1,0,0
ecom|s50|r50|OVERLAP|w4|WORKLOAD,,,,,1,1,1
ecom|s50|r50|OVERLAP|w4|CAP_10PCT,,,,,1,0,0
ecom|s50|r50|OVERLAP|w4|CELL,,,,,1,0,0
ecom|s50|r50|NESTED|w1|WORKLOAD,,,,,1,1,1
ecom|s50|r50|NESTED|w1|CAP_10PCT,,,,,1,0,0
ecom|s50|r50|NESTED|w1|CELL,,,,,1,0,0
ecom|s50|r50|NESTED|w2|WORKLOAD,,,,,1,1,1
ecom|s50|r50|NESTED|w2|CAP_10PCT,,,,,1,0,0
ecom|s50|r50|NESTED|w2|CELL,,,,,1,0,0
ecom|s50|r50|NESTED|w4|WORKLOAD,,,,,1,1,1
ecom|s50|r50|NESTED|w4|CAP_10PCT,,,,,1,0,0
ecom|s50|r50|NESTED|w4|CELL,,,,,1,0,0
ecom|s50|r100|DISJOINT|w1|WORKLOAD,,,,,0,1,0
ecom|s50|r100|DISJOINT|w1|CAP_10PCT,,,,,0,0,1
ecom|s50|r100|DISJOINT|w1|CELL,,,,,0,0,1
ecom|s50|r100|DISJOINT|w2|WORKLOAD,,,,,0,1,0
ecom|s50|r100|DISJOINT|w2|CAP_10PCT,,,,,0,0,1
ecom|s50|r100|DISJOINT|w2|CELL,,,,,0,0,1
ecom|s50|r100|DISJOINT|w4|WORKLOAD,,,,,0,1,0
ecom|s50|r100|DISJOINT|w4|CAP_10PCT,,,,,0,0,1
ecom|s50|r100|DISJOINT|w4|CELL,,,,,0,0,1
ecom|s50|r100|OVERLAP|w1|WORKLOAD,,,,,1,1,1
ecom|s50|r100|OVERLAP|w1|CAP_10PCT,,,,,1,0,0
ecom|s50|r100|OVERLAP|w1|CELL,,,,,1,0,0
ecom|s50|r100|OVERLAP|w2|WORKLOAD,,,,,1,1,1
ecom|s50|r100|OVERLAP|w2|CAP_10PCT,,,,,1,0,0
ecom|s50|r100|OVERLAP|w2|CELL,,,,,1,0,0
ecom|s50|r100|OVERLAP|w4|WORKLOAD,,,,,1,1,1
ecom|s50|r100|OVERLAP|w4|CAP_10PCT,,,,,1,0,0
ecom|s50|r100|OVERLAP|w4|CELL,,,,,1,0,0
ecom|s50|r100|NESTED|w1|WORKLOAD,,,,,1,1,1
ecom|s50|r100|NESTED|w1|CAP_10PCT,,,,,1,0,0
ecom|s50|r100|NESTED|w1|CELL,,,,,1,0,0
ecom|s50|r100|NESTED|w2|WORKLOAD,,,,,1,1,1
ecom|s50|r100|NESTED|w2|CAP_10PCT,,,,,1,0,0
ecom|s50|r100|NESTED|w2|CELL,,,,,1,0,0
ecom|s50|r100|NESTED|w4|WORKLOAD,,,,,1,1,1
ecom|s50|r100|NESTED|w4|CAP_10PCT,,,,,1,0,0
ecom|s50|r100|NESTED|w4|CELL,,,,,1,0,0
ecom|s75|r1|DISJOINT|w1|WORKLOAD,,,,,0,1,0
ecom|s75|r1|DISJOINT|w1|CAP_10PCT,,,,,0,1,0
ecom|s75|r1|DISJOINT|w1|CELL,,,,,0,1,0
ecom|s75|r1|DISJOINT|w2|WORKLOAD,,,,,1,1,1
ecom|s75|r1|DISJOINT|w2|CAP_10PCT,,,,,1,1,1
ecom|s75|r1|DISJOINT|w2|CELL,,,,,1,1,1
ecom|s75|r1|DISJOINT|w4|WORKLOAD,,,,,1,1,1
ecom|s75|r1|DISJOINT|w4|CAP_10PCT,,,,,1,1,1
ecom|s75|r1|DISJOINT|w4|CELL,,,,,1,1,1
ecom|s75|r1|OVERLAP|w1|WORKLOAD,,,,,0,1,0
ecom|s75|r1|OVERLAP|w1|CAP_10PCT,,,,,0,1,0
ecom|s75|r1|OVERLAP|w1|CELL,,,,,0,1,0
ecom|s75|r1|OVERLAP|w2|WORKLOAD,,,,,1,1,1
ecom|s75|r1|OVERLAP|w2|CAP_10PCT,,,,,1,1,1
ecom|s75|r1|OVERLAP|w2|CELL,,,,,1,1,1
ecom|s75|r1|OVERLAP|w4|WORKLOAD,,,,,1,1,1
ecom|s75|r1|OVERLAP|w4|CAP_10PCT,,,,,1,1,1
ecom|s75|r1|OVERLAP|w4|CELL,,,,,1,1,1
ecom|s75|r1|NESTED|w1|WORKLOAD,,,,,0,1,0
ecom|s75|r1|NESTED|w1|CAP_10PCT,,,,,0,1,0
ecom|s75|r1|NESTED|w1|CELL,,,,,0,1,0
ecom|s75|r1|NESTED|w2|WORKLOAD,,,,,1,1,1
ecom|s75|r1|NESTED|w2|CAP_10PCT,,,,,1,1,1
ecom|s75|r1|NESTED|w2|CELL,,,,,1,1,1
ecom|s75|r1|NESTED|w4|WORKLOAD,,,,,1,1,1
ecom|s75|r1|NESTED|w4|CAP_10PCT,,,,,1,1,1
ecom|s75|r1|NESTED|w4|CELL,,,,,1,1,1
ecom|s75|r10|DISJOINT|w1|WORKLOAD,,,,,0,1,0
ecom|s75|r10|DISJOINT|w1|CAP_10PCT,,,,,0,0,1
ecom|s75|r10|DISJOINT|w1|CELL,,,,,0,0,1
ecom|s75|r10|DISJOINT|w2|WORKLOAD,,,,,0,1,0
ecom|s75|r10|DISJOINT|w2|CAP_10PCT,,,,,0,0,1
ecom|s75|r10|DISJOINT|w2|CELL,,,,,0,0,1
ecom|s75|r10|DISJOINT|w4|WORKLOAD,,,,,0,1,0
ecom|s75|r10|DISJOINT|w4|CAP_10PCT,,,,,0,0,1
ecom|s75|r10|DISJOINT|w4|CELL,,,,,0,0,1
ecom|s75|r10|OVERLAP|w1|WORKLOAD,,,,,0,1,0
ecom|s75|r10|OVERLAP|w1|CAP_10PCT,,,,,0,0,1
ecom|s75|r10|OVERLAP|w1|CELL,,,,,0,0,1
ecom|s75|r10|OVERLAP|w2|WORKLOAD,,,,,1,1,1
ecom|s75|r10|OVERLAP|w2|CAP_10PCT,,,,,1,0,0
ecom|s75|r10|OVERLAP|w2|CELL,,,,,1,0,0
ecom|s75|r10|OVERLAP|w4|WORKLOAD,,,,,1,1,1
ecom|s75|r10|OVERLAP|w4|CAP_10PCT,,,,,1,0,0
ecom|s75|r10|OVERLAP|w4|CELL,,,,,1,0,0
ecom|s75|r10|NESTED|w1|WORKLOAD,,,,,0,1,0
ecom|s75|r10|NESTED|w1|CAP_10PCT,,,,,0,0,1
ecom|s75|r10|NESTED|w1|CELL,,,,,0,0,1
ecom|s75|r10|NESTED|w2|WORKLOAD,,,,,1,1,1
ecom|s75|r10|NESTED|w2|CAP_10PCT,,,,,1,0,0
ecom|s75|r10|NESTED|w2|CELL,,,,,1,0,0
ecom|s75|r10|NESTED|w4|WORKLOAD,,,,,1,1,1
ecom|s75|r10|NESTED|w4|CAP_10PCT,,,,,1,0,0
ecom|s75|r10|NESTED|w4|CELL,,,,,1,0,0
ecom|s75|r50|DISJOINT|w1|WORKLOAD,,,,,0,1,0
ecom|s75|r50|DISJOINT|w1|CAP_10PCT,,,,,0,0,1
ecom|s75|r50|DISJOINT|w1|CELL,,,,,0,0,1
ecom|s75|r50|DISJOINT|w2|WORKLOAD,,,,,0,1,0
ecom|s75|r50|DISJOINT|w2|CAP_10PCT,,,,,0,0,1
ecom|s75|r50|DISJOINT|w2|CELL,,,,,0,0,1
ecom|s75|r50|DISJOINT|w4|WORKLOAD,,,,,0,1,0
ecom|s75|r50|DISJOINT|w4|CAP_10PCT,,,,,0,0,1
ecom|s75|r50|DISJOINT|w4|CELL,,,,,0,0,1
ecom|s75|r50|OVERLAP|w1|WORKLOAD,,,,,0,1,0
ecom|s75|r50|OVERLAP|w1|CAP_10PCT,,,,,0,0,1
ecom|s75|r50|OVERLAP|w1|CELL,,,,,0,0,1
ecom|s75|r50|OVERLAP|w2|WORKLOAD,,,,,1,1,1
ecom|s75|r50|OVERLAP|w2|CAP_10PCT,,,,,1,0,0
ecom|s75|r50|OVERLAP|w2|CELL,,,,,1,0,0
ecom|s75|r50|OVERLAP|w4|WORKLOAD,,,,,1,1,1
ecom|s75|r50|OVERLAP|w4|CAP_10PCT,,,,,1,0,0
ecom|s75|r50|OVERLAP|w4|CELL,,,,,1,0,0
ecom|s75|r50|NESTED|w1|WORKLOAD,,,,,0,1,0
ecom|s75|r50|NESTED|w1|CAP_10PCT,,,,,0,0,1
ecom|s75|r50|NESTED|w1|CELL,,,,,0,0,1
ecom|s75|r50|NESTED|w2|WORKLOAD,,,,,1,1,1
ecom|s75|r50|NESTED|w2|CAP_10PCT,,,,,1,0,0
ecom|s75|r50|NESTED|w2|CELL,,,,,1,0,0
ecom|s75|r50|NESTED|w4|WORKLOAD,,,,,1,1,1
ecom|s75|r50|NESTED|w4|CAP_10PCT,,,,,1,0,0
ecom|s75|r50|NESTED|w4|CELL,,,,,1,0,0
ecom|s75|r100|DISJOINT|w1|WORKLOAD,,,,,0,1,0
ecom|s75|r100|DISJOINT|w1|CAP_10PCT,,,,,0,0,1
ecom|s75|r100|DISJOINT|w1|CELL,,,,,0,0,1
ecom|s75|r100|DISJOINT|w2|WORKLOAD,,,,,0,1,0
ecom|s75|r100|DISJOINT|w2|CAP_10PCT,,,,,0,0,1
ecom|s75|r100|DISJOINT|w2|CELL,,,,,0,0,1
ecom|s75|r100|DISJOINT|w4|WORKLOAD,,,,,0,1,0
ecom|s75|r100|DISJOINT|w4|CAP_10PCT,,,,,0,0,1
ecom|s75|r100|DISJOINT|w4|CELL,,,,,0,0,1
ecom|s75|r100|OVERLAP|w1|WORKLOAD,,,,,0,1,0
ecom|s75|r100|OVERLAP|w1|CAP_10PCT,,,,,0,0,1
ecom|s75|r100|OVERLAP|w1|CELL,,,,,0,0,1
ecom|s75|r100|OVERLAP|w2|WORKLOAD,,,,,1,1,1
ecom|s75|r100|OVERLAP|w2|CAP_10PCT,,,,,1,0,0
ecom|s75|r100|OVERLAP|w2|CELL,,,,,1,0,0
ecom|s75|r100|OVERLAP|w4|WORKLOAD,,,,,1,1,1
ecom|s75|r100|OVERLAP|w4|CAP_10PCT,,,,,1,0,0
ecom|s75|r100|OVERLAP|w4|CELL,,,,,1,0,0
ecom|s75|r100|NESTED|w1|WORKLOAD,,,,,0,1,0
ecom|s75|r100|NESTED|w1|CAP_10PCT,,,,,0,0,1
ecom|s75|r100|NESTED|w1|CELL,,,,,0,0,1
ecom|s75|r100|NESTED|w2|WORKLOAD,,,,,1,1,1
ecom|s75|r100|NESTED|w2|CAP_10PCT,,,,,1,0,0
ecom|s75|r100|NESTED|w2|CELL,,,,,1,0,0
ecom|s75|r100|NESTED|w4|WORKLOAD,,,,,1,1,1
ecom|s75|r100|NESTED|w4|CAP_10PCT,,,,,1,0,0
ecom|s75|r100|NESTED|w4|CELL,,,,,1,0,0
ecom|s100|r1|DISJOINT|w1|WORKLOAD,,,,,0,1,0
ecom|s100|r1|DISJOINT|w1|CAP_10PCT,,,,,0,1,0
ecom|s100|r1|DISJOINT|w1|CELL,,,,,0,1,0
ecom|s100|r1|DISJOINT|w2|WORKLOAD,,,,,0,1,0
ecom|s100|r1|DISJOINT|w2|CAP_10PCT,,,,,0,1,0
ecom|s100|r1|DISJOINT|w2|CELL,,,,,0,1,0
ecom|s100|r1|DISJOINT|w4|WORKLOAD,,,,,0,1,0
ecom|s100|r1|DISJOINT|w4|CAP_10PCT,,,,,0,1,0
ecom|s100|r1|DISJOINT|w4|CELL,,,,,0,1,0
ecom|s100|r1|OVERLAP|w1|WORKLOAD,,,,,0,1,0
ecom|s100|r1|OVERLAP|w1|CAP_10PCT,,,,,0,1,0
ecom|s100|r1|OVERLAP|w1|CELL,,,,,0,1,0
ecom|s100|r1|OVERLAP|w2|WORKLOAD,,,,,1,1,1
ecom|s100|r1|OVERLAP|w2|CAP_10PCT,,,,,1,1,1
ecom|s100|r1|OVERLAP|w2|CELL,,,,,1,1,1
ecom|s100|r1|OVERLAP|w4|WORKLOAD,,,,,1,1,1
ecom|s100|r1|OVERLAP|w4|CAP_10PCT,,,,,1,1,1
ecom|s100|r1|OVERLAP|w4|CELL,,,,,1,1,1
ecom|s100|r1|NESTED|w1|WORKLOAD,,,,,0,1,0
ecom|s100|r1|NESTED|w1|CAP_10PCT,,,,,0,1,0
ecom|s100|r1|NESTED|w1|CELL,,,,,0,1,0
ecom|s100|r1|NESTED|w2|WORKLOAD,,,,,0,1,0
ecom|s100|r1|NESTED|w2|CAP_10PCT,,,,,0,1,0
ecom|s100|r1|NESTED|w2|CELL,,,,,0,1,0
ecom|s100|r1|NESTED|w4|WORKLOAD,,,,,0,1,0
ecom|s100|r1|NESTED|w4|CAP_10PCT,,,,,0,1,0
ecom|s100|r1|NESTED|w4|CELL,,,,,0,1,0
ecom|s100|r10|DISJOINT|w1|WORKLOAD,,,,,0,1,0
ecom|s100|r10|DISJOINT|w1|CAP_10PCT,,,,,0,0,1
ecom|s100|r10|DISJOINT|w1|CELL,,,,,0,0,1
ecom|s100|r10|DISJOINT|w2|WORKLOAD,,,,,0,1,0
ecom|s100|r10|DISJOINT|w2|CAP_10PCT,,,,,0,0,1
ecom|s100|r10|DISJOINT|w2|CELL,,,,,0,0,1
ecom|s100|r10|DISJOINT|w4|WORKLOAD,,,,,0,1,0
ecom|s100|r10|DISJOINT|w4|CAP_10PCT,,,,,0,0,1
ecom|s100|r10|DISJOINT|w4|CELL,,,,,0,0,1
ecom|s100|r10|OVERLAP|w1|WORKLOAD,,,,,0,1,0
ecom|s100|r10|OVERLAP|w1|CAP_10PCT,,,,,0,0,1
ecom|s100|r10|OVERLAP|w1|CELL,,,,,0,0,1
ecom|s100|r10|OVERLAP|w2|WORKLOAD,,,,,1,1,1
ecom|s100|r10|OVERLAP|w2|CAP_10PCT,,,,,1,0,0
ecom|s100|r10|OVERLAP|w2|CELL,,,,,1,0,0
ecom|s100|r10|OVERLAP|w4|WORKLOAD,,,,,1,1,1
ecom|s100|r10|OVERLAP|w4|CAP_10PCT,,,,,1,0,0
ecom|s100|r10|OVERLAP|w4|CELL,,,,,1,0,0
ecom|s100|r10|NESTED|w1|WORKLOAD,,,,,0,1,0
ecom|s100|r10|NESTED|w1|CAP_10PCT,,,,,0,0,1
ecom|s100|r10|NESTED|w1|CELL,,,,,0,0,1
ecom|s100|r10|NESTED|w2|WORKLOAD,,,,,1,1,1
ecom|s100|r10|NESTED|w2|CAP_10PCT,,,,,1,0,0
ecom|s100|r10|NESTED|w2|CELL,,,,,1,0,0
ecom|s100|r10|NESTED|w4|WORKLOAD,,,,,1,1,1
ecom|s100|r10|NESTED|w4|CAP_10PCT,,,,,1,0,0
ecom|s100|r10|NESTED|w4|CELL,,,,,1,0,0
ecom|s100|r50|DISJOINT|w1|WORKLOAD,,,,,0,1,0
ecom|s100|r50|DISJOINT|w1|CAP_10PCT,,,,,0,0,1
ecom|s100|r50|DISJOINT|w1|CELL,,,,,0,0,1
ecom|s100|r50|DISJOINT|w2|WORKLOAD,,,,,0,1,0
ecom|s100|r50|DISJOINT|w2|CAP_10PCT,,,,,0,0,1
ecom|s100|r50|DISJOINT|w2|CELL,,,,,0,0,1
ecom|s100|r50|DISJOINT|w4|WORKLOAD,,,,,0,1,0
ecom|s100|r50|DISJOINT|w4|CAP_10PCT,,,,,0,0,1
ecom|s100|r50|DISJOINT|w4|CELL,,,,,0,0,1
ecom|s100|r50|OVERLAP|w1|WORKLOAD,,,,,0,1,0
ecom|s100|r50|OVERLAP|w1|CAP_10PCT,,,,,0,0,1
ecom|s100|r50|OVERLAP|w1|CELL,,,,,0,0,1
ecom|s100|r50|OVERLAP|w2|WORKLOAD,,,,,1,1,1
ecom|s100|r50|OVERLAP|w2|CAP_10PCT,,,,,1,0,0
ecom|s100|r50|OVERLAP|w2|CELL,,,,,1,0,0
ecom|s100|r50|OVERLAP|w4|WORKLOAD,,,,,1,1,1
ecom|s100|r50|OVERLAP|w4|CAP_10PCT,,,,,1,0,0
ecom|s100|r50|OVERLAP|w4|CELL,,,,,1,0,0
ecom|s100|r50|NESTED|w1|WORKLOAD,,,,,0,1,0
ecom|s100|r50|NESTED|w1|CAP_10PCT,,,,,0,0,1
ecom|s100|r50|NESTED|w1|CELL,,,,,0,0,1
ecom|s100|r50|NESTED|w2|WORKLOAD,,,,,1,1,1
ecom|s100|r50|NESTED|w2|CAP_10PCT,,,,,1,0,0
ecom|s100|r50|NESTED|w2|CELL,,,,,1,0,0
ecom|s100|r50|NESTED|w4|WORKLOAD,,,,,1,1,1
ecom|s100|r50|NESTED|w4|CAP_10PCT,,,,,1,0,0
ecom|s100|r50|NESTED|w4|CELL,,,,,1,0,0
ecom|s100|r100|DISJOINT|w1|WORKLOAD,,,,,0,1,0
ecom|s100|r100|DISJOINT|w1|CAP_10PCT,,,,,0,0,1
ecom|s100|r100|DISJOINT|w1|CELL,,,,,0,0,1
ecom|s100|r100|DISJOINT|w2|WORKLOAD,,,,,0,1,0
ecom|s100|r100|DISJOINT|w2|CAP_10PCT,,,,,0,0,1
ecom|s100|r100|DISJOINT|w2|CELL,,,,,0,0,1
ecom|s100|r100|DISJOINT|w4|WORKLOAD,,,,,0,1,0
ecom|s100|r100|DISJOINT|w4|CAP_10PCT,,,,,0,0,1
ecom|s100|r100|DISJOINT|w4|CELL,,,,,0,0,1
ecom|s100|r100|OVERLAP|w1|WORKLOAD,,,,,0,1,0
ecom|s100|r100|OVERLAP|w1|CAP_10PCT,,,,,0,0,1
ecom|s100|r100|OVERLAP|w1|CELL,,,,,0,0,1
ecom|s100|r100|OVERLAP|w2|WORKLOAD,,,,,1,1,1
ecom|s100|r100|OVERLAP|w2|CAP_10PCT,,,,,1,0,0
ecom|s100|r100|OVERLAP|w2|CELL,,,,,1,0,0
ecom|s100|r100|OVERLAP|w4|WORKLOAD,,,,,1,1,1
ecom|s100|r100|OVERLAP|w4|CAP_10PCT,,,,,1,0,0
ecom|s100|r100|OVERLAP|w4|CELL,,,,,1,0,0
ecom|s100|r100|NESTED|w1|WORKLOAD,,,,,0,1,0
ecom|s100|r100|NESTED|w1|CAP_10PCT,,,,,0,0,1
ecom|s100|r100|NESTED|w1|CELL,,,,,0,0,1
ecom|s100|r100|NESTED|w2|WORKLOAD,,,,,1,1,1
ecom|s100|r100|NESTED|w2|CAP_10PCT,,,,,1,0,0
ecom|s100|r100|NESTED|w2|CELL,,,,,1,0,0
ecom|s100|r100|NESTED|w4|WORKLOAD,,,,,1,1,1
ecom|s100|r100|NESTED|w4|CAP_10PCT,,,,,1,0,0
ecom|s100|r100|NESTED|w4|CELL,,,,,1,0,0
finproc|s1|r1|DISJOINT|w1|WORKLOAD,,,,,1,1,1
finproc|s1|r1|DISJOINT|w1|CAP_10PCT,,,,,1,1,1
finproc|s1|r1|DISJOINT|w1|CELL,,,,,1,1,1
finproc|s1|r1|DISJOINT|w2|WORKLOAD,,,,,1,1,1
finproc|s1|r1|DISJOINT|w2|CAP_10PCT,,,,,1,1,1
finproc|s1|r1|DISJOINT|w2|CELL,,,,,1,1,1
finproc|s1|r1|DISJOINT|w4|WORKLOAD,,,,,1,1,1
finproc|s1|r1|DISJOINT|w4|CAP_10PCT,,,,,1,1,1
finproc|s1|r1|DISJOINT|w4|CELL,,,,,1,1,1
finproc|s1|r1|OVERLAP|w1|WORKLOAD,,,,,1,1,1
finproc|s1|r1|OVERLAP|w1|CAP_10PCT,,,,,1,1,1
finproc|s1|r1|OVERLAP|w1|CELL,,,,,1,1,1
finproc|s1|r1|OVERLAP|w2|WORKLOAD,,,,,1,1,1
finproc|s1|r1|OVERLAP|w2|CAP_10PCT,,,,,1,1,1
finproc|s1|r1|OVERLAP|w2|CELL,,,,,1,1,1
finproc|s1|r1|OVERLAP|w4|WORKLOAD,,,,,1,1,1
finproc|s1|r1|OVERLAP|w4|CAP_10PCT,,,,,1,1,1
finproc|s1|r1|OVERLAP|w4|CELL,,,,,1,1,1
finproc|s1|r1|NESTED|w1|WORKLOAD,,,,,1,1,1
finproc|s1|r1|NESTED|w1|CAP_10PCT,,,,,1,1,1
finproc|s1|r1|NESTED|w1|CELL,,,,,1,1,1
finproc|s1|r1|NESTED|w2|WORKLOAD,,,,,1,1,1
finproc|s1|r1|NESTED|w2|CAP_10PCT,,,,,1,1,1
finproc|s1|r1|NESTED|w2|CELL,,,,,1,1,1
finproc|s1|r1|NESTED|w4|WORKLOAD,,,,,1,1,1
finproc|s1|r1|NESTED|w4|CAP_10PCT,,,,,1,1,1
finproc|s1|r1|NESTED|w4|CELL,,,,,1,1,1
finproc|s1|r10|DISJOINT|w1|WORKLOAD,,,,,1,1,1
finproc|s1|r10|DISJOINT|w1|CAP_10PCT,,,,,1,1,1
finproc|s1|r10|DISJOINT|w1|CELL,,,,,1,1,1
finproc|s1|r10|DISJOINT|w2|WORKLOAD,,,,,1,1,1
finproc|s1|r10|DISJOINT|w2|CAP_10PCT,,,,,1,1,1
finproc|s1|r10|DISJOINT|w2|CELL,,,,,1,1,1
finproc|s1|r10|DISJOINT|w4|WORKLOAD,,,,,1,1,1
finproc|s1|r10|DISJOINT|w4|CAP_10PCT,,,,,1,1,1
finproc|s1|r10|DISJOINT|w4|CELL,,,,,1,1,1
finproc|s1|r10|OVERLAP|w1|WORKLOAD,,,,,1,1,1
finproc|s1|r10|OVERLAP|w1|CAP_10PCT,,,,,1,1,1
finproc|s1|r10|OVERLAP|w1|CELL,,,,,1,1,1
finproc|s1|r10|OVERLAP|w2|WORKLOAD,,,,,1,1,1
finproc|s1|r10|OVERLAP|w2|CAP_10PCT,,,,,1,1,1
finproc|s1|r10|OVERLAP|w2|CELL,,,,,1,1,1
finproc|s1|r10|OVERLAP|w4|WORKLOAD,,,,,1,1,1
finproc|s1|r10|OVERLAP|w4|CAP_10PCT,,,,,1,1,1
finproc|s1|r10|OVERLAP|w4|CELL,,,,,1,1,1
finproc|s1|r10|NESTED|w1|WORKLOAD,,,,,1,1,1
finproc|s1|r10|NESTED|w1|CAP_10PCT,,,,,1,1,1
finproc|s1|r10|NESTED|w1|CELL,,,,,1,1,1
finproc|s1|r10|NESTED|w2|WORKLOAD,,,,,1,1,1
finproc|s1|r10|NESTED|w2|CAP_10PCT,,,,,1,1,1
finproc|s1|r10|NESTED|w2|CELL,,,,,1,1,1
finproc|s1|r10|NESTED|w4|WORKLOAD,,,,,1,1,1
finproc|s1|r10|NESTED|w4|CAP_10PCT,,,,,1,1,1
finproc|s1|r10|NESTED|w4|CELL,,,,,1,1,1
finproc|s1|r50|DISJOINT|w1|WORKLOAD,,,,,0,1,0
finproc|s1|r50|DISJOINT|w1|CAP_10PCT,,,,,0,1,0
finproc|s1|r50|DISJOINT|w1|CELL,,,,,0,1,0
finproc|s1|r50|DISJOINT|w2|WORKLOAD,,,,,1,1,1
finproc|s1|r50|DISJOINT|w2|CAP_10PCT,,,,,1,1,1
finproc|s1|r50|DISJOINT|w2|CELL,,,,,1,1,1
finproc|s1|r50|DISJOINT|w4|WORKLOAD,,,,,1,1,1
finproc|s1|r50|DISJOINT|w4|CAP_10PCT,,,,,1,1,1
finproc|s1|r50|DISJOINT|w4|CELL,,,,,1,1,1
finproc|s1|r50|OVERLAP|w1|WORKLOAD,,,,,1,1,1
finproc|s1|r50|OVERLAP|w1|CAP_10PCT,,,,,1,1,1
finproc|s1|r50|OVERLAP|w1|CELL,,,,,1,1,1
finproc|s1|r50|OVERLAP|w2|WORKLOAD,,,,,1,1,1
finproc|s1|r50|OVERLAP|w2|CAP_10PCT,,,,,1,1,1
finproc|s1|r50|OVERLAP|w2|CELL,,,,,1,1,1
finproc|s1|r50|OVERLAP|w4|WORKLOAD,,,,,1,1,1
finproc|s1|r50|OVERLAP|w4|CAP_10PCT,,,,,1,1,1
finproc|s1|r50|OVERLAP|w4|CELL,,,,,1,1,1
finproc|s1|r50|NESTED|w1|WORKLOAD,,,,,1,1,1
finproc|s1|r50|NESTED|w1|CAP_10PCT,,,,,1,1,1
finproc|s1|r50|NESTED|w1|CELL,,,,,1,1,1
finproc|s1|r50|NESTED|w2|WORKLOAD,,,,,1,1,1
finproc|s1|r50|NESTED|w2|CAP_10PCT,,,,,1,1,1
finproc|s1|r50|NESTED|w2|CELL,,,,,1,1,1
finproc|s1|r50|NESTED|w4|WORKLOAD,,,,,1,1,1
finproc|s1|r50|NESTED|w4|CAP_10PCT,,,,,1,1,1
finproc|s1|r50|NESTED|w4|CELL,,,,,1,1,1
finproc|s1|r100|DISJOINT|w1|WORKLOAD,,,,,0,1,0
finproc|s1|r100|DISJOINT|w1|CAP_10PCT,,,,,0,1,0
finproc|s1|r100|DISJOINT|w1|CELL,,,,,0,0,1
finproc|s1|r100|DISJOINT|w2|WORKLOAD,,,,,0,1,0
finproc|s1|r100|DISJOINT|w2|CAP_10PCT,,,,,0,1,0
finproc|s1|r100|DISJOINT|w2|CELL,,,,,0,0,1
finproc|s1|r100|DISJOINT|w4|WORKLOAD,,,,,1,1,1
finproc|s1|r100|DISJOINT|w4|CAP_10PCT,,,,,1,1,1
finproc|s1|r100|DISJOINT|w4|CELL,,,,,1,1,1
finproc|s1|r100|OVERLAP|w1|WORKLOAD,,,,,1,1,1
finproc|s1|r100|OVERLAP|w1|CAP_10PCT,,,,,1,1,1
finproc|s1|r100|OVERLAP|w1|CELL,,,,,1,0,0
finproc|s1|r100|OVERLAP|w2|WORKLOAD,,,,,1,1,1
finproc|s1|r100|OVERLAP|w2|CAP_10PCT,,,,,1,1,1
finproc|s1|r100|OVERLAP|w2|CELL,,,,,1,0,0
finproc|s1|r100|OVERLAP|w4|WORKLOAD,,,,,1,1,1
finproc|s1|r100|OVERLAP|w4|CAP_10PCT,,,,,1,1,1
finproc|s1|r100|OVERLAP|w4|CELL,,,,,1,0,0
finproc|s1|r100|NESTED|w1|WORKLOAD,,,,,1,1,1
finproc|s1|r100|NESTED|w1|CAP_10PCT,,,,,1,1,1
finproc|s1|r100|NESTED|w1|CELL,,,,,1,0,0
finproc|s1|r100|NESTED|w2|WORKLOAD,,,,,1,1,1
finproc|s1|r100|NESTED|w2|CAP_10PCT,,,,,1,1,1
finproc|s1|r100|NESTED|w2|CELL,,,,,1,0,0
finproc|s1|r100|NESTED|w4|WORKLOAD,,,,,1,1,1
finproc|s1|r100|NESTED|w4|CAP_10PCT,,,,,1,1,1
finproc|s1|r100|NESTED|w4|CELL,,,,,1,0,0
finproc|s5|r1|DISJOINT|w1|WORKLOAD,,,,,1,1,1
finproc|s5|r1|DISJOINT|w1|CAP_10PCT,,,,,1,1,1
finproc|s5|r1|DISJOINT|w1|CELL,,,,,1,1,1
finproc|s5|r1|DISJOINT|w2|WORKLOAD,,,,,1,1,1
finproc|s5|r1|DISJOINT|w2|CAP_10PCT,,,,,1,1,1
finproc|s5|r1|DISJOINT|w2|CELL,,,,,1,1,1
finproc|s5|r1|DISJOINT|w4|WORKLOAD,,,,,1,1,1
finproc|s5|r1|DISJOINT|w4|CAP_10PCT,,,,,1,1,1
finproc|s5|r1|DISJOINT|w4|CELL,,,,,1,1,1
finproc|s5|r1|OVERLAP|w1|WORKLOAD,,,,,1,1,1
finproc|s5|r1|OVERLAP|w1|CAP_10PCT,,,,,1,1,1
finproc|s5|r1|OVERLAP|w1|CELL,,,,,1,1,1
finproc|s5|r1|OVERLAP|w2|WORKLOAD,,,,,1,1,1
finproc|s5|r1|OVERLAP|w2|CAP_10PCT,,,,,1,1,1
finproc|s5|r1|OVERLAP|w2|CELL,,,,,1,1,1
finproc|s5|r1|OVERLAP|w4|WORKLOAD,,,,,1,1,1
finproc|s5|r1|OVERLAP|w4|CAP_10PCT,,,,,1,1,1
finproc|s5|r1|OVERLAP|w4|CELL,,,,,1,1,1
finproc|s5|r1|NESTED|w1|WORKLOAD,,,,,1,1,1
finproc|s5|r1|NESTED|w1|CAP_10PCT,,,,,1,1,1
finproc|s5|r1|NESTED|w1|CELL,,,,,1,1,1
finproc|s5|r1|NESTED|w2|WORKLOAD,,,,,1,1,1
finproc|s5|r1|NESTED|w2|CAP_10PCT,,,,,1,1,1
finproc|s5|r1|NESTED|w2|CELL,,,,,1,1,1
finproc|s5|r1|NESTED|w4|WORKLOAD,,,,,1,1,1
finproc|s5|r1|NESTED|w4|CAP_10PCT,,,,,1,1,1
finproc|s5|r1|NESTED|w4|CELL,,,,,1,1,1
finproc|s5|r10|DISJOINT|w1|WORKLOAD,,,,,0,1,0
finproc|s5|r10|DISJOINT|w1|CAP_10PCT,,,,,0,1,0
finproc|s5|r10|DISJOINT|w1|CELL,,,,,0,1,0
finproc|s5|r10|DISJOINT|w2|WORKLOAD,,,,,1,1,1
finproc|s5|r10|DISJOINT|w2|CAP_10PCT,,,,,1,1,1
finproc|s5|r10|DISJOINT|w2|CELL,,,,,1,1,1
finproc|s5|r10|DISJOINT|w4|WORKLOAD,,,,,1,1,1
finproc|s5|r10|DISJOINT|w4|CAP_10PCT,,,,,1,1,1
finproc|s5|r10|DISJOINT|w4|CELL,,,,,1,1,1
finproc|s5|r10|OVERLAP|w1|WORKLOAD,,,,,1,1,1
finproc|s5|r10|OVERLAP|w1|CAP_10PCT,,,,,1,1,1
finproc|s5|r10|OVERLAP|w1|CELL,,,,,1,1,1
finproc|s5|r10|OVERLAP|w2|WORKLOAD,,,,,1,1,1
finproc|s5|r10|OVERLAP|w2|CAP_10PCT,,,,,1,1,1
finproc|s5|r10|OVERLAP|w2|CELL,,,,,1,1,1
finproc|s5|r10|OVERLAP|w4|WORKLOAD,,,,,1,1,1
finproc|s5|r10|OVERLAP|w4|CAP_10PCT,,,,,1,1,1
finproc|s5|r10|OVERLAP|w4|CELL,,,,,1,1,1
finproc|s5|r10|NESTED|w1|WORKLOAD,,,,,1,1,1
finproc|s5|r10|NESTED|w1|CAP_10PCT,,,,,1,1,1
finproc|s5|r10|NESTED|w1|CELL,,,,,1,1,1
finproc|s5|r10|NESTED|w2|WORKLOAD,,,,,1,1,1
finproc|s5|r10|NESTED|w2|CAP_10PCT,,,,,1,1,1
finproc|s5|r10|NESTED|w2|CELL,,,,,1,1,1
finproc|s5|r10|NESTED|w4|WORKLOAD,,,,,1,1,1
finproc|s5|r10|NESTED|w4|CAP_10PCT,,,,,1,1,1
finproc|s5|r10|NESTED|w4|CELL,,,,,1,1,1
finproc|s5|r50|DISJOINT|w1|WORKLOAD,,,,,0,1,0
finproc|s5|r50|DISJOINT|w1|CAP_10PCT,,,,,0,0,1
finproc|s5|r50|DISJOINT|w1|CELL,,,,,0,0,1
finproc|s5|r50|DISJOINT|w2|WORKLOAD,,,,,0,1,0
finproc|s5|r50|DISJOINT|w2|CAP_10PCT,,,,,0,0,1
finproc|s5|r50|DISJOINT|w2|CELL,,,,,0,0,1
finproc|s5|r50|DISJOINT|w4|WORKLOAD,,,,,0,1,0
finproc|s5|r50|DISJOINT|w4|CAP_10PCT,,,,,0,0,1
finproc|s5|r50|DISJOINT|w4|CELL,,,,,0,0,1
finproc|s5|r50|OVERLAP|w1|WORKLOAD,,,,,1,1,1
finproc|s5|r50|OVERLAP|w1|CAP_10PCT,,,,,1,0,0
finproc|s5|r50|OVERLAP|w1|CELL,,,,,1,0,0
finproc|s5|r50|OVERLAP|w2|WORKLOAD,,,,,1,1,1
finproc|s5|r50|OVERLAP|w2|CAP_10PCT,,,,,1,0,0
finproc|s5|r50|OVERLAP|w2|CELL,,,,,1,0,0
finproc|s5|r50|OVERLAP|w4|WORKLOAD,,,,,1,1,1
finproc|s5|r50|OVERLAP|w4|CAP_10PCT,,,,,1,0,0
finproc|s5|r50|OVERLAP|w4|CELL,,,,,1,0,0
finproc|s5|r50|NESTED|w1|WORKLOAD,,,,,1,1,1
finproc|s5|r50|NESTED|w1|CAP_10PCT,,,,,1,1,1
finproc|s5|r50|NESTED|w1|CELL,,,,,1,0,0
finproc|s5|r50|NESTED|w2|WORKLOAD,,,,,1,1,1
finproc|s5|r50|NESTED|w2|CAP_10PCT,,,,,1,1,1
finproc|s5|r50|NESTED|w2|CELL,,,,,1,0,0
finproc|s5|r50|NESTED|w4|WORKLOAD,,,,,1,1,1
finproc|s5|r50|NESTED|w4|CAP_10PCT,,,,,1,1,1
finproc|s5|r50|NESTED|w4|CELL,,,,,1,0,0
finproc|s5|r100|DISJOINT|w1|WORKLOAD,,,,,0,1,0
finproc|s5|r100|DISJOINT|w1|CAP_10PCT,,,,,0,0,1
finproc|s5|r100|DISJOINT|w1|CELL,,,,,0,0,1
finproc|s5|r100|DISJOINT|w2|WORKLOAD,,,,,0,1,0
finproc|s5|r100|DISJOINT|w2|CAP_10PCT,,,,,0,0,1
finproc|s5|r100|DISJOINT|w2|CELL,,,,,0,0,1
finproc|s5|r100|DISJOINT|w4|WORKLOAD,,,,,0,1,0
finproc|s5|r100|DISJOINT|w4|CAP_10PCT,,,,,0,0,1
finproc|s5|r100|DISJOINT|w4|CELL,,,,,0,0,1
finproc|s5|r100|OVERLAP|w1|WORKLOAD,,,,,1,1,1
finproc|s5|r100|OVERLAP|w1|CAP_10PCT,,,,,1,0,0
finproc|s5|r100|OVERLAP|w1|CELL,,,,,1,0,0
finproc|s5|r100|OVERLAP|w2|WORKLOAD,,,,,1,1,1
finproc|s5|r100|OVERLAP|w2|CAP_10PCT,,,,,1,0,0
finproc|s5|r100|OVERLAP|w2|CELL,,,,,1,0,0
finproc|s5|r100|OVERLAP|w4|WORKLOAD,,,,,1,1,1
finproc|s5|r100|OVERLAP|w4|CAP_10PCT,,,,,1,0,0
finproc|s5|r100|OVERLAP|w4|CELL,,,,,1,0,0
finproc|s5|r100|NESTED|w1|WORKLOAD,,,,,1,1,1
finproc|s5|r100|NESTED|w1|CAP_10PCT,,,,,1,1,1
finproc|s5|r100|NESTED|w1|CELL,,,,,1,0,0
finproc|s5|r100|NESTED|w2|WORKLOAD,,,,,1,1,1
finproc|s5|r100|NESTED|w2|CAP_10PCT,,,,,1,1,1
finproc|s5|r100|NESTED|w2|CELL,,,,,1,0,0
finproc|s5|r100|NESTED|w4|WORKLOAD,,,,,1,1,1
finproc|s5|r100|NESTED|w4|CAP_10PCT,,,,,1,1,1
finproc|s5|r100|NESTED|w4|CELL,,,,,1,0,0
finproc|s10|r1|DISJOINT|w1|WORKLOAD,,,,,1,1,1
finproc|s10|r1|DISJOINT|w1|CAP_10PCT,,,,,1,1,1
finproc|s10|r1|DISJOINT|w1|CELL,,,,,1,1,1
finproc|s10|r1|DISJOINT|w2|WORKLOAD,,,,,1,1,1
finproc|s10|r1|DISJOINT|w2|CAP_10PCT,,,,,1,1,1
finproc|s10|r1|DISJOINT|w2|CELL,,,,,1,1,1
finproc|s10|r1|DISJOINT|w4|WORKLOAD,,,,,1,1,1
finproc|s10|r1|DISJOINT|w4|CAP_10PCT,,,,,1,1,1
finproc|s10|r1|DISJOINT|w4|CELL,,,,,1,1,1
finproc|s10|r1|OVERLAP|w1|WORKLOAD,,,,,1,1,1
finproc|s10|r1|OVERLAP|w1|CAP_10PCT,,,,,1,1,1
finproc|s10|r1|OVERLAP|w1|CELL,,,,,1,1,1
finproc|s10|r1|OVERLAP|w2|WORKLOAD,,,,,1,1,1
finproc|s10|r1|OVERLAP|w2|CAP_10PCT,,,,,1,1,1
finproc|s10|r1|OVERLAP|w2|CELL,,,,,1,1,1
finproc|s10|r1|OVERLAP|w4|WORKLOAD,,,,,1,1,1
finproc|s10|r1|OVERLAP|w4|CAP_10PCT,,,,,1,1,1
finproc|s10|r1|OVERLAP|w4|CELL,,,,,1,1,1
finproc|s10|r1|NESTED|w1|WORKLOAD,,,,,1,1,1
finproc|s10|r1|NESTED|w1|CAP_10PCT,,,,,1,1,1
finproc|s10|r1|NESTED|w1|CELL,,,,,1,1,1
finproc|s10|r1|NESTED|w2|WORKLOAD,,,,,1,1,1
finproc|s10|r1|NESTED|w2|CAP_10PCT,,,,,1,1,1
finproc|s10|r1|NESTED|w2|CELL,,,,,1,1,1
finproc|s10|r1|NESTED|w4|WORKLOAD,,,,,1,1,1
finproc|s10|r1|NESTED|w4|CAP_10PCT,,,,,1,1,1
finproc|s10|r1|NESTED|w4|CELL,,,,,1,1,1
finproc|s10|r10|DISJOINT|w1|WORKLOAD,,,,,0,1,0
finproc|s10|r10|DISJOINT|w1|CAP_10PCT,,,,,0,1,0
finproc|s10|r10|DISJOINT|w1|CELL,,,,,0,1,0
finproc|s10|r10|DISJOINT|w2|WORKLOAD,,,,,0,1,0
finproc|s10|r10|DISJOINT|w2|CAP_10PCT,,,,,0,0,1
finproc|s10|r10|DISJOINT|w2|CELL,,,,,0,0,1
finproc|s10|r10|DISJOINT|w4|WORKLOAD,,,,,1,1,1
finproc|s10|r10|DISJOINT|w4|CAP_10PCT,,,,,1,1,1
finproc|s10|r10|DISJOINT|w4|CELL,,,,,1,1,1
finproc|s10|r10|OVERLAP|w1|WORKLOAD,,,,,1,1,1
finproc|s10|r10|OVERLAP|w1|CAP_10PCT,,,,,1,1,1
finproc|s10|r10|OVERLAP|w1|CELL,,,,,1,0,0
finproc|s10|r10|OVERLAP|w2|WORKLOAD,,,,,1,1,1
finproc|s10|r10|OVERLAP|w2|CAP_10PCT,,,,,1,1,1
finproc|s10|r10|OVERLAP|w2|CELL,,,,,1,0,0
finproc|s10|r10|OVERLAP|w4|WORKLOAD,,,,,1,1,1
finproc|s10|r10|OVERLAP|w4|CAP_10PCT,,,,,1,1,1
finproc|s10|r10|OVERLAP|w4|CELL,,,,,1,0,0
finproc|s10|r10|NESTED|w1|WORKLOAD,,,,,1,1,1
finproc|s10|r10|NESTED|w1|CAP_10PCT,,,,,1,1,1
finproc|s10|r10|NESTED|w1|CELL,,,,,1,0,0
finproc|s10|r10|NESTED|w2|WORKLOAD,,,,,1,1,1
finproc|s10|r10|NESTED|w2|CAP_10PCT,,,,,1,1,1
finproc|s10|r10|NESTED|w2|CELL,,,,,1,0,0
finproc|s10|r10|NESTED|w4|WORKLOAD,,,,,1,1,1
finproc|s10|r10|NESTED|w4|CAP_10PCT,,,,,1,1,1
finproc|s10|r10|NESTED|w4|CELL,,,,,1,0,0
finproc|s10|r50|DISJOINT|w1|WORKLOAD,,,,,0,1,0
finproc|s10|r50|DISJOINT|w1|CAP_10PCT,,,,,0,0,1
finproc|s10|r50|DISJOINT|w1|CELL,,,,,0,0,1
finproc|s10|r50|DISJOINT|w2|WORKLOAD,,,,,0,1,0
finproc|s10|r50|DISJOINT|w2|CAP_10PCT,,,,,0,0,1
finproc|s10|r50|DISJOINT|w2|CELL,,,,,0,0,1
finproc|s10|r50|DISJOINT|w4|WORKLOAD,,,,,0,1,0
finproc|s10|r50|DISJOINT|w4|CAP_10PCT,,,,,0,0,1
finproc|s10|r50|DISJOINT|w4|CELL,,,,,0,0,1
finproc|s10|r50|OVERLAP|w1|WORKLOAD,,,,,1,1,1
finproc|s10|r50|OVERLAP|w1|CAP_10PCT,,,,,1,0,0
finproc|s10|r50|OVERLAP|w1|CELL,,,,,1,0,0
finproc|s10|r50|OVERLAP|w2|WORKLOAD,,,,,1,1,1
finproc|s10|r50|OVERLAP|w2|CAP_10PCT,,,,,1,0,0
finproc|s10|r50|OVERLAP|w2|CELL,,,,,1,0,0
finproc|s10|r50|OVERLAP|w4|WORKLOAD,,,,,1,1,1
finproc|s10|r50|OVERLAP|w4|CAP_10PCT,,,,,1,0,0
finproc|s10|r50|OVERLAP|w4|CELL,,,,,1,0,0
finproc|s10|r50|NESTED|w1|WORKLOAD,,,,,1,1,1
finproc|s10|r50|NESTED|w1|CAP_10PCT,,,,,1,0,0
finproc|s10|r50|NESTED|w1|CELL,,,,,1,0,0
finproc|s10|r50|NESTED|w2|WORKLOAD,,,,,1,1,1
finproc|s10|r50|NESTED|w2|CAP_10PCT,,,,,1,0,0
finproc|s10|r50|NESTED|w2|CELL,,,,,1,0,0
finproc|s10|r50|NESTED|w4|WORKLOAD,,,,,1,1,1
finproc|s10|r50|NESTED|w4|CAP_10PCT,,,,,1,0,0
finproc|s10|r50|NESTED|w4|CELL,,,,,1,0,0
finproc|s10|r100|DISJOINT|w1|WORKLOAD,,,,,0,1,0
finproc|s10|r100|DISJOINT|w1|CAP_10PCT,,,,,0,0,1
finproc|s10|r100|DISJOINT|w1|CELL,,,,,0,0,1
finproc|s10|r100|DISJOINT|w2|WORKLOAD,,,,,0,1,0
finproc|s10|r100|DISJOINT|w2|CAP_10PCT,,,,,0,0,1
finproc|s10|r100|DISJOINT|w2|CELL,,,,,0,0,1
finproc|s10|r100|DISJOINT|w4|WORKLOAD,,,,,0,1,0
finproc|s10|r100|DISJOINT|w4|CAP_10PCT,,,,,0,0,1
finproc|s10|r100|DISJOINT|w4|CELL,,,,,0,0,1
finproc|s10|r100|OVERLAP|w1|WORKLOAD,,,,,1,1,1
finproc|s10|r100|OVERLAP|w1|CAP_10PCT,,,,,1,0,0
finproc|s10|r100|OVERLAP|w1|CELL,,,,,1,0,0
finproc|s10|r100|OVERLAP|w2|WORKLOAD,,,,,1,1,1
finproc|s10|r100|OVERLAP|w2|CAP_10PCT,,,,,1,0,0
finproc|s10|r100|OVERLAP|w2|CELL,,,,,1,0,0
finproc|s10|r100|OVERLAP|w4|WORKLOAD,,,,,1,1,1
finproc|s10|r100|OVERLAP|w4|CAP_10PCT,,,,,1,0,0
finproc|s10|r100|OVERLAP|w4|CELL,,,,,1,0,0
finproc|s10|r100|NESTED|w1|WORKLOAD,,,,,1,1,1
finproc|s10|r100|NESTED|w1|CAP_10PCT,,,,,1,0,0
finproc|s10|r100|NESTED|w1|CELL,,,,,1,0,0
finproc|s10|r100|NESTED|w2|WORKLOAD,,,,,1,1,1
finproc|s10|r100|NESTED|w2|CAP_10PCT,,,,,1,0,0
finproc|s10|r100|NESTED|w2|CELL,,,,,1,0,0
finproc|s10|r100|NESTED|w4|WORKLOAD,,,,,1,1,1
finproc|s10|r100|NESTED|w4|CAP_10PCT,,,,,1,0,0
finproc|s10|r100|NESTED|w4|CELL,,,,,1,0,0
finproc|s25|r1|DISJOINT|w1|WORKLOAD,,,,,1,1,1
finproc|s25|r1|DISJOINT|w1|CAP_10PCT,,,,,1,1,1
finproc|s25|r1|DISJOINT|w1|CELL,,,,,1,1,1
finproc|s25|r1|DISJOINT|w2|WORKLOAD,,,,,1,1,1
finproc|s25|r1|DISJOINT|w2|CAP_10PCT,,,,,1,1,1
finproc|s25|r1|DISJOINT|w2|CELL,,,,,1,1,1
finproc|s25|r1|DISJOINT|w4|WORKLOAD,,,,,1,1,1
finproc|s25|r1|DISJOINT|w4|CAP_10PCT,,,,,1,1,1
finproc|s25|r1|DISJOINT|w4|CELL,,,,,1,1,1
finproc|s25|r1|OVERLAP|w1|WORKLOAD,,,,,1,1,1
finproc|s25|r1|OVERLAP|w1|CAP_10PCT,,,,,1,1,1
finproc|s25|r1|OVERLAP|w1|CELL,,,,,1,1,1
finproc|s25|r1|OVERLAP|w2|WORKLOAD,,,,,1,1,1
finproc|s25|r1|OVERLAP|w2|CAP_10PCT,,,,,1,1,1
finproc|s25|r1|OVERLAP|w2|CELL,,,,,1,1,1
finproc|s25|r1|OVERLAP|w4|WORKLOAD,,,,,1,1,1
finproc|s25|r1|OVERLAP|w4|CAP_10PCT,,,,,1,1,1
finproc|s25|r1|OVERLAP|w4|CELL,,,,,1,1,1
finproc|s25|r1|NESTED|w1|WORKLOAD,,,,,1,1,1
finproc|s25|r1|NESTED|w1|CAP_10PCT,,,,,1,1,1
finproc|s25|r1|NESTED|w1|CELL,,,,,1,1,1
finproc|s25|r1|NESTED|w2|WORKLOAD,,,,,1,1,1
finproc|s25|r1|NESTED|w2|CAP_10PCT,,,,,1,1,1
finproc|s25|r1|NESTED|w2|CELL,,,,,1,1,1
finproc|s25|r1|NESTED|w4|WORKLOAD,,,,,1,1,1
finproc|s25|r1|NESTED|w4|CAP_10PCT,,,,,1,1,1
finproc|s25|r1|NESTED|w4|CELL,,,,,1,1,1
finproc|s25|r10|DISJOINT|w1|WORKLOAD,,,,,0,1,0
finproc|s25|r10|DISJOINT|w1|CAP_10PCT,,,,,0,0,1
finproc|s25|r10|DISJOINT|w1|CELL,,,,,0,0,1
finproc|s25|r10|DISJOINT|w2|WORKLOAD,,,,,0,1,0
finproc|s25|r10|DISJOINT|w2|CAP_10PCT,,,,,0,0,1
finproc|s25|r10|DISJOINT|w2|CELL,,,,,0,0,1
finproc|s25|r10|DISJOINT|w4|WORKLOAD,,,,,0,1,0
finproc|s25|r10|DISJOINT|w4|CAP_10PCT,,,,,0,0,1
finproc|s25|r10|DISJOINT|w4|CELL,,,,,0,0,1
finproc|s25|r10|OVERLAP|w1|WORKLOAD,,,,,1,1,1
finproc|s25|r10|OVERLAP|w1|CAP_10PCT,,,,,1,0,0
finproc|s25|r10|OVERLAP|w1|CELL,,,,,1,0,0
finproc|s25|r10|OVERLAP|w2|WORKLOAD,,,,,1,1,1
finproc|s25|r10|OVERLAP|w2|CAP_10PCT,,,,,1,0,0
finproc|s25|r10|OVERLAP|w2|CELL,,,,,1,0,0
finproc|s25|r10|OVERLAP|w4|WORKLOAD,,,,,1,1,1
finproc|s25|r10|OVERLAP|w4|CAP_10PCT,,,,,1,0,0
finproc|s25|r10|OVERLAP|w4|CELL,,,,,1,0,0
finproc|s25|r10|NESTED|w1|WORKLOAD,,,,,1,1,1
finproc|s25|r10|NESTED|w1|CAP_10PCT,,,,,1,0,0
finproc|s25|r10|NESTED|w1|CELL,,,,,1,0,0
finproc|s25|r10|NESTED|w2|WORKLOAD,,,,,1,1,1
finproc|s25|r10|NESTED|w2|CAP_10PCT,,,,,1,0,0
finproc|s25|r10|NESTED|w2|CELL,,,,,1,0,0
finproc|s25|r10|NESTED|w4|WORKLOAD,,,,,1,1,1
finproc|s25|r10|NESTED|w4|CAP_10PCT,,,,,1,0,0
finproc|s25|r10|NESTED|w4|CELL,,,,,1,0,0
finproc|s25|r50|DISJOINT|w1|WORKLOAD,,,,,0,1,0
finproc|s25|r50|DISJOINT|w1|CAP_10PCT,,,,,0,0,1
finproc|s25|r50|DISJOINT|w1|CELL,,,,,0,0,1
finproc|s25|r50|DISJOINT|w2|WORKLOAD,,,,,0,1,0
finproc|s25|r50|DISJOINT|w2|CAP_10PCT,,,,,0,0,1
finproc|s25|r50|DISJOINT|w2|CELL,,,,,0,0,1
finproc|s25|r50|DISJOINT|w4|WORKLOAD,,,,,0,1,0
finproc|s25|r50|DISJOINT|w4|CAP_10PCT,,,,,0,0,1
finproc|s25|r50|DISJOINT|w4|CELL,,,,,0,0,1
finproc|s25|r50|OVERLAP|w1|WORKLOAD,,,,,1,1,1
finproc|s25|r50|OVERLAP|w1|CAP_10PCT,,,,,1,0,0
finproc|s25|r50|OVERLAP|w1|CELL,,,,,1,0,0
finproc|s25|r50|OVERLAP|w2|WORKLOAD,,,,,1,1,1
finproc|s25|r50|OVERLAP|w2|CAP_10PCT,,,,,1,0,0
finproc|s25|r50|OVERLAP|w2|CELL,,,,,1,0,0
finproc|s25|r50|OVERLAP|w4|WORKLOAD,,,,,1,1,1
finproc|s25|r50|OVERLAP|w4|CAP_10PCT,,,,,1,0,0
finproc|s25|r50|OVERLAP|w4|CELL,,,,,1,0,0
finproc|s25|r50|NESTED|w1|WORKLOAD,,,,,1,1,1
finproc|s25|r50|NESTED|w1|CAP_10PCT,,,,,1,0,0
finproc|s25|r50|NESTED|w1|CELL,,,,,1,0,0
finproc|s25|r50|NESTED|w2|WORKLOAD,,,,,1,1,1
finproc|s25|r50|NESTED|w2|CAP_10PCT,,,,,1,0,0
finproc|s25|r50|NESTED|w2|CELL,,,,,1,0,0
finproc|s25|r50|NESTED|w4|WORKLOAD,,,,,1,1,1
finproc|s25|r50|NESTED|w4|CAP_10PCT,,,,,1,0,0
finproc|s25|r50|NESTED|w4|CELL,,,,,1,0,0
finproc|s25|r100|DISJOINT|w1|WORKLOAD,,,,,0,1,0
finproc|s25|r100|DISJOINT|w1|CAP_10PCT,,,,,0,0,1
finproc|s25|r100|DISJOINT|w1|CELL,,,,,0,0,1
finproc|s25|r100|DISJOINT|w2|WORKLOAD,,,,,0,1,0
finproc|s25|r100|DISJOINT|w2|CAP_10PCT,,,,,0,0,1
finproc|s25|r100|DISJOINT|w2|CELL,,,,,0,0,1
finproc|s25|r100|DISJOINT|w4|WORKLOAD,,,,,0,1,0
finproc|s25|r100|DISJOINT|w4|CAP_10PCT,,,,,0,0,1
finproc|s25|r100|DISJOINT|w4|CELL,,,,,0,0,1
finproc|s25|r100|OVERLAP|w1|WORKLOAD,,,,,1,1,1
finproc|s25|r100|OVERLAP|w1|CAP_10PCT,,,,,1,0,0
finproc|s25|r100|OVERLAP|w1|CELL,,,,,1,0,0
finproc|s25|r100|OVERLAP|w2|WORKLOAD,,,,,1,1,1
finproc|s25|r100|OVERLAP|w2|CAP_10PCT,,,,,1,0,0
finproc|s25|r100|OVERLAP|w2|CELL,,,,,1,0,0
finproc|s25|r100|OVERLAP|w4|WORKLOAD,,,,,1,1,1
finproc|s25|r100|OVERLAP|w4|CAP_10PCT,,,,,1,0,0
finproc|s25|r100|OVERLAP|w4|CELL,,,,,1,0,0
finproc|s25|r100|NESTED|w1|WORKLOAD,,,,,1,1,1
finproc|s25|r100|NESTED|w1|CAP_10PCT,,,,,1,0,0
finproc|s25|r100|NESTED|w1|CELL,,,,,1,0,0
finproc|s25|r100|NESTED|w2|WORKLOAD,,,,,1,1,1
finproc|s25|r100|NESTED|w2|CAP_10PCT,,,,,1,0,0
finproc|s25|r100|NESTED|w2|CELL,,,,,1,0,0
finproc|s25|r100|NESTED|w4|WORKLOAD,,,,,1,1,1
finproc|s25|r100|NESTED|w4|CAP_10PCT,,,,,1,0,0
finproc|s25|r100|NESTED|w4|CELL,,,,,1,0,0
finproc|s50|r1|DISJOINT|w1|WORKLOAD,,,,,0,1,0
finproc|s50|r1|DISJOINT|w1|CAP_10PCT,,,,,0,1,0
finproc|s50|r1|DISJOINT|w1|CELL,,,,,0,1,0
finproc|s50|r1|DISJOINT|w2|WORKLOAD,,,,,1,1,1
finproc|s50|r1|DISJOINT|w2|CAP_10PCT,,,,,1,1,1
finproc|s50|r1|DISJOINT|w2|CELL,,,,,1,1,1
finproc|s50|r1|DISJOINT|w4|WORKLOAD,,,,,1,1,1
finproc|s50|r1|DISJOINT|w4|CAP_10PCT,,,,,1,1,1
finproc|s50|r1|DISJOINT|w4|CELL,,,,,1,1,1
finproc|s50|r1|OVERLAP|w1|WORKLOAD,,,,,1,1,1
finproc|s50|r1|OVERLAP|w1|CAP_10PCT,,,,,1,1,1
finproc|s50|r1|OVERLAP|w1|CELL,,,,,1,1,1
finproc|s50|r1|OVERLAP|w2|WORKLOAD,,,,,1,1,1
finproc|s50|r1|OVERLAP|w2|CAP_10PCT,,,,,1,1,1
finproc|s50|r1|OVERLAP|w2|CELL,,,,,1,1,1
finproc|s50|r1|OVERLAP|w4|WORKLOAD,,,,,1,1,1
finproc|s50|r1|OVERLAP|w4|CAP_10PCT,,,,,1,1,1
finproc|s50|r1|OVERLAP|w4|CELL,,,,,1,1,1
finproc|s50|r1|NESTED|w1|WORKLOAD,,,,,1,1,1
finproc|s50|r1|NESTED|w1|CAP_10PCT,,,,,1,1,1
finproc|s50|r1|NESTED|w1|CELL,,,,,1,1,1
finproc|s50|r1|NESTED|w2|WORKLOAD,,,,,1,1,1
finproc|s50|r1|NESTED|w2|CAP_10PCT,,,,,1,1,1
finproc|s50|r1|NESTED|w2|CELL,,,,,1,1,1
finproc|s50|r1|NESTED|w4|WORKLOAD,,,,,1,1,1
finproc|s50|r1|NESTED|w4|CAP_10PCT,,,,,1,1,1
finproc|s50|r1|NESTED|w4|CELL,,,,,1,1,1
finproc|s50|r10|DISJOINT|w1|WORKLOAD,,,,,0,1,0
finproc|s50|r10|DISJOINT|w1|CAP_10PCT,,,,,0,0,1
finproc|s50|r10|DISJOINT|w1|CELL,,,,,0,0,1
finproc|s50|r10|DISJOINT|w2|WORKLOAD,,,,,0,1,0
finproc|s50|r10|DISJOINT|w2|CAP_10PCT,,,,,0,0,1
finproc|s50|r10|DISJOINT|w2|CELL,,,,,0,0,1
finproc|s50|r10|DISJOINT|w4|WORKLOAD,,,,,0,1,0
finproc|s50|r10|DISJOINT|w4|CAP_10PCT,,,,,0,0,1
finproc|s50|r10|DISJOINT|w4|CELL,,,,,0,0,1
finproc|s50|r10|OVERLAP|w1|WORKLOAD,,,,,1,1,1
finproc|s50|r10|OVERLAP|w1|CAP_10PCT,,,,,1,0,0
finproc|s50|r10|OVERLAP|w1|CELL,,,,,1,0,0
finproc|s50|r10|OVERLAP|w2|WORKLOAD,,,,,1,1,1
finproc|s50|r10|OVERLAP|w2|CAP_10PCT,,,,,1,0,0
finproc|s50|r10|OVERLAP|w2|CELL,,,,,1,0,0
finproc|s50|r10|OVERLAP|w4|WORKLOAD,,,,,1,1,1
finproc|s50|r10|OVERLAP|w4|CAP_10PCT,,,,,1,0,0
finproc|s50|r10|OVERLAP|w4|CELL,,,,,1,0,0
finproc|s50|r10|NESTED|w1|WORKLOAD,,,,,1,1,1
finproc|s50|r10|NESTED|w1|CAP_10PCT,,,,,1,0,0
finproc|s50|r10|NESTED|w1|CELL,,,,,1,0,0
finproc|s50|r10|NESTED|w2|WORKLOAD,,,,,1,1,1
finproc|s50|r10|NESTED|w2|CAP_10PCT,,,,,1,0,0
finproc|s50|r10|NESTED|w2|CELL,,,,,1,0,0
finproc|s50|r10|NESTED|w4|WORKLOAD,,,,,1,1,1
finproc|s50|r10|NESTED|w4|CAP_10PCT,,,,,1,0,0
finproc|s50|r10|NESTED|w4|CELL,,,,,1,0,0
finproc|s50|r50|DISJOINT|w1|WORKLOAD,,,,,0,1,0
finproc|s50|r50|DISJOINT|w1|CAP_10PCT,,,,,0,0,1
finproc|s50|r50|DISJOINT|w1|CELL,,,,,0,0,1
finproc|s50|r50|DISJOINT|w2|WORKLOAD,,,,,0,1,0
finproc|s50|r50|DISJOINT|w2|CAP_10PCT,,,,,0,0,1
finproc|s50|r50|DISJOINT|w2|CELL,,,,,0,0,1
finproc|s50|r50|DISJOINT|w4|WORKLOAD,,,,,0,1,0
finproc|s50|r50|DISJOINT|w4|CAP_10PCT,,,,,0,0,1
finproc|s50|r50|DISJOINT|w4|CELL,,,,,0,0,1
finproc|s50|r50|OVERLAP|w1|WORKLOAD,,,,,1,1,1
finproc|s50|r50|OVERLAP|w1|CAP_10PCT,,,,,1,0,0
finproc|s50|r50|OVERLAP|w1|CELL,,,,,1,0,0
finproc|s50|r50|OVERLAP|w2|WORKLOAD,,,,,1,1,1
finproc|s50|r50|OVERLAP|w2|CAP_10PCT,,,,,1,0,0
finproc|s50|r50|OVERLAP|w2|CELL,,,,,1,0,0
finproc|s50|r50|OVERLAP|w4|WORKLOAD,,,,,1,1,1
finproc|s50|r50|OVERLAP|w4|CAP_10PCT,,,,,1,0,0
finproc|s50|r50|OVERLAP|w4|CELL,,,,,1,0,0
finproc|s50|r50|NESTED|w1|WORKLOAD,,,,,1,1,1
finproc|s50|r50|NESTED|w1|CAP_10PCT,,,,,1,0,0
finproc|s50|r50|NESTED|w1|CELL,,,,,1,0,0
finproc|s50|r50|NESTED|w2|WORKLOAD,,,,,1,1,1
finproc|s50|r50|NESTED|w2|CAP_10PCT,,,,,1,0,0
finproc|s50|r50|NESTED|w2|CELL,,,,,1,0,0
finproc|s50|r50|NESTED|w4|WORKLOAD,,,,,1,1,1
finproc|s50|r50|NESTED|w4|CAP_10PCT,,,,,1,0,0
finproc|s50|r50|NESTED|w4|CELL,,,,,1,0,0
finproc|s50|r100|DISJOINT|w1|WORKLOAD,,,,,0,1,0
finproc|s50|r100|DISJOINT|w1|CAP_10PCT,,,,,0,0,1
finproc|s50|r100|DISJOINT|w1|CELL,,,,,0,0,1
finproc|s50|r100|DISJOINT|w2|WORKLOAD,,,,,0,1,0
finproc|s50|r100|DISJOINT|w2|CAP_10PCT,,,,,0,0,1
finproc|s50|r100|DISJOINT|w2|CELL,,,,,0,0,1
finproc|s50|r100|DISJOINT|w4|WORKLOAD,,,,,0,1,0
finproc|s50|r100|DISJOINT|w4|CAP_10PCT,,,,,0,0,1
finproc|s50|r100|DISJOINT|w4|CELL,,,,,0,0,1
finproc|s50|r100|OVERLAP|w1|WORKLOAD,,,,,1,1,1
finproc|s50|r100|OVERLAP|w1|CAP_10PCT,,,,,1,0,0
finproc|s50|r100|OVERLAP|w1|CELL,,,,,1,0,0
finproc|s50|r100|OVERLAP|w2|WORKLOAD,,,,,1,1,1
finproc|s50|r100|OVERLAP|w2|CAP_10PCT,,,,,1,0,0
finproc|s50|r100|OVERLAP|w2|CELL,,,,,1,0,0
finproc|s50|r100|OVERLAP|w4|WORKLOAD,,,,,1,1,1
finproc|s50|r100|OVERLAP|w4|CAP_10PCT,,,,,1,0,0
finproc|s50|r100|OVERLAP|w4|CELL,,,,,1,0,0
finproc|s50|r100|NESTED|w1|WORKLOAD,,,,,1,1,1
finproc|s50|r100|NESTED|w1|CAP_10PCT,,,,,1,0,0
finproc|s50|r100|NESTED|w1|CELL,,,,,1,0,0
finproc|s50|r100|NESTED|w2|WORKLOAD,,,,,1,1,1
finproc|s50|r100|NESTED|w2|CAP_10PCT,,,,,1,0,0
finproc|s50|r100|NESTED|w2|CELL,,,,,1,0,0
finproc|s50|r100|NESTED|w4|WORKLOAD,,,,,1,1,1
finproc|s50|r100|NESTED|w4|CAP_10PCT,,,,,1,0,0
finproc|s50|r100|NESTED|w4|CELL,,,,,1,0,0
finproc|s75|r1|DISJOINT|w1|WORKLOAD,,,,,0,1,0
finproc|s75|r1|DISJOINT|w1|CAP_10PCT,,,,,0,1,0
finproc|s75|r1|DISJOINT|w1|CELL,,,,,0,1,0
finproc|s75|r1|DISJOINT|w2|WORKLOAD,,,,,1,1,1
finproc|s75|r1|DISJOINT|w2|CAP_10PCT,,,,,1,1,1
finproc|s75|r1|DISJOINT|w2|CELL,,,,,1,1,1
finproc|s75|r1|DISJOINT|w4|WORKLOAD,,,,,1,1,1
finproc|s75|r1|DISJOINT|w4|CAP_10PCT,,,,,1,1,1
finproc|s75|r1|DISJOINT|w4|CELL,,,,,1,1,1
finproc|s75|r1|OVERLAP|w1|WORKLOAD,,,,,0,1,0
finproc|s75|r1|OVERLAP|w1|CAP_10PCT,,,,,0,1,0
finproc|s75|r1|OVERLAP|w1|CELL,,,,,0,1,0
finproc|s75|r1|OVERLAP|w2|WORKLOAD,,,,,1,1,1
finproc|s75|r1|OVERLAP|w2|CAP_10PCT,,,,,1,1,1
finproc|s75|r1|OVERLAP|w2|CELL,,,,,1,1,1
finproc|s75|r1|OVERLAP|w4|WORKLOAD,,,,,1,1,1
finproc|s75|r1|OVERLAP|w4|CAP_10PCT,,,,,1,1,1
finproc|s75|r1|OVERLAP|w4|CELL,,,,,1,1,1
finproc|s75|r1|NESTED|w1|WORKLOAD,,,,,0,1,0
finproc|s75|r1|NESTED|w1|CAP_10PCT,,,,,0,1,0
finproc|s75|r1|NESTED|w1|CELL,,,,,0,1,0
finproc|s75|r1|NESTED|w2|WORKLOAD,,,,,1,1,1
finproc|s75|r1|NESTED|w2|CAP_10PCT,,,,,1,1,1
finproc|s75|r1|NESTED|w2|CELL,,,,,1,1,1
finproc|s75|r1|NESTED|w4|WORKLOAD,,,,,1,1,1
finproc|s75|r1|NESTED|w4|CAP_10PCT,,,,,1,1,1
finproc|s75|r1|NESTED|w4|CELL,,,,,1,1,1
finproc|s75|r10|DISJOINT|w1|WORKLOAD,,,,,0,1,0
finproc|s75|r10|DISJOINT|w1|CAP_10PCT,,,,,0,0,1
finproc|s75|r10|DISJOINT|w1|CELL,,,,,0,0,1
finproc|s75|r10|DISJOINT|w2|WORKLOAD,,,,,0,1,0
finproc|s75|r10|DISJOINT|w2|CAP_10PCT,,,,,0,0,1
finproc|s75|r10|DISJOINT|w2|CELL,,,,,0,0,1
finproc|s75|r10|DISJOINT|w4|WORKLOAD,,,,,0,1,0
finproc|s75|r10|DISJOINT|w4|CAP_10PCT,,,,,0,0,1
finproc|s75|r10|DISJOINT|w4|CELL,,,,,0,0,1
finproc|s75|r10|OVERLAP|w1|WORKLOAD,,,,,0,1,0
finproc|s75|r10|OVERLAP|w1|CAP_10PCT,,,,,0,0,1
finproc|s75|r10|OVERLAP|w1|CELL,,,,,0,0,1
finproc|s75|r10|OVERLAP|w2|WORKLOAD,,,,,1,1,1
finproc|s75|r10|OVERLAP|w2|CAP_10PCT,,,,,1,0,0
finproc|s75|r10|OVERLAP|w2|CELL,,,,,1,0,0
finproc|s75|r10|OVERLAP|w4|WORKLOAD,,,,,1,1,1
finproc|s75|r10|OVERLAP|w4|CAP_10PCT,,,,,1,0,0
finproc|s75|r10|OVERLAP|w4|CELL,,,,,1,0,0
finproc|s75|r10|NESTED|w1|WORKLOAD,,,,,0,1,0
finproc|s75|r10|NESTED|w1|CAP_10PCT,,,,,0,0,1
finproc|s75|r10|NESTED|w1|CELL,,,,,0,0,1
finproc|s75|r10|NESTED|w2|WORKLOAD,,,,,1,1,1
finproc|s75|r10|NESTED|w2|CAP_10PCT,,,,,1,0,0
finproc|s75|r10|NESTED|w2|CELL,,,,,1,0,0
finproc|s75|r10|NESTED|w4|WORKLOAD,,,,,1,1,1
finproc|s75|r10|NESTED|w4|CAP_10PCT,,,,,1,0,0
finproc|s75|r10|NESTED|w4|CELL,,,,,1,0,0
finproc|s75|r50|DISJOINT|w1|WORKLOAD,,,,,0,1,0
finproc|s75|r50|DISJOINT|w1|CAP_10PCT,,,,,0,0,1
finproc|s75|r50|DISJOINT|w1|CELL,,,,,0,0,1
finproc|s75|r50|DISJOINT|w2|WORKLOAD,,,,,0,1,0
finproc|s75|r50|DISJOINT|w2|CAP_10PCT,,,,,0,0,1
finproc|s75|r50|DISJOINT|w2|CELL,,,,,0,0,1
finproc|s75|r50|DISJOINT|w4|WORKLOAD,,,,,0,1,0
finproc|s75|r50|DISJOINT|w4|CAP_10PCT,,,,,0,0,1
finproc|s75|r50|DISJOINT|w4|CELL,,,,,0,0,1
finproc|s75|r50|OVERLAP|w1|WORKLOAD,,,,,0,1,0
finproc|s75|r50|OVERLAP|w1|CAP_10PCT,,,,,0,0,1
finproc|s75|r50|OVERLAP|w1|CELL,,,,,0,0,1
finproc|s75|r50|OVERLAP|w2|WORKLOAD,,,,,1,1,1
finproc|s75|r50|OVERLAP|w2|CAP_10PCT,,,,,1,0,0
finproc|s75|r50|OVERLAP|w2|CELL,,,,,1,0,0
finproc|s75|r50|OVERLAP|w4|WORKLOAD,,,,,1,1,1
finproc|s75|r50|OVERLAP|w4|CAP_10PCT,,,,,1,0,0
finproc|s75|r50|OVERLAP|w4|CELL,,,,,1,0,0
finproc|s75|r50|NESTED|w1|WORKLOAD,,,,,0,1,0
finproc|s75|r50|NESTED|w1|CAP_10PCT,,,,,0,0,1
finproc|s75|r50|NESTED|w1|CELL,,,,,0,0,1
finproc|s75|r50|NESTED|w2|WORKLOAD,,,,,1,1,1
finproc|s75|r50|NESTED|w2|CAP_10PCT,,,,,1,0,0
finproc|s75|r50|NESTED|w2|CELL,,,,,1,0,0
finproc|s75|r50|NESTED|w4|WORKLOAD,,,,,1,1,1
finproc|s75|r50|NESTED|w4|CAP_10PCT,,,,,1,0,0
finproc|s75|r50|NESTED|w4|CELL,,,,,1,0,0
finproc|s75|r100|DISJOINT|w1|WORKLOAD,,,,,0,1,0
finproc|s75|r100|DISJOINT|w1|CAP_10PCT,,,,,0,0,1
finproc|s75|r100|DISJOINT|w1|CELL,,,,,0,0,1
finproc|s75|r100|DISJOINT|w2|WORKLOAD,,,,,0,1,0
finproc|s75|r100|DISJOINT|w2|CAP_10PCT,,,,,0,0,1
finproc|s75|r100|DISJOINT|w2|CELL,,,,,0,0,1
finproc|s75|r100|DISJOINT|w4|WORKLOAD,,,,,0,1,0
finproc|s75|r100|DISJOINT|w4|CAP_10PCT,,,,,0,0,1
finproc|s75|r100|DISJOINT|w4|CELL,,,,,0,0,1
finproc|s75|r100|OVERLAP|w1|WORKLOAD,,,,,0,1,0
finproc|s75|r100|OVERLAP|w1|CAP_10PCT,,,,,0,0,1
finproc|s75|r100|OVERLAP|w1|CELL,,,,,0,0,1
finproc|s75|r100|OVERLAP|w2|WORKLOAD,,,,,1,1,1
finproc|s75|r100|OVERLAP|w2|CAP_10PCT,,,,,1,0,0
finproc|s75|r100|OVERLAP|w2|CELL,,,,,1,0,0
finproc|s75|r100|OVERLAP|w4|WORKLOAD,,,,,1,1,1
finproc|s75|r100|OVERLAP|w4|CAP_10PCT,,,,,1,0,0
finproc|s75|r100|OVERLAP|w4|CELL,,,,,1,0,0
finproc|s75|r100|NESTED|w1|WORKLOAD,,,,,0,1,0
finproc|s75|r100|NESTED|w1|CAP_10PCT,,,,,0,0,1
finproc|s75|r100|NESTED|w1|CELL,,,,,0,0,1
finproc|s75|r100|NESTED|w2|WORKLOAD,,,,,1,1,1
finproc|s75|r100|NESTED|w2|CAP_10PCT,,,,,1,0,0
finproc|s75|r100|NESTED|w2|CELL,,,,,1,0,0
finproc|s75|r100|NESTED|w4|WORKLOAD,,,,,1,1,1
finproc|s75|r100|NESTED|w4|CAP_10PCT,,,,,1,0,0
finproc|s75|r100|NESTED|w4|CELL,,,,,1,0,0
finproc|s100|r1|DISJOINT|w1|WORKLOAD,,,,,0,1,0
finproc|s100|r1|DISJOINT|w1|CAP_10PCT,,,,,0,1,0
finproc|s100|r1|DISJOINT|w1|CELL,,,,,0,1,0
finproc|s100|r1|DISJOINT|w2|WORKLOAD,,,,,0,1,0
finproc|s100|r1|DISJOINT|w2|CAP_10PCT,,,,,0,1,0
finproc|s100|r1|DISJOINT|w2|CELL,,,,,0,1,0
finproc|s100|r1|DISJOINT|w4|WORKLOAD,,,,,0,1,0
finproc|s100|r1|DISJOINT|w4|CAP_10PCT,,,,,0,1,0
finproc|s100|r1|DISJOINT|w4|CELL,,,,,0,1,0
finproc|s100|r1|OVERLAP|w1|WORKLOAD,,,,,0,1,0
finproc|s100|r1|OVERLAP|w1|CAP_10PCT,,,,,0,1,0
finproc|s100|r1|OVERLAP|w1|CELL,,,,,0,1,0
finproc|s100|r1|OVERLAP|w2|WORKLOAD,,,,,1,1,1
finproc|s100|r1|OVERLAP|w2|CAP_10PCT,,,,,1,1,1
finproc|s100|r1|OVERLAP|w2|CELL,,,,,1,1,1
finproc|s100|r1|OVERLAP|w4|WORKLOAD,,,,,1,1,1
finproc|s100|r1|OVERLAP|w4|CAP_10PCT,,,,,1,1,1
finproc|s100|r1|OVERLAP|w4|CELL,,,,,1,1,1
finproc|s100|r1|NESTED|w1|WORKLOAD,,,,,0,1,0
finproc|s100|r1|NESTED|w1|CAP_10PCT,,,,,0,1,0
finproc|s100|r1|NESTED|w1|CELL,,,,,0,1,0
finproc|s100|r1|NESTED|w2|WORKLOAD,,,,,0,1,0
finproc|s100|r1|NESTED|w2|CAP_10PCT,,,,,0,1,0
finproc|s100|r1|NESTED|w2|CELL,,,,,0,1,0
finproc|s100|r1|NESTED|w4|WORKLOAD,,,,,0,1,0
finproc|s100|r1|NESTED|w4|CAP_10PCT,,,,,0,1,0
finproc|s100|r1|NESTED|w4|CELL,,,,,0,1,0
finproc|s100|r10|DISJOINT|w1|WORKLOAD,,,,,0,1,0
finproc|s100|r10|DISJOINT|w1|CAP_10PCT,,,,,0,0,1
finproc|s100|r10|DISJOINT|w1|CELL,,,,,0,0,1
finproc|s100|r10|DISJOINT|w2|WORKLOAD,,,,,0,1,0
finproc|s100|r10|DISJOINT|w2|CAP_10PCT,,,,,0,0,1
finproc|s100|r10|DISJOINT|w2|CELL,,,,,0,0,1
finproc|s100|r10|DISJOINT|w4|WORKLOAD,,,,,0,1,0
finproc|s100|r10|DISJOINT|w4|CAP_10PCT,,,,,0,0,1
finproc|s100|r10|DISJOINT|w4|CELL,,,,,0,0,1
finproc|s100|r10|OVERLAP|w1|WORKLOAD,,,,,0,1,0
finproc|s100|r10|OVERLAP|w1|CAP_10PCT,,,,,0,0,1
finproc|s100|r10|OVERLAP|w1|CELL,,,,,0,0,1
finproc|s100|r10|OVERLAP|w2|WORKLOAD,,,,,1,1,1
finproc|s100|r10|OVERLAP|w2|CAP_10PCT,,,,,1,0,0
finproc|s100|r10|OVERLAP|w2|CELL,,,,,1,0,0
finproc|s100|r10|OVERLAP|w4|WORKLOAD,,,,,1,1,1
finproc|s100|r10|OVERLAP|w4|CAP_10PCT,,,,,1,0,0
finproc|s100|r10|OVERLAP|w4|CELL,,,,,1,0,0
finproc|s100|r10|NESTED|w1|WORKLOAD,,,,,0,1,0
finproc|s100|r10|NESTED|w1|CAP_10PCT,,,,,0,0,1
finproc|s100|r10|NESTED|w1|CELL,,,,,0,0,1
finproc|s100|r10|NESTED|w2|WORKLOAD,,,,,1,1,1
finproc|s100|r10|NESTED|w2|CAP_10PCT,,,,,1,0,0
finproc|s100|r10|NESTED|w2|CELL,,,,,1,0,0
finproc|s100|r10|NESTED|w4|WORKLOAD,,,,,1,1,1
finproc|s100|r10|NESTED|w4|CAP_10PCT,,,,,1,0,0
finproc|s100|r10|NESTED|w4|CELL,,,,,1,0,0
finproc|s100|r50|DISJOINT|w1|WORKLOAD,,,,,0,1,0
finproc|s100|r50|DISJOINT|w1|CAP_10PCT,,,,,0,0,1
finproc|s100|r50|DISJOINT|w1|CELL,,,,,0,0,1
finproc|s100|r50|DISJOINT|w2|WORKLOAD,,,,,0,1,0
finproc|s100|r50|DISJOINT|w2|CAP_10PCT,,,,,0,0,1
finproc|s100|r50|DISJOINT|w2|CELL,,,,,0,0,1
finproc|s100|r50|DISJOINT|w4|WORKLOAD,,,,,0,1,0
finproc|s100|r50|DISJOINT|w4|CAP_10PCT,,,,,0,0,1
finproc|s100|r50|DISJOINT|w4|CELL,,,,,0,0,1
finproc|s100|r50|OVERLAP|w1|WORKLOAD,,,,,0,1,0
finproc|s100|r50|OVERLAP|w1|CAP_10PCT,,,,,0,0,1
finproc|s100|r50|OVERLAP|w1|CELL,,,,,0,0,1
finproc|s100|r50|OVERLAP|w2|WORKLOAD,,,,,1,1,1
finproc|s100|r50|OVERLAP|w2|CAP_10PCT,,,,,1,0,0
finproc|s100|r50|OVERLAP|w2|CELL,,,,,1,0,0
finproc|s100|r50|OVERLAP|w4|WORKLOAD,,,,,1,1,1
finproc|s100|r50|OVERLAP|w4|CAP_10PCT,,,,,1,0,0
finproc|s100|r50|OVERLAP|w4|CELL,,,,,1,0,0
finproc|s100|r50|NESTED|w1|WORKLOAD,,,,,0,1,0
finproc|s100|r50|NESTED|w1|CAP_10PCT,,,,,0,0,1
finproc|s100|r50|NESTED|w1|CELL,,,,,0,0,1
finproc|s100|r50|NESTED|w2|WORKLOAD,,,,,1,1,1
finproc|s100|r50|NESTED|w2|CAP_10PCT,,,,,1,0,0
finproc|s100|r50|NESTED|w2|CELL,,,,,1,0,0
finproc|s100|r50|NESTED|w4|WORKLOAD,,,,,1,1,1
finproc|s100|r50|NESTED|w4|CAP_10PCT,,,,,1,0,0
finproc|s100|r50|NESTED|w4|CELL,,,,,1,0,0
finproc|s100|r100|DISJOINT|w1|WORKLOAD,,,,,0,1,0
finproc|s100|r100|DISJOINT|w1|CAP_10PCT,,,,,0,0,1
finproc|s100|r100|DISJOINT|w1|CELL,,,,,0,0,1
finproc|s100|r100|DISJOINT|w2|WORKLOAD,,,,,0,1,0
finproc|s100|r100|DISJOINT|w2|CAP_10PCT,,,,,0,0,1
finproc|s100|r100|DISJOINT|w2|CELL,,,,,0,0,1
finproc|s100|r100|DISJOINT|w4|WORKLOAD,,,,,0,1,0
finproc|s100|r100|DISJOINT|w4|CAP_10PCT,,,,,0,0,1
finproc|s100|r100|DISJOINT|w4|CELL,,,,,0,0,1
finproc|s100|r100|OVERLAP|w1|WORKLOAD,,,,,0,1,0
finproc|s100|r100|OVERLAP|w1|CAP_10PCT,,,,,0,0,1
finproc|s100|r100|OVERLAP|w1|CELL,,,,,0,0,1
finproc|s100|r100|OVERLAP|w2|WORKLOAD,,,,,1,1,1
finproc|s100|r100|OVERLAP|w2|CAP_10PCT,,,,,1,0,0
finproc|s100|r100|OVERLAP|w2|CELL,,,,,1,0,0
finproc|s100|r100|OVERLAP|w4|WORKLOAD,,,,,1,1,1
finproc|s100|r100|OVERLAP|w4|CAP_10PCT,,,,,1,0,0
finproc|s100|r100|OVERLAP|w4|CELL,,,,,1,0,0
finproc|s100|r100|NESTED|w1|WORKLOAD,,,,,0,1,0
finproc|s100|r100|NESTED|w1|CAP_10PCT,,,,,0,0,1
finproc|s100|r100|NESTED|w1|CELL,,,,,0,0,1
finproc|s100|r100|NESTED|w2|WORKLOAD,,,,,1,1,1
finproc|s100|r100|NESTED|w2|CAP_10PCT,,,,,1,0,0
finproc|s100|r100|NESTED|w2|CELL,,,,,1,0,0
finproc|s100|r100|NESTED|w4|WORKLOAD,,,,,1,1,1
finproc|s100|r100|NESTED|w4|CAP_10PCT,,,,,1,0,0
finproc|s100|r100|NESTED|w4|CELL,,,,,1,0,0
