cell,domain,s,reuse,pattern,width,scope,n_rows,n_caps,realized_s,union_rows,union_share,overlap_ratio,mean_payload_len,survivor_payload_len,A,B,C,CBO,D,O,C_over_B,C_over_A,C_over_O,B_over_O,A_over_O,regret_C,regret_A,regret_B,logr_C_A,logr_C_B,tokens_A,tokens_B,tokens_C,tokens_O,rows_A,rows_B,rows_C,amort_A,amort_B,amort_C,amort_O,evictions_C,cov_C,quality_note
ecom|s1|r1|DISJOINT|w1|WORKLOAD,ecom,1,1,DISJOINT,1,WORKLOAD,10000,1,0.0105,105,0.0105,0.0,56.79,57.25,2.595764,0.02728,0.027364,0.02728,0.02728,0.02728,1.00308,0.01054,1.00308,1.0,95.1509,0.00308,94.1509,0.0,-4.55239,0.003074,1058958,11146,11146,8e-05,10000,105,105,2.595764,0.0272805,0.0273645,0.0272805,0,0.0105,策略间质量恒定（同一 survivor → 同一 artifact → 同一答案）
ecom|s1|r1|DISJOINT|w1|CAP_10PCT,ecom,1,1,DISJOINT,1,CAP_10PCT,10000,1,0.0105,105,0.0105,0.0,56.79,57.25,2.595764,0.02728,0.027364,0.02728,0.02728,0.02728,1.00308,0.01054,1.00308,1.0,95.1509,0.00308,94.1509,0.0,-4.55239,0.003074,1058958,11146,11146,8e-05,10000,105,105,2.595764,0.0272805,0.0273645,0.0272805,0,0.0105,策略间质量恒定（同一 survivor → 同一 artifact → 同一答案）
ecom|s1|r1|DISJOINT|w1|CELL,ecom,1,1,DISJOINT,1,CELL,10000,1,0.0105,105,0.0105,0.0,56.79,57.25,2.595764,0.02728,0.027364,0.02728,0.02728,0.02728,1.00308,0.01054,1.00308,1.0,95.1509,0.00308,94.1509,0.0,-4.55239,0.003074,1058958,11146,11146,8e-05,10000,105,105,2.595764,0.0272805,0.0273645,0.0272805,0,0.0105,策略间质量恒定（同一 survivor → 同一 artifact → 同一答案）
ecom|s1|r1|DISJOINT|w2|WORKLOAD,ecom,1,1,DISJOINT,2,WORKLOAD,10000,2,0.0079,79,0.0079,0.0,56.79,57.48,5.194296,0.041149,0.041275,0.041149,0.041149,0.041149,1.00307,0.00795,1.00307,1.0,126.2314,0.00307,125.2314,0.0,-4.83505,0.003067,2011724,15977,15977,8e-05,20000,158,158,5.194296,0.041149,0.0412754,0.041149,0,0.0079,策略间质量恒定（同一 survivor → 同一 artifact → 同一答案）
ecom|s1|r1|DISJOINT|w2|CAP_10PCT,ecom,1,1,DISJOINT,2,CAP_10PCT,10000,2,0.0079,79,0.0079,0.0,56.79,57.48,5.194296,0.041149,0.041275,0.041149,0.041149,0.041149,1.00307,0.00795,1.00307,1.0,126.2314,0.00307,125.2314,0.0,-4.83505,0.003067,2011724,15977,15977,8e-05,20000,158,158,5.194296,0.041149,0.0412754,0.041149,0,0.0079,策略间质量恒定（同一 survivor → 同一 artifact → 同一答案）
ecom|s1|r1|DISJOINT|w2|CELL,ecom,1,1,DISJOINT,2,CELL,10000,2,0.0079,79,0.0079,0.0,56.79,57.48,5.194296,0.041149,0.041275,0.041149,0.041149,0.041149,1.00307,0.00795,1.00307,1.0,126.2314,0.00307,125.2314,0.0,-4.83505,0.003067,2011724,15977,15977,8e-05,20000,158,158,5.194296,0.041149,0.0412754,0.041149,0,0.0079,策略间质量恒定（同一 survivor → 同一 artifact → 同一答案）
ecom|s1|r1|DISJOINT|w4|WORKLOAD,ecom,1,1,DISJOINT,4,WORKLOAD,10000,4,0.0107,107,0.0107,0.0,56.79,56.38,9.73136,0.103546,0.103888,0.103546,0.103546,0.103546,1.00331,0.01068,1.00331,1.0,93.98103,0.00331,92.98103,0.0,-4.539792,0.003301,3727256,39726,39726,8e-05,40000,428,428,9.73136,0.103546,0.1038884,0.103546,0,0.0107,策略间质量恒定（同一 survivor → 同一 artifact → 同一答案）
ecom|s1|r1|DISJOINT|w4|CAP_10PCT,ecom,1,1,DISJOINT,4,CAP_10PCT,10000,4,0.0107,107,0.0107,0.0,56.79,56.38,9.73136,0.103546,0.103888,0.103546,0.103546,0.103546,1.00331,0.01068,1.00331,1.0,93.98103,0.00331,92.98103,0.0,-4.539792,0.003301,3727256,39726,39726,8e-05,40000,428,428,9.73136,0.103546,0.1038884,0.103546,0,0.0107,策略间质量恒定（同一 survivor → 同一 artifact → 同一答案）
ecom|s1|r1|DISJOINT|w4|CELL,ecom,1,1,DISJOINT,4,CELL,10000,4,0.0107,107,0.0107,0.0,56.79,56.38,9.73136,0.103546,0.103888,0.103546,0.103546,0.103546,1.00331,0.01068,1.00331,1.0,93.98103,0.00331,92.98103,0.0,-4.539792,0.003301,3727256,39726,39726,8e-05,40000,428,428,9.73136,0.103546,0.1038884,0.103546,0,0.0107,策略间质量恒定（同一 survivor → 同一 artifact → 同一答案）
ecom|s1|r1|OVERLAP|w1|WORKLOAD,ecom,1,1,OVERLAP,1,WORKLOAD,10000,1,0.0096,96,0.0096,0.0,56.79,56.12,2.595764,0.024936,0.025013,0.024936,0.024936,0.024936,1.00308,0.00964,1.00308,1.0,104.09705,0.00308,103.09705,0.0,-4.642248,0.003075,1058958,10160,10160,8e-05,10000,96,96,2.595764,0.024936,0.0250128,0.024936,0,0.0096,策略间质量恒定（同一 survivor → 同一 artifact → 同一答案）
ecom|s1|r1|OVERLAP|w1|CAP_10PCT,ecom,1,1,OVERLAP,1,CAP_10PCT,10000,1,0.0096,96,0.0096,0.0,56.79,56.12,2.595764,0.024936,0.025013,0.024936,0.024936,0.024936,1.00308,0.00964,1.00308,1.0,104.09705,0.00308,103.09705,0.0,-4.642248,0.003075,1058958,10160,10160,8e-05,10000,96,96,2.595764,0.024936,0.0250128,0.024936,0,0.0096,策略间质量恒定（同一 survivor → 同一 artifact → 同一答案）
ecom|s1|r1|OVERLAP|w1|CELL,ecom,1,1,OVERLAP,1,CELL,10000,1,0.0096,96,0.0096,0.0,56.79,56.12,2.595764,0.024936,0.025013,0.024936,0.024936,0.024936,1.00308,0.00964,1.00308,1.0,104.09705,0.00308,103.09705,0.0,-4.642248,0.003075,1058958,10160,10160,8e-05,10000,96,96,2.595764,0.024936,0.0250128,0.024936,0,0.0096,策略间质量恒定（同一 survivor → 同一 artifact → 同一答案）
ecom|s1|r1|OVERLAP|w2|WORKLOAD,ecom,1,1,OVERLAP,2,WORKLOAD,10000,2,0.0104,104,0.0104,0.0,56.79,56.64,5.194296,0.054072,0.054238,0.054072,0.054072,0.054072,1.00308,0.01044,1.00308,1.0,96.06258,0.00308,95.06258,0.0,-4.561927,0.003073,2011724,20964,20964,8e-05,20000,208,208,5.194296,0.054072,0.0542384,0.054072,0,0.0104,策略间质量恒定（同一 survivor → 同一 artifact → 同一答案）
ecom|s1|r1|OVERLAP|w2|CAP_10PCT,ecom,1,1,OVERLAP,2,CAP_10PCT,10000,2,0.0104,104,0.0104,0.0,56.79,56.64,5.194296,0.054072,0.054238,0.054072,0.054072,0.054072,1.00308,0.01044,1.00308,1.0,96.06258,0.00308,95.06258,0.0,-4.561927,0.003073,2011724,20964,20964,8e-05,20000,208,208,5.194296,0.054072,0.0542384,0.054072,0,0.0104,策略间质量恒定（同一 survivor → 同一 artifact → 同一答案）
ecom|s1|r1|OVERLAP|w2|CELL,ecom,1,1,OVERLAP,2,CELL,10000,2,0.0104,104,0.0104,0.0,56.79,56.64,5.194296,0.054072,0.054238,0.054072,0.054072,0.054072,1.00308,0.01044,1.00308,1.0,96.06258,0.00308,95.06258,0.0,-4.561927,0.003073,2011724,20964,20964,8e-05,20000,208,208,5.194296,0.054072,0.0542384,0.054072,0,0.0104,策略间质量恒定（同一 survivor → 同一 artifact → 同一答案）
ecom|s1|r1|OVERLAP|w4|WORKLOAD,ecom,1,1,OVERLAP,4,WORKLOAD,10000,4,0.0102,102,0.0102,0.0,56.79,56.14,9.73136,0.098884,0.09921,0.098884,0.098884,0.098884,1.0033,0.01019,1.0033,1.0,98.41188,0.0033,97.41188,0.0,-4.585866,0.003295,3727256,37948,37948,8e-05,40000,408,408,9.73136,0.098884,0.0992104,0.098884,0,0.0102,策略间质量恒定（同一 survivor → 同一 artifact → 同一答案）
ecom|s1|r1|OVERLAP|w4|CAP_10PCT,ecom,1,1,OVERLAP,4,CAP_10PCT,10000,4,0.0102,102,0.0102,0.0,56.79,56.14,9.73136,0.098884,0.09921,0.098884,0.098884,0.098884,1.0033,0.01019,1.0033,1.0,98.41188,0.0033,97.41188,0.0,-4.585866,0.003295,3727256,37948,37948,8e-05,40000,408,408,9.73136,0.098884,0.0992104,0.098884,0,0.0102,策略间质量恒定（同一 survivor → 同一 artifact → 同一答案）
ecom|s1|r1|OVERLAP|w4|CELL,ecom,1,1,OVERLAP,4,CELL,10000,4,0.0102,102,0.0102,0.0,56.79,56.14,9.73136,0.098884,0.09921,0.098884,0.098884,0.098884,1.0033,0.01019,1.0033,1.0,98.41188,0.0033,97.41188,0.0,-4.585866,0.003295,3727256,37948,37948,8e-05,40000,408,408,9.73136,0.098884,0.0992104,0.098884,0,0.0102,策略间质量恒定（同一 survivor → 同一 artifact → 同一答案）
ecom|s1|r1|NESTED|w1|WORKLOAD,ecom,1,1,NESTED,1,WORKLOAD,10000,1,0.0103,103,0.0103,0.0,56.79,55.93,2.595764,0.026603,0.026686,0.026603,0.026603,0.026603,1.0031,0.01028,1.0031,1.0,97.57227,0.0031,96.57227,0.0,-4.577501,0.003093,1058958,10856,10856,8e-05,10000,103,103,2.595764,0.0266035,0.0266859,0.0266035,0,0.0103,策略间质量恒定（同一 survivor → 同一 artifact → 同一答案）
ecom|s1|r1|NESTED|w1|CAP_10PCT,ecom,1,1,NESTED,1,CAP_10PCT,10000,1,0.0103,103,0.0103,0.0,56.79,55.93,2.595764,0.026603,0.026686,0.026603,0.026603,0.026603,1.0031,0.01028,1.0031,1.0,97.57227,0.0031,96.57227,0.0,-4.577501,0.003093,1058958,10856,10856,8e-05,10000,103,103,2.595764,0.0266035,0.0266859,0.0266035,0,0.0103,策略间质量恒定（同一 survivor → 同一 artifact → 同一答案）
ecom|s1|r1|NESTED|w1|CELL,ecom,1,1,NESTED,1,CELL,10000,1,0.0103,103,0.0103,0.0,56.79,55.93,2.595764,0.026603,0.026686,0.026603,0.026603,0.026603,1.0031,0.01028,1.0031,1.0,97.57227,0.0031,96.57227,0.0,-4.577501,0.003093,1058958,10856,10856,8e-05,10000,103,103,2.595764,0.0266035,0.0266859,0.0266035,0,0.0103,策略间质量恒定（同一 survivor → 同一 artifact → 同一答案）
ecom|s1|r1|NESTED|w2|WORKLOAD,ecom,1,1,NESTED,2,WORKLOAD,10000,2,0.0103,103,0.0103,0.0,56.79,55.93,5.194296,0.053197,0.053362,0.053197,0.053197,0.053197,1.0031,0.01027,1.0031,1.0,97.64265,0.0031,96.64265,0.0,-4.578221,0.003093,2011724,20625,20625,8e-05,20000,206,206,5.194296,0.053197,0.0533618,0.053197,0,0.0103,策略间质量恒定（同一 survivor → 同一 artifact → 同一答案）
ecom|s1|r1|NESTED|w2|CAP_10PCT,ecom,1,1,NESTED,2,CAP_10PCT,10000,2,0.0103,103,0.0103,0.0,56.79,55.93,5.194296,0.053197,0.053362,0.053197,0.053197,0.053197,1.0031,0.01027,1.0031,1.0,97.64265,0.0031,96.64265,0.0,-4.578221,0.003093,2011724,20625,20625,8e-05,20000,206,206,5.194296,0.053197,0.0533618,0.053197,0,0.0103,策略间质量恒定（同一 survivor → 同一 artifact → 同一答案）
ecom|s1|r1|NESTED|w2|CELL,ecom,1,1,NESTED,2,CELL,10000,2,0.0103,103,0.0103,0.0,56.79,55.93,5.194296,0.053197,0.053362,0.053197,0.053197,0.053197,1.0031,0.01027,1.0031,1.0,97.64265,0.0031,96.64265,0.0,-4.578221,0.003093,2011724,20625,20625,8e-05,20000,206,206,5.194296,0.053197,0.0533618,0.053197,0,0.0103,策略间质量恒定（同一 survivor → 同一 artifact → 同一答案）
ecom|s1|r1|NESTED|w4|WORKLOAD,ecom,1,1,NESTED,4,WORKLOAD,10000,4,0.0103,103,0.0103,0.0,56.79,55.93,9.73136,0.099586,0.099916,0.099586,0.099586,0.099586,1.00331,0.01027,1.00331,1.0,97.71815,0.00331,96.71815,0.0,-4.578783,0.003304,3727256,38206,38206,8e-05,40000,412,412,9.73136,0.099586,0.0999156,0.099586,0,0.0103,策略间质量恒定（同一 survivor → 同一 artifact → 同一答案）
ecom|s1|r1|NESTED|w4|CAP_10PCT,ecom,1,1,NESTED,4,CAP_10PCT,10000,4,0.0103,103,0.0103,0.0,56.79,55.93,9.73136,0.099586,0.099916,0.099586,0.099586,0.099586,1.00331,0.01027,1.00331,1.0,97.71815,0.00331,96.71815,0.0,-4.578783,0.003304,3727256,38206,38206,8e-05,40000,412,412,9.73136,0.099586,0.0999156,0.099586,0,0.0103,策略间质量恒定（同一 survivor → 同一 artifact → 同一答案）
ecom|s1|r1|NESTED|w4|CELL,ecom,1,1,NESTED,4,CELL,10000,4,0.0103,103,0.0103,0.0,56.79,55.93,9.73136,0.099586,0.099916,0.099586,0.099586,0.099586,1.00331,0.01027,1.00331,1.0,97.71815,0.00331,96.71815,0.0,-4.578783,0.003304,3727256,38206,38206,8e-05,40000,412,412,9.73136,0.099586,0.0999156,0.099586,0,0.0103,策略间质量恒定（同一 survivor → 同一 artifact → 同一答案）
ecom|s1|r10|DISJOINT|w1|WORKLOAD,ecom,1,10,DISJOINT,1,WORKLOAD,10000,1,0.01075,1014,0.1014,0.056744,56.79,57.25,2.596484,0.278973,0.26402,0.267788,0.267788,0.26402,0.9464,0.10168,1.0,1.05664,9.83441,0.0,8.83441,0.05664,-2.285888,-0.055091,1058958,113886,107411,0.0008,10000,1075,1014,0.2596484,0.02789735,0.02640202,0.02640202,0,0.1014,策略间质量恒定（同一 survivor → 同一 artifact → 同一答案）
ecom|s1|r10|DISJOINT|w1|CAP_10PCT,ecom,1,10,DISJOINT,1,CAP_10PCT,10000,1,0.01075,1014,0.1014,0.056744,56.79,57.25,2.596484,0.278973,0.26402,0.267788,0.267788,0.26402,0.9464,0.10168,1.0,1.05664,9.83441,0.0,8.83441,0.05664,-2.285888,-0.055091,1058958,113886,107411,0.0008,10000,1075,1014,0.2596484,0.02789735,0.02640202,0.02640202,14,0.1,策略间质量恒定（同一 survivor → 同一 artifact → 同一答案）
ecom|s1|r10|DISJOINT|w1|CELL,ecom,1,10,DISJOINT,1,CELL,10000,1,0.01075,1014,0.1014,0.056744,56.79,57.25,2.596484,0.278973,0.279834,0.279749,0.279749,0.26402,1.00308,0.10777,1.05989,1.05664,9.83441,0.05989,8.83441,0.05664,-2.227719,0.003078,1058958,113886,113886,0.0008,10000,1075,1075,0.2596484,0.02789735,0.02798335,0.02640202,0,0.0111,策略间质量恒定（同一 survivor → 同一 artifact → 同一答案）
ecom|s1|r10|DISJOINT|w2|WORKLOAD,ecom,1,10,DISJOINT,2,WORKLOAD,10000,2,0.00963,919,0.0919,0.046729,56.79,57.48,5.195016,0.499377,0.477927,0.491056,0.491056,0.477927,0.95705,0.092,1.0,1.04488,10.86989,0.0,9.86989,0.04488,-2.385996,-0.043902,2011724,193681,184779,0.0008,20000,1926,1838,0.5195016,0.0499377,0.04779274,0.04779274,0,0.0919,策略间质量恒定（同一 survivor → 同一 artifact → 同一答案）
ecom|s1|r10|DISJOINT|w2|CAP_10PCT,ecom,1,10,DISJOINT,2,CAP_10PCT,10000,2,0.00963,919,0.0919,0.046729,56.79,57.48,5.195016,0.499377,0.477927,0.491056,0.491056,0.477927,0.95705,0.092,1.0,1.04488,10.86989,0.0,9.86989,0.04488,-2.385996,-0.043902,2011724,193681,184779,0.0008,20000,1926,1838,0.5195016,0.0499377,0.04779274,0.04779274,0,0.0919,策略间质量恒定（同一 survivor → 同一 artifact → 同一答案）
ecom|s1|r10|DISJOINT|w2|CELL,ecom,1,10,DISJOINT,2,CELL,10000,2,0.00963,919,0.0919,0.046729,56.79,57.48,5.195016,0.499377,0.500918,0.500327,0.500327,0.477927,1.00309,0.09642,1.0481,1.04488,10.86989,0.0481,9.86989,0.04488,-2.339013,0.003081,2011724,193681,193681,0.0008,20000,1926,1926,0.5195016,0.0499377,0.05009178,0.04779274,0,0.0105,策略间质量恒定（同一 survivor → 同一 artifact → 同一答案）
ecom|s1|r10|DISJOINT|w4|WORKLOAD,ecom,1,10,DISJOINT,4,WORKLOAD,10000,4,0.01,949,0.0949,0.052,56.79,56.38,9.73208,0.970728,0.924083,0.948606,0.948606,0.924083,0.95195,0.09495,1.0,1.05048,10.53161,0.0,9.53161,0.05048,-2.354381,-0.049245,3727256,372660,353546,0.0008,40000,4000,3796,0.973208,0.0970728,0.09240828,0.09240828,0,0.0949,策略间质量恒定（同一 survivor → 同一 artifact → 同一答案）
ecom|s1|r10|DISJOINT|w4|CAP_10PCT,ecom,1,10,DISJOINT,4,CAP_10PCT,10000,4,0.01,949,0.0949,0.052,56.79,56.38,9.73208,0.970728,0.924083,0.948606,0.948606,0.924083,0.95195,0.09495,1.0,1.05048,10.53161,0.0,9.53161,0.05048,-2.354381,-0.049245,3727256,372660,353546,0.0008,40000,4000,3796,0.973208,0.0970728,0.09240828,0.09240828,0,0.0949,策略间质量恒定（同一 survivor → 同一 artifact → 同一答案）
ecom|s1|r10|DISJOINT|w4|CELL,ecom,1,10,DISJOINT,4,CELL,10000,4,0.01,949,0.0949,0.052,56.79,56.38,9.73208,0.970728,0.973928,0.972997,0.972997,0.924083,1.0033,0.10007,1.05394,1.05048,10.53161,0.05394,9.53161,0.05048,-2.301846,0.003291,3727256,372660,372660,0.0008,40000,4000,4000,0.973208,0.0970728,0.0973928,0.09240828,0,0.0109,策略间质量恒定（同一 survivor → 同一 artifact → 同一答案）
ecom|s1|r10|OVERLAP|w1|WORKLOAD,ecom,1,10,OVERLAP,1,WORKLOAD,10000,1,0.01,537,0.0537,2.263,56.79,56.12,2.596484,0.259846,0.140296,0.154235,0.154235,0.140296,0.53992,0.05403,1.0,1.85213,18.50717,0.0,17.50717,0.85213,-2.918158,-0.616334,1058958,105917,56895,0.0008,10000,1000,537,0.2596484,0.0259846,0.01402961,0.01402961,0,0.0537,策略间质量恒定（同一 survivor → 同一 artifact → 同一答案）
ecom|s1|r10|OVERLAP|w1|CAP_10PCT,ecom,1,10,OVERLAP,1,CAP_10PCT,10000,1,0.01,537,0.0537,2.263,56.79,56.12,2.596484,0.259846,0.140296,0.154235,0.154235,0.140296,0.53992,0.05403,1.0,1.85213,18.50717,0.0,17.50717,0.85213,-2.918158,-0.616334,1058958,105917,56895,0.0008,10000,1000,537,0.2596484,0.0259846,0.01402961,0.01402961,0,0.0537,策略间质量恒定（同一 survivor → 同一 artifact → 同一答案）
ecom|s1|r10|OVERLAP|w1|CELL,ecom,1,10,OVERLAP,1,CELL,10000,1,0.01,537,0.0537,2.263,56.79,56.12,2.596484,0.259846,0.260646,0.260569,0.260569,0.140296,1.00308,0.10038,1.85783,1.85213,18.50717,0.85783,17.50717,0.85213,-2.29875,0.003074,1058958,105917,105917,0.0008,10000,1000,1000,0.2596484,0.0259846,0.0260646,0.01402961,0,0.0092,策略间质量恒定（同一 survivor → 同一 artifact → 同一答案）
ecom|s1|r10|OVERLAP|w2|WORKLOAD,ecom,1,10,OVERLAP,2,WORKLOAD,10000,2,0.01025,559,0.0559,2.211707,56.79,56.64,5.195016,0.531615,0.291103,0.319494,0.319494,0.291103,0.54758,0.05604,1.0,1.82621,17.84595,0.0,16.84595,0.82621,-2.881776,-0.602241,2011724,206137,112423,0.0008,20000,2050,1118,0.5195016,0.0531615,0.02911034,0.02911034,0,0.0559,策略间质量恒定（同一 survivor → 同一 artifact → 同一答案）
ecom|s1|r10|OVERLAP|w2|CAP_10PCT,ecom,1,10,OVERLAP,2,CAP_10PCT,10000,2,0.01025,559,0.0559,2.211707,56.79,56.64,5.195016,0.531615,0.291103,0.319494,0.319494,0.291103,0.54758,0.05604,1.0,1.82621,17.84595,0.0,16.84595,0.82621,-2.881776,-0.602241,2011724,206137,112423,0.0008,20000,2050,1118,0.5195016,0.0531615,0.02911034,0.02911034,0,0.0559,策略间质量恒定（同一 survivor → 同一 artifact → 同一答案）
ecom|s1|r10|OVERLAP|w2|CELL,ecom,1,10,OVERLAP,2,CELL,10000,2,0.01025,559,0.0559,2.211707,56.79,56.64,5.195016,0.531615,0.533255,0.533089,0.533089,0.291103,1.00308,0.10265,1.83184,1.82621,17.84595,0.83184,16.84595,0.82621,-2.276455,0.00308,2011724,206137,206137,0.0008,20000,2050,2050,0.5195016,0.0531615,0.0533255,0.02911034,0,0.0094,策略间质量恒定（同一 survivor → 同一 artifact → 同一答案）
ecom|s1|r10|OVERLAP|w4|WORKLOAD,ecom,1,10,OVERLAP,4,WORKLOAD,10000,4,0.01005,544,0.0544,2.249751,56.79,56.14,9.73208,0.976726,0.531313,0.581533,0.581533,0.531313,0.54397,0.05459,1.0,1.83833,18.31704,0.0,17.31704,0.83833,-2.907832,-0.608855,3727256,375042,203302,0.0008,40000,4020,2176,0.973208,0.0976726,0.05313128,0.05313128,0,0.0544,策略间质量恒定（同一 survivor → 同一 artifact → 同一答案）
ecom|s1|r10|OVERLAP|w4|CAP_10PCT,ecom,1,10,OVERLAP,4,CAP_10PCT,10000,4,0.01005,544,0.0544,2.249751,56.79,56.14,9.73208,0.976726,0.531313,0.581533,0.581533,0.531313,0.54397,0.05459,1.0,1.83833,18.31704,0.0,17.31704,0.83833,-2.907832,-0.608855,3727256,375042,203302,0.0008,40000,4020,2176,0.973208,0.0976726,0.05313128,0.05313128,0,0.0544,策略间质量恒定（同一 survivor → 同一 artifact → 同一答案）
ecom|s1|r10|OVERLAP|w4|CELL,ecom,1,10,OVERLAP,4,CELL,10000,4,0.01005,544,0.0544,2.249751,56.79,56.14,9.73208,0.976726,0.979942,0.979616,0.979616,0.531313,1.00329,0.10069,1.84438,1.83833,18.31704,0.84438,17.31704,0.83833,-2.29569,0.003287,3727256,375042,375042,0.0008,40000,4020,4020,0.973208,0.0976726,0.0979942,0.05313128,0,0.0106,策略间质量恒定（同一 survivor → 同一 artifact → 同一答案）
ecom|s1|r10|NESTED|w1|WORKLOAD,ecom,1,10,NESTED,1,WORKLOAD,10000,1,0.01036,191,0.0191,2.92278,56.79,56.95,2.596484,0.268394,0.050396,0.055346,0.055346,0.050396,0.18777,0.01941,1.0,5.32567,51.52132,0.0,50.52132,4.32567,-3.941996,-1.672538,1058958,109482,20226,0.0008,10000,1036,191,0.2596484,0.0268394,0.00503963,0.00503963,0,0.0191,策略间质量恒定（同一 survivor → 同一 artifact → 同一答案）
ecom|s1|r10|NESTED|w1|CAP_10PCT,ecom,1,10,NESTED,1,CAP_10PCT,10000,1,0.01036,191,0.0191,2.92278,56.79,56.95,2.596484,0.268394,0.050396,0.055346,0.055346,0.050396,0.18777,0.01941,1.0,5.32567,51.52132,0.0,50.52132,4.32567,-3.941996,-1.672538,1058958,109482,20226,0.0008,10000,1036,191,0.2596484,0.0268394,0.00503963,0.00503963,0,0.0191,策略间质量恒定（同一 survivor → 同一 artifact → 同一答案）
ecom|s1|r10|NESTED|w1|CELL,ecom,1,10,NESTED,1,CELL,10000,1,0.01036,191,0.0191,2.92278,56.79,56.95,2.596484,0.268394,0.269223,0.269208,0.269208,0.050396,1.00309,0.10369,5.34211,5.32567,51.52132,4.34211,50.52132,4.32567,-2.266374,0.003083,1058958,109482,109482,0.0008,10000,1036,1036,0.2596484,0.0268394,0.02692228,0.00503963,0,0.0191,策略间质量恒定（同一 survivor → 同一 artifact → 同一答案）
ecom|s1|r10|NESTED|w2|WORKLOAD,ecom,1,10,NESTED,2,WORKLOAD,10000,2,0.01036,191,0.0191,2.92278,56.79,56.95,5.195016,0.53634,0.100019,0.109904,0.109904,0.100019,0.18648,0.01925,1.0,5.3624,51.9405,0.0,50.9405,4.3624,-3.950099,-1.679412,2011724,207972,38419,0.0008,20000,2072,382,0.5195016,0.053634,0.01000186,0.01000186,0,0.0191,策略间质量恒定（同一 survivor → 同一 artifact → 同一答案）
ecom|s1|r10|NESTED|w2|CAP_10PCT,ecom,1,10,NESTED,2,CAP_10PCT,10000,2,0.01036,191,0.0191,2.92278,56.79,56.95,5.195016,0.53634,0.100019,0.109904,0.109904,0.100019,0.18648,0.01925,1.0,5.3624,51.9405,0.0,50.9405,4.3624,-3.950099,-1.679412,2011724,207972,38419,0.0008,20000,2072,382,0.5195016,0.053634,0.01000186,0.01000186,0,0.0191,策略间质量恒定（同一 survivor → 同一 artifact → 同一答案）
ecom|s1|r10|NESTED|w2|CELL,ecom,1,10,NESTED,2,CELL,10000,2,0.01036,191,0.0191,2.92278,56.79,56.95,5.195016,0.53634,0.537998,0.537967,0.537967,0.100019,1.00309,0.10356,5.37898,5.3624,51.9405,4.37898,50.9405,4.3624,-2.267601,0.003086,2011724,207972,207972,0.0008,20000,2072,2072,0.5195016,0.053634,0.05379976,0.01000186,0,0.0191,策略间质量恒定（同一 survivor → 同一 artifact → 同一答案）
ecom|s1|r10|NESTED|w4|WORKLOAD,ecom,1,10,NESTED,4,WORKLOAD,10000,4,0.01036,191,0.0191,2.92278,56.79,56.95,9.73208,1.003856,0.186657,0.205159,0.205159,0.186657,0.18594,0.01918,1.0,5.37807,52.13879,0.0,51.13879,4.37807,-3.953909,-1.68233,3727256,385268,71176,0.0008,40000,4144,764,0.973208,0.1003856,0.01866572,0.01866572,0,0.0191,策略间质量恒定（同一 survivor → 同一 artifact → 同一答案）
ecom|s1|r10|NESTED|w4|CAP_10PCT,ecom,1,10,NESTED,4,CAP_10PCT,10000,4,0.01036,191,0.0191,2.92278,56.79,56.95,9.73208,1.003856,0.186657,0.205159,0.205159,0.186657,0.18594,0.01918,1.0,5.37807,52.13879,0.0,51.13879,4.37807,-3.953909,-1.68233,3727256,385268,71176,0.0008,40000,4144,764,0.973208,0.1003856,0.01866572,0.01866572,0,0.0191,策略间质量恒定（同一 survivor → 同一 artifact → 同一答案）
ecom|s1|r10|NESTED|w4|CELL,ecom,1,10,NESTED,4,CELL,10000,4,0.01036,191,0.0191,2.92278,56.79,56.95,9.73208,1.003856,1.007171,1.00711,1.00711,0.186657,1.0033,0.10349,5.39583,5.37807,52.13879,4.39583,51.13879,4.37807,-2.268282,0.003297,3727256,385268,385268,0.0008,40000,4144,4144,0.973208,0.1003856,0.10071712,0.01866572,0,0.0191,策略间质量恒定（同一 survivor → 同一 artifact → 同一答案）
ecom|s1|r50|DISJOINT|w1|WORKLOAD,ecom,1,50,DISJOINT,1,WORKLOAD,10000,1,0.01016,4014,0.4014,0.243307,56.79,57.25,2.599684,1.317838,1.045346,1.093791,1.093791,1.045346,0.79323,0.40211,1.0,1.26067,2.48691,0.0,1.48691,0.26067,-0.911042,-0.231644,1058958,537521,424688,0.004,10000,5080,4014,0.05199368,0.02635676,0.02090692,0.02090692,0,0.4014,策略间质量恒定（同一 survivor → 同一 artifact → 同一答案）
ecom|s1|r50|DISJOINT|w1|CAP_10PCT,ecom,1,50,DISJOINT,1,CAP_10PCT,10000,1,0.01016,4014,0.4014,0.243307,56.79,57.25,2.599684,1.317838,1.212519,1.214647,1.214647,1.045346,0.92008,0.46641,1.15992,1.26067,2.48691,0.15992,1.48691,0.26067,-0.76269,-0.083293,1058958,537521,492827,0.004,10000,5080,4659,0.05199368,0.02635676,0.02425037,0.02090692,3659,0.1,策略间质量恒定（同一 survivor → 同一 artifact → 同一答案）
ecom|s1|r50|DISJOINT|w1|CELL,ecom,1,50,DISJOINT,1,CELL,10000,1,0.01016,4014,0.4014,0.243307,56.79,57.25,2.599684,1.317838,1.321902,1.321155,1.321155,1.045346,1.00308,0.50849,1.26456,1.26067,2.48691,0.26456,1.48691,0.26067,-0.676318,0.003079,1058958,537521,537521,0.004,10000,5080,5080,0.05199368,0.02635676,0.02643804,0.02090692,0,0.0095,策略间质量恒定（同一 survivor → 同一 artifact → 同一答案）
ecom|s1|r50|DISJOINT|w2|WORKLOAD,ecom,1,50,DISJOINT,2,WORKLOAD,10000,2,0.00969,3809,0.3809,0.250878,56.79,57.48,5.198216,2.511769,1.982225,2.117251,2.117251,1.982225,0.78918,0.38133,1.0,1.26715,2.62241,0.0,1.62241,0.26715,-0.964095,-0.236767,2011724,974225,766119,0.004,20000,9686,7618,0.10396432,0.05023538,0.03964451,0.03964451,0,0.3809,策略间质量恒定（同一 survivor → 同一 artifact → 同一答案）
ecom|s1|r50|DISJOINT|w2|CAP_10PCT,ecom,1,50,DISJOINT,2,CAP_10PCT,10000,2,0.00969,3809,0.3809,0.250878,56.79,57.48,5.198216,2.511769,2.299231,2.319247,2.319247,1.982225,0.91538,0.44231,1.15992,1.26715,2.62241,0.15992,1.62241,0.26715,-0.815741,-0.088413,2011724,974225,888912,0.004,20000,9686,8839,0.10396432,0.05023538,0.04598461,0.03964451,6839,0.1,策略间质量恒定（同一 survivor → 同一 artifact → 同一答案）
ecom|s1|r50|DISJOINT|w2|CELL,ecom,1,50,DISJOINT,2,CELL,10000,2,0.00969,3809,0.3809,0.250878,56.79,57.48,5.198216,2.511769,2.519518,2.517598,2.517598,1.982225,1.00308,0.48469,1.27106,1.26715,2.62241,0.27106,1.62241,0.26715,-0.724248,0.00308,2011724,974225,974225,0.004,20000,9686,9686,0.10396432,0.05023538,0.05039036,0.03964451,0,0.0098,策略间质量恒定（同一 survivor → 同一 artifact → 同一答案）
ecom|s1|r50|DISJOINT|w4|WORKLOAD,ecom,1,50,DISJOINT,4,WORKLOAD,10000,4,0.01009,4010,0.401,0.237359,56.79,56.38,9.73528,4.897258,3.90818,4.138701,4.138701,3.90818,0.79803,0.40145,1.0,1.25308,2.491,0.0,1.491,0.25308,-0.912685,-0.225604,3727256,1880494,1495464,0.004,40000,20172,16040,0.1947056,0.09794516,0.0781636,0.0781636,0,0.401,策略间质量恒定（同一 survivor → 同一 artifact → 同一答案）
ecom|s1|r50|DISJOINT|w4|CAP_10PCT,ecom,1,50,DISJOINT,4,CAP_10PCT,10000,4,0.01009,4010,0.401,0.237359,56.79,56.38,9.73528,4.897258,4.527404,4.555255,4.555255,3.90818,0.92448,0.46505,1.15844,1.25308,2.491,0.15844,1.491,0.25308,-0.765608,-0.078527,3727256,1880494,1732592,0.004,40000,20172,18588,0.1947056,0.09794516,0.09054809,0.0781636,14588,0.1,策略间质量恒定（同一 survivor → 同一 artifact → 同一答案）
ecom|s1|r50|DISJOINT|w4|CELL,ecom,1,50,DISJOINT,4,CELL,10000,4,0.01009,4010,0.401,0.237359,56.79,56.38,9.73528,4.897258,4.913396,4.910884,4.910884,3.90818,1.0033,0.5047,1.25721,1.25308,2.491,0.25721,1.491,0.25308,-0.683791,0.00329,3727256,1880494,1880494,0.004,40000,20172,20172,0.1947056,0.09794516,0.09826791,0.0781636,0,0.0099,策略间质量恒定（同一 survivor → 同一 artifact → 同一答案）
ecom|s1|r50|OVERLAP|w1|WORKLOAD,ecom,1,50,OVERLAP,1,WORKLOAD,10000,1,0.01005,2300,0.23,12.250398,56.79,56.12,2.599684,1.305342,0.601128,0.616629,0.616629,0.601128,0.46051,0.23123,1.0,2.17149,4.32468,0.0,3.32468,1.17149,-1.464337,-0.775412,1058958,532119,243561,0.004,10000,5024,2300,0.05199368,0.02610684,0.01202256,0.01202256,0,0.23,策略间质量恒定（同一 survivor → 同一 artifact → 同一答案）
ecom|s1|r50|OVERLAP|w1|CAP_10PCT,ecom,1,50,OVERLAP,1,CAP_10PCT,10000,1,0.01005,2300,0.23,12.250398,56.79,56.12,2.599684,1.305342,0.63028,0.64449,0.64449,0.601128,0.48285,0.24244,1.04849,2.17149,4.32468,0.04849,3.32468,1.17149,-1.416982,-0.728057,1058958,532119,255468,0.004,10000,5024,2412,0.05199368,0.02610684,0.01260559,0.01202256,1412,0.1,策略间质量恒定（同一 survivor → 同一 artifact → 同一答案）
ecom|s1|r50|OVERLAP|w1|CELL,ecom,1,50,OVERLAP,1,CELL,10000,1,0.01005,2300,0.23,12.250398,56.79,56.12,2.599684,1.305342,1.309361,1.309284,1.309284,0.601128,1.00308,0.50366,2.17817,2.17149,4.32468,1.17817,3.32468,1.17149,-0.685851,0.003074,1058958,532119,532119,0.004,10000,5024,5024,0.05199368,0.02610684,0.02618722,0.01202256,0,0.0095,策略间质量恒定（同一 survivor → 同一 artifact → 同一答案）
ecom|s1|r50|OVERLAP|w2|WORKLOAD,ecom,1,50,OVERLAP,2,WORKLOAD,10000,2,0.01001,2273,0.2273,12.294588,56.79,56.64,5.198216,2.597037,1.184376,1.216995,1.216995,1.184376,0.45605,0.22784,1.0,2.19275,4.38899,0.0,3.38899,1.19275,-1.4791,-0.785155,2011724,1006809,457035,0.004,20000,10014,4546,0.10396432,0.05194074,0.02368752,0.02368752,0,0.2273,策略间质量恒定（同一 survivor → 同一 artifact → 同一答案）
ecom|s1|r50|OVERLAP|w2|CAP_10PCT,ecom,1,50,OVERLAP,2,CAP_10PCT,10000,2,0.01001,2273,0.2273,12.294588,56.79,56.64,5.198216,2.597037,1.242551,1.270942,1.270942,1.184376,0.47845,0.23903,1.04912,2.19275,4.38899,0.04912,3.38899,1.19275,-1.431149,-0.737205,2011724,1006809,479557,0.004,20000,10014,4770,0.10396432,0.05194074,0.02485102,0.02368752,2770,0.1,策略间质量恒定（同一 survivor → 同一 artifact → 同一答案）
ecom|s1|r50|OVERLAP|w2|CELL,ecom,1,50,OVERLAP,2,CELL,10000,2,0.01001,2273,0.2273,12.294588,56.79,56.64,5.198216,2.597037,2.605048,2.604882,2.604882,1.184376,1.00308,0.50114,2.19951,2.19275,4.38899,1.19951,3.38899,1.19275,-0.690864,0.00308,2011724,1006809,1006809,0.004,20000,10014,10014,0.10396432,0.05194074,0.05210096,0.02368752,0,0.0109,策略间质量恒定（同一 survivor → 同一 artifact → 同一答案）
ecom|s1|r50|OVERLAP|w4|WORKLOAD,ecom,1,50,OVERLAP,4,WORKLOAD,10000,4,0.01012,2319,0.2319,12.170423,56.79,56.14,9.73528,4.909472,2.261563,2.320354,2.320354,2.261563,0.46065,0.23231,1.0,2.17083,4.30467,0.0,3.30467,1.17083,-1.4597,-0.77511,3727256,1884562,864808,0.004,40000,20232,9276,0.1947056,0.09818944,0.04523126,0.04523126,0,0.2319,策略间质量恒定（同一 survivor → 同一 artifact → 同一答案）
ecom|s1|r50|OVERLAP|w4|CAP_10PCT,ecom,1,50,OVERLAP,4,CAP_10PCT,10000,4,0.01012,2319,0.2319,12.170423,56.79,56.14,9.73528,4.909472,2.347242,2.399337,2.399337,2.261563,0.4781,0.24111,1.03789,2.17083,4.30467,0.03789,3.30467,1.17083,-1.422515,-0.737925,3727256,1884562,897563,0.004,40000,20232,9631,0.1947056,0.09818944,0.04694485,0.04523126,5631,0.1,策略间质量恒定（同一 survivor → 同一 artifact → 同一答案）
ecom|s1|r50|OVERLAP|w4|CELL,ecom,1,50,OVERLAP,4,CELL,10000,4,0.01012,2319,0.2319,12.170423,56.79,56.14,9.73528,4.909472,4.925658,4.925331,4.925331,2.261563,1.0033,0.50596,2.17799,2.17083,4.30467,1.17799,3.30467,1.17083,-0.681299,0.003291,3727256,1884562,1884562,0.004,40000,20232,20232,0.1947056,0.09818944,0.09851315,0.04523126,0,0.0096,策略间质量恒定（同一 survivor → 同一 artifact → 同一答案）
ecom|s1|r50|NESTED|w1|WORKLOAD,ecom,1,50,NESTED,1,WORKLOAD,10000,1,0.01036,212,0.0212,15.930475,56.79,52,2.599684,1.341391,0.059038,0.060573,0.060573,0.059038,0.04401,0.02271,1.0,22.72096,44.03438,0.0,43.03438,21.72096,-3.784971,-3.123288,1058958,547149,22445,0.004,10000,5178,212,0.05199368,0.02682782,0.00118075,0.00118075,0,0.0212,策略间质量恒定（同一 survivor → 同一 artifact → 同一答案）
ecom|s1|r50|NESTED|w1|CAP_10PCT,ecom,1,50,NESTED,1,CAP_10PCT,10000,1,0.01036,212,0.0212,15.930475,56.79,52,2.599684,1.341391,0.059038,0.060573,0.060573,0.059038,0.04401,0.02271,1.0,22.72096,44.03438,0.0,43.03438,21.72096,-3.784971,-3.123288,1058958,547149,22445,0.004,10000,5178,212,0.05199368,0.02682782,0.00118075,0.00118075,0,0.0212,策略间质量恒定（同一 survivor → 同一 artifact → 同一答案）
ecom|s1|r50|NESTED|w1|CELL,ecom,1,50,NESTED,1,CELL,10000,1,0.01036,212,0.0212,15.930475,56.79,52,2.599684,1.341391,1.345533,1.345529,1.345529,0.059038,1.00309,0.51758,22.79113,22.72096,44.03438,21.79113,43.03438,21.72096,-0.658599,0.003083,1058958,547149,547149,0.004,10000,5178,5178,0.05199368,0.02682782,0.02691067,0.00118075,0,0.0212,策略间质量恒定（同一 survivor → 同一 artifact → 同一答案）
ecom|s1|r50|NESTED|w2|WORKLOAD,ecom,1,50,NESTED,2,WORKLOAD,10000,2,0.01036,212,0.0212,15.930475,56.79,52,5.198216,2.680486,0.114107,0.117177,0.117177,0.114107,0.04257,0.02195,1.0,23.49095,45.55555,0.0,44.55555,22.49095,-3.818932,-3.156615,2011724,1039350,42634,0.004,20000,10356,424,0.10396432,0.05360972,0.00228214,0.00228214,0,0.0212,策略间质量恒定（同一 survivor → 同一 artifact → 同一答案）
ecom|s1|r50|NESTED|w2|CAP_10PCT,ecom,1,50,NESTED,2,CAP_10PCT,10000,2,0.01036,212,0.0212,15.930475,56.79,52,5.198216,2.680486,0.114107,0.117177,0.117177,0.114107,0.04257,0.02195,1.0,23.49095,45.55555,0.0,44.55555,22.49095,-3.818932,-3.156615,2011724,1039350,42634,0.004,20000,10356,424,0.10396432,0.05360972,0.00228214,0.00228214,0,0.0212,策略间质量恒定（同一 survivor → 同一 artifact → 同一答案）
ecom|s1|r50|NESTED|w2|CELL,ecom,1,50,NESTED,2,CELL,10000,2,0.01036,212,0.0212,15.930475,56.79,52,5.198216,2.680486,2.688771,2.688761,2.688761,0.114107,1.00309,0.51725,23.56355,23.49095,45.55555,22.56355,44.55555,22.49095,-0.659231,0.003086,2011724,1039350,1039350,0.004,20000,10356,10356,0.10396432,0.05360972,0.05377542,0.00228214,0,0.0212,策略间质量恒定（同一 survivor → 同一 artifact → 同一答案）
ecom|s1|r50|NESTED|w4|WORKLOAD,ecom,1,50,NESTED,4,WORKLOAD,10000,4,0.01036,212,0.0212,15.930475,56.79,52,9.73528,5.016928,0.210254,0.215998,0.215998,0.210254,0.04191,0.0216,1.0,23.86123,46.30238,0.0,45.30238,22.86123,-3.835193,-3.172255,3727256,1925370,78984,0.004,40000,20712,848,0.1947056,0.10033856,0.00420509,0.00420509,0,0.0212,策略间质量恒定（同一 survivor → 同一 artifact → 同一答案）
ecom|s1|r50|NESTED|w4|CAP_10PCT,ecom,1,50,NESTED,4,CAP_10PCT,10000,4,0.01036,212,0.0212,15.930475,56.79,52,9.73528,5.016928,0.210254,0.215998,0.215998,0.210254,0.04191,0.0216,1.0,23.86123,46.30238,0.0,45.30238,22.86123,-3.835193,-3.172255,3727256,1925370,78984,0.004,40000,20712,848,0.1947056,0.10033856,0.00420509,0.00420509,0,0.0212,策略间质量恒定（同一 survivor → 同一 artifact → 同一答案）
ecom|s1|r50|NESTED|w4|CELL,ecom,1,50,NESTED,4,CELL,10000,4,0.01036,212,0.0212,15.930475,56.79,52,9.73528,5.016928,5.033498,5.033478,5.033478,0.210254,1.0033,0.51704,23.94003,23.86123,46.30238,22.94003,45.30238,22.86123,-0.659641,0.003297,3727256,1925370,1925370,0.004,40000,20712,20712,0.1947056,0.10033856,0.10066995,0.00420509,0,0.0212,策略间质量恒定（同一 survivor → 同一 artifact → 同一答案）
ecom|s1|r100|DISJOINT|w1|WORKLOAD,ecom,1,100,DISJOINT,1,WORKLOAD,10000,1,0.01026,6517,0.6517,0.495567,56.79,57.25,2.603684,2.663956,1.699418,1.83291,1.83291,1.699418,0.63793,0.6527,1.0,1.56757,1.5321,0.0,0.5321,0.56757,-0.426641,-0.449526,1058958,1086720,689937,0.008,10000,10263,6517,0.02603684,0.02663956,0.01699418,0.01699418,0,0.6517,策略间质量恒定（同一 survivor → 同一 artifact → 同一答案）
ecom|s1|r100|DISJOINT|w1|CAP_10PCT,ecom,1,100,DISJOINT,1,CAP_10PCT,10000,1,0.01026,6517,0.6517,0.495567,56.79,57.25,2.603684,2.663956,2.432448,2.437931,2.437931,1.699418,0.9131,0.93423,1.43134,1.56757,1.5321,0.43134,0.5321,0.56757,-0.068029,-0.090914,1058958,1086720,988845,0.008,10000,10263,9340,0.02603684,0.02663956,0.02432448,0.01699418,8340,0.1,策略间质量恒定（同一 survivor → 同一 artifact → 同一答案）
ecom|s1|r100|DISJOINT|w1|CELL,ecom,1,100,DISJOINT,1,CELL,10000,1,0.01026,6517,0.6517,0.495567,56.79,57.25,2.603684,2.663956,2.672166,2.670913,2.670913,1.699418,1.00308,1.0263,1.5724,1.56757,1.5321,0.5724,0.5321,0.56757,0.025962,0.003077,1058958,1086720,1086720,0.008,10000,10263,10263,0.02603684,0.02663956,0.02672166,0.01699418,0,0.0103,策略间质量恒定（同一 survivor → 同一 artifact → 同一答案）
ecom|s1|r100|DISJOINT|w2|WORKLOAD,ecom,1,100,DISJOINT,2,WORKLOAD,10000,2,0.00976,6219,0.6219,0.494877,56.79,57.48,5.202216,5.062472,3.238439,3.557828,3.557828,3.238439,0.6397,0.62251,1.0,1.56324,1.6064,0.0,0.6064,0.56324,-0.473993,-0.446763,2011724,1963820,1251225,0.008,20000,19520,12438,0.05202216,0.05062472,0.03238439,0.03238439,0,0.6219,策略间质量恒定（同一 survivor → 同一 artifact → 同一答案）
ecom|s1|r100|DISJOINT|w2|CAP_10PCT,ecom,1,100,DISJOINT,2,CAP_10PCT,10000,2,0.00976,6219,0.6219,0.494877,56.79,57.48,5.202216,5.062472,4.607226,4.630077,4.630077,3.238439,0.91007,0.88563,1.42267,1.56324,1.6064,0.42267,0.6064,0.56324,-0.121459,-0.094229,2011724,1963820,1781439,0.008,20000,19520,17708,0.05202216,0.05062472,0.04607226,0.03238439,15708,0.1,策略间质量恒定（同一 survivor → 同一 artifact → 同一答案）
ecom|s1|r100|DISJOINT|w2|CELL,ecom,1,100,DISJOINT,2,CELL,10000,2,0.00976,6219,0.6219,0.494877,56.79,57.48,5.202216,5.062472,5.078088,5.075726,5.075726,3.238439,1.00308,0.97614,1.56807,1.56324,1.6064,0.56807,0.6064,0.56324,-0.02415,0.00308,2011724,1963820,1963820,0.008,20000,19520,19520,0.05202216,0.05062472,0.05078088,0.03238439,0,0.0099,策略间质量恒定（同一 survivor → 同一 artifact → 同一答案）
ecom|s1|r100|DISJOINT|w4|WORKLOAD,ecom,1,100,DISJOINT,4,WORKLOAD,10000,4,0.00997,6343,0.6343,0.49599,56.79,56.38,9.73928,9.681452,6.181648,6.70587,6.70587,6.181648,0.6385,0.63471,1.0,1.56616,1.57552,0.0,0.57552,0.56616,-0.454582,-0.448627,3727256,3717144,2364636,0.008,40000,39896,25372,0.0973928,0.09681452,0.06181648,0.06181648,0,0.6343,策略间质量恒定（同一 survivor → 同一 artifact → 同一答案）
ecom|s1|r100|DISJOINT|w4|CAP_10PCT,ecom,1,100,DISJOINT,4,CAP_10PCT,10000,4,0.00997,6343,0.6343,0.49599,56.79,56.38,9.73928,9.681452,8.851412,8.847737,8.847737,6.181648,0.91426,0.90884,1.43189,1.56616,1.57552,0.43189,0.57552,0.56616,-0.09559,-0.089635,3727256,3717144,3386992,0.008,40000,39896,36354,0.0973928,0.09681452,0.08851412,0.06181648,32354,0.1,策略间质量恒定（同一 survivor → 同一 artifact → 同一答案）
ecom|s1|r100|DISJOINT|w4|CELL,ecom,1,100,DISJOINT,4,CELL,10000,4,0.00997,6343,0.6343,0.49599,56.79,56.38,9.73928,9.681452,9.713369,9.708143,9.708143,6.181648,1.0033,0.99734,1.57132,1.56616,1.57552,0.57132,0.57552,0.56616,-0.002664,0.003291,3727256,3717144,3717144,0.008,40000,39896,39896,0.0973928,0.09681452,0.09713369,0.06181648,0,0.0124,策略间质量恒定（同一 survivor → 同一 artifact → 同一答案）
ecom|s1|r100|OVERLAP|w1|WORKLOAD,ecom,1,100,OVERLAP,1,WORKLOAD,10000,1,0.01005,4013,0.4013,24.765057,56.79,56.12,2.603684,2.609853,1.049651,1.066203,1.066203,1.049651,0.40219,0.40314,1.0,2.4864,2.48052,0.0,1.48052,1.4864,-0.90847,-0.910836,1058958,1063943,424945,0.008,10000,10045,4013,0.02603684,0.02609852,0.01049651,0.01049651,0,0.4013,策略间质量恒定（同一 survivor → 同一 artifact → 同一答案）
ecom|s1|r100|OVERLAP|w1|CAP_10PCT,ecom,1,100,OVERLAP,1,CAP_10PCT,10000,1,0.01005,4013,0.4013,24.765057,56.79,56.12,2.603684,2.609853,1.228679,1.242889,1.242889,1.049651,0.47078,0.4719,1.17056,2.4864,2.48052,0.17056,1.48052,1.4864,-0.750988,-0.753354,1058958,1063943,497999,0.008,10000,10045,4702,0.02603684,0.02609852,0.01228679,0.01049651,3702,0.1,策略间质量恒定（同一 survivor → 同一 artifact → 同一答案）
ecom|s1|r100|OVERLAP|w1|CELL,ecom,1,100,OVERLAP,1,CELL,10000,1,0.01005,4013,0.4013,24.765057,56.79,56.12,2.603684,2.609853,2.617888,2.617812,2.617812,1.049651,1.00308,1.00546,2.49406,2.4864,2.48052,1.49406,1.48052,1.4864,0.005441,0.003074,1058958,1063943,1063943,0.008,10000,10045,10045,0.02603684,0.02609852,0.02617888,0.01049651,0,0.0101,策略间质量恒定（同一 survivor → 同一 artifact → 同一答案）
ecom|s1|r100|OVERLAP|w2|WORKLOAD,ecom,1,100,OVERLAP,2,WORKLOAD,10000,2,0.00994,3975,0.3975,25.00895,56.79,56.64,5.202216,5.158152,2.071737,2.108061,2.108061,2.071737,0.40164,0.39824,1.0,2.48977,2.51104,0.0,1.51104,1.48977,-0.920697,-0.912191,2011724,1999936,799211,0.008,20000,19888,7950,0.05202216,0.05158152,0.02071737,0.02071737,0,0.3975,策略间质量恒定（同一 survivor → 同一 artifact → 同一答案）
ecom|s1|r100|OVERLAP|w2|CAP_10PCT,ecom,1,100,OVERLAP,2,CAP_10PCT,10000,2,0.00994,3975,0.3975,25.00895,56.79,56.64,5.202216,5.158152,2.395859,2.424249,2.424249,2.071737,0.46448,0.46055,1.15645,2.48977,2.51104,0.15645,1.51104,1.48977,-0.775343,-0.766837,2011724,1999936,924762,0.008,20000,19888,9196,0.05202216,0.05158152,0.02395859,0.02071737,7196,0.1,策略间质量恒定（同一 survivor → 同一 artifact → 同一答案）
ecom|s1|r100|OVERLAP|w2|CELL,ecom,1,100,OVERLAP,2,CELL,10000,2,0.00994,3975,0.3975,25.00895,56.79,56.64,5.202216,5.158152,5.174062,5.173896,5.173896,2.071737,1.00308,0.99459,2.49745,2.48977,2.51104,1.49745,1.51104,1.48977,-0.005427,0.00308,2011724,1999936,1999936,0.008,20000,19888,19888,0.05202216,0.05158152,0.05174062,0.02071737,0,0.01,策略间质量恒定（同一 survivor → 同一 artifact → 同一答案）
ecom|s1|r100|OVERLAP|w4|WORKLOAD,ecom,1,100,OVERLAP,4,WORKLOAD,10000,4,0.01005,4031,0.4031,24.753433,56.79,56.14,9.73928,9.7555,3.933065,3.996678,3.996678,3.933065,0.40316,0.40384,1.0,2.48038,2.47626,0.0,1.47626,1.48038,-0.906748,-0.908412,3727256,3744636,1503548,0.008,40000,40200,16124,0.0973928,0.097555,0.03933065,0.03933065,0,0.4031,策略间质量恒定（同一 survivor → 同一 artifact → 同一答案）
ecom|s1|r100|OVERLAP|w4|CAP_10PCT,ecom,1,100,OVERLAP,4,CAP_10PCT,10000,4,0.01005,4031,0.4031,24.753433,56.79,56.14,9.73928,9.7555,4.569017,4.621111,4.621111,3.933065,0.46835,0.46913,1.16169,2.48038,2.47626,0.16169,1.47626,1.48038,-0.756869,-0.758533,3727256,3744636,1747036,0.008,40000,40200,18742,0.0973928,0.097555,0.04569017,0.03933065,14742,0.1,策略间质量恒定（同一 survivor → 同一 artifact → 同一答案）
ecom|s1|r100|OVERLAP|w4|CELL,ecom,1,100,OVERLAP,4,CELL,10000,4,0.01005,4031,0.4031,24.753433,56.79,56.14,9.73928,9.7555,9.78766,9.787334,9.787334,3.933065,1.0033,1.00497,2.48856,2.48038,2.47626,1.48856,1.47626,1.48038,0.004955,0.003291,3727256,3744636,3744636,0.008,40000,40200,40200,0.0973928,0.097555,0.0978766,0.03933065,0,0.0106,策略间质量恒定（同一 survivor → 同一 artifact → 同一答案）
ecom|s1|r100|NESTED|w1|WORKLOAD,ecom,1,100,NESTED,1,WORKLOAD,10000,1,0.01035,212,0.0212,32.274133,56.79,52,2.603684,2.680814,0.063038,0.064573,0.064573,0.063038,0.02351,0.02421,1.0,42.52723,41.30367,0.0,40.30367,41.52723,-3.720951,-3.750145,1058958,1093488,22445,0.008,10000,10349,212,0.02603684,0.02680815,0.00063038,0.00063038,0,0.0212,策略间质量恒定（同一 survivor → 同一 artifact → 同一答案）
ecom|s1|r100|NESTED|w1|CAP_10PCT,ecom,1,100,NESTED,1,CAP_10PCT,10000,1,0.01035,212,0.0212,32.274133,56.79,52,2.603684,2.680814,0.063038,0.064573,0.064573,0.063038,0.02351,0.02421,1.0,42.52723,41.30367,0.0,40.30367,41.52723,-3.720951,-3.750145,1058958,1093488,22445,0.008,10000,10349,212,0.02603684,0.02680815,0.00063038,0.00063038,0,0.0212,策略间质量恒定（同一 survivor → 同一 artifact → 同一答案）
ecom|s1|r100|NESTED|w1|CELL,ecom,1,100,NESTED,1,CELL,10000,1,0.01035,212,0.0212,32.274133,56.79,52,2.603684,2.680814,2.689094,2.689089,2.689089,0.063038,1.00309,1.0328,42.65857,42.52723,41.30367,41.65857,40.30367,41.52723,0.032277,0.003084,1058958,1093488,1093488,0.008,10000,10349,10349,0.02603684,0.02680815,0.02689094,0.00063038,0,0.0212,策略间质量恒定（同一 survivor → 同一 artifact → 同一答案）
ecom|s1|r100|NESTED|w2|WORKLOAD,ecom,1,100,NESTED,2,WORKLOAD,10000,2,0.01035,212,0.0212,32.274133,56.79,52,5.202216,5.357063,0.118107,0.121177,0.121177,0.118107,0.02205,0.0227,1.0,45.35763,44.04656,0.0,43.04656,44.35763,-3.785247,-3.814578,2011724,2077159,42634,0.008,20000,20698,424,0.05202216,0.05357063,0.00118107,0.00118107,0,0.0212,策略间质量恒定（同一 survivor → 同一 artifact → 同一答案）
ecom|s1|r100|NESTED|w2|CAP_10PCT,ecom,1,100,NESTED,2,CAP_10PCT,10000,2,0.01035,212,0.0212,32.274133,56.79,52,5.202216,5.357063,0.118107,0.121177,0.121177,0.118107,0.02205,0.0227,1.0,45.35763,44.04656,0.0,43.04656,44.35763,-3.785247,-3.814578,2011724,2077159,42634,0.008,20000,20698,424,0.05202216,0.05357063,0.00118107,0.00118107,0,0.0212,策略间质量恒定（同一 survivor → 同一 artifact → 同一答案）
ecom|s1|r100|NESTED|w2|CELL,ecom,1,100,NESTED,2,CELL,10000,2,0.01035,212,0.0212,32.274133,56.79,52,5.202216,5.357063,5.373621,5.373612,5.373612,0.118107,1.00309,1.03295,45.49783,45.35763,44.04656,44.49783,43.04656,44.35763,0.032417,0.003086,2011724,2077159,2077159,0.008,20000,20698,20698,0.05202216,0.05357063,0.05373621,0.00118107,0,0.0212,策略间质量恒定（同一 survivor → 同一 artifact → 同一答案）
ecom|s1|r100|NESTED|w4|WORKLOAD,ecom,1,100,NESTED,4,WORKLOAD,10000,4,0.01035,212,0.0212,32.274133,56.79,52,9.73928,10.026526,0.214254,0.219998,0.219998,0.214254,0.02137,0.022,1.0,46.79729,45.45662,0.0,44.45662,45.79729,-3.816758,-3.845825,3727256,3847870,78984,0.008,40000,41396,848,0.0973928,0.10026526,0.00214254,0.00214254,0,0.0212,策略间质量恒定（同一 survivor → 同一 artifact → 同一答案）
ecom|s1|r100|NESTED|w4|CAP_10PCT,ecom,1,100,NESTED,4,CAP_10PCT,10000,4,0.01035,212,0.0212,32.274133,56.79,52,9.73928,10.026526,0.214254,0.219998,0.219998,0.214254,0.02137,0.022,1.0,46.79729,45.45662,0.0,44.45662,45.79729,-3.816758,-3.845825,3727256,3847870,78984,0.008,40000,41396,848,0.0973928,0.10026526,0.00214254,0.00214254,0,0.0212,策略间质量恒定（同一 survivor → 同一 artifact → 同一答案）
ecom|s1|r100|NESTED|w4|CELL,ecom,1,100,NESTED,4,CELL,10000,4,0.01035,212,0.0212,32.274133,56.79,52,9.73928,10.026526,10.059643,10.059624,10.059624,0.214254,1.0033,1.03289,46.95186,46.79729,45.45662,45.95186,44.45662,45.79729,0.032364,0.003297,3727256,3847870,3847870,0.008,40000,41396,41396,0.0973928,0.10026526,0.10059643,0.00214254,0,0.0212,策略间质量恒定（同一 survivor → 同一 artifact → 同一答案）
ecom|s5|r1|DISJOINT|w1|WORKLOAD,ecom,5,1,DISJOINT,1,WORKLOAD,10000,1,0.0482,482,0.0482,0.0,56.79,56.77,2.595764,0.124721,0.125107,0.124721,0.124721,0.124721,1.00309,0.0482,1.00309,1.0,20.81257,0.00309,19.81257,0.0,-3.03247,0.003087,1058958,51024,51024,8e-05,10000,482,482,2.595764,0.124721,0.1251066,0.124721,0,0.0482,策略间质量恒定（同一 survivor → 同一 artifact → 同一答案）
ecom|s5|r1|DISJOINT|w1|CAP_10PCT,ecom,5,1,DISJOINT,1,CAP_10PCT,10000,1,0.0482,482,0.0482,0.0,56.79,56.77,2.595764,0.124721,0.125107,0.124721,0.124721,0.124721,1.00309,0.0482,1.00309,1.0,20.81257,0.00309,19.81257,0.0,-3.03247,0.003087,1058958,51024,51024,8e-05,10000,482,482,2.595764,0.124721,0.1251066,0.124721,0,0.0482,策略间质量恒定（同一 survivor → 同一 artifact → 同一答案）
ecom|s5|r1|DISJOINT|w1|CELL,ecom,5,1,DISJOINT,1,CELL,10000,1,0.0482,482,0.0482,0.0,56.79,56.77,2.595764,0.124721,0.125107,0.124721,0.124721,0.124721,1.00309,0.0482,1.00309,1.0,20.81257,0.00309,19.81257,0.0,-3.03247,0.003087,1058958,51024,51024,8e-05,10000,482,482,2.595764,0.124721,0.1251066,0.124721,0,0.0482,策略间质量恒定（同一 survivor → 同一 artifact → 同一答案）
ecom|s5|r1|DISJOINT|w2|WORKLOAD,ecom,5,1,DISJOINT,2,WORKLOAD,10000,2,0.0503,503,0.0503,0.0,56.79,56.12,5.194296,0.260073,0.260878,0.260073,0.260073,0.260073,1.00309,0.05022,1.00309,1.0,19.97245,0.00309,18.97245,0.0,-2.991264,0.00309,2011724,100891,100891,8e-05,20000,1006,1006,5.194296,0.260073,0.2608778,0.260073,0,0.0503,策略间质量恒定（同一 survivor → 同一 artifact → 同一答案）
ecom|s5|r1|DISJOINT|w2|CAP_10PCT,ecom,5,1,DISJOINT,2,CAP_10PCT,10000,2,0.0503,503,0.0503,0.0,56.79,56.12,5.194296,0.260073,0.260878,0.260073,0.260073,0.260073,1.00309,0.05022,1.00309,1.0,19.97245,0.00309,18.97245,0.0,-2.991264,0.00309,2011724,100891,100891,8e-05,20000,1006,1006,5.194296,0.260073,0.2608778,0.260073,0,0.0503,策略间质量恒定（同一 survivor → 同一 artifact → 同一答案）
ecom|s5|r1|DISJOINT|w2|CELL,ecom,5,1,DISJOINT,2,CELL,10000,2,0.0503,503,0.0503,0.0,56.79,56.12,5.194296,0.260073,0.260878,0.260073,0.260073,0.260073,1.00309,0.05022,1.00309,1.0,19.97245,0.00309,18.97245,0.0,-2.991264,0.00309,2011724,100891,100891,8e-05,20000,1006,1006,5.194296,0.260073,0.2608778,0.260073,0,0.0503,策略间质量恒定（同一 survivor → 同一 artifact → 同一答案）
ecom|s5|r1|DISJOINT|w4|WORKLOAD,ecom,5,1,DISJOINT,4,WORKLOAD,10000,4,0.0496,496,0.0496,0.0,56.79,57.05,9.73136,0.481628,0.483215,0.481628,0.481628,0.481628,1.0033,0.04966,1.0033,1.0,20.20514,0.0033,19.20514,0.0,-3.002647,0.00329,3727256,185130,185130,8e-05,40000,1984,1984,9.73136,0.481628,0.4832152,0.481628,0,0.0496,策略间质量恒定（同一 survivor → 同一 artifact → 同一答案）
ecom|s5|r1|DISJOINT|w4|CAP_10PCT,ecom,5,1,DISJOINT,4,CAP_10PCT,10000,4,0.0496,496,0.0496,0.0,56.79,57.05,9.73136,0.481628,0.483215,0.481628,0.481628,0.481628,1.0033,0.04966,1.0033,1.0,20.20514,0.0033,19.20514,0.0,-3.002647,0.00329,3727256,185130,185130,8e-05,40000,1984,1984,9.73136,0.481628,0.4832152,0.481628,0,0.0496,策略间质量恒定（同一 survivor → 同一 artifact → 同一答案）
ecom|s5|r1|DISJOINT|w4|CELL,ecom,5,1,DISJOINT,4,CELL,10000,4,0.0496,496,0.0496,0.0,56.79,57.05,9.73136,0.481628,0.483215,0.481628,0.481628,0.481628,1.0033,0.04966,1.0033,1.0,20.20514,0.0033,19.20514,0.0,-3.002647,0.00329,3727256,185130,185130,8e-05,40000,1984,1984,9.73136,0.481628,0.4832152,0.481628,0,0.0496,策略间质量恒定（同一 survivor → 同一 artifact → 同一答案）
ecom|s5|r1|OVERLAP|w1|WORKLOAD,ecom,5,1,OVERLAP,1,WORKLOAD,10000,1,0.0495,495,0.0495,0.0,56.79,56.72,2.595764,0.128251,0.128647,0.128251,0.128251,0.128251,1.00309,0.04956,1.00309,1.0,20.23964,0.00309,19.23964,0.0,-3.00456,0.003083,1058958,52446,52446,8e-05,10000,495,495,2.595764,0.1282515,0.1286475,0.1282515,0,0.0495,策略间质量恒定（同一 survivor → 同一 artifact → 同一答案）
ecom|s5|r1|OVERLAP|w1|CAP_10PCT,ecom,5,1,OVERLAP,1,CAP_10PCT,10000,1,0.0495,495,0.0495,0.0,56.79,56.72,2.595764,0.128251,0.128647,0.128251,0.128251,0.128251,1.00309,0.04956,1.00309,1.0,20.23964,0.00309,19.23964,0.0,-3.00456,0.003083,1058958,52446,52446,8e-05,10000,495,495,2.595764,0.1282515,0.1286475,0.1282515,0,0.0495,策略间质量恒定（同一 survivor → 同一 artifact → 同一答案）
ecom|s5|r1|OVERLAP|w1|CELL,ecom,5,1,OVERLAP,1,CELL,10000,1,0.0495,495,0.0495,0.0,56.79,56.72,2.595764,0.128251,0.128647,0.128251,0.128251,0.128251,1.00309,0.04956,1.00309,1.0,20.23964,0.00309,19.23964,0.0,-3.00456,0.003083,1058958,52446,52446,8e-05,10000,495,495,2.595764,0.1282515,0.1286475,0.1282515,0,0.0495,策略间质量恒定（同一 survivor → 同一 artifact → 同一答案）
ecom|s5|r1|OVERLAP|w2|WORKLOAD,ecom,5,1,OVERLAP,2,WORKLOAD,10000,2,0.0517,517,0.0517,0.0,56.79,56.86,5.194296,0.268091,0.268918,0.268091,0.268091,0.268091,1.00309,0.05177,1.00309,1.0,19.37512,0.00309,18.37512,0.0,-2.960909,0.003081,2011724,104149,104149,8e-05,20000,1034,1034,5.194296,0.268091,0.2689182,0.268091,0,0.0517,策略间质量恒定（同一 survivor → 同一 artifact → 同一答案）
ecom|s5|r1|OVERLAP|w2|CAP_10PCT,ecom,5,1,OVERLAP,2,CAP_10PCT,10000,2,0.0517,517,0.0517,0.0,56.79,56.86,5.194296,0.268091,0.268918,0.268091,0.268091,0.268091,1.00309,0.05177,1.00309,1.0,19.37512,0.00309,18.37512,0.0,-2.960909,0.003081,2011724,104149,104149,8e-05,20000,1034,1034,5.194296,0.268091,0.2689182,0.268091,0,0.0517,策略间质量恒定（同一 survivor → 同一 artifact → 同一答案）
ecom|s5|r1|OVERLAP|w2|CELL,ecom,5,1,OVERLAP,2,CELL,10000,2,0.0517,517,0.0517,0.0,56.79,56.86,5.194296,0.268091,0.268918,0.268091,0.268091,0.268091,1.00309,0.05177,1.00309,1.0,19.37512,0.00309,18.37512,0.0,-2.960909,0.003081,2011724,104149,104149,8e-05,20000,1034,1034,5.194296,0.268091,0.2689182,0.268091,0,0.0517,策略间质量恒定（同一 survivor → 同一 artifact → 同一答案）
ecom|s5|r1|OVERLAP|w4|WORKLOAD,ecom,5,1,OVERLAP,4,WORKLOAD,10000,4,0.0521,521,0.0521,0.0,56.79,56.36,9.73136,0.50489,0.506557,0.50489,0.50489,0.50489,1.0033,0.05205,1.0033,1.0,19.27422,0.0033,18.27422,0.0,-2.955472,0.003297,3727256,193908,193908,8e-05,40000,2084,2084,9.73136,0.50489,0.5065572,0.50489,0,0.0521,策略间质量恒定（同一 survivor → 同一 artifact → 同一答案）
ecom|s5|r1|OVERLAP|w4|CAP_10PCT,ecom,5,1,OVERLAP,4,CAP_10PCT,10000,4,0.0521,521,0.0521,0.0,56.79,56.36,9.73136,0.50489,0.506557,0.50489,0.50489,0.50489,1.0033,0.05205,1.0033,1.0,19.27422,0.0033,18.27422,0.0,-2.955472,0.003297,3727256,193908,193908,8e-05,40000,2084,2084,9.73136,0.50489,0.5065572,0.50489,0,0.0521,策略间质量恒定（同一 survivor → 同一 artifact → 同一答案）
ecom|s5|r1|OVERLAP|w4|CELL,ecom,5,1,OVERLAP,4,CELL,10000,4,0.0521,521,0.0521,0.0,56.79,56.36,9.73136,0.50489,0.506557,0.50489,0.50489,0.50489,1.0033,0.05205,1.0033,1.0,19.27422,0.0033,18.27422,0.0,-2.955472,0.003297,3727256,193908,193908,8e-05,40000,2084,2084,9.73136,0.50489,0.5065572,0.50489,0,0.0521,策略间质量恒定（同一 survivor → 同一 artifact → 同一答案）
ecom|s5|r1|NESTED|w1|WORKLOAD,ecom,5,1,NESTED,1,WORKLOAD,10000,1,0.0531,531,0.0531,0.0,56.79,56.74,2.595764,0.137579,0.138004,0.137579,0.137579,0.137579,1.00309,0.05317,1.00309,1.0,18.86737,0.00309,17.86737,0.0,-2.934351,0.003083,1058958,56273,56273,8e-05,10000,531,531,2.595764,0.1375795,0.1380043,0.1375795,0,0.0531,策略间质量恒定（同一 survivor → 同一 artifact → 同一答案）
ecom|s5|r1|NESTED|w1|CAP_10PCT,ecom,5,1,NESTED,1,CAP_10PCT,10000,1,0.0531,531,0.0531,0.0,56.79,56.74,2.595764,0.137579,0.138004,0.137579,0.137579,0.137579,1.00309,0.05317,1.00309,1.0,18.86737,0.00309,17.86737,0.0,-2.934351,0.003083,1058958,56273,56273,8e-05,10000,531,531,2.595764,0.1375795,0.1380043,0.1375795,0,0.0531,策略间质量恒定（同一 survivor → 同一 artifact → 同一答案）
ecom|s5|r1|NESTED|w1|CELL,ecom,5,1,NESTED,1,CELL,10000,1,0.0531,531,0.0531,0.0,56.79,56.74,2.595764,0.137579,0.138004,0.137579,0.137579,0.137579,1.00309,0.05317,1.00309,1.0,18.86737,0.00309,17.86737,0.0,-2.934351,0.003083,1058958,56273,56273,8e-05,10000,531,531,2.595764,0.1375795,0.1380043,0.1375795,0,0.0531,策略间质量恒定（同一 survivor → 同一 artifact → 同一答案）
ecom|s5|r1|NESTED|w2|WORKLOAD,ecom,5,1,NESTED,2,WORKLOAD,10000,2,0.0531,531,0.0531,0.0,56.79,56.74,5.194296,0.275217,0.276067,0.275217,0.275217,0.275217,1.00309,0.05315,1.00309,1.0,18.87346,0.00309,17.87346,0.0,-2.934674,0.003082,2011724,106905,106905,8e-05,20000,1062,1062,5.194296,0.275217,0.2760666,0.275217,0,0.0531,策略间质量恒定（同一 survivor → 同一 artifact → 同一答案）
ecom|s5|r1|NESTED|w2|CAP_10PCT,ecom,5,1,NESTED,2,CAP_10PCT,10000,2,0.0531,531,0.0531,0.0,56.79,56.74,5.194296,0.275217,0.276067,0.275217,0.275217,0.275217,1.00309,0.05315,1.00309,1.0,18.87346,0.00309,17.87346,0.0,-2.934674,0.003082,2011724,106905,106905,8e-05,20000,1062,1062,5.194296,0.275217,0.2760666,0.275217,0,0.0531,策略间质量恒定（同一 survivor → 同一 artifact → 同一答案）
ecom|s5|r1|NESTED|w2|CELL,ecom,5,1,NESTED,2,CELL,10000,2,0.0531,531,0.0531,0.0,56.79,56.74,5.194296,0.275217,0.276067,0.275217,0.275217,0.275217,1.00309,0.05315,1.00309,1.0,18.87346,0.00309,17.87346,0.0,-2.934674,0.003082,2011724,106905,106905,8e-05,20000,1062,1062,5.194296,0.275217,0.2760666,0.275217,0,0.0531,策略间质量恒定（同一 survivor → 同一 artifact → 同一答案）
ecom|s5|r1|NESTED|w4|WORKLOAD,ecom,5,1,NESTED,4,WORKLOAD,10000,4,0.0531,531,0.0531,0.0,56.79,56.74,9.73136,0.515446,0.517145,0.515446,0.515446,0.515446,1.0033,0.05314,1.0033,1.0,18.87949,0.0033,17.87949,0.0,-2.934785,0.003291,3727256,198080,198080,8e-05,40000,2124,2124,9.73136,0.515446,0.5171452,0.515446,0,0.0531,策略间质量恒定（同一 survivor → 同一 artifact → 同一答案）
ecom|s5|r1|NESTED|w4|CAP_10PCT,ecom,5,1,NESTED,4,CAP_10PCT,10000,4,0.0531,531,0.0531,0.0,56.79,56.74,9.73136,0.515446,0.517145,0.515446,0.515446,0.515446,1.0033,0.05314,1.0033,1.0,18.87949,0.0033,17.87949,0.0,-2.934785,0.003291,3727256,198080,198080,8e-05,40000,2124,2124,9.73136,0.515446,0.5171452,0.515446,0,0.0531,策略间质量恒定（同一 survivor → 同一 artifact → 同一答案）
ecom|s5|r1|NESTED|w4|CELL,ecom,5,1,NESTED,4,CELL,10000,4,0.0531,531,0.0531,0.0,56.79,56.74,9.73136,0.515446,0.517145,0.515446,0.515446,0.515446,1.0033,0.05314,1.0033,1.0,18.87949,0.0033,17.87949,0.0,-2.934785,0.003291,3727256,198080,198080,8e-05,40000,2124,2124,9.73136,0.515446,0.5171452,0.515446,0,0.0531,策略间质量恒定（同一 survivor → 同一 artifact → 同一答案）
ecom|s5|r10|DISJOINT|w1|WORKLOAD,ecom,5,10,DISJOINT,1,WORKLOAD,10000,1,0.05038,4056,0.4056,0.220326,56.79,56.77,2.596484,1.305587,1.054401,1.10199,1.10199,1.054401,0.80761,0.40609,1.0,1.23823,2.46252,0.0,1.46252,0.23823,-0.901186,-0.21368,1058958,533974,429836,0.0008,10000,5038,4056,0.2596484,0.1305587,0.10544008,0.10544008,0,0.4056,策略间质量恒定（同一 survivor → 同一 artifact → 同一答案）
ecom|s5|r10|DISJOINT|w1|CAP_10PCT,ecom,5,10,DISJOINT,1,CAP_10PCT,10000,1,0.05038,4056,0.4056,0.220326,56.79,56.77,2.596484,1.305587,1.206645,1.217146,1.217146,1.054401,0.92422,0.46472,1.14439,1.23823,2.46252,0.14439,1.46252,0.23823,-0.766315,-0.078809,1058958,533974,491957,0.0008,10000,5038,4642,0.2596484,0.1305587,0.12066446,0.10544008,3642,0.1,策略间质量恒定（同一 survivor → 同一 artifact → 同一答案）
ecom|s5|r10|DISJOINT|w1|CELL,ecom,5,10,DISJOINT,1,CELL,10000,1,0.05038,4056,0.4056,0.220326,56.79,56.77,2.596484,1.305587,1.309617,1.309232,1.309232,1.054401,1.00309,0.50438,1.24205,1.23823,2.46252,0.24205,1.46252,0.23823,-0.684423,0.003082,1058958,533974,533974,0.0008,10000,5038,5038,0.2596484,0.1305587,0.13096174,0.10544008,0,0.0517,策略间质量恒定（同一 survivor → 同一 artifact → 同一答案）
ecom|s5|r10|DISJOINT|w2|WORKLOAD,ecom,5,10,DISJOINT,2,WORKLOAD,10000,2,0.04967,4001,0.4001,0.224482,56.79,56.12,5.195016,2.571909,2.078117,2.164273,2.164273,2.078117,0.80801,0.40002,1.0,1.23762,2.49987,0.0,1.49987,0.23762,-0.916238,-0.213186,2011724,998621,804347,0.0008,20000,9934,8002,0.5195016,0.2571909,0.20781166,0.20781166,0,0.4001,策略间质量恒定（同一 survivor → 同一 artifact → 同一答案）
ecom|s5|r10|DISJOINT|w2|CAP_10PCT,ecom,5,10,DISJOINT,2,CAP_10PCT,10000,2,0.04967,4001,0.4001,0.224482,56.79,56.12,5.195016,2.571909,2.376452,2.393969,2.393969,2.078117,0.924,0.45745,1.14356,1.23762,2.49987,0.14356,1.49987,0.23762,-0.782091,-0.07904,2011724,998621,919914,0.0008,20000,9934,9151,0.5195016,0.2571909,0.23764523,0.20781166,7151,0.1,策略间质量恒定（同一 survivor → 同一 artifact → 同一答案）
ecom|s5|r10|DISJOINT|w2|CELL,ecom,5,10,DISJOINT,2,CELL,10000,2,0.04967,4001,0.4001,0.224482,56.79,56.12,5.195016,2.571909,2.579856,2.579051,2.579051,2.078117,1.00309,0.4966,1.24144,1.23762,2.49987,0.24144,1.49987,0.23762,-0.699966,0.003085,2011724,998621,998621,0.0008,20000,9934,9934,0.5195016,0.2571909,0.25798562,0.20781166,0,0.0514,策略间质量恒定（同一 survivor → 同一 artifact → 同一答案）
ecom|s5|r10|DISJOINT|w4|WORKLOAD,ecom,5,10,DISJOINT,4,WORKLOAD,10000,4,0.05067,4055,0.4055,0.231893,56.79,57.05,9.73208,4.913538,3.945602,4.109014,4.109014,3.945602,0.80301,0.40542,1.0,1.24532,2.46656,0.0,1.46656,0.24532,-0.902826,-0.219393,3727256,1887818,1510878,0.0008,40000,20268,16220,0.973208,0.4913538,0.3945602,0.3945602,0,0.4055,策略间质量恒定（同一 survivor → 同一 artifact → 同一答案）
ecom|s5|r10|DISJOINT|w4|CAP_10PCT,ecom,5,10,DISJOINT,4,CAP_10PCT,10000,4,0.05067,4055,0.4055,0.231893,56.79,57.05,9.73208,4.913538,4.533501,4.580382,4.580382,3.945602,0.92266,0.46583,1.149,1.24532,2.46656,0.149,1.46656,0.24532,-0.763933,-0.0805,3727256,1887818,1736010,0.0008,40000,20268,18641,0.973208,0.4913538,0.45335013,0.3945602,14641,0.1,策略间质量恒定（同一 survivor → 同一 artifact → 同一答案）
ecom|s5|r10|DISJOINT|w4|CELL,ecom,5,10,DISJOINT,4,CELL,10000,4,0.05067,4055,0.4055,0.231893,56.79,57.05,9.73208,4.913538,4.929752,4.928165,4.928165,3.945602,1.0033,0.50655,1.24943,1.24532,2.46656,0.24943,1.46656,0.24532,-0.680139,0.003295,3727256,1887818,1887818,0.0008,40000,20268,20268,0.973208,0.4913538,0.49297524,0.3945602,0,0.0471,策略间质量恒定（同一 survivor → 同一 artifact → 同一答案）
ecom|s5|r10|OVERLAP|w1|WORKLOAD,ecom,5,10,OVERLAP,1,WORKLOAD,10000,1,0.05163,2438,0.2438,2.420105,56.79,56.72,2.596484,1.337195,0.633555,0.71691,0.71691,0.633555,0.47379,0.24401,1.0,2.11062,4.09827,0.0,3.09827,1.11062,-1.410566,-0.746982,1058958,546831,258193,0.0008,10000,5163,2438,0.2596484,0.13371955,0.06335554,0.06335554,0,0.2438,策略间质量恒定（同一 survivor → 同一 artifact → 同一答案）
ecom|s5|r10|OVERLAP|w1|CAP_10PCT,ecom,5,10,OVERLAP,1,CAP_10PCT,10000,1,0.05163,2438,0.2438,2.420105,56.79,56.72,2.596484,1.337195,0.671352,0.745274,0.745274,0.633555,0.50206,0.25856,1.05966,2.11062,4.09827,0.05966,3.09827,1.11062,-1.35262,-0.689036,1058958,546831,273609,0.0008,10000,5163,2583,0.2596484,0.13371955,0.06713519,0.06335554,1583,0.1,策略间质量恒定（同一 survivor → 同一 artifact → 同一答案）
ecom|s5|r10|OVERLAP|w1|CELL,ecom,5,10,OVERLAP,1,CELL,10000,1,0.05163,2438,0.2438,2.420105,56.79,56.72,2.596484,1.337195,1.341326,1.34093,1.34093,0.633555,1.00309,0.51659,2.11714,2.11062,4.09827,1.11714,3.09827,1.11062,-0.6605,0.003084,1058958,546831,546831,0.0008,10000,5163,5163,0.2596484,0.13371955,0.13413259,0.06335554,0,0.0512,策略间质量恒定（同一 survivor → 同一 artifact → 同一答案）
ecom|s5|r10|OVERLAP|w2|WORKLOAD,ecom,5,10,OVERLAP,2,WORKLOAD,10000,2,0.05127,2458,0.2458,2.42754,56.79,56.86,5.195016,2.655725,1.277127,1.43962,1.43962,1.277127,0.4809,0.24584,1.0,2.07945,4.06774,0.0,3.06774,1.07945,-1.403087,-0.732105,2011724,1031409,494396,0.0008,20000,10254,4916,0.5195016,0.2655725,0.12771268,0.12771268,0,0.2458,策略间质量恒定（同一 survivor → 同一 artifact → 同一答案）
ecom|s5|r10|OVERLAP|w2|CAP_10PCT,ecom,5,10,OVERLAP,2,CAP_10PCT,10000,2,0.05127,2458,0.2458,2.42754,56.79,56.86,5.195016,2.655725,1.323644,1.475633,1.475633,1.277127,0.49841,0.25479,1.03642,2.07945,4.06774,0.03642,3.06774,1.07945,-1.367311,-0.696329,2011724,1031409,512441,0.0008,20000,10254,5094,0.5195016,0.2655725,0.13236442,0.12771268,3094,0.1,策略间质量恒定（同一 survivor → 同一 artifact → 同一答案）
ecom|s5|r10|OVERLAP|w2|CELL,ecom,5,10,OVERLAP,2,CELL,10000,2,0.05127,2458,0.2458,2.42754,56.79,56.86,5.195016,2.655725,2.663928,2.663101,2.663101,1.277127,1.00309,0.51279,2.08588,2.07945,4.06774,1.08588,3.06774,1.07945,-0.667898,0.003084,2011724,1031409,1031409,0.0008,20000,10254,10254,0.5195016,0.2655725,0.26639282,0.12771268,0,0.053,策略间质量恒定（同一 survivor → 同一 artifact → 同一答案）
ecom|s5|r10|OVERLAP|w4|WORKLOAD,ecom,5,10,OVERLAP,4,WORKLOAD,10000,4,0.0511,2435,0.2435,2.435616,56.79,56.36,9.73208,4.955628,2.370222,2.67873,2.67873,2.370222,0.47829,0.24355,1.0,2.09079,4.10598,0.0,3.10598,1.09079,-1.412444,-0.73754,3727256,1903736,907484,0.0008,40000,20440,9740,0.973208,0.4955628,0.2370222,0.2370222,0,0.2435,策略间质量恒定（同一 survivor → 同一 artifact → 同一答案）
ecom|s5|r10|OVERLAP|w4|CAP_10PCT,ecom,5,10,OVERLAP,4,CAP_10PCT,10000,4,0.0511,2435,0.2435,2.435616,56.79,56.36,9.73208,4.955628,2.472227,2.746634,2.746634,2.370222,0.49887,0.25403,1.04304,2.09079,4.10598,0.04304,3.10598,1.09079,-1.370308,-0.695404,3727256,1903736,946525,0.0008,40000,20440,10161,0.973208,0.4955628,0.24722273,0.2370222,6161,0.1,策略间质量恒定（同一 survivor → 同一 artifact → 同一答案）
ecom|s5|r10|OVERLAP|w4|CELL,ecom,5,10,OVERLAP,4,CELL,10000,4,0.0511,2435,0.2435,2.435616,56.79,56.36,9.73208,4.955628,4.97198,4.970313,4.970313,2.370222,1.0033,0.51089,2.09769,2.09079,4.10598,1.09769,3.10598,1.09079,-0.671609,0.003294,3727256,1903736,1903736,0.0008,40000,20440,20440,0.973208,0.4955628,0.497198,0.2370222,0,0.0528,策略间质量恒定（同一 survivor → 同一 artifact → 同一答案）
ecom|s5|r10|NESTED|w1|WORKLOAD,ecom,5,10,NESTED,1,WORKLOAD,10000,1,0.05191,926,0.0926,3.021191,56.79,56.42,2.596484,1.343595,0.241068,0.264006,0.264006,0.241068,0.17942,0.09284,1.0,5.57352,10.77076,0.0,9.77076,4.57352,-2.376835,-1.718026,1058958,549628,98064,0.0008,10000,5191,926,0.2596484,0.13435955,0.02410678,0.02410678,0,0.0926,策略间质量恒定（同一 survivor → 同一 artifact → 同一答案）
ecom|s5|r10|NESTED|w1|CAP_10PCT,ecom,5,10,NESTED,1,CAP_10PCT,10000,1,0.05191,926,0.0926,3.021191,56.79,56.42,2.596484,1.343595,0.241068,0.264006,0.264006,0.241068,0.17942,0.09284,1.0,5.57352,10.77076,0.0,9.77076,4.57352,-2.376835,-1.718026,1058958,549628,98064,0.0008,10000,5191,926,0.2596484,0.13435955,0.02410678,0.02410678,0,0.0926,策略间质量恒定（同一 survivor → 同一 artifact → 同一答案）
ecom|s5|r10|NESTED|w1|CELL,ecom,5,10,NESTED,1,CELL,10000,1,0.05191,926,0.0926,3.021191,56.79,56.42,2.596484,1.343595,1.347748,1.347677,1.347677,0.241068,1.00309,0.51907,5.59074,5.57352,10.77076,4.59074,9.77076,4.57352,-0.655723,0.003086,1058958,549628,549628,0.0008,10000,5191,5191,0.2596484,0.13435955,0.13477483,0.02410678,0,0.0926,策略间质量恒定（同一 survivor → 同一 artifact → 同一答案）
ecom|s5|r10|NESTED|w2|WORKLOAD,ecom,5,10,NESTED,2,WORKLOAD,10000,2,0.05191,926,0.0926,3.021191,56.79,56.42,5.195016,2.688345,0.481752,0.527703,0.527703,0.481752,0.1792,0.09273,1.0,5.58036,10.7836,0.0,9.7836,4.58036,-2.378026,-1.719252,2011724,1044211,186320,0.0008,20000,10382,1852,0.5195016,0.2688345,0.04817516,0.04817516,0,0.0926,策略间质量恒定（同一 survivor → 同一 artifact → 同一答案）
ecom|s5|r10|NESTED|w2|CAP_10PCT,ecom,5,10,NESTED,2,CAP_10PCT,10000,2,0.05191,926,0.0926,3.021191,56.79,56.42,5.195016,2.688345,0.481752,0.527703,0.527703,0.481752,0.1792,0.09273,1.0,5.58036,10.7836,0.0,9.7836,4.58036,-2.378026,-1.719252,2011724,1044211,186320,0.0008,20000,10382,1852,0.5195016,0.2688345,0.04817516,0.04817516,0,0.0926,策略间质量恒定（同一 survivor → 同一 artifact → 同一答案）
ecom|s5|r10|NESTED|w2|CELL,ecom,5,10,NESTED,2,CELL,10000,2,0.05191,926,0.0926,3.021191,56.79,56.42,5.195016,2.688345,2.696651,2.696508,2.696508,0.481752,1.00309,0.51908,5.5976,5.58036,10.7836,4.5976,9.7836,4.58036,-0.655689,0.003085,2011724,1044211,1044211,0.0008,20000,10382,10382,0.5195016,0.2688345,0.26966506,0.04817516,0,0.0926,策略间质量恒定（同一 survivor → 同一 artifact → 同一答案）
ecom|s5|r10|NESTED|w4|WORKLOAD,ecom,5,10,NESTED,4,WORKLOAD,10000,4,0.05191,926,0.0926,3.021191,56.79,56.42,9.73208,5.035238,0.902003,0.988105,0.988105,0.902003,0.17914,0.09268,1.0,5.58228,10.78941,0.0,9.78941,4.58228,-2.378565,-1.719598,3727256,1934748,345238,0.0008,40000,20764,3704,0.973208,0.5035238,0.09020032,0.09020032,0,0.0926,策略间质量恒定（同一 survivor → 同一 artifact → 同一答案）
ecom|s5|r10|NESTED|w4|CAP_10PCT,ecom,5,10,NESTED,4,CAP_10PCT,10000,4,0.05191,926,0.0926,3.021191,56.79,56.42,9.73208,5.035238,0.902003,0.988105,0.988105,0.902003,0.17914,0.09268,1.0,5.58228,10.78941,0.0,9.78941,4.58228,-2.378565,-1.719598,3727256,1934748,345238,0.0008,40000,20764,3704,0.973208,0.5035238,0.09020032,0.09020032,0,0.0926,策略间质量恒定（同一 survivor → 同一 artifact → 同一答案）
ecom|s5|r10|NESTED|w4|CELL,ecom,5,10,NESTED,4,CELL,10000,4,0.05191,926,0.0926,3.021191,56.79,56.42,9.73208,5.035238,5.051849,5.051564,5.051564,0.902003,1.0033,0.51909,5.6007,5.58228,10.78941,4.6007,9.78941,4.58228,-0.655673,0.003294,3727256,1934748,1934748,0.0008,40000,20764,20764,0.973208,0.5035238,0.50518492,0.09020032,0,0.0926,策略间质量恒定（同一 survivor → 同一 artifact → 同一答案）
ecom|s5|r50|DISJOINT|w1|WORKLOAD,ecom,5,50,DISJOINT,1,WORKLOAD,10000,1,0.05036,9223,0.9223,1.241372,56.79,56.77,2.599684,6.524566,2.398484,2.515246,2.515246,2.398484,0.36761,0.92261,1.0,2.72029,1.08389,0.0,0.08389,1.72029,-0.080553,-1.000738,1058958,2668288,976843,0.004,10000,25181,9223,0.05199368,0.13049133,0.04796968,0.04796968,0,0.9223,策略间质量恒定（同一 survivor → 同一 artifact → 同一答案）
ecom|s5|r50|DISJOINT|w1|CAP_10PCT,ecom,5,50,DISJOINT,1,CAP_10PCT,10000,1,0.05036,9223,0.9223,1.241372,56.79,56.77,2.599684,6.524566,5.98508,5.995581,60.456345,2.398484,0.91731,2.30223,2.49536,2.72029,1.08389,1.49536,0.08389,1.72029,0.83388,-0.086305,1058958,2668288,2439987,0.004,10000,25181,23029,0.05199368,0.13049133,0.11970159,0.04796968,22029,0.1,策略间质量恒定（同一 survivor → 同一 artifact → 同一答案）
ecom|s5|r50|DISJOINT|w1|CELL,ecom,5,50,DISJOINT,1,CELL,10000,1,0.05036,9223,0.9223,1.241372,56.79,56.77,2.599684,6.524566,6.544711,6.544326,60.765818,2.398484,1.00309,2.5175,2.72869,2.72029,1.08389,1.72869,0.08389,1.72029,0.923267,0.003083,1058958,2668288,2668288,0.004,10000,25181,25181,0.05199368,0.13049133,0.13089423,0.04796968,0,0.0489,策略间质量恒定（同一 survivor → 同一 artifact → 同一答案）
ecom|s5|r50|DISJOINT|w2|WORKLOAD,ecom,5,50,DISJOINT,2,WORKLOAD,10000,2,0.04987,9246,0.9246,1.219491,56.79,56.12,5.198216,12.912317,4.806168,5.046482,5.046482,4.806168,0.37222,0.92458,1.0,2.68661,1.08157,0.0,0.08157,1.68661,-0.078415,-0.988282,2011724,5014241,1859860,0.004,20000,49870,18492,0.10396432,0.25824634,0.09612335,0.09612335,0,0.9246,策略间质量恒定（同一 survivor → 同一 artifact → 同一答案）
ecom|s5|r50|DISJOINT|w2|CAP_10PCT,ecom,5,50,DISJOINT,2,CAP_10PCT,10000,2,0.04987,9246,0.9246,1.219491,56.79,56.12,5.198216,12.912317,11.826182,11.843699,115.972913,4.806168,0.91588,2.27505,2.46063,2.68661,1.08157,1.46063,0.08157,1.68661,0.822,-0.087866,2011724,5014241,4578320,0.004,20000,49870,45525,0.10396432,0.25824634,0.23652365,0.09612335,43525,0.1,策略间质量恒定（同一 survivor → 同一 artifact → 同一答案）
ecom|s5|r50|DISJOINT|w2|CELL,ecom,5,50,DISJOINT,2,CELL,10000,2,0.04987,9246,0.9246,1.219491,56.79,56.12,5.198216,12.912317,12.952213,12.951408,116.602719,4.806168,1.00309,2.49167,2.69491,2.68661,1.08157,1.69491,0.08157,1.68661,0.912951,0.003085,2011724,5014241,5014241,0.004,20000,49870,49870,0.10396432,0.25824634,0.25904426,0.09612335,0,0.0491,策略间质量恒定（同一 survivor → 同一 artifact → 同一答案）
ecom|s5|r50|DISJOINT|w4|WORKLOAD,ecom,5,50,DISJOINT,4,WORKLOAD,10000,4,0.05047,9255,0.9255,1.233485,56.79,57.05,9.73528,24.477982,9.009734,9.454684,9.454684,9.009734,0.36808,0.92547,1.0,2.71684,1.08053,0.0,0.08053,1.71684,-0.077451,-0.999468,3727256,9404812,3449300,0.004,40000,100940,37020,0.1947056,0.48955964,0.18019468,0.18019468,0,0.9255,策略间质量恒定（同一 survivor → 同一 artifact → 同一答案）
ecom|s5|r50|DISJOINT|w4|CAP_10PCT,ecom,5,50,DISJOINT,4,CAP_10PCT,10000,4,0.05047,9255,0.9255,1.233485,56.79,57.05,9.73528,24.477982,22.473878,22.520759,226.683458,9.009734,0.91813,2.3085,2.4944,2.71684,1.08053,1.4944,0.08053,1.71684,0.836597,-0.08542,3727256,9404812,8606214,0.004,40000,100940,92377,0.1947056,0.48955964,0.44947756,0.18019468,88377,0.1,策略间质量恒定（同一 survivor → 同一 artifact → 同一答案）
ecom|s5|r50|DISJOINT|w4|CELL,ecom,5,50,DISJOINT,4,CELL,10000,4,0.05047,9255,0.9255,1.233485,56.79,57.05,9.73528,24.477982,24.558734,24.557147,227.841507,9.009734,1.0033,2.52265,2.7258,2.71684,1.08053,1.7258,0.08053,1.71684,0.925311,0.003294,3727256,9404812,9404812,0.004,40000,100940,100940,0.1947056,0.48955964,0.49117468,0.18019468,0,0.0516,策略间质量恒定（同一 survivor → 同一 artifact → 同一答案）
ecom|s5|r50|OVERLAP|w1|WORKLOAD,ecom,5,50,OVERLAP,1,WORKLOAD,10000,1,0.05135,7210,0.721,13.223114,56.79,56.72,2.599684,6.647432,1.875553,1.985941,1.985941,1.875553,0.28215,0.72145,1.0,3.54425,1.38609,0.0,0.38609,2.54425,-0.326486,-1.265327,1058958,2718182,763574,0.004,10000,25673,7210,0.05199368,0.13294865,0.03751106,0.03751106,0,0.721,策略间质量恒定（同一 survivor → 同一 artifact → 同一答案）
ecom|s5|r50|OVERLAP|w1|CAP_10PCT,ecom,5,50,OVERLAP,1,CAP_10PCT,10000,1,0.05135,7210,0.721,13.223114,56.79,56.72,2.599684,6.647432,3.014741,3.088663,58.923044,1.875553,0.45352,1.15966,1.60739,3.54425,1.38609,0.60739,0.38609,2.54425,0.148124,-0.790717,1058958,2718182,1228342,0.004,10000,25673,11601,0.05199368,0.13294865,0.06029483,0.03751106,10601,0.1,策略间质量恒定（同一 survivor → 同一 artifact → 同一答案）
ecom|s5|r50|OVERLAP|w1|CELL,ecom,5,50,OVERLAP,1,CELL,10000,1,0.05135,7210,0.721,13.223114,56.79,56.72,2.599684,6.647432,6.667971,6.667575,60.86707,1.875553,1.00309,2.56492,3.5552,3.54425,1.38609,2.5552,0.38609,2.54425,0.941926,0.003085,1058958,2718182,2718182,0.004,10000,25673,25673,0.05199368,0.13294865,0.13335942,0.03751106,0,0.0523,策略间质量恒定（同一 survivor → 同一 artifact → 同一答案）
ecom|s5|r50|OVERLAP|w2|WORKLOAD,ecom,5,50,OVERLAP,2,WORKLOAD,10000,2,0.05144,7271,0.7271,13.197504,56.79,56.86,5.198216,13.323723,3.780795,4.016548,4.016548,3.780795,0.28376,0.72733,1.0,3.52405,1.3749,0.0,0.3749,2.52405,-0.318381,-1.259612,2011724,5174019,1462759,0.004,20000,51442,14542,0.10396432,0.26647446,0.07561589,0.07561589,0,0.7271,策略间质量恒定（同一 survivor → 同一 artifact → 同一答案）
ecom|s5|r50|OVERLAP|w2|CAP_10PCT,ecom,5,50,OVERLAP,2,CAP_10PCT,10000,2,0.05144,7271,0.7271,13.197504,56.79,56.86,5.198216,13.323723,6.071549,6.223539,117.901483,3.780795,0.45569,1.16801,1.60589,3.52405,1.3749,0.60589,0.3749,2.52405,0.155298,-0.785932,2011724,5174019,2350034,0.004,20000,51442,23361,0.10396432,0.26647446,0.12143099,0.07561589,21361,0.1,策略间质量恒定（同一 survivor → 同一 artifact → 同一答案）
ecom|s5|r50|OVERLAP|w2|CELL,ecom,5,50,OVERLAP,2,CELL,10000,2,0.05144,7271,0.7271,13.197504,56.79,56.86,5.198216,13.323723,13.364877,13.364049,121.780918,3.780795,1.00309,2.57105,3.53494,3.52405,1.3749,2.53494,0.3749,2.52405,0.944315,0.003084,2011724,5174019,5174019,0.004,20000,51442,51442,0.10396432,0.26647446,0.26729753,0.07561589,0,0.0544,策略间质量恒定（同一 survivor → 同一 artifact → 同一答案）
ecom|s5|r50|OVERLAP|w4|WORKLOAD,ecom,5,50,OVERLAP,4,WORKLOAD,10000,4,0.05161,7266,0.7266,13.159763,56.79,56.36,9.73528,25.03015,7.074103,7.509295,7.509295,7.074103,0.28262,0.72665,1.0,3.53828,1.37619,0.0,0.37619,2.53828,-0.319316,-1.26364,3727256,9615932,2707872,0.004,40000,103228,29064,0.1947056,0.500603,0.14148206,0.14148206,0,0.7266,策略间质量恒定（同一 survivor → 同一 artifact → 同一答案）
ecom|s5|r50|OVERLAP|w4|CAP_10PCT,ecom,5,50,OVERLAP,4,CAP_10PCT,10000,4,0.05161,7266,0.7266,13.159763,56.79,56.36,9.73528,25.03015,11.426559,11.700966,220.886781,7.074103,0.45651,1.17373,1.61527,3.53828,1.37619,0.61527,0.37619,2.53828,0.160184,-0.784141,3727256,9615932,4374887,0.004,40000,103228,46958,0.1947056,0.500603,0.22853119,0.14148206,42958,0.1,策略间质量恒定（同一 survivor → 同一 artifact → 同一答案）
ecom|s5|r50|OVERLAP|w4|CELL,ecom,5,50,OVERLAP,4,CELL,10000,4,0.05161,7266,0.7266,13.159763,56.79,56.36,9.73528,25.03015,25.112732,25.111065,228.187246,7.074103,1.0033,2.57956,3.54995,3.53828,1.37619,2.54995,0.37619,2.53828,0.947619,0.003294,3727256,9615932,9615932,0.004,40000,103228,103228,0.1947056,0.500603,0.50225465,0.14148206,0,0.0506,策略间质量恒定（同一 survivor → 同一 artifact → 同一答案）
ecom|s5|r50|NESTED|w1|WORKLOAD,ecom,5,50,NESTED,1,WORKLOAD,10000,1,0.05171,990,0.099,16.520053,56.79,56.95,2.599684,6.691992,0.260833,0.265782,2.604633,0.260833,0.03898,0.10033,1.0,25.65623,9.96685,0.0,8.96685,24.65623,-2.299265,-3.244787,1058958,2737524,104825,0.004,10000,25857,990,0.05199368,0.13383985,0.00521666,0.00521666,0,0.099,策略间质量恒定（同一 survivor → 同一 artifact → 同一答案）
ecom|s5|r50|NESTED|w1|CAP_10PCT,ecom,5,50,NESTED,1,CAP_10PCT,10000,1,0.05171,990,0.099,16.520053,56.79,56.95,2.599684,6.691992,0.260833,0.265782,33.941103,0.260833,0.03898,0.10033,1.0,25.65623,9.96685,0.0,8.96685,24.65623,-2.299265,-3.244787,1058958,2737524,104825,0.004,10000,25857,990,0.05199368,0.13383985,0.00521666,0.00521666,0,0.099,策略间质量恒定（同一 survivor → 同一 artifact → 同一答案）
ecom|s5|r50|NESTED|w1|CELL,ecom,5,50,NESTED,1,CELL,10000,1,0.05171,990,0.099,16.520053,56.79,56.95,2.599684,6.691992,6.712678,6.712663,37.498602,0.260833,1.00309,2.58211,25.73554,25.65623,9.96685,24.73554,8.96685,24.65623,0.948608,0.003086,1058958,2737524,2737524,0.004,10000,25857,25857,0.05199368,0.13383985,0.13425356,0.00521666,0,0.099,策略间质量恒定（同一 survivor → 同一 artifact → 同一答案）
ecom|s5|r50|NESTED|w2|WORKLOAD,ecom,5,50,NESTED,2,WORKLOAD,10000,2,0.05171,990,0.099,16.520053,56.79,56.95,5.198216,13.389951,0.518122,0.528007,5.208101,0.518122,0.03869,0.09967,1.0,25.84324,10.0328,0.0,9.0328,24.84324,-2.30586,-3.252049,2011724,5200901,199166,0.004,20000,51714,1980,0.10396432,0.26779902,0.01036244,0.01036244,0,0.099,策略间质量恒定（同一 survivor → 同一 artifact → 同一答案）
ecom|s5|r50|NESTED|w2|CAP_10PCT,ecom,5,50,NESTED,2,CAP_10PCT,10000,2,0.05171,990,0.099,16.520053,56.79,56.95,5.198216,13.389951,0.518122,0.528007,67.917454,0.518122,0.03869,0.09967,1.0,25.84324,10.0328,0.0,9.0328,24.84324,-2.30586,-3.252049,2011724,5200901,199166,0.004,20000,51714,1980,0.10396432,0.26779902,0.01036244,0.01036244,0,0.099,策略间质量恒定（同一 survivor → 同一 artifact → 同一答案）
ecom|s5|r50|NESTED|w2|CELL,ecom,5,50,NESTED,2,CELL,10000,2,0.05171,990,0.099,16.520053,56.79,56.95,5.198216,13.389951,13.431322,13.431292,75.034733,0.518122,1.00309,2.58383,25.92309,25.84324,10.0328,24.92309,9.0328,24.84324,0.949274,0.003085,2011724,5200901,5200901,0.004,20000,51714,51714,0.10396432,0.26779902,0.26862644,0.01036244,0,0.099,策略间质量恒定（同一 survivor → 同一 artifact → 同一答案）
ecom|s5|r50|NESTED|w4|WORKLOAD,ecom,5,50,NESTED,4,WORKLOAD,10000,4,0.05171,990,0.099,16.520053,56.79,56.95,9.73528,25.079306,0.96736,0.985862,9.753782,0.96736,0.03857,0.09937,1.0,25.92551,10.06376,0.0,9.06376,24.92551,-2.308941,-3.255228,3727256,9636372,369038,0.004,40000,103428,3960,0.1947056,0.50158612,0.0193472,0.0193472,0,0.099,策略间质量恒定（同一 survivor → 同一 artifact → 同一答案）
ecom|s5|r50|NESTED|w4|CAP_10PCT,ecom,5,50,NESTED,4,CAP_10PCT,10000,4,0.05171,990,0.099,16.520053,56.79,56.95,9.73528,25.079306,0.96736,0.985862,127.24077,0.96736,0.03857,0.09937,1.0,25.92551,10.06376,0.0,9.06376,24.92551,-2.308941,-3.255228,3727256,9636372,369038,0.004,40000,103428,3960,0.1947056,0.50158612,0.0193472,0.0193472,0,0.099,策略间质量恒定（同一 survivor → 同一 artifact → 同一答案）
ecom|s5|r50|NESTED|w4|CELL,ecom,5,50,NESTED,4,CELL,10000,4,0.05171,990,0.099,16.520053,56.79,56.95,9.73528,25.079306,25.162048,25.161988,140.573162,0.96736,1.0033,2.58463,26.01105,25.92551,10.06376,25.01105,9.06376,24.92551,0.94958,0.003294,3727256,9636372,9636372,0.004,40000,103428,103428,0.1947056,0.50158612,0.50324097,0.0193472,0,0.099,策略间质量恒定（同一 survivor → 同一 artifact → 同一答案）
ecom|s5|r100|DISJOINT|w1|WORKLOAD,ecom,5,100,DISJOINT,1,WORKLOAD,10000,1,0.05015,9931,0.9931,2.483668,56.79,56.77,2.603684,12.992651,2.585788,2.708833,2.708833,2.585788,0.19902,0.99313,1.0,5.02464,1.00692,0.0,0.00692,4.02464,-0.006897,-1.614353,1058958,5313601,1051659,0.008,10000,50146,9931,0.02603684,0.12992651,0.02585788,0.02585788,0,0.9931,策略间质量恒定（同一 survivor → 同一 artifact → 同一答案）
ecom|s5|r100|DISJOINT|w1|CAP_10PCT,ecom,5,100,DISJOINT,1,CAP_10PCT,10000,1,0.05015,9931,0.9931,2.483668,56.79,56.77,2.603684,12.992651,11.883598,11.894099,190.244545,2.585788,0.91464,4.56415,4.59574,5.02464,1.00692,3.59574,0.00692,4.02464,1.518232,-0.089225,1058958,5313601,4844769,0.008,10000,50146,45726,0.02603684,0.12992651,0.11883598,0.02585788,44726,0.1,策略间质量恒定（同一 survivor → 同一 artifact → 同一答案）
ecom|s5|r100|DISJOINT|w1|CELL,ecom,5,100,DISJOINT,1,CELL,10000,1,0.05015,9931,0.9931,2.483668,56.79,56.77,2.603684,12.992651,13.032768,13.032382,190.554018,2.585788,1.00309,5.00551,5.04015,5.02464,1.00692,4.04015,0.00692,4.02464,1.610539,0.003083,1058958,5313601,5313601,0.008,10000,50146,50146,0.02603684,0.12992651,0.13032768,0.02585788,0,0.0489,策略间质量恒定（同一 survivor → 同一 artifact → 同一答案）
ecom|s5|r100|DISJOINT|w2|WORKLOAD,ecom,5,100,DISJOINT,2,WORKLOAD,10000,2,0.05008,9940,0.994,2.469076,56.79,56.12,5.202216,25.931165,5.171048,5.429988,5.429988,5.171048,0.19941,0.99401,1.0,5.01468,1.00603,0.0,0.00603,4.01468,-0.006009,-1.61237,2011724,10069911,1999654,0.008,20000,100150,19880,0.05202216,0.25931165,0.05171048,0.05171048,0,0.994,策略间质量恒定（同一 survivor → 同一 artifact → 同一答案）
ecom|s5|r100|DISJOINT|w2|CAP_10PCT,ecom,5,100,DISJOINT,2,CAP_10PCT,10000,2,0.05008,9940,0.994,2.469076,56.79,56.12,5.202216,25.931165,23.800723,23.81824,375.687713,5.171048,0.91784,4.57511,4.60269,5.01468,1.00603,3.60269,0.00603,4.01468,1.520631,-0.08573,2011724,10069911,9214042,0.008,20000,100150,91630,0.05202216,0.25931165,0.23800723,0.05171048,89630,0.1,策略间质量恒定（同一 survivor → 同一 artifact → 同一答案）
ecom|s5|r100|DISJOINT|w2|CELL,ecom,5,100,DISJOINT,2,CELL,10000,2,0.05008,9940,0.994,2.469076,56.79,56.12,5.202216,25.931165,26.011285,26.01048,376.317519,5.171048,1.00309,5.00004,5.03018,5.01468,1.00603,4.03018,0.00603,4.01468,1.609446,0.003085,2011724,10069911,10069911,0.008,20000,100150,100150,0.05202216,0.25931165,0.26011285,0.05171048,0,0.0508,策略间质量恒定（同一 survivor → 同一 artifact → 同一答案）
ecom|s5|r100|DISJOINT|w4|WORKLOAD,ecom,5,100,DISJOINT,4,WORKLOAD,10000,4,0.0501,9946,0.9946,2.483592,56.79,57.05,9.73928,48.586576,9.686231,10.163926,10.163926,9.686231,0.19936,0.99455,1.0,5.01605,1.00548,0.0,0.00548,4.01605,-0.005462,-1.612642,3727256,18666728,3706888,0.008,40000,200384,39784,0.0973928,0.48586576,0.09686231,0.09686231,0,0.9946,策略间质量恒定（同一 survivor → 同一 artifact → 同一答案）
ecom|s5|r100|DISJOINT|w4|CAP_10PCT,ecom,5,100,DISJOINT,4,CAP_10PCT,10000,4,0.0501,9946,0.9946,2.483592,56.79,57.05,9.73928,48.586576,44.482085,44.528966,713.251458,9.686231,0.91552,4.56729,4.5923,5.01605,1.00548,3.5923,0.00548,4.01605,1.518919,-0.088261,3727256,18666728,17033047,0.008,40000,200384,182864,0.0973928,0.48586576,0.44482085,0.09686231,178864,0.1,策略间质量恒定（同一 survivor → 同一 artifact → 同一答案）
ecom|s5|r100|DISJOINT|w4|CELL,ecom,5,100,DISJOINT,4,CELL,10000,4,0.0501,9946,0.9946,2.483592,56.79,57.05,9.73928,48.586576,48.746883,48.745296,714.409507,9.686231,1.0033,5.00518,5.0326,5.01605,1.00548,4.0326,0.00548,4.01605,1.610474,0.003294,3727256,18666728,18666728,0.008,40000,200384,200384,0.0973928,0.48586576,0.48746883,0.09686231,0,0.0506,策略间质量恒定（同一 survivor → 同一 artifact → 同一答案）
ecom|s5|r100|OVERLAP|w1|WORKLOAD,ecom,5,100,OVERLAP,1,WORKLOAD,10000,1,0.05138,9217,0.9217,26.697024,56.79,56.72,2.603684,13.303325,2.400528,2.524357,2.524357,2.400528,0.18045,0.92197,1.0,5.54183,1.08463,0.0,0.08463,4.54183,-0.081239,-1.712325,1058958,5439694,976141,0.008,10000,51377,9217,0.02603684,0.13303325,0.02400528,0.02400528,0,0.9217,策略间质量恒定（同一 survivor → 同一 artifact → 同一答案）
ecom|s5|r100|OVERLAP|w1|CAP_10PCT,ecom,5,100,OVERLAP,1,CAP_10PCT,10000,1,0.05138,9217,0.9217,26.697024,56.79,56.72,2.603684,13.303325,5.955626,6.029548,188.711244,2.400528,0.44768,2.28738,2.48096,5.54183,1.08463,1.48096,0.08463,4.54183,0.827409,-0.803678,1058958,5439694,2426489,0.008,10000,51377,22917,0.02603684,0.13303325,0.05955626,0.02400528,21917,0.1,策略间质量恒定（同一 survivor → 同一 artifact → 同一答案）
ecom|s5|r100|OVERLAP|w1|CELL,ecom,5,100,OVERLAP,1,CELL,10000,1,0.05138,9217,0.9217,26.697024,56.79,56.72,2.603684,13.303325,13.344426,13.34403,190.65527,2.400528,1.00309,5.12521,5.55895,5.54183,1.08463,4.55895,0.08463,4.54183,1.634171,0.003085,1058958,5439694,5439694,0.008,10000,51377,51377,0.02603684,0.13303325,0.13344426,0.02400528,0,0.0488,策略间质量恒定（同一 survivor → 同一 artifact → 同一答案）
ecom|s5|r100|OVERLAP|w2|WORKLOAD,ecom,5,100,OVERLAP,2,WORKLOAD,10000,2,0.05157,9247,0.9247,26.604057,56.79,56.86,5.202216,26.709928,4.810368,5.071543,5.071543,4.810368,0.1801,0.92468,1.0,5.55257,1.08146,0.0,0.08146,4.55257,-0.078311,-1.714262,2011724,10371792,1859841,0.008,20000,103136,18494,0.05202216,0.26709928,0.04810368,0.04810368,0,0.9247,策略间质量恒定（同一 survivor → 同一 artifact → 同一答案）
ecom|s5|r100|OVERLAP|w2|CAP_10PCT,ecom,5,100,OVERLAP,2,CAP_10PCT,10000,2,0.05157,9247,0.9247,26.604057,56.79,56.86,5.202216,26.709928,12.05453,12.206519,377.616283,4.810368,0.45131,2.31719,2.50595,5.55257,1.08146,1.50595,0.08146,4.55257,0.840356,-0.795595,2011724,10371792,4665296,0.008,20000,103136,46389,0.05202216,0.26709928,0.1205453,0.04810368,44389,0.1,策略间质量恒定（同一 survivor → 同一 artifact → 同一答案）
ecom|s5|r100|OVERLAP|w2|CELL,ecom,5,100,OVERLAP,2,CELL,10000,2,0.05157,9247,0.9247,26.604057,56.79,56.86,5.202216,26.709928,26.792437,26.79161,381.495718,4.810368,1.00309,5.1502,5.56973,5.55257,1.08146,4.56973,0.08146,4.55257,1.639035,0.003084,2011724,10371792,10371792,0.008,20000,103136,103136,0.05202216,0.26709928,0.26792437,0.04810368,0,0.0529,策略间质量恒定（同一 survivor → 同一 artifact → 同一答案）
ecom|s5|r100|OVERLAP|w4|WORKLOAD,ecom,5,100,OVERLAP,4,WORKLOAD,10000,4,0.05177,9235,0.9235,26.512305,56.79,56.36,9.73928,50.208104,8.994542,9.479195,9.479195,8.994542,0.17915,0.92353,1.0,5.58206,1.0828,0.0,0.0828,4.58206,-0.079549,-1.719558,3727256,19288420,3441988,0.008,40000,207072,36940,0.0973928,0.50208104,0.08994542,0.08994542,0,0.9235,策略间质量恒定（同一 survivor → 同一 artifact → 同一答案）
ecom|s5|r100|OVERLAP|w4|CAP_10PCT,ecom,5,100,OVERLAP,4,CAP_10PCT,10000,4,0.05177,9235,0.9235,26.512305,56.79,56.36,9.73928,50.208104,22.72044,22.994846,707.454781,8.994542,0.45253,2.33287,2.52603,5.58206,1.0828,1.52603,0.0828,4.58206,0.847098,-0.792911,3727256,19288420,8698821,0.008,40000,207072,93377,0.0973928,0.50208104,0.2272044,0.08994542,89377,0.1,策略间质量恒定（同一 survivor → 同一 artifact → 同一答案）
ecom|s5|r100|OVERLAP|w4|CELL,ecom,5,100,OVERLAP,4,CELL,10000,4,0.05177,9235,0.9235,26.512305,56.79,56.36,9.73928,50.208104,50.373762,50.372094,714.755246,8.994542,1.0033,5.17223,5.60048,5.58206,1.0828,4.60048,0.0828,4.58206,1.643303,0.003294,3727256,19288420,19288420,0.008,40000,207072,207072,0.0973928,0.50208104,0.50373762,0.08994542,0,0.0541,策略间质量恒定（同一 survivor → 同一 artifact → 同一答案）
ecom|s5|r100|NESTED|w1|WORKLOAD,ecom,5,100,NESTED,1,WORKLOAD,10000,1,0.05174,1008,0.1008,33.414209,56.79,52,2.603684,13.391809,0.269534,0.271069,2.605219,0.269534,0.02013,0.10352,1.0,49.68497,9.65993,0.0,8.65993,48.68497,-2.267987,-3.905703,1058958,5478269,106740,0.008,10000,51742,1008,0.02603684,0.13391809,0.00269534,0.00269534,0,0.1008,策略间质量恒定（同一 survivor → 同一 artifact → 同一答案）
ecom|s5|r100|NESTED|w1|CAP_10PCT,ecom,5,100,NESTED,1,CAP_10PCT,10000,1,0.05174,1008,0.1008,33.414209,56.79,52,2.603684,13.391809,0.420356,0.421891,124.734026,0.269534,0.03139,0.16145,1.55956,49.68497,9.65993,0.55956,8.65993,48.68497,-1.823581,-3.461297,1058958,5478269,168277,0.008,10000,51742,1589,0.02603684,0.13391809,0.00420356,0.00269534,589,0.1,策略间质量恒定（同一 survivor → 同一 artifact → 同一答案）
ecom|s5|r100|NESTED|w1|CELL,ecom,5,100,NESTED,1,CELL,10000,1,0.05174,1008,0.1008,33.414209,56.79,52,2.603684,13.391809,13.433203,13.433198,128.37124,0.269534,1.00309,5.15931,49.83855,49.68497,9.65993,48.83855,8.65993,48.68497,1.640802,0.003086,1058958,5478269,5478269,0.008,10000,51742,51742,0.02603684,0.13391809,0.13433203,0.00269534,0,0.1008,策略间质量恒定（同一 survivor → 同一 artifact → 同一答案）
ecom|s5|r100|NESTED|w2|WORKLOAD,ecom,5,100,NESTED,2,WORKLOAD,10000,2,0.05174,1008,0.1008,33.414209,56.79,52,5.202216,26.795458,0.531513,0.534583,5.205286,0.531513,0.01984,0.10217,1.0,50.41357,9.78756,0.0,8.78756,49.41357,-2.281113,-3.92026,2011724,10407930,202802,0.008,20000,103484,2016,0.05202216,0.26795458,0.00531513,0.00531513,0,0.1008,策略间质量恒定（同一 survivor → 同一 artifact → 同一答案）
ecom|s5|r100|NESTED|w2|CAP_10PCT,ecom,5,100,NESTED,2,CAP_10PCT,10000,2,0.05174,1008,0.1008,33.414209,56.79,52,5.202216,26.795458,0.782832,0.785902,249.599481,0.531513,0.02922,0.15048,1.47284,50.41357,9.78756,0.47284,8.78756,49.41357,-1.893922,-3.53307,2011724,10407930,294955,0.008,20000,103484,2983,0.05202216,0.26795458,0.00782832,0.00531513,983,0.1,策略间质量恒定（同一 survivor → 同一 artifact → 同一答案）
ecom|s5|r100|NESTED|w2|CELL,ecom,5,100,NESTED,2,CELL,10000,2,0.05174,1008,0.1008,33.414209,56.79,52,5.202216,26.795458,26.878245,26.878236,256.874585,0.531513,1.00309,5.16669,50.56933,50.41357,9.78756,49.56933,8.78756,49.41357,1.642233,0.003085,2011724,10407930,10407930,0.008,20000,103484,103484,0.05202216,0.26795458,0.26878245,0.00531513,0,0.1008,策略间质量恒定（同一 survivor → 同一 artifact → 同一答案）
ecom|s5|r100|NESTED|w4|WORKLOAD,ecom,5,100,NESTED,4,WORKLOAD,10000,4,0.05174,1008,0.1008,33.414209,56.79,52,9.73928,50.187784,0.988942,0.994686,9.745024,0.988942,0.0197,0.10154,1.0,50.74899,9.84819,0.0,8.84819,49.74899,-2.287287,-3.926892,3727256,19284154,375774,0.008,40000,206968,4032,0.0973928,0.50187784,0.00988942,0.00988942,0,0.1008,策略间质量恒定（同一 survivor → 同一 artifact → 同一答案）
ecom|s5|r100|NESTED|w4|CAP_10PCT,ecom,5,100,NESTED,4,CAP_10PCT,10000,4,0.05174,1008,0.1008,33.414209,56.79,52,9.73928,50.187784,1.419886,1.42563,467.613362,0.988942,0.02829,0.14579,1.43576,50.74899,9.84819,0.43576,8.84819,49.74899,-1.925591,-3.565195,3727256,19284154,538461,0.008,40000,206968,5917,0.0973928,0.50187784,0.01419886,0.00988942,1917,0.1,策略间质量恒定（同一 survivor → 同一 artifact → 同一答案）
ecom|s5|r100|NESTED|w4|CELL,ecom,5,100,NESTED,4,CELL,10000,4,0.05174,1008,0.1008,33.414209,56.79,52,9.73928,50.187784,50.353358,50.353339,481.24269,0.988942,1.0033,5.17013,50.91641,50.74899,9.84819,49.91641,8.84819,49.74899,1.642898,0.003294,3727256,19284154,19284154,0.008,40000,206968,206968,0.0973928,0.50187784,0.50353358,0.00988942,0,0.1008,策略间质量恒定（同一 survivor → 同一 artifact → 同一答案）
ecom|s10|r1|DISJOINT|w1|WORKLOAD,ecom,10,1,DISJOINT,1,WORKLOAD,10000,1,0.0971,971,0.0971,0.0,56.79,56.93,2.595764,0.251578,0.252354,0.251578,0.251578,0.251578,1.00309,0.09722,1.00309,1.0,10.31795,0.00309,9.31795,0.0,-2.330802,0.003083,1058958,102922,102922,8e-05,10000,971,971,2.595764,0.2515775,0.2523543,0.2515775,0,0.0971,策略间质量恒定（同一 survivor → 同一 artifact → 同一答案）
ecom|s10|r1|DISJOINT|w1|CAP_10PCT,ecom,10,1,DISJOINT,1,CAP_10PCT,10000,1,0.0971,971,0.0971,0.0,56.79,56.93,2.595764,0.251578,0.252354,0.251578,0.251578,0.251578,1.00309,0.09722,1.00309,1.0,10.31795,0.00309,9.31795,0.0,-2.330802,0.003083,1058958,102922,102922,8e-05,10000,971,971,2.595764,0.2515775,0.2523543,0.2515775,0,0.0971,策略间质量恒定（同一 survivor → 同一 artifact → 同一答案）
ecom|s10|r1|DISJOINT|w1|CELL,ecom,10,1,DISJOINT,1,CELL,10000,1,0.0971,971,0.0971,0.0,56.79,56.93,2.595764,0.251578,0.252354,0.251578,0.251578,0.251578,1.00309,0.09722,1.00309,1.0,10.31795,0.00309,9.31795,0.0,-2.330802,0.003083,1058958,102922,102922,8e-05,10000,971,971,2.595764,0.2515775,0.2523543,0.2515775,0,0.0971,策略间质量恒定（同一 survivor → 同一 artifact → 同一答案）
ecom|s10|r1|DISJOINT|w2|WORKLOAD,ecom,10,1,DISJOINT,2,WORKLOAD,10000,2,0.0963,963,0.0963,0.0,56.79,56.67,5.194296,0.498369,0.49991,0.498369,0.498369,0.498369,1.00309,0.09624,1.00309,1.0,10.42259,0.00309,9.42259,0.0,-2.340889,0.003087,2011724,193597,193597,8e-05,20000,1926,1926,5.194296,0.498369,0.4999098,0.498369,0,0.0963,策略间质量恒定（同一 survivor → 同一 artifact → 同一答案）
ecom|s10|r1|DISJOINT|w2|CAP_10PCT,ecom,10,1,DISJOINT,2,CAP_10PCT,10000,2,0.0963,963,0.0963,0.0,56.79,56.67,5.194296,0.498369,0.49991,0.498369,0.498369,0.498369,1.00309,0.09624,1.00309,1.0,10.42259,0.00309,9.42259,0.0,-2.340889,0.003087,2011724,193597,193597,8e-05,20000,1926,1926,5.194296,0.498369,0.4999098,0.498369,0,0.0963,策略间质量恒定（同一 survivor → 同一 artifact → 同一答案）
ecom|s10|r1|DISJOINT|w2|CELL,ecom,10,1,DISJOINT,2,CELL,10000,2,0.0963,963,0.0963,0.0,56.79,56.67,5.194296,0.498369,0.49991,0.498369,0.498369,0.498369,1.00309,0.09624,1.00309,1.0,10.42259,0.00309,9.42259,0.0,-2.340889,0.003087,2011724,193597,193597,8e-05,20000,1926,1926,5.194296,0.498369,0.4999098,0.498369,0,0.0963,策略间质量恒定（同一 survivor → 同一 artifact → 同一答案）
ecom|s10|r1|DISJOINT|w4|WORKLOAD,ecom,10,1,DISJOINT,4,WORKLOAD,10000,4,0.0982,982,0.0982,0.0,56.79,56.61,9.73136,0.952316,0.955458,0.952316,0.952316,0.952316,1.0033,0.09818,1.0033,1.0,10.21862,0.0033,9.21862,0.0,-2.320918,0.003294,3727256,365904,365904,8e-05,40000,3928,3928,9.73136,0.952316,0.9554584,0.952316,0,0.0982,策略间质量恒定（同一 survivor → 同一 artifact → 同一答案）
ecom|s10|r1|DISJOINT|w4|CAP_10PCT,ecom,10,1,DISJOINT,4,CAP_10PCT,10000,4,0.0982,982,0.0982,0.0,56.79,56.61,9.73136,0.952316,0.955458,0.952316,0.952316,0.952316,1.0033,0.09818,1.0033,1.0,10.21862,0.0033,9.21862,0.0,-2.320918,0.003294,3727256,365904,365904,8e-05,40000,3928,3928,9.73136,0.952316,0.9554584,0.952316,0,0.0982,策略间质量恒定（同一 survivor → 同一 artifact → 同一答案）
ecom|s10|r1|DISJOINT|w4|CELL,ecom,10,1,DISJOINT,4,CELL,10000,4,0.0982,982,0.0982,0.0,56.79,56.61,9.73136,0.952316,0.955458,0.952316,0.952316,0.952316,1.0033,0.09818,1.0033,1.0,10.21862,0.0033,9.21862,0.0,-2.320918,0.003294,3727256,365904,365904,8e-05,40000,3928,3928,9.73136,0.952316,0.9554584,0.952316,0,0.0982,策略间质量恒定（同一 survivor → 同一 artifact → 同一答案）
ecom|s10|r1|OVERLAP|w1|WORKLOAD,ecom,10,1,OVERLAP,1,WORKLOAD,10000,1,0.1038,1038,0.1038,0.0,56.79,56.84,2.595764,0.268919,0.269749,0.268919,0.268919,0.268919,1.00309,0.10392,1.00309,1.0,9.65259,0.00309,8.65259,0.0,-2.264143,0.003083,1058958,110016,110016,8e-05,10000,1038,1038,2.595764,0.268919,0.2697494,0.268919,0,0.1038,策略间质量恒定（同一 survivor → 同一 artifact → 同一答案）
ecom|s10|r1|OVERLAP|w1|CAP_10PCT,ecom,10,1,OVERLAP,1,CAP_10PCT,10000,1,0.1038,1038,0.1038,0.0,56.79,56.84,2.595764,0.268919,0.269749,0.268919,0.268919,0.268919,1.00309,0.10392,1.00309,1.0,9.65259,0.00309,8.65259,0.0,-2.264143,0.003083,1058958,110016,110016,8e-05,10000,1038,1038,2.595764,0.268919,0.2697494,0.268919,38,0.1,策略间质量恒定（同一 survivor → 同一 artifact → 同一答案）
ecom|s10|r1|OVERLAP|w1|CELL,ecom,10,1,OVERLAP,1,CELL,10000,1,0.1038,1038,0.1038,0.0,56.79,56.84,2.595764,0.268919,0.269749,0.268919,0.268919,0.268919,1.00309,0.10392,1.00309,1.0,9.65259,0.00309,8.65259,0.0,-2.264143,0.003083,1058958,110016,110016,8e-05,10000,1038,1038,2.595764,0.268919,0.2697494,0.268919,0,0.1038,策略间质量恒定（同一 survivor → 同一 artifact → 同一答案）
ecom|s10|r1|OVERLAP|w2|WORKLOAD,ecom,10,1,OVERLAP,2,WORKLOAD,10000,2,0.0994,994,0.0994,0.0,56.79,56.86,5.194296,0.515182,0.516772,0.515182,0.515182,0.515182,1.00309,0.09949,1.00309,1.0,10.08245,0.00309,9.08245,0.0,-2.307714,0.003082,2011724,200122,200122,8e-05,20000,1988,1988,5.194296,0.515182,0.5167724,0.515182,0,0.0994,策略间质量恒定（同一 survivor → 同一 artifact → 同一答案）
ecom|s10|r1|OVERLAP|w2|CAP_10PCT,ecom,10,1,OVERLAP,2,CAP_10PCT,10000,2,0.0994,994,0.0994,0.0,56.79,56.86,5.194296,0.515182,0.516772,0.515182,0.515182,0.515182,1.00309,0.09949,1.00309,1.0,10.08245,0.00309,9.08245,0.0,-2.307714,0.003082,2011724,200122,200122,8e-05,20000,1988,1988,5.194296,0.515182,0.5167724,0.515182,0,0.0994,策略间质量恒定（同一 survivor → 同一 artifact → 同一答案）
ecom|s10|r1|OVERLAP|w2|CELL,ecom,10,1,OVERLAP,2,CELL,10000,2,0.0994,994,0.0994,0.0,56.79,56.86,5.194296,0.515182,0.516772,0.515182,0.515182,0.515182,1.00309,0.09949,1.00309,1.0,10.08245,0.00309,9.08245,0.0,-2.307714,0.003082,2011724,200122,200122,8e-05,20000,1988,1988,5.194296,0.515182,0.5167724,0.515182,0,0.0994,策略间质量恒定（同一 survivor → 同一 artifact → 同一答案）
ecom|s10|r1|OVERLAP|w4|WORKLOAD,ecom,10,1,OVERLAP,4,WORKLOAD,10000,4,0.1032,1032,0.1032,0.0,56.79,57.39,9.73136,1.003976,1.007278,1.003976,1.003976,1.003976,1.00329,0.10351,1.00329,1.0,9.69282,0.00329,8.69282,0.0,-2.268102,0.003284,3727256,386108,386108,8e-05,40000,4128,4128,9.73136,1.003976,1.0072784,1.003976,0,0.1032,策略间质量恒定（同一 survivor → 同一 artifact → 同一答案）
ecom|s10|r1|OVERLAP|w4|CAP_10PCT,ecom,10,1,OVERLAP,4,CAP_10PCT,10000,4,0.1032,1032,0.1032,0.0,56.79,57.39,9.73136,1.003976,1.007278,1.003976,1.003976,1.003976,1.00329,0.10351,1.00329,1.0,9.69282,0.00329,8.69282,0.0,-2.268102,0.003284,3727256,386108,386108,8e-05,40000,4128,4128,9.73136,1.003976,1.0072784,1.003976,128,0.1,策略间质量恒定（同一 survivor → 同一 artifact → 同一答案）
ecom|s10|r1|OVERLAP|w4|CELL,ecom,10,1,OVERLAP,4,CELL,10000,4,0.1032,1032,0.1032,0.0,56.79,57.39,9.73136,1.003976,1.007278,1.003976,1.003976,1.003976,1.00329,0.10351,1.00329,1.0,9.69282,0.00329,8.69282,0.0,-2.268102,0.003284,3727256,386108,386108,8e-05,40000,4128,4128,9.73136,1.003976,1.0072784,1.003976,0,0.1032,策略间质量恒定（同一 survivor → 同一 artifact → 同一答案）
ecom|s10|r1|NESTED|w1|WORKLOAD,ecom,10,1,NESTED,1,WORKLOAD,10000,1,0.1019,1019,0.1019,0.0,56.79,56.77,2.595764,0.263624,0.264439,0.263624,0.263624,0.263624,1.00309,0.10187,1.00309,1.0,9.84648,0.00309,8.84648,0.0,-2.284027,0.003088,1058958,107889,107889,8e-05,10000,1019,1019,2.595764,0.2636235,0.2644387,0.2636235,0,0.1019,策略间质量恒定（同一 survivor → 同一 artifact → 同一答案）
ecom|s10|r1|NESTED|w1|CAP_10PCT,ecom,10,1,NESTED,1,CAP_10PCT,10000,1,0.1019,1019,0.1019,0.0,56.79,56.77,2.595764,0.263624,0.264439,0.263624,0.263624,0.263624,1.00309,0.10187,1.00309,1.0,9.84648,0.00309,8.84648,0.0,-2.284027,0.003088,1058958,107889,107889,8e-05,10000,1019,1019,2.595764,0.2636235,0.2644387,0.2636235,19,0.1,策略间质量恒定（同一 survivor → 同一 artifact → 同一答案）
ecom|s10|r1|NESTED|w1|CELL,ecom,10,1,NESTED,1,CELL,10000,1,0.1019,1019,0.1019,0.0,56.79,56.77,2.595764,0.263624,0.264439,0.263624,0.263624,0.263624,1.00309,0.10187,1.00309,1.0,9.84648,0.00309,8.84648,0.0,-2.284027,0.003088,1058958,107889,107889,8e-05,10000,1019,1019,2.595764,0.2636235,0.2644387,0.2636235,0,0.1019,策略间质量恒定（同一 survivor → 同一 artifact → 同一答案）
ecom|s10|r1|NESTED|w2|WORKLOAD,ecom,10,1,NESTED,2,WORKLOAD,10000,2,0.1019,1019,0.1019,0.0,56.79,56.77,5.194296,0.527613,0.529243,0.527613,0.527613,0.527613,1.00309,0.10189,1.00309,1.0,9.8449,0.00309,8.8449,0.0,-2.283868,0.003085,2011724,204983,204983,8e-05,20000,2038,2038,5.194296,0.527613,0.5292434,0.527613,0,0.1019,策略间质量恒定（同一 survivor → 同一 artifact → 同一答案）
ecom|s10|r1|NESTED|w2|CAP_10PCT,ecom,10,1,NESTED,2,CAP_10PCT,10000,2,0.1019,1019,0.1019,0.0,56.79,56.77,5.194296,0.527613,0.529243,0.527613,0.527613,0.527613,1.00309,0.10189,1.00309,1.0,9.8449,0.00309,8.8449,0.0,-2.283868,0.003085,2011724,204983,204983,8e-05,20000,2038,2038,5.194296,0.527613,0.5292434,0.527613,38,0.1,策略间质量恒定（同一 survivor → 同一 artifact → 同一答案）
ecom|s10|r1|NESTED|w2|CELL,ecom,10,1,NESTED,2,CELL,10000,2,0.1019,1019,0.1019,0.0,56.79,56.77,5.194296,0.527613,0.529243,0.527613,0.527613,0.527613,1.00309,0.10189,1.00309,1.0,9.8449,0.00309,8.8449,0.0,-2.283868,0.003085,2011724,204983,204983,8e-05,20000,2038,2038,5.194296,0.527613,0.5292434,0.527613,0,0.1019,策略间质量恒定（同一 survivor → 同一 artifact → 同一答案）
ecom|s10|r1|NESTED|w4|WORKLOAD,ecom,10,1,NESTED,4,WORKLOAD,10000,4,0.1019,1019,0.1019,0.0,56.79,56.77,9.73136,0.988338,0.991599,0.988338,0.988338,0.988338,1.0033,0.1019,1.0033,1.0,9.84619,0.0033,8.84619,0.0,-2.28379,0.003294,3727256,379810,379810,8e-05,40000,4076,4076,9.73136,0.988338,0.9915988,0.988338,0,0.1019,策略间质量恒定（同一 survivor → 同一 artifact → 同一答案）
ecom|s10|r1|NESTED|w4|CAP_10PCT,ecom,10,1,NESTED,4,CAP_10PCT,10000,4,0.1019,1019,0.1019,0.0,56.79,56.77,9.73136,0.988338,0.991599,0.988338,0.988338,0.988338,1.0033,0.1019,1.0033,1.0,9.84619,0.0033,8.84619,0.0,-2.28379,0.003294,3727256,379810,379810,8e-05,40000,4076,4076,9.73136,0.988338,0.9915988,0.988338,76,0.1,策略间质量恒定（同一 survivor → 同一 artifact → 同一答案）
ecom|s10|r1|NESTED|w4|CELL,ecom,10,1,NESTED,4,CELL,10000,4,0.1019,1019,0.1019,0.0,56.79,56.77,9.73136,0.988338,0.991599,0.988338,0.988338,0.988338,1.0033,0.1019,1.0033,1.0,9.84619,0.0033,8.84619,0.0,-2.28379,0.003294,3727256,379810,379810,8e-05,40000,4076,4076,9.73136,0.988338,0.9915988,0.988338,0,0.1019,策略间质量恒定（同一 survivor → 同一 artifact → 同一答案）
ecom|s10|r10|DISJOINT|w1|WORKLOAD,ecom,10,10,DISJOINT,1,WORKLOAD,10000,1,0.10016,6523,0.6523,0.451078,56.79,56.93,2.596484,2.591622,1.693752,1.849312,1.849312,1.693752,0.65355,0.65233,1.0,1.53011,1.53298,0.0,0.53298,0.53011,-0.427212,-0.425338,1058958,1060199,690696,0.0008,10000,10016,6523,0.2596484,0.2591622,0.16937519,0.16937519,0,0.6523,策略间质量恒定（同一 survivor → 同一 artifact → 同一答案）
ecom|s10|r10|DISJOINT|w1|CAP_10PCT,ecom,10,10,DISJOINT,1,CAP_10PCT,10000,1,0.10016,6523,0.6523,0.451078,56.79,56.93,2.596484,2.591622,2.477829,2.492471,2.492471,1.693752,0.95609,0.9543,1.46292,1.53011,1.53298,0.46292,0.53298,0.53011,-0.046775,-0.044901,1058958,1060199,1010549,0.0008,10000,10016,9547,0.2596484,0.2591622,0.24778291,0.16937519,8547,0.1,策略间质量恒定（同一 survivor → 同一 artifact → 同一答案）
ecom|s10|r10|DISJOINT|w1|CELL,ecom,10,10,DISJOINT,1,CELL,10000,1,0.10016,6523,0.6523,0.451078,56.79,56.93,2.596484,2.591622,2.599635,2.598858,2.598858,1.693752,1.00309,1.00121,1.53484,1.53011,1.53298,0.53484,0.53298,0.53011,0.001213,0.003087,1058958,1060199,1060199,0.0008,10000,10016,10016,0.2596484,0.2591622,0.25996348,0.16937519,0,0.1006,策略间质量恒定（同一 survivor → 同一 artifact → 同一答案）
ecom|s10|r10|DISJOINT|w2|WORKLOAD,ecom,10,10,DISJOINT,2,WORKLOAD,10000,2,0.10053,6567,0.6567,0.449915,56.79,56.67,5.195016,5.206419,3.412188,3.716345,3.716345,3.412188,0.65538,0.65682,1.0,1.52583,1.52249,0.0,0.52249,0.52583,-0.420346,-0.422539,2011724,2022369,1321183,0.0008,20000,20106,13134,0.5195016,0.5206419,0.34121882,0.34121882,0,0.6567,策略间质量恒定（同一 survivor → 同一 artifact → 同一答案）
ecom|s10|r10|DISJOINT|w2|CAP_10PCT,ecom,10,10,DISJOINT,2,CAP_10PCT,10000,2,0.10053,6567,0.6567,0.449915,56.79,56.67,5.195016,5.206419,5.032508,5.079555,5.079555,3.412188,0.9666,0.96872,1.47486,1.52583,1.52249,0.47486,0.52249,0.52583,-0.031781,-0.033974,2011724,2022369,1948319,0.0008,20000,20106,19374,0.5195016,0.5206419,0.50325082,0.34121882,17374,0.1,策略间质量恒定（同一 survivor → 同一 artifact → 同一答案）
ecom|s10|r10|DISJOINT|w2|CELL,ecom,10,10,DISJOINT,2,CELL,10000,2,0.10053,6567,0.6567,0.449915,56.79,56.67,5.195016,5.206419,5.222504,5.220963,5.220963,3.412188,1.00309,1.00529,1.53054,1.52583,1.52249,0.53054,0.52249,0.52583,0.005277,0.003085,2011724,2022369,2022369,0.0008,20000,20106,20106,0.5195016,0.5206419,0.52225038,0.34121882,0,0.1025,策略间质量恒定（同一 survivor → 同一 artifact → 同一答案）
ecom|s10|r10|DISJOINT|w4|WORKLOAD,ecom,10,10,DISJOINT,4,WORKLOAD,10000,4,0.09861,6490,0.649,0.440625,56.79,56.61,9.73208,9.561734,6.313208,6.894763,6.894763,6.313208,0.66026,0.6487,1.0,1.51456,1.54154,0.0,0.54154,0.51456,-0.432784,-0.415125,3727256,3673482,2417382,0.0008,40000,39444,25960,0.973208,0.9561734,0.6313208,0.6313208,0,0.649,策略间质量恒定（同一 survivor → 同一 artifact → 同一答案）
ecom|s10|r10|DISJOINT|w4|CAP_10PCT,ecom,10,10,DISJOINT,4,CAP_10PCT,10000,4,0.09861,6490,0.649,0.440625,56.79,56.61,9.73208,9.561734,8.992018,9.071894,9.071894,6.313208,0.94042,0.92396,1.42432,1.51456,1.54154,0.42432,0.54154,0.51456,-0.07909,-0.061432,3727256,3673482,3443417,0.0008,40000,39444,36960,0.973208,0.9561734,0.8992018,0.6313208,32960,0.1,策略间质量恒定（同一 survivor → 同一 artifact → 同一答案）
ecom|s10|r10|DISJOINT|w4|CELL,ecom,10,10,DISJOINT,4,CELL,10000,4,0.09861,6490,0.649,0.440625,56.79,56.61,9.73208,9.561734,9.593289,9.590147,9.590147,6.313208,1.0033,0.98574,1.51956,1.51456,1.54154,0.51956,0.54154,0.51456,-0.014364,0.003295,3727256,3673482,3673482,0.0008,40000,39444,39444,0.973208,0.9561734,0.95932892,0.6313208,0,0.0988,策略间质量恒定（同一 survivor → 同一 artifact → 同一答案）
ecom|s10|r10|OVERLAP|w1|WORKLOAD,ecom,10,10,OVERLAP,1,WORKLOAD,10000,1,0.10031,4313,0.4313,2.488386,56.79,56.84,2.596484,2.59668,1.119903,1.302654,1.302654,1.119903,0.43128,0.43132,1.0,2.31866,2.31849,0.0,1.31849,1.31866,-0.840916,-0.840992,1058958,1062304,456568,0.0008,10000,10031,4313,0.2596484,0.25966795,0.11199029,0.11199029,0,0.4313,策略间质量恒定（同一 survivor → 同一 artifact → 同一答案）
ecom|s10|r10|OVERLAP|w1|CAP_10PCT,ecom,10,10,OVERLAP,1,CAP_10PCT,10000,1,0.10031,4313,0.4313,2.488386,56.79,56.84,2.596484,2.59668,1.914278,1.955412,1.955412,1.119903,0.7372,0.73726,1.70933,2.31866,2.31849,0.70933,1.31849,1.31866,-0.304818,-0.304893,1058958,1062304,780552,0.0008,10000,10031,7371,0.2596484,0.25966795,0.19142783,0.11199029,6371,0.1,策略间质量恒定（同一 survivor → 同一 artifact → 同一答案）
ecom|s10|r10|OVERLAP|w1|CELL,ecom,10,10,OVERLAP,1,CELL,10000,1,0.10031,4313,0.4313,2.488386,56.79,56.84,2.596484,2.59668,2.604704,2.603874,2.603874,1.119903,1.00309,1.00317,2.32583,2.31866,2.31849,1.32583,1.31849,1.31866,0.003161,0.003086,1058958,1062304,1062304,0.0008,10000,10031,10031,0.2596484,0.25966795,0.26047043,0.11199029,0,0.104,策略间质量恒定（同一 survivor → 同一 artifact → 同一答案）
ecom|s10|r10|OVERLAP|w2|WORKLOAD,ecom,10,10,OVERLAP,2,WORKLOAD,10000,2,0.10059,4305,0.4305,2.48643,56.79,56.86,5.195016,5.210801,2.236739,2.607715,2.607715,2.236739,0.42925,0.43055,1.0,2.32964,2.32258,0.0,1.32258,1.32964,-0.842681,-0.845715,2011724,2024105,865991,0.0008,20000,20118,8610,0.5195016,0.5210801,0.2236739,0.2236739,0,0.4305,策略间质量恒定（同一 survivor → 同一 artifact → 同一答案）
ecom|s10|r10|OVERLAP|w2|CAP_10PCT,ecom,10,10,OVERLAP,2,CAP_10PCT,10000,2,0.10059,4305,0.4305,2.48643,56.79,56.86,5.195016,5.210801,4.296617,4.524477,4.524477,2.236739,0.82456,0.82707,1.92093,2.32964,2.32258,0.92093,1.32258,1.32964,-0.189872,-0.192906,2011724,2024105,1666691,0.0008,20000,20118,16538,0.5195016,0.5210801,0.42966174,0.2236739,14538,0.1,策略间质量恒定（同一 survivor → 同一 artifact → 同一答案）
ecom|s10|r10|OVERLAP|w2|CELL,ecom,10,10,OVERLAP,2,CELL,10000,2,0.10059,4305,0.4305,2.48643,56.79,56.86,5.195016,5.210801,5.226895,5.225305,5.225305,2.236739,1.00309,1.00614,2.33684,2.32964,2.32258,1.33684,1.32258,1.32964,0.006118,0.003084,2011724,2024105,2024105,0.0008,20000,20118,20118,0.5195016,0.5210801,0.52268954,0.2236739,0,0.0996,策略间质量恒定（同一 survivor → 同一 artifact → 同一答案）
ecom|s10|r10|OVERLAP|w4|WORKLOAD,ecom,10,10,OVERLAP,4,WORKLOAD,10000,4,0.10158,4455,0.4455,2.45698,56.79,57.39,9.73208,9.85812,4.337778,5.033368,5.033368,4.337778,0.44002,0.44572,1.0,2.27262,2.24356,0.0,1.24356,1.27262,-0.808065,-0.820933,3727256,3788466,1661414,0.0008,40000,40632,17820,0.973208,0.985812,0.4337778,0.4337778,0,0.4455,策略间质量恒定（同一 survivor → 同一 artifact → 同一答案）
ecom|s10|r10|OVERLAP|w4|CAP_10PCT,ecom,10,10,OVERLAP,4,CAP_10PCT,10000,4,0.10158,4455,0.4455,2.45698,56.79,57.39,9.73208,9.85812,9.641202,9.637899,9.637899,4.337778,0.978,0.99066,2.22261,2.27262,2.24356,1.22261,1.24356,1.27262,-0.009382,-0.02225,3727256,3788466,3689734,0.0008,40000,40632,39672,0.973208,0.985812,0.96412016,0.4337778,35672,0.1,策略间质量恒定（同一 survivor → 同一 artifact → 同一答案）
ecom|s10|r10|OVERLAP|w4|CELL,ecom,10,10,OVERLAP,4,CELL,10000,4,0.10158,4455,0.4455,2.45698,56.79,57.39,9.73208,9.85812,9.890626,9.887323,9.887323,4.337778,1.0033,1.01629,2.28011,2.27262,2.24356,1.28011,1.24356,1.27262,0.01616,0.003292,3727256,3788466,3788466,0.0008,40000,40632,40632,0.973208,0.985812,0.98906256,0.4337778,0,0.1012,策略间质量恒定（同一 survivor → 同一 artifact → 同一答案）
ecom|s10|r10|NESTED|w1|WORKLOAD,ecom,10,10,NESTED,1,WORKLOAD,10000,1,0.10346,1867,0.1867,3.007732,56.79,56.39,2.596484,2.677291,0.485177,0.534621,0.534621,0.485177,0.18122,0.18686,1.0,5.51817,5.35162,0.0,4.35162,4.51817,-1.6774,-1.708047,1058958,1095615,197671,0.0008,10000,10346,1867,0.2596484,0.2677291,0.04851771,0.04851771,0,0.1867,策略间质量恒定（同一 survivor → 同一 artifact → 同一答案）
ecom|s10|r10|NESTED|w1|CAP_10PCT,ecom,10,10,NESTED,1,CAP_10PCT,10000,1,0.10346,1867,0.1867,3.007732,56.79,56.39,2.596484,2.677291,2.118673,2.168117,2.168117,0.485177,0.79135,0.81598,4.3668,5.51817,5.35162,3.3668,4.35162,4.51817,-0.203368,-0.234015,1058958,1095615,864288,0.0008,10000,10346,8161,0.2596484,0.2677291,0.21186733,0.04851771,7161,0.1,策略间质量恒定（同一 survivor → 同一 artifact → 同一答案）
ecom|s10|r10|NESTED|w1|CELL,ecom,10,10,NESTED,1,CELL,10000,1,0.10346,1867,0.1867,3.007732,56.79,56.39,2.596484,2.677291,2.685568,2.685415,2.685415,0.485177,1.00309,1.03431,5.53523,5.51817,5.35162,4.53523,4.35162,4.51817,0.033734,0.003087,1058958,1095615,1095615,0.0008,10000,10346,10346,0.2596484,0.2677291,0.26855678,0.04851771,0,0.1867,策略间质量恒定（同一 survivor → 同一 artifact → 同一答案）
ecom|s10|r10|NESTED|w2|WORKLOAD,ecom,10,10,NESTED,2,WORKLOAD,10000,2,0.10346,1867,0.1867,3.007732,56.79,56.39,5.195016,5.35787,0.970332,1.069245,1.069245,0.970332,0.1811,0.18678,1.0,5.52169,5.35385,0.0,4.35385,4.52169,-1.677816,-1.708683,2011724,2081554,375557,0.0008,20000,20692,3734,0.5195016,0.535787,0.09703322,0.09703322,0,0.1867,策略间质量恒定（同一 survivor → 同一 artifact → 同一答案）
ecom|s10|r10|NESTED|w2|CAP_10PCT,ecom,10,10,NESTED,2,CAP_10PCT,10000,2,0.10346,1867,0.1867,3.007732,56.79,56.39,5.195016,5.35787,4.208282,4.307195,4.307195,0.970332,0.78544,0.81006,4.33695,5.52169,5.35385,3.33695,4.35385,4.52169,-0.210645,-0.241512,2011724,2081554,1626183,0.0008,20000,20692,16200,0.5195016,0.535787,0.4208282,0.09703322,14200,0.1,策略间质量恒定（同一 survivor → 同一 artifact → 同一答案）
ecom|s10|r10|NESTED|w2|CELL,ecom,10,10,NESTED,2,CELL,10000,2,0.10346,1867,0.1867,3.007732,56.79,56.39,5.195016,5.35787,5.374424,5.374118,5.374118,0.970332,1.00309,1.03453,5.53875,5.52169,5.35385,4.53875,4.35385,4.52169,0.033952,0.003085,2011724,2081554,2081554,0.0008,20000,20692,20692,0.5195016,0.535787,0.53744236,0.09703322,0,0.1867,策略间质量恒定（同一 survivor → 同一 artifact → 同一答案）
ecom|s10|r10|NESTED|w4|WORKLOAD,ecom,10,10,NESTED,4,WORKLOAD,10000,4,0.10346,1867,0.1867,3.007732,56.79,56.39,9.73208,10.036192,1.81742,2.002666,2.002666,1.81742,0.18109,0.18675,1.0,5.52222,5.35489,0.0,4.35489,4.52222,-1.67801,-1.70878,3727256,3856858,695856,0.0008,40000,41384,7468,0.973208,1.0036192,0.18174204,0.18174204,0,0.1867,策略间质量恒定（同一 survivor → 同一 artifact → 同一答案）
ecom|s10|r10|NESTED|w4|CAP_10PCT,ecom,10,10,NESTED,4,CAP_10PCT,10000,4,0.10346,1867,0.1867,3.007732,56.79,56.39,9.73208,10.036192,7.881339,8.066585,8.066585,1.81742,0.78529,0.80983,4.33655,5.52222,5.35489,3.33655,4.35489,4.52222,-0.21093,-0.2417,3727256,3856858,3014340,0.0008,40000,41384,32476,0.973208,1.0036192,0.78813388,0.18174204,28476,0.1,策略间质量恒定（同一 survivor → 同一 artifact → 同一答案）
ecom|s10|r10|NESTED|w4|CELL,ecom,10,10,NESTED,4,CELL,10000,4,0.10346,1867,0.1867,3.007732,56.79,56.39,9.73208,10.036192,10.069299,10.068688,10.068688,1.81742,1.0033,1.03465,5.54043,5.52222,5.35489,4.54043,4.35489,4.52222,0.034063,0.003293,3727256,3856858,3856858,0.0008,40000,41384,41384,0.973208,1.0036192,1.00692992,0.18174204,0,0.1867,策略间质量恒定（同一 survivor → 同一 artifact → 同一答案）
ecom|s10|r50|DISJOINT|w1|WORKLOAD,ecom,10,50,DISJOINT,1,WORKLOAD,10000,1,0.10019,9956,0.9956,2.44739,56.79,56.93,2.599684,12.966966,2.588369,2.8386,2.8386,2.588369,0.19961,0.99565,1.0,5.00971,1.00437,0.0,0.00437,4.00971,-0.004362,-1.611377,1058958,5304427,1054333,0.004,10000,50095,9956,0.05199368,0.25933931,0.05176738,0.05176738,0,0.9956,策略间质量恒定（同一 survivor → 同一 artifact → 同一答案）
ecom|s10|r50|DISJOINT|w1|CAP_10PCT,ecom,10,50,DISJOINT,1,CAP_10PCT,10000,1,0.10019,9956,0.9956,2.44739,56.79,56.93,2.599684,12.966966,12.394855,12.409497,94.572937,2.588369,0.95588,4.76783,4.78867,5.00971,1.00437,3.78867,0.00437,4.00971,1.561892,-0.045124,1058958,5304427,5054789,0.004,10000,50095,47739,0.05199368,0.25933931,0.24789709,0.05176738,46739,0.1,策略间质量恒定（同一 survivor → 同一 artifact → 同一答案）
ecom|s10|r50|DISJOINT|w1|CELL,ecom,10,50,DISJOINT,1,CELL,10000,1,0.10019,9956,0.9956,2.44739,56.79,56.93,2.599684,12.966966,13.007041,13.006265,94.737006,2.588369,1.00309,5.00332,5.02519,5.00971,1.00437,4.02519,0.00437,4.00971,1.610101,0.003086,1058958,5304427,5304427,0.004,10000,50095,50095,0.05199368,0.25933931,0.26014083,0.05176738,0,0.1025,策略间质量恒定（同一 survivor → 同一 artifact → 同一答案）
ecom|s10|r50|DISJOINT|w2|WORKLOAD,ecom,10,50,DISJOINT,2,WORKLOAD,10000,2,0.09959,9954,0.9954,2.433044,56.79,56.67,5.198216,25.791546,5.174392,5.670098,5.670098,5.174392,0.20062,0.99542,1.0,4.98446,1.0046,0.0,0.0046,3.98446,-0.004594,-1.606325,2011724,10019164,2002524,0.004,20000,99588,19908,0.10396432,0.51583092,0.10348785,0.10348785,0,0.9954,策略间质量恒定（同一 survivor → 同一 artifact → 同一答案）
ecom|s10|r50|DISJOINT|w2|CAP_10PCT,ecom,10,50,DISJOINT,2,CAP_10PCT,10000,2,0.09959,9954,0.9954,2.433044,56.79,56.67,5.198216,25.791546,24.400764,24.447811,189.379083,5.174392,0.94608,4.69407,4.71568,4.98446,1.0046,3.71568,0.0046,3.98446,1.546299,-0.055432,2011724,10019164,9448705,0.004,20000,99588,93928,0.10396432,0.51583092,0.48801529,0.10348785,91928,0.1,策略间质量恒定（同一 survivor → 同一 artifact → 同一答案）
ecom|s10|r50|DISJOINT|w2|CELL,ecom,10,50,DISJOINT,2,CELL,10000,2,0.09959,9954,0.9954,2.433044,56.79,56.67,5.198216,25.791546,25.871216,25.869676,189.627304,5.174392,1.00309,4.97694,4.99986,4.98446,1.0046,3.99986,0.0046,3.98446,1.604816,0.003084,2011724,10019164,10019164,0.004,20000,99588,99588,0.10396432,0.51583092,0.51742433,0.10348785,0,0.1018,策略间质量恒定（同一 survivor → 同一 artifact → 同一答案）
ecom|s10|r50|DISJOINT|w4|WORKLOAD,ecom,10,50,DISJOINT,4,WORKLOAD,10000,4,0.09963,9939,0.9939,2.444241,56.79,56.61,9.73528,48.31781,9.675755,10.62085,10.62085,9.675755,0.20025,0.99389,1.0,4.9937,1.00615,0.0,0.00615,3.9937,-0.006133,-1.608177,3727256,18565092,3704444,0.004,40000,199252,39756,0.1947056,0.9663562,0.1935151,0.1935151,0,0.9939,策略间质量恒定（同一 survivor → 同一 artifact → 同一答案）
ecom|s10|r50|DISJOINT|w4|CAP_10PCT,ecom,10,50,DISJOINT,4,CAP_10PCT,10000,4,0.09963,9939,0.9939,2.444241,56.79,56.61,9.73528,48.31781,45.894508,45.974383,354.342817,9.675755,0.94985,4.71425,4.74325,4.9937,1.00615,3.74325,0.00615,3.9937,1.550589,-0.051455,3727256,18565092,17576724,0.004,40000,199252,188615,0.1947056,0.9663562,0.91789015,0.1935151,184615,0.1,策略间质量恒定（同一 survivor → 同一 artifact → 同一答案）
ecom|s10|r50|DISJOINT|w4|CELL,ecom,10,50,DISJOINT,4,CELL,10000,4,0.09963,9939,0.9939,2.444241,56.79,56.61,9.73528,48.31781,48.477212,48.474069,355.051308,9.675755,1.0033,4.97954,5.01017,4.9937,1.00615,4.01017,0.00615,3.9937,1.605337,0.003294,3727256,18565092,18565092,0.004,40000,199252,199252,0.1947056,0.9663562,0.96954423,0.1935151,0,0.1041,策略间质量恒定（同一 survivor → 同一 artifact → 同一答案）
ecom|s10|r50|OVERLAP|w1|WORKLOAD,ecom,10,50,OVERLAP,1,WORKLOAD,10000,1,0.10065,9263,0.9263,13.511237,56.79,56.84,2.599684,13.030442,2.408572,2.665554,2.665554,2.408572,0.18484,0.92649,1.0,5.41003,1.07935,0.0,0.07935,4.41003,-0.076356,-1.688254,1058958,5331148,981037,0.004,10000,50323,9263,0.05199368,0.26060883,0.04817144,0.04817144,0,0.9263,策略间质量恒定（同一 survivor → 同一 artifact → 同一答案）
ecom|s10|r50|OVERLAP|w1|CAP_10PCT,ecom,10,50,OVERLAP,1,CAP_10PCT,10000,1,0.10065,9263,0.9263,13.511237,56.79,56.84,2.599684,13.030442,10.333861,10.374995,93.912268,2.408572,0.79306,3.97504,4.29045,5.41003,1.07935,3.29045,0.07935,4.41003,1.380036,-0.231862,1058958,5331148,4214490,0.004,10000,50323,39785,0.05199368,0.26060883,0.20667721,0.04817144,38785,0.1,策略间质量恒定（同一 survivor → 同一 artifact → 同一答案）
ecom|s10|r50|OVERLAP|w1|CELL,ecom,10,50,OVERLAP,1,CELL,10000,1,0.10065,9263,0.9263,13.511237,56.79,56.84,2.599684,13.030442,13.0707,13.069869,94.767488,2.408572,1.00309,5.0278,5.42674,5.41003,1.07935,4.42674,0.07935,4.41003,1.614983,0.003085,1058958,5331148,5331148,0.004,10000,50323,50323,0.05199368,0.26060883,0.261414,0.04817144,0,0.0978,策略间质量恒定（同一 survivor → 同一 artifact → 同一答案）
ecom|s10|r50|OVERLAP|w2|WORKLOAD,ecom,10,50,OVERLAP,2,WORKLOAD,10000,2,0.09982,9233,0.9233,13.600144,56.79,56.86,5.198216,25.85594,4.7999,5.292095,5.292095,4.7999,0.18564,0.92337,1.0,5.38677,1.08298,0.0,0.08298,4.38677,-0.07972,-1.683945,2011724,10044016,1857529,0.004,20000,99816,18466,0.10396432,0.5171188,0.095998,0.095998,0,0.9233,策略间质量恒定（同一 survivor → 同一 artifact → 同一答案）
ecom|s10|r50|OVERLAP|w2|CAP_10PCT,ecom,10,50,OVERLAP,2,CAP_10PCT,10000,2,0.09982,9233,0.9233,13.600144,56.79,56.86,5.198216,25.85594,18.102666,18.330525,188.390086,4.7999,0.70014,3.48248,3.77147,5.38677,1.08298,2.77147,0.08298,4.38677,1.247744,-0.356481,2011724,10044016,7008124,0.004,20000,99816,69675,0.10396432,0.5171188,0.36205331,0.095998,67675,0.1,策略间质量恒定（同一 survivor → 同一 artifact → 同一答案）
ecom|s10|r50|OVERLAP|w2|CELL,ecom,10,50,OVERLAP,2,CELL,10000,2,0.09982,9233,0.9233,13.600144,56.79,56.86,5.198216,25.85594,25.935793,25.934202,189.637699,4.7999,1.00309,4.98936,5.4034,5.38677,1.08298,4.4034,0.08298,4.38677,1.607308,0.003084,2011724,10044016,10044016,0.004,20000,99816,99816,0.10396432,0.5171188,0.51871586,0.095998,0,0.1031,策略间质量恒定（同一 survivor → 同一 artifact → 同一答案）
ecom|s10|r50|OVERLAP|w4|WORKLOAD,ecom,10,50,OVERLAP,4,WORKLOAD,10000,4,0.10087,9276,0.9276,13.483781,56.79,57.39,9.73528,48.939928,9.029807,9.997331,9.997331,9.029807,0.18451,0.92753,1.0,5.41982,1.07813,0.0,0.07813,4.41982,-0.075225,-1.690063,3727256,18806942,3456902,0.004,40000,201736,37104,0.1947056,0.97879856,0.18059614,0.18059614,0,0.9276,策略间质量恒定（同一 survivor → 同一 artifact → 同一答案）
ecom|s10|r50|OVERLAP|w4|CAP_10PCT,ecom,10,50,OVERLAP,4,CAP_10PCT,10000,4,0.10087,9276,0.9276,13.483781,56.79,57.39,9.73528,48.939928,40.79963,40.796327,363.089581,9.029807,0.83367,4.1909,4.51833,5.41982,1.07813,3.51833,0.07813,4.41982,1.432917,-0.181921,3727256,18806942,15621176,0.004,40000,201736,167675,0.1947056,0.97879856,0.81599259,0.18059614,163675,0.1,策略间质量恒定（同一 survivor → 同一 artifact → 同一答案）
ecom|s10|r50|OVERLAP|w4|CELL,ecom,10,50,OVERLAP,4,CELL,10000,4,0.10087,9276,0.9276,13.483781,56.79,57.39,9.73528,48.939928,49.101317,49.098014,364.115017,9.029807,1.0033,5.04365,5.43769,5.41982,1.07813,4.43769,0.07813,4.41982,1.618129,0.003292,3727256,18806942,18806942,0.004,40000,201736,201736,0.1947056,0.97879856,0.98202634,0.18059614,0,0.1021,策略间质量恒定（同一 survivor → 同一 artifact → 同一答案）
ecom|s10|r50|NESTED|w1|WORKLOAD,ecom,10,50,NESTED,1,WORKLOAD,10000,1,0.10341,2019,0.2019,16.38255,56.79,55.19,2.599684,13.379025,0.527805,0.537401,2.609281,0.527805,0.03945,0.20303,1.0,25.34844,4.92547,0.0,3.92547,24.34844,-1.594419,-3.232717,1058958,5475055,213778,0.004,10000,51703,2019,0.05199368,0.26758051,0.01055609,0.01055609,0,0.2019,策略间质量恒定（同一 survivor → 同一 artifact → 同一答案）
ecom|s10|r50|NESTED|w1|CAP_10PCT,ecom,10,50,NESTED,1,CAP_10PCT,10000,1,0.10341,2019,0.2019,16.38255,56.79,55.19,2.599684,13.379025,10.233536,10.243132,60.499333,0.527805,0.76489,3.93645,19.38887,25.34844,4.92547,18.38887,3.92547,24.34844,1.37028,-0.268018,1058958,5475055,4174649,0.004,10000,51703,39420,0.05199368,0.26758051,0.20467072,0.01055609,38420,0.1,策略间质量恒定（同一 survivor → 同一 artifact → 同一答案）
ecom|s10|r50|NESTED|w1|CELL,ecom,10,50,NESTED,1,CELL,10000,1,0.10341,2019,0.2019,16.38255,56.79,55.19,2.599684,13.379025,13.420388,13.420358,63.676559,0.527805,1.00309,5.16232,25.42681,25.34844,4.92547,24.42681,3.92547,24.34844,1.641385,0.003087,1058958,5475055,5475055,0.004,10000,51703,51703,0.05199368,0.26758051,0.26840776,0.01055609,0,0.2019,策略间质量恒定（同一 survivor → 同一 artifact → 同一答案）
ecom|s10|r50|NESTED|w2|WORKLOAD,ecom,10,50,NESTED,2,WORKLOAD,10000,2,0.10341,2019,0.2019,16.38255,56.79,55.19,5.198216,26.774665,1.052503,1.07167,5.217383,1.052503,0.03931,0.20247,1.0,25.43903,4.93891,0.0,3.93891,24.43903,-1.597144,-3.236285,2011724,10402047,406169,0.004,20000,103406,4038,0.10396432,0.5354933,0.02105007,0.02105007,0,0.2019,策略间质量恒定（同一 survivor → 同一 artifact → 同一答案）
ecom|s10|r50|NESTED|w2|CAP_10PCT,ecom,10,50,NESTED,2,CAP_10PCT,10000,2,0.10341,2019,0.2019,16.38255,56.79,55.19,5.198216,26.774665,20.456217,20.475384,121.038635,1.052503,0.76401,3.93524,19.43577,25.43903,4.93891,18.43577,3.93891,24.43903,1.369971,-0.269169,2011724,10402047,7921245,0.004,20000,103406,78753,0.10396432,0.5354933,0.40912434,0.02105007,76753,0.1,策略间质量恒定（同一 survivor → 同一 artifact → 同一答案）
ecom|s10|r50|NESTED|w2|CELL,ecom,10,50,NESTED,2,CELL,10000,2,0.10341,2019,0.2019,16.38255,56.79,55.19,5.198216,26.774665,26.85739,26.857331,127.420582,1.052503,1.00309,5.16666,25.51763,25.43903,4.93891,24.51763,3.93891,24.43903,1.642226,0.003085,2011724,10402047,10402047,0.004,20000,103406,103406,0.10396432,0.5354933,0.5371478,0.02105007,0,0.2019,策略间质量恒定（同一 survivor → 同一 artifact → 同一答案）
ecom|s10|r50|NESTED|w4|WORKLOAD,ecom,10,50,NESTED,4,WORKLOAD,10000,4,0.10341,2019,0.2019,16.38255,56.79,55.19,9.73528,50.153546,1.968647,2.004513,9.771146,1.968647,0.03925,0.20222,1.0,25.47615,4.94516,0.0,3.94516,24.47615,-1.59841,-3.237743,3727256,19273674,752590,0.004,40000,206812,8076,0.1947056,1.00307092,0.03937294,0.03937294,0,0.2019,策略间质量恒定（同一 survivor → 同一 artifact → 同一答案）
ecom|s10|r50|NESTED|w4|CAP_10PCT,ecom,10,50,NESTED,4,CAP_10PCT,10000,4,0.10341,2019,0.2019,16.38255,56.79,55.19,9.73528,50.153546,38.238095,38.273961,226.673383,1.968647,0.76242,3.92779,19.42354,25.47615,4.94516,18.42354,3.94516,24.47615,1.368076,-0.271257,3727256,19273674,14640931,0.004,40000,206812,157201,0.1947056,1.00307092,0.76476191,0.03937294,153201,0.1,策略间质量恒定（同一 survivor → 同一 artifact → 同一答案）
ecom|s10|r50|NESTED|w4|CELL,ecom,10,50,NESTED,4,CELL,10000,4,0.10341,2019,0.2019,16.38255,56.79,55.19,9.73528,50.153546,50.318996,50.318877,238.718299,1.968647,1.0033,5.16873,25.56019,25.47615,4.94516,24.56019,3.94516,24.47615,1.642626,0.003293,3727256,19273674,19273674,0.004,40000,206812,206812,0.1947056,1.00307092,1.00637991,0.03937294,0,0.2019,策略间质量恒定（同一 survivor → 同一 artifact → 同一答案）
ecom|s10|r100|DISJOINT|w1|WORKLOAD,ecom,10,100,DISJOINT,1,WORKLOAD,10000,1,0.09986,10000,1.0,4.942823,56.79,56.93,2.603684,25.847939,2.603684,2.855182,2.855182,2.603684,0.10073,1.0,1.0,9.92745,1.0,0.0,0.0,8.92745,0.0,-2.295303,1058958,10573679,1058958,0.008,10000,99865,10000,0.02603684,0.25847939,0.02603684,0.02603684,0,1.0,策略间质量恒定（同一 survivor → 同一 artifact → 同一答案）
ecom|s10|r100|DISJOINT|w1|CAP_10PCT,ecom,10,100,DISJOINT,1,CAP_10PCT,10000,1,0.09986,10000,1.0,4.942823,56.79,56.93,2.603684,25.847939,24.587082,24.601724,224.361137,2.603684,0.95122,9.44319,9.44319,9.92745,1.0,8.44319,0.0,8.92745,2.245294,-0.05001,1058958,10573679,10026852,0.008,10000,99865,94703,0.02603684,0.25847939,0.24587082,0.02603684,93703,0.1,策略间质量恒定（同一 survivor → 同一 artifact → 同一答案）
ecom|s10|r100|DISJOINT|w1|CELL,ecom,10,100,DISJOINT,1,CELL,10000,1,0.09986,10000,1.0,4.942823,56.79,56.93,2.603684,25.847939,25.92783,25.927054,224.525206,2.603684,1.00309,9.95813,9.95813,9.92745,1.0,8.95813,0.0,8.92745,2.29839,0.003086,1058958,10573679,10573679,0.008,10000,99865,99865,0.02603684,0.25847939,0.25927831,0.02603684,0,0.0985,策略间质量恒定（同一 survivor → 同一 artifact → 同一答案）
ecom|s10|r100|DISJOINT|w2|WORKLOAD,ecom,10,100,DISJOINT,2,WORKLOAD,10000,2,0.09944,10000,1.0,4.920759,56.79,56.67,5.202216,51.505137,5.202216,5.700505,5.700505,5.202216,0.101,1.0,1.0,9.90061,1.0,0.0,0.0,8.90061,0.0,-2.292597,2011724,20007237,2011724,0.008,20000,198886,20000,0.05202216,0.51505137,0.05202216,0.05202216,0,1.0,策略间质量恒定（同一 survivor → 同一 artifact → 同一答案）
ecom|s10|r100|DISJOINT|w2|CAP_10PCT,ecom,10,100,DISJOINT,2,CAP_10PCT,10000,2,0.09944,10000,1.0,4.920759,56.79,56.67,5.202216,51.505137,48.691105,48.738152,449.093883,5.202216,0.94536,9.35969,9.35969,9.90061,1.0,8.35969,0.0,8.90061,2.236412,-0.056185,2011724,20007237,18855821,0.008,20000,198886,187433,0.05202216,0.51505137,0.48691105,0.05202216,185433,0.1,策略间质量恒定（同一 survivor → 同一 artifact → 同一答案）
ecom|s10|r100|DISJOINT|w2|CELL,ecom,10,100,DISJOINT,2,CELL,10000,2,0.09944,10000,1.0,4.920759,56.79,56.67,5.202216,51.505137,51.664246,51.662705,449.342104,5.202216,1.00309,9.9312,9.9312,9.90061,1.0,8.9312,0.0,8.90061,2.295681,0.003084,2011724,20007237,20007237,0.008,20000,198886,198886,0.05202216,0.51505137,0.51664246,0.05202216,0,0.0942,策略间质量恒定（同一 survivor → 同一 artifact → 同一答案）
ecom|s10|r100|DISJOINT|w4|WORKLOAD,ecom,10,100,DISJOINT,4,WORKLOAD,10000,4,0.09995,10000,1.0,4.950485,56.79,56.61,9.73928,96.953268,9.73928,10.691516,10.691516,9.73928,0.10045,1.0,1.0,9.95487,1.0,0.0,0.0,8.95487,0.0,-2.298062,3727256,37253812,3727256,0.008,40000,399800,40000,0.0973928,0.96953268,0.0973928,0.0973928,0,1.0,策略间质量恒定（同一 survivor → 同一 artifact → 同一答案）
ecom|s10|r100|DISJOINT|w4|CAP_10PCT,ecom,10,100,DISJOINT,4,CAP_10PCT,10000,4,0.09995,10000,1.0,4.950485,56.79,56.61,9.73928,96.953268,92.58471,92.664585,840.910817,9.73928,0.95494,9.50632,9.50632,9.95487,1.0,8.50632,0.0,8.95487,2.251957,-0.046105,3727256,37253812,35458906,0.008,40000,399800,380555,0.0973928,0.96953268,0.92584709,0.0973928,376555,0.1,策略间质量恒定（同一 survivor → 同一 artifact → 同一答案）
ecom|s10|r100|DISJOINT|w4|CELL,ecom,10,100,DISJOINT,4,CELL,10000,4,0.09995,10000,1.0,4.950485,56.79,56.61,9.73928,96.953268,97.273108,97.269966,841.619308,9.73928,1.0033,9.98771,9.98771,9.95487,1.0,8.98771,0.0,8.95487,2.301355,0.003293,3727256,37253812,37253812,0.008,40000,399800,399800,0.0973928,0.96953268,0.97273108,0.0973928,0,0.0992,策略间质量恒定（同一 survivor → 同一 artifact → 同一答案）
ecom|s10|r100|OVERLAP|w1|WORKLOAD,ecom,10,100,OVERLAP,1,WORKLOAD,10000,1,0.10079,9948,0.9948,27.263101,56.79,56.84,2.603684,26.099189,2.590264,2.857769,2.857769,2.590264,0.09925,0.99485,1.0,10.07588,1.00518,0.0,0.00518,9.07588,-0.005167,-2.310144,1058958,10677873,1053478,0.008,10000,100790,9948,0.02603684,0.26099189,0.02590264,0.02590264,0,0.9948,策略间质量恒定（同一 survivor → 同一 artifact → 同一答案）
ecom|s10|r100|OVERLAP|w1|CAP_10PCT,ecom,10,100,OVERLAP,1,CAP_10PCT,10000,1,0.10079,9948,0.9948,27.263101,56.79,56.84,2.603684,26.099189,20.694861,20.735995,223.700468,2.590264,0.79293,7.9483,7.98948,10.07588,1.00518,6.98948,0.00518,9.07588,2.072958,-0.232019,1058958,10677873,8439959,0.008,10000,100790,79673,0.02603684,0.26099189,0.20694861,0.02590264,78673,0.1,策略间质量恒定（同一 survivor → 同一 artifact → 同一答案）
ecom|s10|r100|OVERLAP|w1|CELL,ecom,10,100,OVERLAP,1,CELL,10000,1,0.10079,9948,0.9948,27.263101,56.79,56.84,2.603684,26.099189,26.179821,26.178991,224.555688,2.590264,1.00309,10.05491,10.10701,10.07588,1.00518,9.10701,0.00518,9.07588,2.308062,0.003085,1058958,10677873,10677873,0.008,10000,100790,100790,0.02603684,0.26099189,0.26179821,0.02590264,0,0.1019,策略间质量恒定（同一 survivor → 同一 artifact → 同一答案）
ecom|s10|r100|OVERLAP|w2|WORKLOAD,ecom,10,100,OVERLAP,2,WORKLOAD,10000,2,0.10046,9943,0.9943,27.32754,56.79,56.86,5.202216,52.047084,5.172586,5.686607,5.686607,5.172586,0.09938,0.9943,1.0,10.0621,1.00573,0.0,0.00573,9.0621,-0.005712,-2.308776,2011724,20218050,2000237,0.008,20000,200928,19886,0.05202216,0.52047084,0.05172586,0.05172586,0,0.9943,策略间质量恒定（同一 survivor → 同一 artifact → 同一答案）
ecom|s10|r100|OVERLAP|w2|CAP_10PCT,ecom,10,100,OVERLAP,2,CAP_10PCT,10000,2,0.10046,9943,0.9943,27.32754,56.79,56.86,5.202216,52.047084,40.786051,41.013911,448.104886,5.172586,0.78364,7.84013,7.88504,10.0621,1.00573,6.88504,0.00573,9.0621,2.059255,-0.243809,2011724,20218050,15793294,0.008,20000,200928,156978,0.05202216,0.52047084,0.40786051,0.05172586,154978,0.1,策略间质量恒定（同一 survivor → 同一 artifact → 同一答案）
ecom|s10|r100|OVERLAP|w2|CELL,ecom,10,100,OVERLAP,2,CELL,10000,2,0.10046,9943,0.9943,27.32754,56.79,56.86,5.202216,52.047084,52.207826,52.206236,449.352499,5.172586,1.00309,10.03569,10.09318,10.0621,1.00573,9.09318,0.00573,9.0621,2.306148,0.003084,2011724,20218050,20218050,0.008,20000,200928,200928,0.05202216,0.52047084,0.52207826,0.05172586,0,0.1031,策略间质量恒定（同一 survivor → 同一 artifact → 同一答案）
ecom|s10|r100|OVERLAP|w4|WORKLOAD,ecom,10,100,OVERLAP,4,WORKLOAD,10000,4,0.10081,9939,0.9939,27.253264,56.79,57.39,9.73928,97.818872,9.679987,10.681872,10.681872,9.679987,0.09896,0.99391,1.0,10.10527,1.00613,0.0,0.00613,9.10527,-0.006107,-2.313057,3727256,37590300,3704536,0.008,40000,403232,39756,0.0973928,0.97818872,0.09679987,0.09679987,0,0.9939,策略间质量恒定（同一 survivor → 同一 artifact → 同一答案）
ecom|s10|r100|OVERLAP|w4|CAP_10PCT,ecom,10,100,OVERLAP,4,CAP_10PCT,10000,4,0.10081,9939,0.9939,27.253264,56.79,57.39,9.73928,97.818872,82.075361,82.072058,849.657581,9.679987,0.83905,8.42725,8.47887,10.10527,1.00613,7.47887,0.00613,9.10527,2.131471,-0.17548,3727256,37590300,31430885,0.008,40000,403232,337205,0.0973928,0.97818872,0.82075361,0.09679987,333205,0.1,策略间质量恒定（同一 survivor → 同一 artifact → 同一答案）
ecom|s10|r100|OVERLAP|w4|CELL,ecom,10,100,OVERLAP,4,CELL,10000,4,0.10081,9939,0.9939,27.253264,56.79,57.39,9.73928,97.818872,98.141458,98.138155,850.683017,9.679987,1.0033,10.07687,10.13859,10.10527,1.00613,9.13859,0.00613,9.10527,2.310243,0.003292,3727256,37590300,37590300,0.008,40000,403232,403232,0.0973928,0.97818872,0.98141458,0.09679987,0,0.1014,策略间质量恒定（同一 survivor → 同一 artifact → 同一答案）
ecom|s10|r100|NESTED|w1|WORKLOAD,ecom,10,100,NESTED,1,WORKLOAD,10000,1,0.10344,2037,0.2037,33.105205,56.79,56.95,2.603684,26.766244,0.53653,0.54148,2.608633,0.53653,0.02005,0.20607,1.0,49.88768,4.85282,0.0,3.85282,48.88768,-1.57956,-3.909774,1058958,10953423,215701,0.008,10000,103436,2037,0.02603684,0.26766244,0.0053653,0.0053653,0,0.2037,策略间质量恒定（同一 survivor → 同一 artifact → 同一答案）
ecom|s10|r100|NESTED|w1|CAP_10PCT,ecom,10,100,NESTED,1,CAP_10PCT,10000,1,0.10344,2037,0.2037,33.105205,56.79,56.95,2.603684,26.766244,20.369085,20.374034,163.729303,0.53653,0.761,7.82318,37.96448,49.88768,4.85282,36.96448,3.85282,48.88768,2.057091,-0.273123,1058958,10953423,8309262,0.008,10000,103436,78462,0.02603684,0.26766244,0.20369085,0.0053653,77462,0.1,策略间质量恒定（同一 survivor → 同一 artifact → 同一答案）
ecom|s10|r100|NESTED|w1|CELL,ecom,10,100,NESTED,1,CELL,10000,1,0.10344,2037,0.2037,33.105205,56.79,56.95,2.603684,26.766244,26.848993,26.848978,167.32411,0.53653,1.00309,10.31192,50.04191,49.88768,4.85282,49.04191,3.85282,48.88768,2.333301,0.003087,1058958,10953423,10953423,0.008,10000,103436,103436,0.02603684,0.26766244,0.26848993,0.0053653,0,0.2037,策略间质量恒定（同一 survivor → 同一 artifact → 同一答案）
ecom|s10|r100|NESTED|w2|WORKLOAD,ecom,10,100,NESTED,2,WORKLOAD,10000,2,0.10344,2037,0.2037,33.105205,56.79,56.95,5.202216,53.565488,1.06593,1.075815,5.212101,1.06593,0.0199,0.2049,1.0,50.25234,4.88045,0.0,3.88045,49.25234,-1.585237,-3.917057,2011724,20810362,409819,0.008,20000,206872,4074,0.05202216,0.53565488,0.0106593,0.0106593,0,0.2037,策略间质量恒定（同一 survivor → 同一 artifact → 同一答案）
ecom|s10|r100|NESTED|w2|CAP_10PCT,ecom,10,100,NESTED,2,CAP_10PCT,10000,2,0.10344,2037,0.2037,33.105205,56.79,56.95,5.202216,53.565488,40.855384,40.865269,327.632254,1.06593,0.76272,7.85346,38.32839,50.25234,4.88045,37.32839,3.88045,49.25234,2.060954,-0.270866,2011724,20810362,15819659,0.008,20000,206872,157285,0.05202216,0.53565488,0.40855385,0.0106593,155285,0.1,策略间质量恒定（同一 survivor → 同一 artifact → 同一答案）
ecom|s10|r100|NESTED|w2|CELL,ecom,10,100,NESTED,2,CELL,10000,2,0.10344,2037,0.2037,33.105205,56.79,56.95,5.202216,53.565488,53.730986,53.730955,334.824151,1.06593,1.00309,10.32848,50.4076,50.25234,4.88045,49.4076,3.88045,49.25234,2.334905,0.003085,2011724,20810362,20810362,0.008,20000,206872,206872,0.05202216,0.53565488,0.53730986,0.0106593,0,0.2037,策略间质量恒定（同一 survivor → 同一 artifact → 同一答案）
ecom|s10|r100|NESTED|w4|WORKLOAD,ecom,10,100,NESTED,4,WORKLOAD,10000,4,0.10344,2037,0.2037,33.105205,56.79,56.95,9.73928,100.3372,1.990288,2.00879,9.757782,1.990288,0.01984,0.20436,1.0,50.4134,4.8934,0.0,3.8934,49.4134,-1.587888,-3.920257,3727256,38558956,759352,0.008,40000,413744,8148,0.0973928,1.003372,0.01990288,0.01990288,0,0.2037,策略间质量恒定（同一 survivor → 同一 artifact → 同一答案）
ecom|s10|r100|NESTED|w4|CAP_10PCT,ecom,10,100,NESTED,4,CAP_10PCT,10000,4,0.10344,2037,0.2037,33.105205,56.79,56.95,9.73928,100.3372,76.491597,76.510099,613.80877,1.990288,0.76235,7.85393,38.43242,50.4134,4.8934,37.43242,3.8934,49.4134,2.061014,-0.271356,3727256,38558956,29294389,0.008,40000,413744,314298,0.0973928,1.003372,0.76491597,0.01990288,310298,0.1,策略间质量恒定（同一 survivor → 同一 artifact → 同一答案）
ecom|s10|r100|NESTED|w4|CELL,ecom,10,100,NESTED,4,CELL,10000,4,0.10344,2037,0.2037,33.105205,56.79,56.95,9.73928,100.3372,100.668195,100.668134,627.280961,1.990288,1.0033,10.33631,50.5797,50.4134,4.8934,49.5797,3.8934,49.4134,2.335663,0.003293,3727256,38558956,38558956,0.008,40000,413744,413744,0.0973928,1.003372,1.00668195,0.01990288,0,0.2037,策略间质量恒定（同一 survivor → 同一 artifact → 同一答案）
ecom|s25|r1|DISJOINT|w1|WORKLOAD,ecom,25,1,DISJOINT,1,WORKLOAD,10000,1,0.2486,2486,0.2486,0.0,56.79,56.92,2.595764,0.643665,0.645654,0.643665,0.643665,0.643665,1.00309,0.24873,1.00309,1.0,4.03279,0.00309,3.03279,0.0,-1.391373,0.003085,1058958,263403,263403,8e-05,10000,2486,2486,2.595764,0.643665,0.6456538,0.643665,0,0.2486,策略间质量恒定（同一 survivor → 同一 artifact → 同一答案）
ecom|s25|r1|DISJOINT|w1|CAP_10PCT,ecom,25,1,DISJOINT,1,CAP_10PCT,10000,1,0.2486,2486,0.2486,0.0,56.79,56.92,2.595764,0.643665,0.645654,0.643665,0.643665,0.643665,1.00309,0.24873,1.00309,1.0,4.03279,0.00309,3.03279,0.0,-1.391373,0.003085,1058958,263403,263403,8e-05,10000,2486,2486,2.595764,0.643665,0.6456538,0.643665,1486,0.1,策略间质量恒定（同一 survivor → 同一 artifact → 同一答案）
ecom|s25|r1|DISJOINT|w1|CELL,ecom,25,1,DISJOINT,1,CELL,10000,1,0.2486,2486,0.2486,0.0,56.79,56.92,2.595764,0.643665,0.645654,0.643665,0.643665,0.643665,1.00309,0.24873,1.00309,1.0,4.03279,0.00309,3.03279,0.0,-1.391373,0.003085,1058958,263403,263403,8e-05,10000,2486,2486,2.595764,0.643665,0.6456538,0.643665,0,0.2486,策略间质量恒定（同一 survivor → 同一 artifact → 同一答案）
ecom|s25|r1|DISJOINT|w2|WORKLOAD,ecom,25,1,DISJOINT,2,WORKLOAD,10000,2,0.2469,2469,0.2469,0.0,56.79,56.66,5.194296,1.278107,1.282057,1.278107,1.278107,1.278107,1.00309,0.24682,1.00309,1.0,4.06405,0.00309,3.06405,0.0,-1.399095,0.003086,2011724,496437,496437,8e-05,20000,4938,4938,5.194296,1.278107,1.2820574,1.278107,0,0.2469,策略间质量恒定（同一 survivor → 同一 artifact → 同一答案）
ecom|s25|r1|DISJOINT|w2|CAP_10PCT,ecom,25,1,DISJOINT,2,CAP_10PCT,10000,2,0.2469,2469,0.2469,0.0,56.79,56.66,5.194296,1.278107,1.282057,1.278107,1.278107,1.278107,1.00309,0.24682,1.00309,1.0,4.06405,0.00309,3.06405,0.0,-1.399095,0.003086,2011724,496437,496437,8e-05,20000,4938,4938,5.194296,1.278107,1.2820574,1.278107,2938,0.1,策略间质量恒定（同一 survivor → 同一 artifact → 同一答案）
ecom|s25|r1|DISJOINT|w2|CELL,ecom,25,1,DISJOINT,2,CELL,10000,2,0.2469,2469,0.2469,0.0,56.79,56.66,5.194296,1.278107,1.282057,1.278107,1.278107,1.278107,1.00309,0.24682,1.00309,1.0,4.06405,0.00309,3.06405,0.0,-1.399095,0.003086,2011724,496437,496437,8e-05,20000,4938,4938,5.194296,1.278107,1.2820574,1.278107,0,0.2469,策略间质量恒定（同一 survivor → 同一 artifact → 同一答案）
ecom|s25|r1|DISJOINT|w4|WORKLOAD,ecom,25,1,DISJOINT,4,WORKLOAD,10000,4,0.2493,2493,0.2493,0.0,56.79,56.8,9.73136,2.41677,2.424748,2.41677,2.41677,2.41677,1.0033,0.24917,1.0033,1.0,4.0266,0.0033,3.0266,0.0,-1.389626,0.003295,3727256,928636,928636,8e-05,40000,9972,9972,9.73136,2.41677,2.4247476,2.41677,0,0.2493,策略间质量恒定（同一 survivor → 同一 artifact → 同一答案）
ecom|s25|r1|DISJOINT|w4|CAP_10PCT,ecom,25,1,DISJOINT,4,CAP_10PCT,10000,4,0.2493,2493,0.2493,0.0,56.79,56.8,9.73136,2.41677,2.424748,2.41677,2.41677,2.41677,1.0033,0.24917,1.0033,1.0,4.0266,0.0033,3.0266,0.0,-1.389626,0.003295,3727256,928636,928636,8e-05,40000,9972,9972,9.73136,2.41677,2.4247476,2.41677,5972,0.1,策略间质量恒定（同一 survivor → 同一 artifact → 同一答案）
ecom|s25|r1|DISJOINT|w4|CELL,ecom,25,1,DISJOINT,4,CELL,10000,4,0.2493,2493,0.2493,0.0,56.79,56.8,9.73136,2.41677,2.424748,2.41677,2.41677,2.41677,1.0033,0.24917,1.0033,1.0,4.0266,0.0033,3.0266,0.0,-1.389626,0.003295,3727256,928636,928636,8e-05,40000,9972,9972,9.73136,2.41677,2.4247476,2.41677,0,0.2493,策略间质量恒定（同一 survivor → 同一 artifact → 同一答案）
ecom|s25|r1|OVERLAP|w1|WORKLOAD,ecom,25,1,OVERLAP,1,WORKLOAD,10000,1,0.2355,2355,0.2355,0.0,56.79,56.75,2.595764,0.609137,0.611021,0.609137,0.609137,0.609137,1.00309,0.23539,1.00309,1.0,4.26138,0.00309,3.26138,0.0,-1.446504,0.003088,1058958,249268,249268,8e-05,10000,2355,2355,2.595764,0.6091375,0.6110215,0.6091375,0,0.2355,策略间质量恒定（同一 survivor → 同一 artifact → 同一答案）
ecom|s25|r1|OVERLAP|w1|CAP_10PCT,ecom,25,1,OVERLAP,1,CAP_10PCT,10000,1,0.2355,2355,0.2355,0.0,56.79,56.75,2.595764,0.609137,0.611021,0.609137,0.609137,0.609137,1.00309,0.23539,1.00309,1.0,4.26138,0.00309,3.26138,0.0,-1.446504,0.003088,1058958,249268,249268,8e-05,10000,2355,2355,2.595764,0.6091375,0.6110215,0.6091375,1355,0.1,策略间质量恒定（同一 survivor → 同一 artifact → 同一答案）
ecom|s25|r1|OVERLAP|w1|CELL,ecom,25,1,OVERLAP,1,CELL,10000,1,0.2355,2355,0.2355,0.0,56.79,56.75,2.595764,0.609137,0.611021,0.609137,0.609137,0.609137,1.00309,0.23539,1.00309,1.0,4.26138,0.00309,3.26138,0.0,-1.446504,0.003088,1058958,249268,249268,8e-05,10000,2355,2355,2.595764,0.6091375,0.6110215,0.6091375,0,0.2355,策略间质量恒定（同一 survivor → 同一 artifact → 同一答案）
ecom|s25|r1|OVERLAP|w2|WORKLOAD,ecom,25,1,OVERLAP,2,WORKLOAD,10000,2,0.2355,2355,0.2355,0.0,56.79,56.83,5.194296,1.219593,1.223361,1.219593,1.219593,1.219593,1.00309,0.23552,1.00309,1.0,4.25904,0.00309,3.25904,0.0,-1.445959,0.003085,2011724,473797,473797,8e-05,20000,4710,4710,5.194296,1.219593,1.223361,1.219593,0,0.2355,策略间质量恒定（同一 survivor → 同一 artifact → 同一答案）
ecom|s25|r1|OVERLAP|w2|CAP_10PCT,ecom,25,1,OVERLAP,2,CAP_10PCT,10000,2,0.2355,2355,0.2355,0.0,56.79,56.83,5.194296,1.219593,1.223361,1.219593,1.219593,1.219593,1.00309,0.23552,1.00309,1.0,4.25904,0.00309,3.25904,0.0,-1.445959,0.003085,2011724,473797,473797,8e-05,20000,4710,4710,5.194296,1.219593,1.223361,1.219593,2710,0.1,策略间质量恒定（同一 survivor → 同一 artifact → 同一答案）
ecom|s25|r1|OVERLAP|w2|CELL,ecom,25,1,OVERLAP,2,CELL,10000,2,0.2355,2355,0.2355,0.0,56.79,56.83,5.194296,1.219593,1.223361,1.219593,1.219593,1.219593,1.00309,0.23552,1.00309,1.0,4.25904,0.00309,3.25904,0.0,-1.445959,0.003085,2011724,473797,473797,8e-05,20000,4710,4710,5.194296,1.219593,1.223361,1.219593,0,0.2355,策略间质量恒定（同一 survivor → 同一 artifact → 同一答案）
ecom|s25|r1|OVERLAP|w4|WORKLOAD,ecom,25,1,OVERLAP,4,WORKLOAD,10000,4,0.2414,2414,0.2414,0.0,56.79,56.95,9.73136,2.342756,2.350481,2.342756,2.342756,2.342756,1.0033,0.24154,1.0033,1.0,4.15381,0.0033,3.15381,0.0,-1.420734,0.003292,3727256,900444,900444,8e-05,40000,9656,9656,9.73136,2.342756,2.3504808,2.342756,0,0.2414,策略间质量恒定（同一 survivor → 同一 artifact → 同一答案）
ecom|s25|r1|OVERLAP|w4|CAP_10PCT,ecom,25,1,OVERLAP,4,CAP_10PCT,10000,4,0.2414,2414,0.2414,0.0,56.79,56.95,9.73136,2.342756,2.350481,2.342756,2.342756,2.342756,1.0033,0.24154,1.0033,1.0,4.15381,0.0033,3.15381,0.0,-1.420734,0.003292,3727256,900444,900444,8e-05,40000,9656,9656,9.73136,2.342756,2.3504808,2.342756,5656,0.1,策略间质量恒定（同一 survivor → 同一 artifact → 同一答案）
ecom|s25|r1|OVERLAP|w4|CELL,ecom,25,1,OVERLAP,4,CELL,10000,4,0.2414,2414,0.2414,0.0,56.79,56.95,9.73136,2.342756,2.350481,2.342756,2.342756,2.342756,1.0033,0.24154,1.0033,1.0,4.15381,0.0033,3.15381,0.0,-1.420734,0.003292,3727256,900444,900444,8e-05,40000,9656,9656,9.73136,2.342756,2.3504808,2.342756,0,0.2414,策略间质量恒定（同一 survivor → 同一 artifact → 同一答案）
ecom|s25|r1|NESTED|w1|WORKLOAD,ecom,25,1,NESTED,1,WORKLOAD,10000,1,0.2511,2511,0.2511,0.0,56.79,56.78,2.595764,0.649582,0.65159,0.649582,0.649582,0.649582,1.00309,0.25102,1.00309,1.0,3.99606,0.00309,2.99606,0.0,-1.38222,0.003088,1058958,265875,265875,8e-05,10000,2511,2511,2.595764,0.6495815,0.6515903,0.6495815,0,0.2511,策略间质量恒定（同一 survivor → 同一 artifact → 同一答案）
ecom|s25|r1|NESTED|w1|CAP_10PCT,ecom,25,1,NESTED,1,CAP_10PCT,10000,1,0.2511,2511,0.2511,0.0,56.79,56.78,2.595764,0.649582,0.65159,0.649582,0.649582,0.649582,1.00309,0.25102,1.00309,1.0,3.99606,0.00309,2.99606,0.0,-1.38222,0.003088,1058958,265875,265875,8e-05,10000,2511,2511,2.595764,0.6495815,0.6515903,0.6495815,1511,0.1,策略间质量恒定（同一 survivor → 同一 artifact → 同一答案）
ecom|s25|r1|NESTED|w1|CELL,ecom,25,1,NESTED,1,CELL,10000,1,0.2511,2511,0.2511,0.0,56.79,56.78,2.595764,0.649582,0.65159,0.649582,0.649582,0.649582,1.00309,0.25102,1.00309,1.0,3.99606,0.00309,2.99606,0.0,-1.38222,0.003088,1058958,265875,265875,8e-05,10000,2511,2511,2.595764,0.6495815,0.6515903,0.6495815,0,0.2511,策略间质量恒定（同一 survivor → 同一 artifact → 同一答案）
ecom|s25|r1|NESTED|w2|WORKLOAD,ecom,25,1,NESTED,2,WORKLOAD,10000,2,0.2511,2511,0.2511,0.0,56.79,56.78,5.194296,1.300109,1.304127,1.300109,1.300109,1.300109,1.00309,0.25107,1.00309,1.0,3.99528,0.00309,2.99528,0.0,-1.382028,0.003085,2011724,505137,505137,8e-05,20000,5022,5022,5.194296,1.300109,1.3041266,1.300109,0,0.2511,策略间质量恒定（同一 survivor → 同一 artifact → 同一答案）
ecom|s25|r1|NESTED|w2|CAP_10PCT,ecom,25,1,NESTED,2,CAP_10PCT,10000,2,0.2511,2511,0.2511,0.0,56.79,56.78,5.194296,1.300109,1.304127,1.300109,1.300109,1.300109,1.00309,0.25107,1.00309,1.0,3.99528,0.00309,2.99528,0.0,-1.382028,0.003085,2011724,505137,505137,8e-05,20000,5022,5022,5.194296,1.300109,1.3041266,1.300109,3022,0.1,策略间质量恒定（同一 survivor → 同一 artifact → 同一答案）
ecom|s25|r1|NESTED|w2|CELL,ecom,25,1,NESTED,2,CELL,10000,2,0.2511,2511,0.2511,0.0,56.79,56.78,5.194296,1.300109,1.304127,1.300109,1.300109,1.300109,1.00309,0.25107,1.00309,1.0,3.99528,0.00309,2.99528,0.0,-1.382028,0.003085,2011724,505137,505137,8e-05,20000,5022,5022,5.194296,1.300109,1.3041266,1.300109,0,0.2511,策略间质量恒定（同一 survivor → 同一 artifact → 同一答案）
ecom|s25|r1|NESTED|w4|WORKLOAD,ecom,25,1,NESTED,4,WORKLOAD,10000,4,0.2511,2511,0.2511,0.0,56.79,56.78,9.73136,2.435438,2.443473,2.435438,2.435438,2.435438,1.0033,0.25109,1.0033,1.0,3.99573,0.0033,2.99573,0.0,-1.381933,0.003294,3727256,935952,935952,8e-05,40000,10044,10044,9.73136,2.435438,2.4434732,2.435438,0,0.2511,策略间质量恒定（同一 survivor → 同一 artifact → 同一答案）
ecom|s25|r1|NESTED|w4|CAP_10PCT,ecom,25,1,NESTED,4,CAP_10PCT,10000,4,0.2511,2511,0.2511,0.0,56.79,56.78,9.73136,2.435438,2.443473,2.435438,2.435438,2.435438,1.0033,0.25109,1.0033,1.0,3.99573,0.0033,2.99573,0.0,-1.381933,0.003294,3727256,935952,935952,8e-05,40000,10044,10044,9.73136,2.435438,2.4434732,2.435438,6044,0.1,策略间质量恒定（同一 survivor → 同一 artifact → 同一答案）
ecom|s25|r1|NESTED|w4|CELL,ecom,25,1,NESTED,4,CELL,10000,4,0.2511,2511,0.2511,0.0,56.79,56.78,9.73136,2.435438,2.443473,2.435438,2.435438,2.435438,1.0033,0.25109,1.0033,1.0,3.99573,0.0033,2.99573,0.0,-1.381933,0.003294,3727256,935952,935952,8e-05,40000,10044,10044,9.73136,2.435438,2.4434732,2.435438,0,0.2511,策略间质量恒定（同一 survivor → 同一 artifact → 同一答案）
ecom|s25|r10|DISJOINT|w1|WORKLOAD,ecom,25,10,DISJOINT,1,WORKLOAD,10000,1,0.24849,9414,0.9414,1.119522,56.79,56.92,2.596484,6.429873,2.444396,3.043678,3.043678,2.444396,0.38016,0.94143,1.0,2.63045,1.06222,0.0,0.06222,1.63045,-0.06036,-0.967157,1058958,2631148,996943,0.0008,10000,24849,9414,0.2596484,0.64298725,0.24443962,0.24443962,0,0.9414,策略间质量恒定（同一 survivor → 同一 artifact → 同一答案）
ecom|s25|r10|DISJOINT|w1|CAP_10PCT,ecom,25,10,DISJOINT,1,CAP_10PCT,10000,1,0.24849,9414,0.9414,1.119522,56.79,56.92,2.596484,6.429873,6.449752,6.447763,14.278551,2.444396,1.00309,2.48403,2.63859,2.63045,1.06222,1.63859,0.06222,1.63045,0.909883,0.003087,1058958,2631148,2631148,0.0008,10000,24849,24849,0.2596484,0.64298725,0.64497517,0.24443962,23849,0.1,策略间质量恒定（同一 survivor → 同一 artifact → 同一答案）
ecom|s25|r10|DISJOINT|w1|CELL,ecom,25,10,DISJOINT,1,CELL,10000,1,0.24849,9414,0.9414,1.119522,56.79,56.92,2.596484,6.429873,6.449752,6.447763,14.278551,2.444396,1.00309,2.48403,2.63859,2.63045,1.06222,1.63859,0.06222,1.63045,0.909883,0.003087,1058958,2631148,2631148,0.0008,10000,24849,24849,0.2596484,0.64298725,0.64497517,0.24443962,0,0.2429,策略间质量恒定（同一 survivor → 同一 artifact → 同一答案）
ecom|s25|r10|DISJOINT|w2|WORKLOAD,ecom,25,10,DISJOINT,2,WORKLOAD,10000,2,0.24852,9445,0.9445,1.112868,56.79,56.66,5.195016,12.865256,4.906279,6.084755,6.084755,4.906279,0.38136,0.94442,1.0,2.6222,1.05885,0.0,0.05885,1.6222,-0.057184,-0.964015,2011724,4997338,1899911,0.0008,20000,49704,18890,0.5195016,1.2865256,0.4906279,0.4906279,0,0.9445,策略间质量恒定（同一 survivor → 同一 artifact → 同一答案）
ecom|s25|r10|DISJOINT|w2|CAP_10PCT,ecom,25,10,DISJOINT,2,CAP_10PCT,10000,2,0.24852,9445,0.9445,1.112868,56.79,56.66,5.195016,12.865256,12.905019,12.901069,28.538549,4.906279,1.00309,2.48412,2.63031,2.6222,1.05885,1.63031,0.05885,1.6222,0.909917,0.003086,2011724,4997338,4997338,0.0008,20000,49704,49704,0.5195016,1.2865256,1.29050192,0.4906279,47704,0.1,策略间质量恒定（同一 survivor → 同一 artifact → 同一答案）
ecom|s25|r10|DISJOINT|w2|CELL,ecom,25,10,DISJOINT,2,CELL,10000,2,0.24852,9445,0.9445,1.112868,56.79,56.66,5.195016,12.865256,12.905019,12.901069,28.538549,4.906279,1.00309,2.48412,2.63031,2.6222,1.05885,1.63031,0.05885,1.6222,0.909917,0.003086,2011724,4997338,4997338,0.0008,20000,49704,49704,0.5195016,1.2865256,1.29050192,0.4906279,0,0.2506,策略间质量恒定（同一 survivor → 同一 artifact → 同一答案）
ecom|s25|r10|DISJOINT|w4|WORKLOAD,ecom,25,10,DISJOINT,4,WORKLOAD,10000,4,0.2516,9440,0.944,1.127583,56.79,56.8,9.73208,24.401884,9.187008,11.396906,11.396906,9.187008,0.37649,0.94399,1.0,2.65613,1.05933,0.0,0.05933,1.65613,-0.057637,-0.97687,3727256,9376858,3518472,0.0008,40000,100640,37760,0.973208,2.4401884,0.9187008,0.9187008,0,0.944,策略间质量恒定（同一 survivor → 同一 artifact → 同一答案）
ecom|s25|r10|DISJOINT|w4|CAP_10PCT,ecom,25,10,DISJOINT,4,CAP_10PCT,10000,4,0.2516,9440,0.944,1.127583,56.79,56.8,9.73208,24.401884,24.482396,24.474418,53.468758,9.187008,1.0033,2.51564,2.66489,2.65613,1.05933,1.66489,0.05933,1.65613,0.922527,0.003294,3727256,9376858,9376858,0.0008,40000,100640,100640,0.973208,2.4401884,2.4482396,0.9187008,96640,0.1,策略间质量恒定（同一 survivor → 同一 artifact → 同一答案）
ecom|s25|r10|DISJOINT|w4|CELL,ecom,25,10,DISJOINT,4,CELL,10000,4,0.2516,9440,0.944,1.127583,56.79,56.8,9.73208,24.401884,24.482396,24.474418,53.468758,9.187008,1.0033,2.51564,2.66489,2.65613,1.05933,1.66489,0.05933,1.65613,0.922527,0.003294,3727256,9376858,9376858,0.0008,40000,100640,100640,0.973208,2.4401884,2.4482396,0.9187008,0,0.2562,策略间质量恒定（同一 survivor → 同一 artifact → 同一答案）
ecom|s25|r10|OVERLAP|w1|WORKLOAD,ecom,25,10,OVERLAP,1,WORKLOAD,10000,1,0.23863,7747,0.7747,2.696811,56.79,56.75,2.596484,6.175522,2.011505,2.532223,2.532223,2.011505,0.32572,0.7747,1.0,3.0701,1.29082,0.0,0.29082,2.0701,-0.255275,-1.12171,1058958,2527227,820269,0.0008,10000,23863,7747,0.2596484,0.61755215,0.20115051,0.20115051,0,0.7747,策略间质量恒定（同一 survivor → 同一 artifact → 同一答案）
ecom|s25|r10|OVERLAP|w1|CAP_10PCT,ecom,25,10,OVERLAP,1,CAP_10PCT,10000,1,0.23863,7747,0.7747,2.696811,56.79,56.75,2.596484,6.175522,6.194612,6.192728,12.128762,2.011505,1.00309,2.38577,3.07959,3.0701,1.29082,2.07959,0.29082,2.0701,0.869522,0.003087,1058958,2527227,2527227,0.0008,10000,23863,23863,0.2596484,0.61755215,0.61946119,0.20115051,22863,0.1,策略间质量恒定（同一 survivor → 同一 artifact → 同一答案）
ecom|s25|r10|OVERLAP|w1|CELL,ecom,25,10,OVERLAP,1,CELL,10000,1,0.23863,7747,0.7747,2.696811,56.79,56.75,2.596484,6.175522,6.194612,6.192728,12.128762,2.011505,1.00309,2.38577,3.07959,3.0701,1.29082,2.07959,0.29082,2.0701,0.869522,0.003087,1058958,2527227,2527227,0.0008,10000,23863,23863,0.2596484,0.61755215,0.61946119,0.20115051,0,0.2377,策略间质量恒定（同一 survivor → 同一 artifact → 同一答案）
ecom|s25|r10|OVERLAP|w2|WORKLOAD,ecom,25,10,OVERLAP,2,WORKLOAD,10000,2,0.23839,7710,0.771,2.704728,56.79,56.83,5.195016,12.348505,4.007046,5.064644,5.064644,4.007046,0.3245,0.77133,1.0,3.0817,1.29647,0.0,0.29647,2.0817,-0.259645,-1.125481,2011724,4797663,1551712,0.0008,20000,47678,15420,0.5195016,1.2348505,0.4007046,0.4007046,0,0.771,策略间质量恒定（同一 survivor → 同一 artifact → 同一答案）
ecom|s25|r10|OVERLAP|w2|CAP_10PCT,ecom,25,10,OVERLAP,2,CAP_10PCT,10000,2,0.23839,7710,0.771,2.704728,56.79,56.83,5.195016,12.348505,12.386647,12.382879,24.22826,4.007046,1.00309,2.38433,3.09122,3.0817,1.29647,2.09122,0.29647,2.0817,0.868919,0.003084,2011724,4797663,4797663,0.0008,20000,47678,47678,0.5195016,1.2348505,1.23866474,0.4007046,45678,0.1,策略间质量恒定（同一 survivor → 同一 artifact → 同一答案）
ecom|s25|r10|OVERLAP|w2|CELL,ecom,25,10,OVERLAP,2,CELL,10000,2,0.23839,7710,0.771,2.704728,56.79,56.83,5.195016,12.348505,12.386647,12.382879,24.22826,4.007046,1.00309,2.38433,3.09122,3.0817,1.29647,2.09122,0.29647,2.0817,0.868919,0.003084,2011724,4797663,4797663,0.0008,20000,47678,47678,0.5195016,1.2348505,1.23866474,0.4007046,0,0.2435,策略间质量恒定（同一 survivor → 同一 artifact → 同一答案）
ecom|s25|r10|OVERLAP|w4|WORKLOAD,ecom,25,10,OVERLAP,4,WORKLOAD,10000,4,0.2383,7644,0.7644,2.708099,56.79,56.95,9.73208,23.115048,7.439145,9.450545,9.450545,7.439145,0.32183,0.76439,1.0,3.10722,1.30823,0.0,0.30823,2.10722,-0.268672,-1.133728,3727256,8882730,2848958,0.0008,40000,95320,30576,0.973208,2.3115048,0.74391448,0.74391448,0,0.7644,策略间质量恒定（同一 survivor → 同一 artifact → 同一答案）
ecom|s25|r10|OVERLAP|w4|CAP_10PCT,ecom,25,10,OVERLAP,4,CAP_10PCT,10000,4,0.2383,7644,0.7644,2.708099,56.79,56.95,9.73208,23.115048,23.191304,23.183579,45.413393,7.439145,1.0033,2.38298,3.11747,3.10722,1.30823,2.11747,0.30823,2.10722,0.86835,0.003294,3727256,8882730,8882730,0.0008,40000,95320,95320,0.973208,2.3115048,2.3191304,0.74391448,91320,0.1,策略间质量恒定（同一 survivor → 同一 artifact → 同一答案）
ecom|s25|r10|OVERLAP|w4|CELL,ecom,25,10,OVERLAP,4,CELL,10000,4,0.2383,7644,0.7644,2.708099,56.79,56.95,9.73208,23.115048,23.191304,23.183579,45.413393,7.439145,1.0033,2.38298,3.11747,3.10722,1.30823,2.11747,0.30823,2.10722,0.86835,0.003294,3727256,8882730,8882730,0.0008,40000,95320,95320,0.973208,2.3115048,2.3191304,0.74391448,0,0.2427,策略间质量恒定（同一 survivor → 同一 artifact → 同一答案）
ecom|s25|r10|NESTED|w1|WORKLOAD,ecom,25,10,NESTED,1,WORKLOAD,10000,1,0.25234,4560,0.456,3.024015,56.79,56.77,2.596484,6.529171,1.184444,1.307449,2.719489,1.184444,0.18141,0.45617,1.0,5.51244,2.19215,0.0,1.19215,4.51244,-0.784885,-1.707007,1058958,2672081,482918,0.0008,10000,25234,4560,0.2596484,0.6529171,0.1184444,0.1184444,0,0.456,策略间质量恒定（同一 survivor → 同一 artifact → 同一答案）
ecom|s25|r10|NESTED|w1|CAP_10PCT,ecom,25,10,NESTED,1,CAP_10PCT,10000,1,0.25234,4560,0.456,3.024015,56.79,56.77,2.596484,6.529171,6.394671,6.517677,9.460198,1.184444,0.9794,2.46282,5.39888,5.51244,2.19215,4.39888,1.19215,4.51244,0.901307,-0.020815,1058958,2672081,2608957,0.0008,10000,25234,24638,0.2596484,0.6529171,0.63946714,0.1184444,23638,0.1,策略间质量恒定（同一 survivor → 同一 artifact → 同一答案）
ecom|s25|r10|NESTED|w1|CELL,ecom,25,10,NESTED,1,CELL,10000,1,0.25234,4560,0.456,3.024015,56.79,56.77,2.596484,6.529171,6.549358,6.548978,9.491499,1.184444,1.00309,2.52239,5.52948,5.51244,2.19215,4.52948,1.19215,4.51244,0.925209,0.003087,1058958,2672081,2672081,0.0008,10000,25234,25234,0.2596484,0.6529171,0.65493582,0.1184444,0,0.456,策略间质量恒定（同一 survivor → 同一 artifact → 同一答案）
ecom|s25|r10|NESTED|w2|WORKLOAD,ecom,25,10,NESTED,2,WORKLOAD,10000,2,0.25234,4560,0.456,3.024015,56.79,56.77,5.195016,13.066534,2.369468,2.615597,5.441145,2.369468,0.18134,0.4561,1.0,5.51454,2.19248,0.0,1.19248,4.51454,-0.785034,-1.707389,2011724,5076498,917426,0.0008,20000,50468,9120,0.5195016,1.3066534,0.2369468,0.2369468,0,0.456,策略间质量恒定（同一 survivor → 同一 artifact → 同一答案）
ecom|s25|r10|NESTED|w2|CAP_10PCT,ecom,25,10,NESTED,2,CAP_10PCT,10000,2,0.25234,4560,0.456,3.024015,56.79,56.77,5.195016,13.066534,12.797229,13.043358,18.931371,2.369468,0.97939,2.46337,5.40089,5.51454,2.19248,4.40089,1.19248,4.51454,0.901529,-0.020826,2011724,5076498,4955235,0.0008,20000,50468,49276,0.5195016,1.3066534,1.27972288,0.2369468,47276,0.1,策略间质量恒定（同一 survivor → 同一 artifact → 同一答案）
ecom|s25|r10|NESTED|w2|CELL,ecom,25,10,NESTED,2,CELL,10000,2,0.25234,4560,0.456,3.024015,56.79,56.77,5.195016,13.066534,13.106908,13.106148,18.994162,2.369468,1.00309,2.52298,5.53158,5.51454,2.19248,4.53158,1.19248,4.51454,0.92544,0.003085,2011724,5076498,5076498,0.0008,20000,50468,50468,0.5195016,1.3066534,1.31069084,0.2369468,0,0.456,策略间质量恒定（同一 survivor → 同一 artifact → 同一答案）
ecom|s25|r10|NESTED|w4|WORKLOAD,ecom,25,10,NESTED,4,WORKLOAD,10000,4,0.25234,4560,0.456,3.024015,56.79,56.77,9.73208,24.475816,4.438556,4.899582,10.193106,4.438556,0.18134,0.45607,1.0,5.51436,2.19262,0.0,1.19262,4.51436,-0.785099,-1.707356,3727256,9405886,1699802,0.0008,40000,100936,18240,0.973208,2.4475816,0.4438556,0.4438556,0,0.456,策略间质量恒定（同一 survivor → 同一 artifact → 同一答案）
ecom|s25|r10|NESTED|w4|CAP_10PCT,ecom,25,10,NESTED,4,CAP_10PCT,10000,4,0.25234,4560,0.456,3.024015,56.79,56.77,9.73208,24.475816,23.965607,24.426633,35.457456,4.438556,0.97915,2.46254,5.39942,5.51436,2.19262,4.39942,1.19262,4.51436,0.901192,-0.021066,3727256,9405886,9176272,0.0008,40000,100936,98541,0.973208,2.4475816,2.39656073,0.4438556,94541,0.1,策略间质量恒定（同一 survivor → 同一 artifact → 同一答案）
ecom|s25|r10|NESTED|w4|CELL,ecom,25,10,NESTED,4,CELL,10000,4,0.25234,4560,0.456,3.024015,56.79,56.77,9.73208,24.475816,24.556565,24.555045,35.585868,4.438556,1.0033,2.52326,5.53256,5.51436,2.19262,4.53256,1.19262,4.51436,0.925552,0.003294,3727256,9405886,9405886,0.0008,40000,100936,100936,0.973208,2.4475816,2.45565648,0.4438556,0,0.456,策略间质量恒定（同一 survivor → 同一 artifact → 同一答案）
ecom|s25|r50|DISJOINT|w1|WORKLOAD,ecom,25,50,DISJOINT,1,WORKLOAD,10000,1,0.24983,10000,1.0,6.113628,56.79,56.92,2.599684,32.326446,2.599684,3.243269,3.243269,2.599684,0.08042,1.0,1.0,12.43476,1.0,0.0,0.0,11.43476,0.0,-2.520496,1058958,13227994,1058958,0.004,10000,124916,10000,0.05199368,0.64652892,0.05199368,0.05199368,0,1.0,策略间质量恒定（同一 survivor → 同一 artifact → 同一答案）
ecom|s25|r50|DISJOINT|w1|CAP_10PCT,ecom,25,50,DISJOINT,1,CAP_10PCT,10000,1,0.24983,10000,1.0,6.113628,56.79,56.92,2.599684,32.326446,32.426379,32.42439,118.109111,2.599684,1.00309,12.4732,12.4732,12.43476,1.0,11.4732,0.0,11.43476,2.523582,0.003087,1058958,13227994,13227994,0.004,10000,124916,124916,0.05199368,0.64652892,0.64852758,0.05199368,123916,0.1,策略间质量恒定（同一 survivor → 同一 artifact → 同一答案）
ecom|s25|r50|DISJOINT|w1|CELL,ecom,25,50,DISJOINT,1,CELL,10000,1,0.24983,10000,1.0,6.113628,56.79,56.92,2.599684,32.326446,32.426379,32.42439,118.109111,2.599684,1.00309,12.4732,12.4732,12.43476,1.0,11.4732,0.0,11.43476,2.523582,0.003087,1058958,13227994,13227994,0.004,10000,124916,124916,0.05199368,0.64652892,0.64852758,0.05199368,0,0.2509,策略间质量恒定（同一 survivor → 同一 artifact → 同一答案）
ecom|s25|r50|DISJOINT|w2|WORKLOAD,ecom,25,50,DISJOINT,2,WORKLOAD,10000,2,0.2498,10000,1.0,6.119369,56.79,56.66,5.198216,64.68205,5.198216,6.476243,6.476243,5.198216,0.08037,1.0,1.0,12.44312,1.0,0.0,0.0,11.44312,0.0,-2.521168,2011724,25127272,2011724,0.004,20000,249796,20000,0.10396432,1.293641,0.10396432,0.10396432,0,1.0,策略间质量恒定（同一 survivor → 同一 artifact → 同一答案）
ecom|s25|r50|DISJOINT|w2|CAP_10PCT,ecom,25,50,DISJOINT,2,CAP_10PCT,10000,2,0.2498,10000,1.0,6.119369,56.79,56.66,5.198216,64.68205,64.881887,64.877936,236.310389,5.198216,1.00309,12.48157,12.48157,12.44312,1.0,11.48157,0.0,11.44312,2.524253,0.003085,2011724,25127272,25127272,0.004,20000,249796,249796,0.10396432,1.293641,1.29763774,0.10396432,247796,0.1,策略间质量恒定（同一 survivor → 同一 artifact → 同一答案）
ecom|s25|r50|DISJOINT|w2|CELL,ecom,25,50,DISJOINT,2,CELL,10000,2,0.2498,10000,1.0,6.119369,56.79,56.66,5.198216,64.68205,64.881887,64.877936,236.310389,5.198216,1.00309,12.48157,12.48157,12.44312,1.0,11.48157,0.0,11.44312,2.524253,0.003085,2011724,25127272,25127272,0.004,20000,249796,249796,0.10396432,1.293641,1.29763774,0.10396432,0,0.2503,策略间质量恒定（同一 survivor → 同一 artifact → 同一答案）
ecom|s25|r50|DISJOINT|w4|WORKLOAD,ecom,25,50,DISJOINT,4,WORKLOAD,10000,4,0.2502,10000,1.0,6.125555,56.79,56.8,9.73528,121.347834,9.73528,12.15197,12.15197,9.73528,0.08023,1.0,1.0,12.46475,1.0,0.0,0.0,11.46475,0.0,-2.522905,3727256,46630120,3727256,0.004,40000,500404,40000,0.1947056,2.42695668,0.1947056,0.1947056,0,1.0,策略间质量恒定（同一 survivor → 同一 artifact → 同一答案）
ecom|s25|r50|DISJOINT|w4|CAP_10PCT,ecom,25,50,DISJOINT,4,CAP_10PCT,10000,4,0.2502,10000,1.0,6.125555,56.79,56.8,9.73528,121.347834,121.748157,121.74018,442.723158,9.73528,1.0033,12.50587,12.50587,12.46475,1.0,11.50587,0.0,11.46475,2.526198,0.003294,3727256,46630120,46630120,0.004,40000,500404,500404,0.1947056,2.42695668,2.43496314,0.1947056,496404,0.1,策略间质量恒定（同一 survivor → 同一 artifact → 同一答案）
ecom|s25|r50|DISJOINT|w4|CELL,ecom,25,50,DISJOINT,4,CELL,10000,4,0.2502,10000,1.0,6.125555,56.79,56.8,9.73528,121.347834,121.748157,121.74018,442.723158,9.73528,1.0033,12.50587,12.50587,12.46475,1.0,11.50587,0.0,11.46475,2.526198,0.003294,3727256,46630120,46630120,0.004,40000,500404,500404,0.1947056,2.42695668,2.43496314,0.1947056,0,0.2516,策略间质量恒定（同一 survivor → 同一 artifact → 同一答案）
ecom|s25|r50|OVERLAP|w1|WORKLOAD,ecom,25,50,OVERLAP,1,WORKLOAD,10000,1,0.23827,9983,0.9983,14.730973,56.79,56.75,2.599684,30.826113,2.595254,3.203791,3.203791,2.595254,0.08419,0.9983,1.0,11.87788,1.00171,0.0,0.00171,10.87788,-0.001706,-2.474678,1058958,12615177,1057154,0.004,10000,119133,9983,0.05199368,0.61652225,0.05190508,0.05190508,0,0.9983,策略间质量恒定（同一 survivor → 同一 artifact → 同一答案）
ecom|s25|r50|OVERLAP|w1|CAP_10PCT,ecom,25,50,OVERLAP,1,CAP_10PCT,10000,1,0.23827,9983,0.9983,14.730973,56.79,56.75,2.599684,30.826113,30.921419,30.919535,115.959322,2.595254,1.00309,11.8943,11.9146,11.87788,1.00171,10.9146,0.00171,10.87788,2.476059,0.003087,1058958,12615177,12615177,0.004,10000,119133,119133,0.05199368,0.61652225,0.61842838,0.05190508,118133,0.1,策略间质量恒定（同一 survivor → 同一 artifact → 同一答案）
ecom|s25|r50|OVERLAP|w1|CELL,ecom,25,50,OVERLAP,1,CELL,10000,1,0.23827,9983,0.9983,14.730973,56.79,56.75,2.599684,30.826113,30.921419,30.919535,115.959322,2.595254,1.00309,11.8943,11.9146,11.87788,1.00171,10.9146,0.00171,10.87788,2.476059,0.003087,1058958,12615177,12615177,0.004,10000,119133,119133,0.05199368,0.61652225,0.61842838,0.05190508,0,0.2344,策略间质量恒定（同一 survivor → 同一 artifact → 同一答案）
ecom|s25|r50|OVERLAP|w2|WORKLOAD,ecom,25,50,OVERLAP,2,WORKLOAD,10000,2,0.23917,9990,0.999,14.695719,56.79,56.83,5.198216,61.928425,5.193102,6.412094,6.412094,5.193102,0.08386,0.99902,1.0,11.92513,1.00098,0.0,0.00098,10.92513,-0.000984,-2.478648,2011724,24059561,2009740,0.004,20000,239174,19980,0.10396432,1.2385685,0.10386204,0.10386204,0,0.999,策略间质量恒定（同一 survivor → 同一 artifact → 同一答案）
ecom|s25|r50|OVERLAP|w2|CAP_10PCT,ecom,25,50,OVERLAP,2,CAP_10PCT,10000,2,0.23917,9990,0.999,14.695719,56.79,56.83,5.198216,61.928425,62.119764,62.115996,232.0001,5.193102,1.00309,11.95021,11.96198,11.92513,1.00098,10.96198,0.00098,10.92513,2.480749,0.003085,2011724,24059561,24059561,0.004,20000,239174,239174,0.10396432,1.2385685,1.24239528,0.10386204,237174,0.1,策略间质量恒定（同一 survivor → 同一 artifact → 同一答案）
ecom|s25|r50|OVERLAP|w2|CELL,ecom,25,50,OVERLAP,2,CELL,10000,2,0.23917,9990,0.999,14.695719,56.79,56.83,5.198216,61.928425,62.119764,62.115996,232.0001,5.193102,1.00309,11.95021,11.96198,11.92513,1.00098,10.96198,0.00098,10.92513,2.480749,0.003085,2011724,24059561,24059561,0.004,20000,239174,239174,0.10396432,1.2385685,1.24239528,0.10386204,0,0.2379,策略间质量恒定（同一 survivor → 同一 artifact → 同一答案）
ecom|s25|r50|OVERLAP|w4|WORKLOAD,ecom,25,50,OVERLAP,4,WORKLOAD,10000,4,0.23824,9989,0.9989,14.730891,56.79,56.95,9.73528,115.55077,9.724571,12.065276,12.065276,9.724571,0.08416,0.9989,1.0,11.88235,1.0011,0.0,0.0011,10.88235,-0.001101,-2.475054,3727256,44405870,3723150,0.004,40000,476476,39956,0.1947056,2.3110154,0.19449142,0.19449142,0,0.9989,策略间质量恒定（同一 survivor → 同一 artifact → 同一答案）
ecom|s25|r50|OVERLAP|w4|CAP_10PCT,ecom,25,50,OVERLAP,4,CAP_10PCT,10000,4,0.23824,9989,0.9989,14.730891,56.79,56.95,9.73528,115.55077,115.931951,115.924226,434.667793,9.724571,1.0033,11.90844,11.92155,11.88235,1.0011,10.92155,0.0011,10.88235,2.477247,0.003293,3727256,44405870,44405870,0.004,40000,476476,476476,0.1947056,2.3110154,2.31863902,0.19449142,472476,0.1,策略间质量恒定（同一 survivor → 同一 artifact → 同一答案）
ecom|s25|r50|OVERLAP|w4|CELL,ecom,25,50,OVERLAP,4,CELL,10000,4,0.23824,9989,0.9989,14.730891,56.79,56.95,9.73528,115.55077,115.931951,115.924226,434.667793,9.724571,1.0033,11.90844,11.92155,11.88235,1.0011,10.92155,0.0011,10.88235,2.477247,0.003293,3727256,44405870,44405870,0.004,40000,476476,476476,0.1947056,2.3110154,2.31863902,0.19449142,0,0.241,策略间质量恒定（同一 survivor → 同一 artifact → 同一答案）
ecom|s25|r50|NESTED|w1|WORKLOAD,ecom,25,50,NESTED,1,WORKLOAD,10000,1,0.25201,4848,0.4848,16.470109,56.79,55.93,2.599684,32.60407,1.262656,1.28918,2.626208,1.262656,0.03873,0.4857,1.0,25.82181,2.0589,0.0,1.0589,24.82181,-0.722172,-3.251219,1058958,13343269,513545,0.004,10000,126007,4848,0.05199368,0.65208139,0.02525313,0.02525313,0,0.4848,策略间质量恒定（同一 survivor → 同一 artifact → 同一答案）
ecom|s25|r50|NESTED|w1|CAP_10PCT,ecom,25,50,NESTED,1,CAP_10PCT,10000,1,0.25201,4848,0.4848,16.470109,56.79,55.93,2.599684,32.60407,31.498367,31.52489,88.516148,1.262656,0.96609,12.11623,24.94611,25.82181,2.0589,23.94611,1.0589,24.82181,2.494546,-0.034501,1058958,13343269,12850958,0.004,10000,126007,121356,0.05199368,0.65208139,0.62996734,0.02525313,120356,0.1,策略间质量恒定（同一 survivor → 同一 artifact → 同一答案）
ecom|s25|r50|NESTED|w1|CELL,ecom,25,50,NESTED,1,CELL,10000,1,0.25201,4848,0.4848,16.470109,56.79,55.93,2.599684,32.60407,32.704875,32.704793,89.69605,1.262656,1.00309,12.58033,25.90164,25.82181,2.0589,24.90164,1.0589,24.82181,2.532134,0.003087,1058958,13343269,13343269,0.004,10000,126007,126007,0.05199368,0.65208139,0.6540975,0.02525313,0,0.4848,策略间质量恒定（同一 survivor → 同一 artifact → 同一答案）
ecom|s25|r50|NESTED|w2|WORKLOAD,ecom,25,50,NESTED,2,WORKLOAD,10000,2,0.25201,4848,0.4848,16.470109,56.79,55.93,5.198216,65.248837,2.522777,2.575894,5.251333,2.522777,0.03866,0.48532,1.0,25.8639,2.06051,0.0,1.06051,24.8639,-0.722955,-3.252848,2011724,25349913,975622,0.004,20000,252014,9696,0.10396432,1.30497674,0.05045554,0.05045554,0,0.4848,策略间质量恒定（同一 survivor → 同一 artifact → 同一答案）
ecom|s25|r50|NESTED|w2|CAP_10PCT,ecom,25,50,NESTED,2,CAP_10PCT,10000,2,0.25201,4848,0.4848,16.470109,56.79,55.93,5.198216,65.248837,63.042199,63.095316,177.133317,2.522777,0.96618,12.12766,24.98921,25.8639,2.06051,23.98921,1.06051,24.8639,2.495489,-0.034404,2011724,25349913,24416444,0.004,20000,252014,242738,0.10396432,1.30497674,1.26084399,0.05045554,240738,0.1,策略间质量恒定（同一 survivor → 同一 artifact → 同一答案）
ecom|s25|r50|NESTED|w2|CELL,ecom,25,50,NESTED,2,CELL,10000,2,0.25201,4848,0.4848,16.470109,56.79,55.93,5.198216,65.248837,65.450448,65.450283,179.488284,2.522777,1.00309,12.59094,25.94381,25.8639,2.06051,24.94381,1.06051,24.8639,2.532978,0.003085,2011724,25349913,25349913,0.004,20000,252014,252014,0.10396432,1.30497674,1.30900896,0.05045554,0,0.4848,策略间质量恒定（同一 survivor → 同一 artifact → 同一答案）
ecom|s25|r50|NESTED|w4|WORKLOAD,ecom,25,50,NESTED,4,WORKLOAD,10000,4,0.25201,4848,0.4848,16.470109,56.79,55.93,9.73528,122.22191,4.72305,4.822556,9.834786,4.72305,0.03864,0.48515,1.0,25.87775,2.06123,0.0,1.06123,24.87775,-0.723302,-3.253384,3727256,46969068,1807664,0.004,40000,504028,19392,0.1947056,2.4444382,0.09446099,0.09446099,0,0.4848,策略间质量恒定（同一 survivor → 同一 artifact → 同一答案）
ecom|s25|r50|NESTED|w4|CAP_10PCT,ecom,25,50,NESTED,4,CAP_10PCT,10000,4,0.25201,4848,0.4848,16.470109,56.79,55.93,9.73528,122.22191,118.1074,118.206906,331.848687,4.72305,0.96634,12.1319,25.0066,25.87775,2.06123,24.0066,1.06123,24.87775,2.495838,-0.034244,3727256,46969068,45236988,0.004,40000,504028,485471,0.1947056,2.4444382,2.36214801,0.09446099,481471,0.1,策略间质量恒定（同一 survivor → 同一 artifact → 同一答案）
ecom|s25|r50|NESTED|w4|CELL,ecom,25,50,NESTED,4,CELL,10000,4,0.25201,4848,0.4848,16.470109,56.79,55.93,9.73528,122.22191,122.625132,122.624803,336.266584,4.72305,1.0033,12.59595,25.96313,25.87775,2.06123,24.96313,1.06123,24.87775,2.533376,0.003294,3727256,46969068,46969068,0.004,40000,504028,504028,0.1947056,2.4444382,2.45250265,0.09446099,0,0.4848,策略间质量恒定（同一 survivor → 同一 artifact → 同一答案）
ecom|s25|r100|DISJOINT|w1|WORKLOAD,ecom,25,100,DISJOINT,1,WORKLOAD,10000,1,0.25029,10000,1.0,12.386457,56.79,56.92,2.603684,64.77002,2.603684,3.247269,3.247269,2.603684,0.0402,1.0,1.0,24.8763,1.0,0.0,0.0,23.8763,0.0,-3.213915,1058958,26503009,1058958,0.008,10000,250292,10000,0.02603684,0.6477002,0.02603684,0.02603684,0,1.0,策略间质量恒定（同一 survivor → 同一 artifact → 同一答案）
ecom|s25|r100|DISJOINT|w1|CAP_10PCT,ecom,25,100,DISJOINT,1,CAP_10PCT,10000,1,0.25029,10000,1.0,12.386457,56.79,56.92,2.603684,64.77002,64.970254,64.968265,247.897311,2.603684,1.00309,24.9532,24.9532,24.8763,1.0,23.9532,0.0,23.8763,3.217002,0.003087,1058958,26503009,26503009,0.008,10000,250292,250292,0.02603684,0.6477002,0.64970254,0.02603684,249292,0.1,策略间质量恒定（同一 survivor → 同一 artifact → 同一答案）
ecom|s25|r100|DISJOINT|w1|CELL,ecom,25,100,DISJOINT,1,CELL,10000,1,0.25029,10000,1.0,12.386457,56.79,56.92,2.603684,64.77002,64.970254,64.968265,247.897311,2.603684,1.00309,24.9532,24.9532,24.8763,1.0,23.9532,0.0,23.8763,3.217002,0.003087,1058958,26503009,26503009,0.008,10000,250292,250292,0.02603684,0.6477002,0.64970254,0.02603684,0,0.2517,策略间质量恒定（同一 survivor → 同一 artifact → 同一答案）
ecom|s25|r100|DISJOINT|w2|WORKLOAD,ecom,25,100,DISJOINT,2,WORKLOAD,10000,2,0.24976,10000,1.0,12.364701,56.79,56.66,5.202216,129.345171,5.202216,6.480243,6.480243,5.202216,0.04022,1.0,1.0,24.86348,1.0,0.0,0.0,23.86348,0.0,-3.2134,2011724,50247319,2011724,0.008,20000,499522,20000,0.05202216,1.29345171,0.05202216,0.05202216,0,1.0,策略间质量恒定（同一 survivor → 同一 artifact → 同一答案）
ecom|s25|r100|DISJOINT|w2|CAP_10PCT,ecom,25,100,DISJOINT,2,CAP_10PCT,10000,2,0.24976,10000,1.0,12.364701,56.79,56.66,5.202216,129.345171,129.744789,129.740838,496.025189,5.202216,1.00309,24.94029,24.94029,24.86348,1.0,23.94029,0.0,23.86348,3.216485,0.003085,2011724,50247319,50247319,0.008,20000,499522,499522,0.05202216,1.29345171,1.29744789,0.05202216,497522,0.1,策略间质量恒定（同一 survivor → 同一 artifact → 同一答案）
ecom|s25|r100|DISJOINT|w2|CELL,ecom,25,100,DISJOINT,2,CELL,10000,2,0.24976,10000,1.0,12.364701,56.79,56.66,5.202216,129.345171,129.744789,129.740838,496.025189,5.202216,1.00309,24.94029,24.94029,24.86348,1.0,23.94029,0.0,23.86348,3.216485,0.003085,2011724,50247319,50247319,0.008,20000,499522,499522,0.05202216,1.29345171,1.29744789,0.05202216,0,0.2642,策略间质量恒定（同一 survivor → 同一 artifact → 同一答案）
ecom|s25|r100|DISJOINT|w4|WORKLOAD,ecom,25,100,DISJOINT,4,WORKLOAD,10000,4,0.2504,10000,1.0,12.399459,56.79,56.8,9.73928,242.873888,9.73928,12.15597,12.15597,9.73928,0.0401,1.0,1.0,24.93756,1.0,0.0,0.0,23.93756,0.0,-3.216375,3727256,93328316,3727256,0.008,40000,1001584,40000,0.0973928,2.42873888,0.0973928,0.0973928,0,1.0,策略间质量恒定（同一 survivor → 同一 artifact → 同一答案）
ecom|s25|r100|DISJOINT|w4|CAP_10PCT,ecom,25,100,DISJOINT,4,CAP_10PCT,10000,4,0.2504,10000,1.0,12.399459,56.79,56.8,9.73928,242.873888,243.675155,243.667178,929.291158,9.73928,1.0033,25.01983,25.01983,24.93756,1.0,24.01983,0.0,23.93756,3.219669,0.003294,3727256,93328316,93328316,0.008,40000,1001584,1001584,0.0973928,2.42873888,2.43675155,0.0973928,997584,0.1,策略间质量恒定（同一 survivor → 同一 artifact → 同一答案）
ecom|s25|r100|DISJOINT|w4|CELL,ecom,25,100,DISJOINT,4,CELL,10000,4,0.2504,10000,1.0,12.399459,56.79,56.8,9.73928,242.873888,243.675155,243.667178,929.291158,9.73928,1.0033,25.01983,25.01983,24.93756,1.0,24.01983,0.0,23.93756,3.219669,0.003294,3727256,93328316,93328316,0.008,40000,1001584,1001584,0.0973928,2.42873888,2.43675155,0.0973928,0,0.2523,策略间质量恒定（同一 survivor → 同一 artifact → 同一答案）
ecom|s25|r100|OVERLAP|w1|WORKLOAD,ecom,25,100,OVERLAP,1,WORKLOAD,10000,1,0.23812,10000,1.0,29.772565,56.79,56.75,2.603684,61.615288,2.603684,3.212741,3.212741,2.603684,0.04226,1.0,1.0,23.66466,1.0,0.0,0.0,22.66466,0.0,-3.163983,1058958,25215358,1058958,0.008,10000,238121,10000,0.02603684,0.61615288,0.02603684,0.02603684,0,1.0,策略间质量恒定（同一 survivor → 同一 artifact → 同一答案）
ecom|s25|r100|OVERLAP|w1|CAP_10PCT,ecom,25,100,OVERLAP,1,CAP_10PCT,10000,1,0.23812,10000,1.0,29.772565,56.79,56.75,2.603684,61.615288,61.805785,61.803901,245.747522,2.603684,1.00309,23.73782,23.73782,23.66466,1.0,22.73782,0.0,22.66466,3.16707,0.003087,1058958,25215358,25215358,0.008,10000,238121,238121,0.02603684,0.61615288,0.61805785,0.02603684,237121,0.1,策略间质量恒定（同一 survivor → 同一 artifact → 同一答案）
ecom|s25|r100|OVERLAP|w1|CELL,ecom,25,100,OVERLAP,1,CELL,10000,1,0.23812,10000,1.0,29.772565,56.79,56.75,2.603684,61.615288,61.805785,61.803901,245.747522,2.603684,1.00309,23.73782,23.73782,23.66466,1.0,22.73782,0.0,22.66466,3.16707,0.003087,1058958,25215358,25215358,0.008,10000,238121,238121,0.02603684,0.61615288,0.61805785,0.02603684,0,0.2397,策略间质量恒定（同一 survivor → 同一 artifact → 同一答案）
ecom|s25|r100|OVERLAP|w2|WORKLOAD,ecom,25,100,OVERLAP,2,WORKLOAD,10000,2,0.23872,10000,1.0,29.727804,56.79,56.83,5.202216,123.616258,5.202216,6.421729,6.421729,5.202216,0.04208,1.0,1.0,23.76223,1.0,0.0,0.0,22.76223,0.0,-3.168097,2011724,48025182,2011724,0.008,20000,477436,20000,0.05202216,1.23616258,0.05202216,0.05202216,0,1.0,策略间质量恒定（同一 survivor → 同一 artifact → 同一答案）
ecom|s25|r100|OVERLAP|w2|CAP_10PCT,ecom,25,100,OVERLAP,2,CAP_10PCT,10000,2,0.23872,10000,1.0,29.727804,56.79,56.83,5.202216,123.616258,123.998207,123.994439,491.7149,5.202216,1.00309,23.83565,23.83565,23.76223,1.0,22.83565,0.0,22.76223,3.171182,0.003085,2011724,48025182,48025182,0.008,20000,477436,477436,0.05202216,1.23616258,1.23998207,0.05202216,475436,0.1,策略间质量恒定（同一 survivor → 同一 artifact → 同一答案）
ecom|s25|r100|OVERLAP|w2|CELL,ecom,25,100,OVERLAP,2,CELL,10000,2,0.23872,10000,1.0,29.727804,56.79,56.83,5.202216,123.616258,123.998207,123.994439,491.7149,5.202216,1.00309,23.83565,23.83565,23.76223,1.0,22.83565,0.0,22.76223,3.171182,0.003085,2011724,48025182,48025182,0.008,20000,477436,477436,0.05202216,1.23616258,1.23998207,0.05202216,0,0.2383,策略间质量恒定（同一 survivor → 同一 artifact → 同一答案）
ecom|s25|r100|OVERLAP|w4|WORKLOAD,ecom,25,100,OVERLAP,4,WORKLOAD,10000,4,0.23836,10000,1.0,29.754114,56.79,56.95,9.73928,231.207692,9.73928,12.081956,12.081956,9.73928,0.04212,1.0,1.0,23.73971,1.0,0.0,0.0,22.73971,0.0,-3.167149,3727256,88851440,3727256,0.008,40000,953432,40000,0.0973928,2.31207692,0.0973928,0.0973928,0,1.0,策略间质量恒定（同一 survivor → 同一 artifact → 同一答案）
ecom|s25|r100|OVERLAP|w4|CAP_10PCT,ecom,25,100,OVERLAP,4,CAP_10PCT,10000,4,0.23836,10000,1.0,29.754114,56.79,56.95,9.73928,231.207692,231.970438,231.962713,921.235793,9.73928,1.0033,23.81803,23.81803,23.73971,1.0,22.81803,0.0,22.73971,3.170443,0.003294,3727256,88851440,88851440,0.008,40000,953432,953432,0.0973928,2.31207692,2.31970438,0.0973928,949432,0.1,策略间质量恒定（同一 survivor → 同一 artifact → 同一答案）
ecom|s25|r100|OVERLAP|w4|CELL,ecom,25,100,OVERLAP,4,CELL,10000,4,0.23836,10000,1.0,29.754114,56.79,56.95,9.73928,231.207692,231.970438,231.962713,921.235793,9.73928,1.0033,23.81803,23.81803,23.73971,1.0,22.81803,0.0,22.73971,3.170443,0.003294,3727256,88851440,88851440,0.008,40000,953432,953432,0.0973928,2.31207692,2.31970438,0.0973928,0,0.2341,策略间质量恒定（同一 survivor → 同一 artifact → 同一答案）
ecom|s25|r100|NESTED|w1|WORKLOAD,ecom,25,100,NESTED,1,WORKLOAD,10000,1,0.25198,4895,0.4895,33.276082,56.79,55.8,2.603684,65.198832,1.27893,1.291888,2.616643,1.27893,0.01962,0.4912,1.0,50.97922,2.03583,0.0,1.03583,49.97922,-0.710904,-3.931418,1058958,26682726,518547,0.008,10000,251976,4895,0.02603684,0.65198832,0.0127893,0.0127893,0,0.4895,策略间质量恒定（同一 survivor → 同一 artifact → 同一答案）
ecom|s25|r100|NESTED|w1|CAP_10PCT,ecom,25,100,NESTED,1,CAP_10PCT,10000,1,0.25198,4895,0.4895,33.276082,56.79,55.8,2.603684,65.198832,62.900025,62.912984,198.780215,1.27893,0.96474,24.15809,49.18178,50.97922,2.03583,48.18178,1.03583,49.97922,3.184619,-0.035895,1058958,26682726,25662428,0.008,10000,251976,242339,0.02603684,0.65198832,0.62900025,0.0127893,241339,0.1,策略间质量恒定（同一 survivor → 同一 artifact → 同一答案）
ecom|s25|r100|NESTED|w1|CELL,ecom,25,100,NESTED,1,CELL,10000,1,0.25198,4895,0.4895,33.276082,56.79,55.8,2.603684,65.198832,65.400413,65.400373,201.267604,1.27893,1.00309,25.11841,51.13684,50.97922,2.03583,50.13684,1.03583,49.97922,3.223601,0.003087,1058958,26682726,26682726,0.008,10000,251976,251976,0.02603684,0.65198832,0.65400413,0.0127893,0,0.4895,策略间质量恒定（同一 survivor → 同一 artifact → 同一答案）
ecom|s25|r100|NESTED|w2|WORKLOAD,ecom,25,100,NESTED,2,WORKLOAD,10000,2,0.25198,4895,0.4895,33.276082,56.79,55.8,5.202216,130.478896,2.551301,2.577203,5.228118,2.551301,0.01955,0.49043,1.0,51.1421,2.03904,0.0,1.03904,50.1421,-0.712481,-3.934608,2011724,50692580,985121,0.008,20000,503952,9790,0.05202216,1.30478896,0.02551301,0.02551301,0,0.4895,策略间质量恒定（同一 survivor → 同一 artifact → 同一答案）
ecom|s25|r100|NESTED|w2|CAP_10PCT,ecom,25,100,NESTED,2,CAP_10PCT,10000,2,0.25198,4895,0.4895,33.276082,56.79,55.8,5.202216,130.478896,125.930155,125.956057,397.823777,2.551301,0.96514,24.20702,49.35919,51.1421,2.03904,48.35919,1.03904,50.1421,3.186643,-0.035484,2011724,50692580,48772189,0.008,20000,503952,484881,0.05202216,1.30478896,1.25930155,0.02551301,482881,0.1,策略间质量恒定（同一 survivor → 同一 artifact → 同一答案）
ecom|s25|r100|NESTED|w2|CELL,ecom,25,100,NESTED,2,CELL,10000,2,0.25198,4895,0.4895,33.276082,56.79,55.8,5.202216,130.478896,130.882058,130.881978,402.749697,2.551301,1.00309,25.1589,51.30012,51.1421,2.03904,50.30012,1.03904,50.1421,3.225212,0.003085,2011724,50692580,50692580,0.008,20000,503952,503952,0.05202216,1.30478896,1.30882058,0.02551301,0,0.4895,策略间质量恒定（同一 survivor → 同一 artifact → 同一答案）
ecom|s25|r100|NESTED|w4|WORKLOAD,ecom,25,100,NESTED,4,WORKLOAD,10000,4,0.25198,4895,0.4895,33.276082,56.79,55.8,9.73928,244.408608,4.772974,4.821462,9.787768,4.772974,0.01953,0.49007,1.0,51.20678,2.04051,0.0,1.04051,50.20678,-0.713198,-3.935872,3727256,93924744,1825264,0.008,40000,1007904,19580,0.0973928,2.44408608,0.04772974,0.04772974,0,0.4895,策略间质量恒定（同一 survivor → 同一 artifact → 同一答案）
ecom|s25|r100|NESTED|w4|CAP_10PCT,ecom,25,100,NESTED,4,CAP_10PCT,10000,4,0.25198,4895,0.4895,33.276082,56.79,55.8,9.73928,244.408608,235.898899,235.947387,745.272147,4.772974,0.96518,24.22139,49.42388,51.20678,2.04051,48.42388,1.04051,50.20678,3.187236,-0.035438,3727256,93924744,90353549,0.008,40000,1007904,969561,0.0973928,2.44408608,2.35898899,0.04772974,965561,0.1,策略间质量恒定（同一 survivor → 同一 artifact → 同一答案）
ecom|s25|r100|NESTED|w4|CELL,ecom,25,100,NESTED,4,CELL,10000,4,0.25198,4895,0.4895,33.276082,56.79,55.8,9.73928,244.408608,245.214931,245.214771,754.539531,4.772974,1.0033,25.17793,51.37571,51.20678,2.04051,50.37571,1.04051,50.20678,3.225968,0.003294,3727256,93924744,93924744,0.008,40000,1007904,1007904,0.0973928,2.44408608,2.45214931,0.04772974,0,0.4895,策略间质量恒定（同一 survivor → 同一 artifact → 同一答案）
ecom|s50|r1|DISJOINT|w1|WORKLOAD,ecom,50,1,DISJOINT,1,WORKLOAD,10000,1,0.4983,4983,0.4983,0.0,56.79,56.83,2.595764,1.289721,1.293708,1.289721,1.289721,1.289721,1.00309,0.49839,1.00309,1.0,2.01265,0.00309,1.01265,0.0,-0.696368,0.003086,1058958,527759,527759,8e-05,10000,4983,4983,2.595764,1.2897215,1.2937079,1.2897215,0,0.4983,策略间质量恒定（同一 survivor → 同一 artifact → 同一答案）
ecom|s50|r1|DISJOINT|w1|CAP_10PCT,ecom,50,1,DISJOINT,1,CAP_10PCT,10000,1,0.4983,4983,0.4983,0.0,56.79,56.83,2.595764,1.289721,1.293708,1.289721,1.289721,1.289721,1.00309,0.49839,1.00309,1.0,2.01265,0.00309,1.01265,0.0,-0.696368,0.003086,1058958,527759,527759,8e-05,10000,4983,4983,2.595764,1.2897215,1.2937079,1.2897215,3983,0.1,策略间质量恒定（同一 survivor → 同一 artifact → 同一答案）
ecom|s50|r1|DISJOINT|w1|CELL,ecom,50,1,DISJOINT,1,CELL,10000,1,0.4983,4983,0.4983,0.0,56.79,56.83,2.595764,1.289721,1.293708,1.289721,1.289721,1.289721,1.00309,0.49839,1.00309,1.0,2.01265,0.00309,1.01265,0.0,-0.696368,0.003086,1058958,527759,527759,8e-05,10000,4983,4983,2.595764,1.2897215,1.2937079,1.2897215,0,0.4983,策略间质量恒定（同一 survivor → 同一 artifact → 同一答案）
ecom|s50|r1|DISJOINT|w2|WORKLOAD,ecom,50,1,DISJOINT,2,WORKLOAD,10000,2,0.4947,4947,0.4947,0.0,56.79,56.92,5.194296,2.564225,2.57214,2.564225,2.564225,2.564225,1.00309,0.49519,1.00309,1.0,2.02568,0.00309,1.02568,0.0,-0.702823,0.003082,2011724,996233,996233,8e-05,20000,9894,9894,5.194296,2.564225,2.5721402,2.564225,0,0.4947,策略间质量恒定（同一 survivor → 同一 artifact → 同一答案）
ecom|s50|r1|DISJOINT|w2|CAP_10PCT,ecom,50,1,DISJOINT,2,CAP_10PCT,10000,2,0.4947,4947,0.4947,0.0,56.79,56.92,5.194296,2.564225,2.57214,2.564225,2.564225,2.564225,1.00309,0.49519,1.00309,1.0,2.02568,0.00309,1.02568,0.0,-0.702823,0.003082,2011724,996233,996233,8e-05,20000,9894,9894,5.194296,2.564225,2.5721402,2.564225,7894,0.1,策略间质量恒定（同一 survivor → 同一 artifact → 同一答案）
ecom|s50|r1|DISJOINT|w2|CELL,ecom,50,1,DISJOINT,2,CELL,10000,2,0.4947,4947,0.4947,0.0,56.79,56.92,5.194296,2.564225,2.57214,2.564225,2.564225,2.564225,1.00309,0.49519,1.00309,1.0,2.02568,0.00309,1.02568,0.0,-0.702823,0.003082,2011724,996233,996233,8e-05,20000,9894,9894,5.194296,2.564225,2.5721402,2.564225,0,0.4947,策略间质量恒定（同一 survivor → 同一 artifact → 同一答案）
ecom|s50|r1|DISJOINT|w4|WORKLOAD,ecom,50,1,DISJOINT,4,WORKLOAD,10000,4,0.4859,4859,0.4859,0.0,56.79,56.74,9.73136,4.711498,4.727047,4.711498,4.711498,4.711498,1.0033,0.48575,1.0033,1.0,2.06545,0.0033,1.06545,0.0,-0.722053,0.003295,3727256,1810318,1810318,8e-05,40000,19436,19436,9.73136,4.711498,4.7270468,4.711498,0,0.4859,策略间质量恒定（同一 survivor → 同一 artifact → 同一答案）
ecom|s50|r1|DISJOINT|w4|CAP_10PCT,ecom,50,1,DISJOINT,4,CAP_10PCT,10000,4,0.4859,4859,0.4859,0.0,56.79,56.74,9.73136,4.711498,4.727047,4.711498,4.711498,4.711498,1.0033,0.48575,1.0033,1.0,2.06545,0.0033,1.06545,0.0,-0.722053,0.003295,3727256,1810318,1810318,8e-05,40000,19436,19436,9.73136,4.711498,4.7270468,4.711498,15436,0.1,策略间质量恒定（同一 survivor → 同一 artifact → 同一答案）
ecom|s50|r1|DISJOINT|w4|CELL,ecom,50,1,DISJOINT,4,CELL,10000,4,0.4859,4859,0.4859,0.0,56.79,56.74,9.73136,4.711498,4.727047,4.711498,4.711498,4.711498,1.0033,0.48575,1.0033,1.0,2.06545,0.0033,1.06545,0.0,-0.722053,0.003295,3727256,1810318,1810318,8e-05,40000,19436,19436,9.73136,4.711498,4.7270468,4.711498,0,0.4859,策略间质量恒定（同一 survivor → 同一 artifact → 同一答案）
ecom|s50|r1|OVERLAP|w1|WORKLOAD,ecom,50,1,OVERLAP,1,WORKLOAD,10000,1,0.4429,4429,0.4429,0.0,56.79,56.92,2.595764,1.146173,1.149716,1.146173,1.146173,1.146173,1.00309,0.44292,1.00309,1.0,2.26472,0.00309,1.26472,0.0,-0.814366,0.003087,1058958,469159,469159,8e-05,10000,4429,4429,2.595764,1.1461725,1.1497157,1.1461725,0,0.4429,策略间质量恒定（同一 survivor → 同一 artifact → 同一答案）
ecom|s50|r1|OVERLAP|w1|CAP_10PCT,ecom,50,1,OVERLAP,1,CAP_10PCT,10000,1,0.4429,4429,0.4429,0.0,56.79,56.92,2.595764,1.146173,1.149716,1.146173,1.146173,1.146173,1.00309,0.44292,1.00309,1.0,2.26472,0.00309,1.26472,0.0,-0.814366,0.003087,1058958,469159,469159,8e-05,10000,4429,4429,2.595764,1.1461725,1.1497157,1.1461725,3429,0.1,策略间质量恒定（同一 survivor → 同一 artifact → 同一答案）
ecom|s50|r1|OVERLAP|w1|CELL,ecom,50,1,OVERLAP,1,CELL,10000,1,0.4429,4429,0.4429,0.0,56.79,56.92,2.595764,1.146173,1.149716,1.146173,1.146173,1.146173,1.00309,0.44292,1.00309,1.0,2.26472,0.00309,1.26472,0.0,-0.814366,0.003087,1058958,469159,469159,8e-05,10000,4429,4429,2.595764,1.1461725,1.1497157,1.1461725,0,0.4429,策略间质量恒定（同一 survivor → 同一 artifact → 同一答案）
ecom|s50|r1|OVERLAP|w2|WORKLOAD,ecom,50,1,OVERLAP,2,WORKLOAD,10000,2,0.4364,4364,0.4364,0.0,56.79,56.74,5.194296,2.259916,2.266898,2.259916,2.259916,2.259916,1.00309,0.43642,1.00309,1.0,2.29845,0.00309,1.29845,0.0,-0.829149,0.003085,2011724,877924,877924,8e-05,20000,8728,8728,5.194296,2.259916,2.2668984,2.259916,0,0.4364,策略间质量恒定（同一 survivor → 同一 artifact → 同一答案）
ecom|s50|r1|OVERLAP|w2|CAP_10PCT,ecom,50,1,OVERLAP,2,CAP_10PCT,10000,2,0.4364,4364,0.4364,0.0,56.79,56.74,5.194296,2.259916,2.266898,2.259916,2.259916,2.259916,1.00309,0.43642,1.00309,1.0,2.29845,0.00309,1.29845,0.0,-0.829149,0.003085,2011724,877924,877924,8e-05,20000,8728,8728,5.194296,2.259916,2.2668984,2.259916,6728,0.1,策略间质量恒定（同一 survivor → 同一 artifact → 同一答案）
ecom|s50|r1|OVERLAP|w2|CELL,ecom,50,1,OVERLAP,2,CELL,10000,2,0.4364,4364,0.4364,0.0,56.79,56.74,5.194296,2.259916,2.266898,2.259916,2.259916,2.259916,1.00309,0.43642,1.00309,1.0,2.29845,0.00309,1.29845,0.0,-0.829149,0.003085,2011724,877924,877924,8e-05,20000,8728,8728,5.194296,2.259916,2.2668984,2.259916,0,0.4364,策略间质量恒定（同一 survivor → 同一 artifact → 同一答案）
ecom|s50|r1|OVERLAP|w4|WORKLOAD,ecom,50,1,OVERLAP,4,WORKLOAD,10000,4,0.4385,4385,0.4385,0.0,56.79,56.86,9.73136,4.254398,4.26843,4.254398,4.254398,4.254398,1.0033,0.43863,1.0033,1.0,2.28736,0.0033,1.28736,0.0,-0.824108,0.003293,3727256,1635002,1635002,8e-05,40000,17540,17540,9.73136,4.254398,4.26843,4.254398,0,0.4385,策略间质量恒定（同一 survivor → 同一 artifact → 同一答案）
ecom|s50|r1|OVERLAP|w4|CAP_10PCT,ecom,50,1,OVERLAP,4,CAP_10PCT,10000,4,0.4385,4385,0.4385,0.0,56.79,56.86,9.73136,4.254398,4.26843,4.254398,4.254398,4.254398,1.0033,0.43863,1.0033,1.0,2.28736,0.0033,1.28736,0.0,-0.824108,0.003293,3727256,1635002,1635002,8e-05,40000,17540,17540,9.73136,4.254398,4.26843,4.254398,13540,0.1,策略间质量恒定（同一 survivor → 同一 artifact → 同一答案）
ecom|s50|r1|OVERLAP|w4|CELL,ecom,50,1,OVERLAP,4,CELL,10000,4,0.4385,4385,0.4385,0.0,56.79,56.86,9.73136,4.254398,4.26843,4.254398,4.254398,4.254398,1.0033,0.43863,1.0033,1.0,2.28736,0.0033,1.28736,0.0,-0.824108,0.003293,3727256,1635002,1635002,8e-05,40000,17540,17540,9.73136,4.254398,4.26843,4.254398,0,0.4385,策略间质量恒定（同一 survivor → 同一 artifact → 同一答案）
ecom|s50|r1|NESTED|w1|WORKLOAD,ecom,50,1,NESTED,1,WORKLOAD,10000,1,0.4952,4952,0.4952,0.0,56.79,56.78,2.595764,1.28179,1.285752,1.28179,1.28179,1.28179,1.00309,0.49533,1.00309,1.0,2.02511,0.00309,1.02511,0.0,-0.702537,0.003086,1058958,524557,524557,8e-05,10000,4952,4952,2.595764,1.28179,1.2857516,1.28179,0,0.4952,策略间质量恒定（同一 survivor → 同一 artifact → 同一答案）
ecom|s50|r1|NESTED|w1|CAP_10PCT,ecom,50,1,NESTED,1,CAP_10PCT,10000,1,0.4952,4952,0.4952,0.0,56.79,56.78,2.595764,1.28179,1.285752,1.28179,1.28179,1.28179,1.00309,0.49533,1.00309,1.0,2.02511,0.00309,1.02511,0.0,-0.702537,0.003086,1058958,524557,524557,8e-05,10000,4952,4952,2.595764,1.28179,1.2857516,1.28179,3952,0.1,策略间质量恒定（同一 survivor → 同一 artifact → 同一答案）
ecom|s50|r1|NESTED|w1|CELL,ecom,50,1,NESTED,1,CELL,10000,1,0.4952,4952,0.4952,0.0,56.79,56.78,2.595764,1.28179,1.285752,1.28179,1.28179,1.28179,1.00309,0.49533,1.00309,1.0,2.02511,0.00309,1.02511,0.0,-0.702537,0.003086,1058958,524557,524557,8e-05,10000,4952,4952,2.595764,1.28179,1.2857516,1.28179,0,0.4952,策略间质量恒定（同一 survivor → 同一 artifact → 同一答案）
ecom|s50|r1|NESTED|w2|WORKLOAD,ecom,50,1,NESTED,2,WORKLOAD,10000,2,0.4952,4952,0.4952,0.0,56.79,56.78,5.194296,2.56496,2.572883,2.56496,2.56496,2.56496,1.00309,0.49533,1.00309,1.0,2.0251,0.00309,1.0251,0.0,-0.702534,0.003084,2011724,996536,996536,8e-05,20000,9904,9904,5.194296,2.56496,2.5728832,2.56496,0,0.4952,策略间质量恒定（同一 survivor → 同一 artifact → 同一答案）
ecom|s50|r1|NESTED|w2|CAP_10PCT,ecom,50,1,NESTED,2,CAP_10PCT,10000,2,0.4952,4952,0.4952,0.0,56.79,56.78,5.194296,2.56496,2.572883,2.56496,2.56496,2.56496,1.00309,0.49533,1.00309,1.0,2.0251,0.00309,1.0251,0.0,-0.702534,0.003084,2011724,996536,996536,8e-05,20000,9904,9904,5.194296,2.56496,2.5728832,2.56496,7904,0.1,策略间质量恒定（同一 survivor → 同一 artifact → 同一答案）
ecom|s50|r1|NESTED|w2|CELL,ecom,50,1,NESTED,2,CELL,10000,2,0.4952,4952,0.4952,0.0,56.79,56.78,5.194296,2.56496,2.572883,2.56496,2.56496,2.56496,1.00309,0.49533,1.00309,1.0,2.0251,0.00309,1.0251,0.0,-0.702534,0.003084,2011724,996536,996536,8e-05,20000,9904,9904,5.194296,2.56496,2.5728832,2.56496,0,0.4952,策略间质量恒定（同一 survivor → 同一 artifact → 同一答案）
ecom|s50|r1|NESTED|w4|WORKLOAD,ecom,50,1,NESTED,4,WORKLOAD,10000,4,0.4952,4952,0.4952,0.0,56.79,56.78,9.73136,4.804468,4.820314,4.804468,4.804468,4.804468,1.0033,0.49534,1.0033,1.0,2.02548,0.0033,1.02548,0.0,-0.702515,0.003293,3727256,1846406,1846406,8e-05,40000,19808,19808,9.73136,4.804468,4.8203144,4.804468,0,0.4952,策略间质量恒定（同一 survivor → 同一 artifact → 同一答案）
ecom|s50|r1|NESTED|w4|CAP_10PCT,ecom,50,1,NESTED,4,CAP_10PCT,10000,4,0.4952,4952,0.4952,0.0,56.79,56.78,9.73136,4.804468,4.820314,4.804468,4.804468,4.804468,1.0033,0.49534,1.0033,1.0,2.02548,0.0033,1.02548,0.0,-0.702515,0.003293,3727256,1846406,1846406,8e-05,40000,19808,19808,9.73136,4.804468,4.8203144,4.804468,15808,0.1,策略间质量恒定（同一 survivor → 同一 artifact → 同一答案）
ecom|s50|r1|NESTED|w4|CELL,ecom,50,1,NESTED,4,CELL,10000,4,0.4952,4952,0.4952,0.0,56.79,56.78,9.73136,4.804468,4.820314,4.804468,4.804468,4.804468,1.0033,0.49534,1.0033,1.0,2.02548,0.0033,1.02548,0.0,-0.702515,0.003293,3727256,1846406,1846406,8e-05,40000,19808,19808,9.73136,4.804468,4.8203144,4.804468,0,0.4952,策略间质量恒定（同一 survivor → 同一 artifact → 同一答案）
ecom|s50|r10|DISJOINT|w1|WORKLOAD,ecom,50,10,DISJOINT,1,WORKLOAD,10000,1,0.50024,9991,0.9991,2.257436,56.79,56.83,2.596484,12.946516,2.594214,3.882282,3.882282,2.594214,0.20038,0.99913,1.0,4.99053,1.00087,0.0,0.00087,3.99053,-0.000875,-1.607543,1058958,5297792,1058033,0.0008,10000,50024,9991,0.2596484,1.2946516,0.25942143,0.25942143,0,0.9991,策略间质量恒定（同一 survivor → 同一 artifact → 同一答案）
ecom|s50|r10|DISJOINT|w1|CAP_10PCT,ecom,50,10,DISJOINT,1,CAP_10PCT,10000,1,0.50024,9991,0.9991,2.257436,56.79,56.83,2.596484,12.946516,12.986535,12.982549,20.743986,2.594214,1.00309,5.00158,5.00596,4.99053,1.00087,4.00596,0.00087,3.99053,1.609755,0.003086,1058958,5297792,5297792,0.0008,10000,50024,50024,0.2596484,1.2946516,1.29865352,0.25942143,49024,0.1,策略间质量恒定（同一 survivor → 同一 artifact → 同一答案）
ecom|s50|r10|DISJOINT|w1|CELL,ecom,50,10,DISJOINT,1,CELL,10000,1,0.50024,9991,0.9991,2.257436,56.79,56.83,2.596484,12.946516,12.986535,12.982549,20.743986,2.594214,1.00309,5.00158,5.00596,4.99053,1.00087,4.00596,0.00087,3.99053,1.609755,0.003086,1058958,5297792,5297792,0.0008,10000,50024,50024,0.2596484,1.2946516,1.29865352,0.25942143,0,0.5069,策略间质量恒定（同一 survivor → 同一 artifact → 同一答案）
ecom|s50|r10|DISJOINT|w2|WORKLOAD,ecom,50,10,DISJOINT,2,WORKLOAD,10000,2,0.50105,9988,0.9988,2.254406,56.79,56.92,5.195016,25.949535,5.188781,7.747748,7.747748,5.188781,0.19996,0.9988,1.0,5.00109,1.0012,0.0,0.0012,4.00109,-0.001201,-1.609655,2011724,10081069,2009306,0.0008,20000,100210,19976,0.5195016,2.5949535,0.51887808,0.51887808,0,0.9988,策略间质量恒定（同一 survivor → 同一 artifact → 同一答案）
ecom|s50|r10|DISJOINT|w2|CAP_10PCT,ecom,50,10,DISJOINT,2,CAP_10PCT,10000,2,0.50105,9988,0.9988,2.254406,56.79,56.92,5.195016,25.949535,26.029703,26.021788,41.567455,5.188781,1.00309,5.01051,5.01654,5.00109,1.0012,4.01654,0.0012,4.00109,1.611539,0.003085,2011724,10081069,10081069,0.0008,20000,100210,100210,0.5195016,2.5949535,2.6029703,0.51887808,98210,0.1,策略间质量恒定（同一 survivor → 同一 artifact → 同一答案）
ecom|s50|r10|DISJOINT|w2|CELL,ecom,50,10,DISJOINT,2,CELL,10000,2,0.50105,9988,0.9988,2.254406,56.79,56.92,5.195016,25.949535,26.029703,26.021788,41.567455,5.188781,1.00309,5.01051,5.01654,5.00109,1.0012,4.01654,0.0012,4.00109,1.611539,0.003085,2011724,10081069,10081069,0.0008,20000,100210,100210,0.5195016,2.5949535,2.6029703,0.51887808,0,0.4938,策略间质量恒定（同一 survivor → 同一 artifact → 同一答案）
ecom|s50|r10|DISJOINT|w4|WORKLOAD,ecom,50,10,DISJOINT,4,WORKLOAD,10000,4,0.50014,9989,0.9989,2.253649,56.79,56.74,9.73208,48.516588,9.721327,14.423962,14.423962,9.721327,0.20037,0.9989,1.0,4.99074,1.00111,0.0,0.00111,3.99074,-0.001106,-1.607584,3727256,18644600,3723140,0.0008,40000,200056,39956,0.973208,4.8516588,0.97213268,0.97213268,0,0.9989,策略间质量恒定（同一 survivor → 同一 artifact → 同一答案）
ecom|s50|r10|DISJOINT|w4|CAP_10PCT,ecom,50,10,DISJOINT,4,CAP_10PCT,10000,4,0.50014,9989,0.9989,2.253649,56.79,56.74,9.73208,48.516588,48.676633,48.661084,77.596679,9.721327,1.0033,5.00167,5.0072,4.99074,1.00111,4.0072,0.00111,3.99074,1.609771,0.003293,3727256,18644600,18644600,0.0008,40000,200056,200056,0.973208,4.8516588,4.86766328,0.97213268,196056,0.1,策略间质量恒定（同一 survivor → 同一 artifact → 同一答案）
ecom|s50|r10|DISJOINT|w4|CELL,ecom,50,10,DISJOINT,4,CELL,10000,4,0.50014,9989,0.9989,2.253649,56.79,56.74,9.73208,48.516588,48.676633,48.661084,77.596679,9.721327,1.0033,5.00167,5.0072,4.99074,1.00111,4.0072,0.00111,3.99074,1.609771,0.003293,3727256,18644600,18644600,0.0008,40000,200056,200056,0.973208,4.8516588,4.86766328,0.97213268,0,0.5067,策略间质量恒定（同一 survivor → 同一 artifact → 同一答案）
ecom|s50|r10|OVERLAP|w1|WORKLOAD,ecom,50,10,OVERLAP,1,WORKLOAD,10000,1,0.44014,9613,0.9613,3.055005,56.79,56.92,2.596484,11.388601,2.496105,3.60259,3.60259,2.496105,0.21918,0.96134,1.0,4.56255,1.04021,0.0,0.04021,3.56255,-0.039427,-1.517881,1058958,4661177,1018048,0.0008,10000,44014,9613,0.2596484,1.1388601,0.24961049,0.24961049,0,0.9613,策略间质量恒定（同一 survivor → 同一 artifact → 同一答案）
ecom|s50|r10|OVERLAP|w1|CAP_10PCT,ecom,50,10,OVERLAP,1,CAP_10PCT,10000,1,0.44014,9613,0.9613,3.055005,56.79,56.92,2.596484,11.388601,11.423812,11.420269,20.132808,2.496105,1.00309,4.39972,4.57666,4.56255,1.04021,3.57666,0.04021,3.56255,1.481542,0.003087,1058958,4661177,4661177,0.0008,10000,44014,44014,0.2596484,1.1388601,1.14238122,0.24961049,43014,0.1,策略间质量恒定（同一 survivor → 同一 artifact → 同一答案）
ecom|s50|r10|OVERLAP|w1|CELL,ecom,50,10,OVERLAP,1,CELL,10000,1,0.44014,9613,0.9613,3.055005,56.79,56.92,2.596484,11.388601,11.423812,11.420269,20.132808,2.496105,1.00309,4.39972,4.57666,4.56255,1.04021,3.57666,0.04021,3.56255,1.481542,0.003087,1058958,4661177,4661177,0.0008,10000,44014,44014,0.2596484,1.1388601,1.14238122,0.24961049,0,0.4433,策略间质量恒定（同一 survivor → 同一 artifact → 同一答案）
ecom|s50|r10|OVERLAP|w2|WORKLOAD,ecom,50,10,OVERLAP,2,WORKLOAD,10000,2,0.43829,9563,0.9563,3.059185,56.79,56.74,5.195016,22.696471,4.968098,7.147437,7.147437,4.968098,0.21889,0.95632,1.0,4.56844,1.04568,0.0,0.04568,3.56844,-0.044663,-1.519172,2011724,8817791,1923847,0.0008,20000,87658,19126,0.5195016,2.2696471,0.49680978,0.49680978,0,0.9563,策略间质量恒定（同一 survivor → 同一 artifact → 同一答案）
ecom|s50|r10|OVERLAP|w2|CAP_10PCT,ecom,50,10,OVERLAP,2,CAP_10PCT,10000,2,0.43829,9563,0.9563,3.059185,56.79,56.74,5.195016,22.696471,22.766597,22.759615,40.253471,4.968098,1.00309,4.38239,4.58256,4.56844,1.04568,3.58256,0.04568,3.56844,1.477595,0.003085,2011724,8817791,8817791,0.0008,20000,87658,87658,0.5195016,2.2696471,2.27665974,0.49680978,85658,0.1,策略间质量恒定（同一 survivor → 同一 artifact → 同一答案）
ecom|s50|r10|OVERLAP|w2|CELL,ecom,50,10,OVERLAP,2,CELL,10000,2,0.43829,9563,0.9563,3.059185,56.79,56.74,5.195016,22.696471,22.766597,22.759615,40.253471,4.968098,1.00309,4.38239,4.58256,4.56844,1.04568,3.58256,0.04568,3.56844,1.477595,0.003085,2011724,8817791,8817791,0.0008,20000,87658,87658,0.5195016,2.2696471,2.27665974,0.49680978,0,0.4391,策略间质量恒定（同一 survivor → 同一 artifact → 同一答案）
ecom|s50|r10|OVERLAP|w4|WORKLOAD,ecom,50,10,OVERLAP,4,WORKLOAD,10000,4,0.43782,9573,0.9573,3.060733,56.79,56.86,9.73208,42.468908,9.316444,13.440878,13.440878,9.316444,0.21937,0.95729,1.0,4.55849,1.04461,0.0,0.04461,3.55849,-0.043647,-1.516991,3727256,16320496,3567972,0.0008,40000,175128,38292,0.973208,4.2468908,0.93164436,0.93164436,0,0.9573,策略间质量恒定（同一 survivor → 同一 artifact → 同一答案）
ecom|s50|r10|OVERLAP|w4|CAP_10PCT,ecom,50,10,OVERLAP,4,CAP_10PCT,10000,4,0.43782,9573,0.9573,3.060733,56.79,56.86,9.73208,42.468908,42.60901,42.594978,75.409125,9.316444,1.0033,4.3782,4.57353,4.55849,1.04461,3.57353,0.04461,3.55849,1.476638,0.003294,3727256,16320496,16320496,0.0008,40000,175128,175128,0.973208,4.2468908,4.26090104,0.93164436,171128,0.1,策略间质量恒定（同一 survivor → 同一 artifact → 同一答案）
ecom|s50|r10|OVERLAP|w4|CELL,ecom,50,10,OVERLAP,4,CELL,10000,4,0.43782,9573,0.9573,3.060733,56.79,56.86,9.73208,42.468908,42.60901,42.594978,75.409125,9.316444,1.0033,4.3782,4.57353,4.55849,1.04461,3.57353,0.04461,3.55849,1.476638,0.003294,3727256,16320496,16320496,0.0008,40000,175128,175128,0.973208,4.2468908,4.26090104,0.93164436,0,0.4378,策略间质量恒定（同一 survivor → 同一 artifact → 同一答案）
ecom|s50|r10|NESTED|w1|WORKLOAD,ecom,50,10,NESTED,1,WORKLOAD,10000,1,0.49939,9073,0.9073,3.011013,56.79,56.77,2.596484,12.922465,2.355751,2.595278,2.595278,2.355751,0.1823,0.90728,1.0,5.4855,1.10219,0.0,0.10219,4.4855,-0.097299,-1.702108,1058958,5288256,960686,0.0008,10000,49939,9073,0.2596484,1.29224655,0.23557509,0.23557509,0,0.9073,策略间质量恒定（同一 survivor → 同一 artifact → 同一答案）
ecom|s50|r10|NESTED|w1|CAP_10PCT,ecom,50,10,NESTED,1,CAP_10PCT,10000,1,0.49939,9073,0.9073,3.011013,56.79,56.77,2.596484,12.922465,12.941266,12.961676,15.352495,2.355751,1.00145,4.98415,5.49348,5.4855,1.10219,4.49348,0.10219,4.4855,1.606263,0.001454,1058958,5288256,5279630,0.0008,10000,49939,49857,0.2596484,1.29224655,1.29412661,0.23557509,48857,0.1,策略间质量恒定（同一 survivor → 同一 artifact → 同一答案）
ecom|s50|r10|NESTED|w1|CELL,ecom,50,10,NESTED,1,CELL,10000,1,0.49939,9073,0.9073,3.011013,56.79,56.77,2.596484,12.922465,12.962417,12.961676,15.352495,2.355751,1.00309,4.9923,5.50246,5.4855,1.10219,4.50246,0.10219,4.4855,1.607896,0.003087,1058958,5288256,5288256,0.0008,10000,49939,49939,0.2596484,1.29224655,1.29624167,0.23557509,0,0.9073,策略间质量恒定（同一 survivor → 同一 artifact → 同一答案）
ecom|s50|r10|NESTED|w2|WORKLOAD,ecom,50,10,NESTED,2,WORKLOAD,10000,2,0.49939,9073,0.9073,3.011013,56.79,56.77,5.195016,25.859585,4.713136,5.192606,5.192606,4.713136,0.18226,0.90724,1.0,5.4867,1.10224,0.0,0.10224,4.4867,-0.097346,-1.702328,2011724,10046405,1824999,0.0008,20000,99878,18146,0.5195016,2.5859585,0.47131358,0.47131358,0,0.9073,策略间质量恒定（同一 survivor → 同一 artifact → 同一答案）
ecom|s50|r10|NESTED|w2|CAP_10PCT,ecom,50,10,NESTED,2,CAP_10PCT,10000,2,0.49939,9073,0.9073,3.011013,56.79,56.77,5.195016,25.859585,25.900088,25.938006,30.722044,4.713136,1.00157,4.98556,5.4953,5.4867,1.10224,4.4953,0.10224,4.4867,1.606547,0.001565,2011724,10046405,10030316,0.0008,20000,99878,99726,0.5195016,2.5859585,2.59000878,0.47131358,97726,0.1,策略间质量恒定（同一 survivor → 同一 artifact → 同一答案）
ecom|s50|r10|NESTED|w2|CELL,ecom,50,10,NESTED,2,CELL,10000,2,0.49939,9073,0.9073,3.011013,56.79,56.77,5.195016,25.859585,25.939487,25.938006,30.722044,4.713136,1.00309,4.99315,5.50366,5.4867,1.10224,4.50366,0.10224,4.4867,1.608067,0.003085,2011724,10046405,10046405,0.0008,20000,99878,99878,0.5195016,2.5859585,2.59394874,0.47131358,0,0.9073,策略间质量恒定（同一 survivor → 同一 artifact → 同一答案）
ecom|s50|r10|NESTED|w4|WORKLOAD,ecom,50,10,NESTED,4,WORKLOAD,10000,4,0.49939,9073,0.9073,3.011013,56.79,56.77,9.73208,48.43785,8.829088,9.727328,9.727328,8.829088,0.18228,0.90721,1.0,5.48617,1.10227,0.0,0.10227,4.48617,-0.097376,-1.70223,3727256,18613862,3381238,0.0008,40000,199756,36292,0.973208,4.843785,0.88290876,0.88290876,0,0.9073,策略间质量恒定（同一 survivor → 同一 artifact → 同一答案）
ecom|s50|r10|NESTED|w4|CAP_10PCT,ecom,50,10,NESTED,4,CAP_10PCT,10000,4,0.49939,9073,0.9073,3.011013,56.79,56.77,9.73208,48.43785,48.525633,48.594692,57.557308,8.829088,1.00181,4.98615,5.49611,5.48617,1.10227,4.49611,0.10227,4.48617,1.606665,0.001811,3727256,18613862,18584452,0.0008,40000,199756,199478,0.973208,4.843785,4.85256334,0.88290876,195478,0.1,策略间质量恒定（同一 survivor → 同一 artifact → 同一答案）
ecom|s50|r10|NESTED|w4|CELL,ecom,50,10,NESTED,4,CELL,10000,4,0.49939,9073,0.9073,3.011013,56.79,56.77,9.73208,48.43785,48.597655,48.594692,57.557308,8.829088,1.0033,4.99355,5.50427,5.48617,1.10227,4.50427,0.10227,4.48617,1.608148,0.003294,3727256,18613862,18613862,0.0008,40000,199756,199756,0.973208,4.843785,4.85976548,0.88290876,0,0.9073,策略间质量恒定（同一 survivor → 同一 artifact → 同一答案）
ecom|s50|r50|DISJOINT|w1|WORKLOAD,ecom,50,50,DISJOINT,1,WORKLOAD,10000,1,0.49945,10000,1.0,12.236951,56.79,56.83,2.599684,64.632372,2.599684,3.889325,3.889325,2.599684,0.04022,1.0,1.0,24.86163,1.0,0.0,0.0,23.86163,0.0,-3.213325,1058958,26448167,1058958,0.004,10000,249723,10000,0.05199368,1.29264743,0.05199368,0.05199368,0,1.0,策略间质量恒定（同一 survivor → 同一 artifact → 同一答案）
ecom|s50|r50|DISJOINT|w1|CAP_10PCT,ecom,50,50,DISJOINT,1,CAP_10PCT,10000,1,0.49945,10000,1.0,12.236951,56.79,56.83,2.599684,64.632372,64.83215,64.828164,124.574546,2.599684,1.00309,24.93847,24.93847,24.86163,1.0,23.93847,0.0,23.86163,3.216412,0.003086,1058958,26448167,26448167,0.004,10000,249723,249723,0.05199368,1.29264743,1.296643,0.05199368,248723,0.1,策略间质量恒定（同一 survivor → 同一 artifact → 同一答案）
ecom|s50|r50|DISJOINT|w1|CELL,ecom,50,50,DISJOINT,1,CELL,10000,1,0.49945,10000,1.0,12.236951,56.79,56.83,2.599684,64.632372,64.83215,64.828164,124.574546,2.599684,1.00309,24.93847,24.93847,24.86163,1.0,23.93847,0.0,23.86163,3.216412,0.003086,1058958,26448167,26448167,0.004,10000,249723,249723,0.05199368,1.29264743,1.296643,0.05199368,0,0.4974,策略间质量恒定（同一 survivor → 同一 artifact → 同一答案）
ecom|s50|r50|DISJOINT|w2|WORKLOAD,ecom,50,50,DISJOINT,2,WORKLOAD,10000,2,0.50113,10000,1.0,12.277948,56.79,56.92,5.198216,129.754923,5.198216,7.762361,7.762361,5.198216,0.04006,1.0,1.0,24.96143,1.0,0.0,0.0,23.96143,0.0,-3.217332,2011724,50406673,2011724,0.004,20000,501130,20000,0.10396432,2.59509846,0.10396432,0.10396432,0,1.0,策略间质量恒定（同一 survivor → 同一 artifact → 同一答案）
ecom|s50|r50|DISJOINT|w2|CAP_10PCT,ecom,50,50,DISJOINT,2,CAP_10PCT,10000,2,0.50113,10000,1.0,12.277948,56.79,56.92,5.198216,129.754923,130.155827,130.147912,249.339295,5.198216,1.00309,25.03856,25.03856,24.96143,1.0,24.03856,0.0,23.96143,3.220417,0.003085,2011724,50406673,50406673,0.004,20000,501130,501130,0.10396432,2.59509846,2.60311654,0.10396432,499130,0.1,策略间质量恒定（同一 survivor → 同一 artifact → 同一答案）
ecom|s50|r50|DISJOINT|w2|CELL,ecom,50,50,DISJOINT,2,CELL,10000,2,0.50113,10000,1.0,12.277948,56.79,56.92,5.198216,129.754923,130.155827,130.147912,249.339295,5.198216,1.00309,25.03856,25.03856,24.96143,1.0,24.03856,0.0,23.96143,3.220417,0.003085,2011724,50406673,50406673,0.004,20000,501130,501130,0.10396432,2.59509846,2.60311654,0.10396432,0,0.4951,策略间质量恒定（同一 survivor → 同一 artifact → 同一答案）
ecom|s50|r50|DISJOINT|w4|WORKLOAD,ecom,50,50,DISJOINT,4,WORKLOAD,10000,4,0.49979,10000,1.0,12.240478,56.79,56.74,9.73528,242.405384,9.73528,14.446698,14.446698,9.73528,0.04016,1.0,1.0,24.89968,1.0,0.0,0.0,23.89968,0.0,-3.214855,3727256,93152490,3727256,0.004,40000,999576,40000,0.1947056,4.84810768,0.1947056,0.1947056,0,1.0,策略间质量恒定（同一 survivor → 同一 artifact → 同一答案）
ecom|s50|r50|DISJOINT|w4|CAP_10PCT,ecom,50,50,DISJOINT,4,CAP_10PCT,10000,4,0.49979,10000,1.0,12.240478,56.79,56.74,9.73528,242.405384,243.205045,243.189496,466.851079,9.73528,1.0033,24.98182,24.98182,24.89968,1.0,23.98182,0.0,23.89968,3.218148,0.003293,3727256,93152490,93152490,0.004,40000,999576,999576,0.1947056,4.84810768,4.8641009,0.1947056,995576,0.1,策略间质量恒定（同一 survivor → 同一 artifact → 同一答案）
ecom|s50|r50|DISJOINT|w4|CELL,ecom,50,50,DISJOINT,4,CELL,10000,4,0.49979,10000,1.0,12.240478,56.79,56.74,9.73528,242.405384,243.205045,243.189496,466.851079,9.73528,1.0033,24.98182,24.98182,24.89968,1.0,23.98182,0.0,23.89968,3.218148,0.003293,3727256,93152490,93152490,0.004,40000,999576,999576,0.1947056,4.84810768,4.8641009,0.1947056,0,0.4916,策略间质量恒定（同一 survivor → 同一 artifact → 同一答案）
ecom|s50|r50|OVERLAP|w1|WORKLOAD,ecom,50,50,OVERLAP,1,WORKLOAD,10000,1,0.43798,10000,1.0,16.655181,56.79,56.92,2.599684,56.664829,2.599684,3.745776,3.745776,2.599684,0.04588,1.0,1.0,21.79681,1.0,0.0,0.0,20.79681,0.0,-3.081764,1058958,23190543,1058958,0.004,10000,218990,10000,0.05199368,1.13329658,0.05199368,0.05199368,0,1.0,策略间质量恒定（同一 survivor → 同一 artifact → 同一答案）
ecom|s50|r50|OVERLAP|w1|CAP_10PCT,ecom,50,50,OVERLAP,1,CAP_10PCT,10000,1,0.43798,10000,1.0,16.655181,56.79,56.92,2.599684,56.664829,56.840021,56.836478,123.963368,2.599684,1.00309,21.8642,21.8642,21.79681,1.0,20.8642,0.0,20.79681,3.084851,0.003087,1058958,23190543,23190543,0.004,10000,218990,218990,0.05199368,1.13329658,1.13680042,0.05199368,217990,0.1,策略间质量恒定（同一 survivor → 同一 artifact → 同一答案）
ecom|s50|r50|OVERLAP|w1|CELL,ecom,50,50,OVERLAP,1,CELL,10000,1,0.43798,10000,1.0,16.655181,56.79,56.92,2.599684,56.664829,56.840021,56.836478,123.963368,2.599684,1.00309,21.8642,21.8642,21.79681,1.0,20.8642,0.0,20.79681,3.084851,0.003087,1058958,23190543,23190543,0.004,10000,218990,218990,0.05199368,1.13329658,1.13680042,0.05199368,0,0.4405,策略间质量恒定（同一 survivor → 同一 artifact → 同一答案）
ecom|s50|r50|OVERLAP|w2|WORKLOAD,ecom,50,50,OVERLAP,2,WORKLOAD,10000,2,0.43893,10000,1.0,16.649528,56.79,56.74,5.198216,113.651273,5.198216,7.458052,7.458052,5.198216,0.04574,1.0,1.0,21.86351,1.0,0.0,0.0,20.86351,0.0,-3.084819,2011724,44155473,2011724,0.004,20000,438934,20000,0.10396432,2.27302546,0.10396432,0.10396432,0,1.0,策略间质量恒定（同一 survivor → 同一 artifact → 同一答案）
ecom|s50|r50|OVERLAP|w2|CAP_10PCT,ecom,50,50,OVERLAP,2,CAP_10PCT,10000,2,0.43893,10000,1.0,16.649528,56.79,56.74,5.198216,113.651273,114.00242,113.995438,248.025311,5.198216,1.00309,21.93107,21.93107,21.86351,1.0,20.93107,0.0,20.86351,3.087904,0.003085,2011724,44155473,44155473,0.004,20000,438934,438934,0.10396432,2.27302546,2.2800484,0.10396432,436934,0.1,策略间质量恒定（同一 survivor → 同一 artifact → 同一答案）
ecom|s50|r50|OVERLAP|w2|CELL,ecom,50,50,OVERLAP,2,CELL,10000,2,0.43893,10000,1.0,16.649528,56.79,56.74,5.198216,113.651273,114.00242,113.995438,248.025311,5.198216,1.00309,21.93107,21.93107,21.86351,1.0,20.93107,0.0,20.86351,3.087904,0.003085,2011724,44155473,44155473,0.004,20000,438934,438934,0.10396432,2.27302546,2.2800484,0.10396432,0,0.4345,策略间质量恒定（同一 survivor → 同一 artifact → 同一答案）
ecom|s50|r50|OVERLAP|w4|WORKLOAD,ecom,50,50,OVERLAP,4,WORKLOAD,10000,4,0.43901,10000,1.0,16.645961,56.79,56.86,9.73528,212.909828,9.73528,13.989598,13.989598,9.73528,0.04572,1.0,1.0,21.86992,1.0,0.0,0.0,20.86992,0.0,-3.085112,3727256,81819110,3727256,0.004,40000,878016,40000,0.1947056,4.25819656,0.1947056,0.1947056,0,1.0,策略间质量恒定（同一 survivor → 同一 artifact → 同一答案）
ecom|s50|r50|OVERLAP|w4|CAP_10PCT,ecom,50,50,OVERLAP,4,CAP_10PCT,10000,4,0.43901,10000,1.0,16.645961,56.79,56.86,9.73528,212.909828,213.612241,213.598209,464.663525,9.73528,1.0033,21.94207,21.94207,21.86992,1.0,20.94207,0.0,20.86992,3.088406,0.003294,3727256,81819110,81819110,0.004,40000,878016,878016,0.1947056,4.25819656,4.27224482,0.1947056,874016,0.1,策略间质量恒定（同一 survivor → 同一 artifact → 同一答案）
ecom|s50|r50|OVERLAP|w4|CELL,ecom,50,50,OVERLAP,4,CELL,10000,4,0.43901,10000,1.0,16.645961,56.79,56.86,9.73528,212.909828,213.612241,213.598209,464.663525,9.73528,1.0033,21.94207,21.94207,21.86992,1.0,20.94207,0.0,20.86992,3.088406,0.003294,3727256,81819110,81819110,0.004,40000,878016,878016,0.1947056,4.25819656,4.27224482,0.1947056,0,0.4338,策略间质量恒定（同一 survivor → 同一 artifact → 同一答案）
ecom|s50|r50|NESTED|w1|WORKLOAD,ecom,50,50,NESTED,1,WORKLOAD,10000,1,0.49976,9806,0.9806,16.388124,56.79,56.37,2.599684,64.662502,2.54926,2.604128,2.654552,2.54926,0.03942,0.9806,1.0,25.36521,1.01978,0.0,0.01978,24.36521,-0.019587,-3.233378,1058958,26461913,1038368,0.004,10000,249879,9806,0.05199368,1.29325003,0.0509852,0.0509852,0,0.9806,策略间质量恒定（同一 survivor → 同一 artifact → 同一答案）
ecom|s50|r50|NESTED|w1|CAP_10PCT,ecom,50,50,NESTED,1,CAP_10PCT,10000,1,0.49976,9806,0.9806,16.388124,56.79,56.37,2.599684,64.662502,64.319052,64.37392,102.237314,2.54926,0.99469,24.7411,25.23048,25.36521,1.01978,24.23048,0.01978,24.36521,3.208466,-0.005326,1058958,26461913,26240198,0.004,10000,249879,247785,0.05199368,1.29325003,1.28638105,0.0509852,246785,0.1,策略间质量恒定（同一 survivor → 同一 artifact → 同一答案）
ecom|s50|r50|NESTED|w1|CELL,ecom,50,50,NESTED,1,CELL,10000,1,0.49976,9806,0.9806,16.388124,56.79,56.37,2.599684,64.662502,64.862405,64.862235,102.725628,2.54926,1.00309,24.95011,25.44362,25.36521,1.01978,24.44362,0.01978,24.36521,3.216878,0.003087,1058958,26461913,26461913,0.004,10000,249879,249879,0.05199368,1.29325003,1.29724809,0.0509852,0,0.9806,策略间质量恒定（同一 survivor → 同一 artifact → 同一答案）
ecom|s50|r50|NESTED|w2|WORKLOAD,ecom,50,50,NESTED,2,WORKLOAD,10000,2,0.49976,9806,0.9806,16.388124,56.79,56.37,5.198216,129.397929,5.097276,5.207044,5.307984,5.097276,0.03939,0.98058,1.0,25.3857,1.0198,0.0,0.0198,24.3857,-0.019609,-3.234186,2011724,50271271,1972598,0.004,20000,499758,19612,0.10396432,2.58795858,0.10194551,0.10194551,0,0.9806,策略间质量恒定（同一 survivor → 同一 artifact → 同一答案）
ecom|s50|r50|NESTED|w2|CAP_10PCT,ecom,50,50,NESTED,2,CAP_10PCT,10000,2,0.49976,9806,0.9806,16.388124,56.79,56.37,5.198216,129.397929,128.719101,128.828869,204.593441,5.097276,0.99475,24.76217,25.25253,25.3857,1.0198,24.25253,0.0198,24.3857,3.209317,-0.00526,2011724,50271271,49853050,0.004,20000,499758,495604,0.10396432,2.58795858,2.57438202,0.10194551,493604,0.1,策略间质量恒定（同一 survivor → 同一 artifact → 同一答案）
ecom|s50|r50|NESTED|w2|CELL,ecom,50,50,NESTED,2,CELL,10000,2,0.49976,9806,0.9806,16.388124,56.79,56.37,5.198216,129.397929,129.797735,129.797396,205.561968,5.097276,1.00309,24.96967,25.46414,25.3857,1.0198,24.46414,0.0198,24.3857,3.217662,0.003085,2011724,50271271,50271271,0.004,20000,499758,499758,0.10396432,2.58795858,2.59595471,0.10194551,0,0.9806,策略间质量恒定（同一 survivor → 同一 artifact → 同一答案）
ecom|s50|r50|NESTED|w4|WORKLOAD,ecom,50,50,NESTED,4,WORKLOAD,10000,4,0.49976,9806,0.9806,16.388124,56.79,56.37,9.73528,242.37677,9.546111,9.751687,9.940856,9.546111,0.03939,0.98057,1.0,25.39011,1.01982,0.0,0.01982,24.39011,-0.019623,-3.23436,3727256,93142286,3654744,0.004,40000,999516,39224,0.1947056,4.8475354,0.19092222,0.19092222,0,0.9806,策略间质量恒定（同一 survivor → 同一 artifact → 同一答案）
ecom|s50|r50|NESTED|w4|CAP_10PCT,ecom,50,50,NESTED,4,CAP_10PCT,10000,4,0.49976,9806,0.9806,16.388124,56.79,56.37,9.73528,242.37677,241.157011,241.362586,383.302295,9.546111,0.99497,24.77145,25.26233,25.39011,1.01982,24.26233,0.01982,24.39011,3.209692,-0.005045,3727256,93142286,92367849,0.004,40000,999516,991225,0.1947056,4.8475354,4.82314021,0.19092222,987225,0.1,策略间质量恒定（同一 survivor → 同一 artifact → 同一答案）
ecom|s50|r50|NESTED|w4|CELL,ecom,50,50,NESTED,4,CELL,10000,4,0.49976,9806,0.9806,16.388124,56.79,56.37,9.73528,242.37677,243.176383,243.175704,385.115413,9.546111,1.0033,24.97888,25.47387,25.39011,1.01982,24.47387,0.01982,24.39011,3.218031,0.003294,3727256,93142286,93142286,0.004,40000,999516,999516,0.1947056,4.8475354,4.86352766,0.19092222,0,0.9806,策略间质量恒定（同一 survivor → 同一 artifact → 同一答案）
ecom|s50|r100|DISJOINT|w1|WORKLOAD,ecom,50,100,DISJOINT,1,WORKLOAD,10000,1,0.49968,10000,1.0,24.729143,56.79,56.83,2.603684,129.314805,2.603684,3.893325,3.893325,2.603684,0.02013,1.0,1.0,49.66609,1.0,0.0,0.0,48.66609,0.0,-3.905322,1058958,52916111,1058958,0.008,10000,499677,10000,0.02603684,1.29314805,0.02603684,0.02603684,0,1.0,策略间质量恒定（同一 survivor → 同一 artifact → 同一答案）
ecom|s50|r100|DISJOINT|w1|CAP_10PCT,ecom,50,100,DISJOINT,1,CAP_10PCT,10000,1,0.49968,10000,1.0,24.729143,56.79,56.83,2.603684,129.314805,129.714546,129.71056,254.362746,2.603684,1.00309,49.81962,49.81962,49.66609,1.0,48.81962,0.0,48.66609,3.908409,0.003086,1058958,52916111,52916111,0.008,10000,499677,499677,0.02603684,1.29314805,1.29714546,0.02603684,498677,0.1,策略间质量恒定（同一 survivor → 同一 artifact → 同一答案）
ecom|s50|r100|DISJOINT|w1|CELL,ecom,50,100,DISJOINT,1,CELL,10000,1,0.49968,10000,1.0,24.729143,56.79,56.83,2.603684,129.314805,129.714546,129.71056,254.362746,2.603684,1.00309,49.81962,49.81962,49.66609,1.0,48.81962,0.0,48.66609,3.908409,0.003086,1058958,52916111,52916111,0.008,10000,499677,499677,0.02603684,1.29314805,1.29714546,0.02603684,0,0.5045,策略间质量恒定（同一 survivor → 同一 artifact → 同一答案）
ecom|s50|r100|DISJOINT|w2|WORKLOAD,ecom,50,100,DISJOINT,2,WORKLOAD,10000,2,0.50005,10000,1.0,24.751338,56.79,56.92,5.202216,258.948195,5.202216,7.766361,7.766361,5.202216,0.02009,1.0,1.0,49.77652,1.0,0.0,0.0,48.77652,0.0,-3.907543,2011724,100597083,2011724,0.008,20000,1000098,20000,0.05202216,2.58948195,0.05202216,0.05202216,0,1.0,策略间质量恒定（同一 survivor → 同一 artifact → 同一答案）
ecom|s50|r100|DISJOINT|w2|CAP_10PCT,ecom,50,100,DISJOINT,2,CAP_10PCT,10000,2,0.50005,10000,1.0,24.751338,56.79,56.92,5.202216,258.948195,259.748273,259.740358,509.054095,5.202216,1.00309,49.93031,49.93031,49.77652,1.0,48.93031,0.0,48.77652,3.910628,0.003085,2011724,100597083,100597083,0.008,20000,1000098,1000098,0.05202216,2.58948195,2.59748273,0.05202216,998098,0.1,策略间质量恒定（同一 survivor → 同一 artifact → 同一答案）
ecom|s50|r100|DISJOINT|w2|CELL,ecom,50,100,DISJOINT,2,CELL,10000,2,0.50005,10000,1.0,24.751338,56.79,56.92,5.202216,258.948195,259.748273,259.740358,509.054095,5.202216,1.00309,49.93031,49.93031,49.77652,1.0,48.93031,0.0,48.77652,3.910628,0.003085,2011724,100597083,100597083,0.008,20000,1000098,1000098,0.05202216,2.58948195,2.59748273,0.05202216,0,0.4973,策略间质量恒定（同一 survivor → 同一 artifact → 同一答案）
ecom|s50|r100|DISJOINT|w4|WORKLOAD,ecom,50,100,DISJOINT,4,WORKLOAD,10000,4,0.50016,10000,1.0,24.754457,56.79,56.74,9.73928,485.146762,9.73928,14.450698,14.450698,9.73928,0.02007,1.0,1.0,49.81341,1.0,0.0,0.0,48.81341,0.0,-3.908284,3727256,186430816,3727256,0.008,40000,2000660,40000,0.0973928,4.85146762,0.0973928,0.0973928,0,1.0,策略间质量恒定（同一 survivor → 同一 artifact → 同一答案）
ecom|s50|r100|DISJOINT|w4|CAP_10PCT,ecom,50,100,DISJOINT,4,CAP_10PCT,10000,4,0.50016,10000,1.0,24.754457,56.79,56.74,9.73928,485.146762,486.74729,486.731741,953.419079,9.73928,1.0033,49.97775,49.97775,49.81341,1.0,48.97775,0.0,48.81341,3.911578,0.003294,3727256,186430816,186430816,0.008,40000,2000660,2000660,0.0973928,4.85146762,4.8674729,0.0973928,1996660,0.1,策略间质量恒定（同一 survivor → 同一 artifact → 同一答案）
ecom|s50|r100|DISJOINT|w4|CELL,ecom,50,100,DISJOINT,4,CELL,10000,4,0.50016,10000,1.0,24.754457,56.79,56.74,9.73928,485.146762,486.74729,486.731741,953.419079,9.73928,1.0033,49.97775,49.97775,49.81341,1.0,48.97775,0.0,48.81341,3.911578,0.003294,3727256,186430816,186430816,0.008,40000,2000660,2000660,0.0973928,4.85146762,4.8674729,0.0973928,0,0.4936,策略间质量恒定（同一 survivor → 同一 artifact → 同一答案）
ecom|s50|r100|OVERLAP|w1|WORKLOAD,ecom,50,100,OVERLAP,1,WORKLOAD,10000,1,0.43778,10000,1.0,33.652364,56.79,56.92,2.603684,113.271405,2.603684,3.749776,3.749776,2.603684,0.02299,1.0,1.0,43.50428,1.0,0.0,0.0,42.50428,0.0,-3.772859,1058958,46356962,1058958,0.008,10000,437777,10000,0.02603684,1.13271405,0.02603684,0.02603684,0,1.0,策略间质量恒定（同一 survivor → 同一 artifact → 同一答案）
ecom|s50|r100|OVERLAP|w1|CAP_10PCT,ecom,50,100,OVERLAP,1,CAP_10PCT,10000,1,0.43778,10000,1.0,33.652364,56.79,56.92,2.603684,113.271405,113.621626,113.618083,253.751568,2.603684,1.00309,43.63879,43.63879,43.50428,1.0,42.63879,0.0,42.50428,3.775946,0.003087,1058958,46356962,46356962,0.008,10000,437777,437777,0.02603684,1.13271405,1.13621626,0.02603684,436777,0.1,策略间质量恒定（同一 survivor → 同一 artifact → 同一答案）
ecom|s50|r100|OVERLAP|w1|CELL,ecom,50,100,OVERLAP,1,CELL,10000,1,0.43778,10000,1.0,33.652364,56.79,56.92,2.603684,113.271405,113.621626,113.618083,253.751568,2.603684,1.00309,43.63879,43.63879,43.50428,1.0,42.63879,0.0,42.50428,3.775946,0.003087,1058958,46356962,46356962,0.008,10000,437777,437777,0.02603684,1.13271405,1.13621626,0.02603684,0,0.4384,策略间质量恒定（同一 survivor → 同一 artifact → 同一答案）
ecom|s50|r100|OVERLAP|w2|WORKLOAD,ecom,50,100,OVERLAP,2,WORKLOAD,10000,2,0.43867,10000,1.0,33.636522,56.79,56.74,5.202216,227.148924,5.202216,7.462052,7.462052,5.202216,0.0229,1.0,1.0,43.66388,1.0,0.0,0.0,42.66388,0.0,-3.776521,2011724,88249664,2011724,0.008,20000,877336,20000,0.05202216,2.27148924,0.05202216,0.05202216,0,1.0,策略间质量恒定（同一 survivor → 同一 artifact → 同一答案）
ecom|s50|r100|OVERLAP|w2|CAP_10PCT,ecom,50,100,OVERLAP,2,CAP_10PCT,10000,2,0.43867,10000,1.0,33.636522,56.79,56.74,5.202216,227.148924,227.850793,227.84381,507.740111,5.202216,1.00309,43.7988,43.7988,43.66388,1.0,42.7988,0.0,42.66388,3.779606,0.003085,2011724,88249664,88249664,0.008,20000,877336,877336,0.05202216,2.27148924,2.27850793,0.05202216,875336,0.1,策略间质量恒定（同一 survivor → 同一 artifact → 同一答案）
ecom|s50|r100|OVERLAP|w2|CELL,ecom,50,100,OVERLAP,2,CELL,10000,2,0.43867,10000,1.0,33.636522,56.79,56.74,5.202216,227.148924,227.850793,227.84381,507.740111,5.202216,1.00309,43.7988,43.7988,43.66388,1.0,42.7988,0.0,42.66388,3.779606,0.003085,2011724,88249664,88249664,0.008,20000,877336,877336,0.05202216,2.27148924,2.27850793,0.05202216,0,0.4386,策略间质量恒定（同一 survivor → 同一 artifact → 同一答案）
ecom|s50|r100|OVERLAP|w4|WORKLOAD,ecom,50,100,OVERLAP,4,WORKLOAD,10000,4,0.43842,10000,1.0,33.642242,56.79,56.86,9.73928,425.228748,9.73928,13.993598,13.993598,9.73928,0.0229,1.0,1.0,43.66121,1.0,0.0,0.0,42.66121,0.0,-3.77646,3727256,163410506,3727256,0.008,40000,1753664,40000,0.0973928,4.25228748,0.0973928,0.0973928,0,1.0,策略间质量恒定（同一 survivor → 同一 artifact → 同一答案）
ecom|s50|r100|OVERLAP|w4|CAP_10PCT,ecom,50,100,OVERLAP,4,CAP_10PCT,10000,4,0.43842,10000,1.0,33.642242,56.79,56.86,9.73928,425.228748,426.631679,426.617647,951.231525,9.73928,1.0033,43.80526,43.80526,43.66121,1.0,42.80526,0.0,42.66121,3.779754,0.003294,3727256,163410506,163410506,0.008,40000,1753664,1753664,0.0973928,4.25228748,4.26631679,0.0973928,1749664,0.1,策略间质量恒定（同一 survivor → 同一 artifact → 同一答案）
ecom|s50|r100|OVERLAP|w4|CELL,ecom,50,100,OVERLAP,4,CELL,10000,4,0.43842,10000,1.0,33.642242,56.79,56.86,9.73928,425.228748,426.631679,426.617647,951.231525,9.73928,1.0033,43.80526,43.80526,43.66121,1.0,42.80526,0.0,42.66121,3.779754,0.003294,3727256,163410506,163410506,0.008,40000,1753664,1753664,0.0973928,4.25228748,4.26631679,0.0973928,0,0.4374,策略间质量恒定（同一 survivor → 同一 artifact → 同一答案）
ecom|s50|r100|NESTED|w1|WORKLOAD,ecom,50,100,NESTED,1,WORKLOAD,10000,1,0.49968,9909,0.9909,33.107003,56.79,55.93,2.603684,129.303951,2.579998,2.606521,2.630208,2.579998,0.01995,0.9909,1.0,50.11785,1.00918,0.0,0.00918,49.11785,-0.009139,-3.914377,1058958,52915216,1049286,0.008,10000,499677,9909,0.02603684,1.29303951,0.02579998,0.02579998,0,0.9909,策略间质量恒定（同一 survivor → 同一 artifact → 同一答案）
ecom|s50|r100|NESTED|w1|CAP_10PCT,ecom,50,100,NESTED,1,CAP_10PCT,10000,1,0.49968,9909,0.9909,33.107003,56.79,55.93,2.603684,129.303951,128.520141,128.546664,218.369665,2.579998,0.99394,49.36088,49.81405,50.11785,1.00918,48.81405,0.00918,49.11785,3.899158,-0.00608,1058958,52915216,52432265,0.008,10000,499677,495116,0.02603684,1.29303951,1.28520141,0.02579998,494116,0.1,策略间质量恒定（同一 survivor → 同一 artifact → 同一答案）
ecom|s50|r100|NESTED|w1|CELL,ecom,50,100,NESTED,1,CELL,10000,1,0.49968,9909,0.9909,33.107003,56.79,55.93,2.603684,129.303951,129.703692,129.70361,219.526611,2.579998,1.00309,49.81545,50.27279,50.11785,1.00918,49.27279,0.00918,49.11785,3.908325,0.003087,1058958,52915216,52915216,0.008,10000,499677,499677,0.02603684,1.29303951,1.29703692,0.02579998,0,0.9909,策略间质量恒定（同一 survivor → 同一 artifact → 同一答案）
ecom|s50|r100|NESTED|w2|WORKLOAD,ecom,50,100,NESTED,2,WORKLOAD,10000,2,0.49968,9909,0.9909,33.107003,56.79,55.93,5.202216,258.753771,5.154809,5.207926,5.255333,5.154809,0.01992,0.99089,1.0,50.19657,1.0092,0.0,0.0092,49.19657,-0.009155,-3.915947,2011724,100526189,1993345,0.008,20000,999354,19818,0.05202216,2.58753771,0.05154809,0.05154809,0,0.9909,策略间质量恒定（同一 survivor → 同一 artifact → 同一答案）
ecom|s50|r100|NESTED|w2|CAP_10PCT,ecom,50,100,NESTED,2,CAP_10PCT,10000,2,0.49968,9909,0.9909,33.107003,56.79,55.93,5.202216,258.753771,257.179603,257.23272,436.967352,5.154809,0.99392,49.43655,49.8912,50.19657,1.0092,48.8912,0.0092,49.19657,3.90069,-0.006102,2011724,100526189,99606185,0.008,20000,999354,990213,0.05202216,2.58753771,2.57179603,0.05154809,988213,0.1,策略间质量恒定（同一 survivor → 同一 artifact → 同一答案）
ecom|s50|r100|NESTED|w2|CELL,ecom,50,100,NESTED,2,CELL,10000,2,0.49968,9909,0.9909,33.107003,56.79,55.93,5.202216,258.753771,259.553254,259.553089,439.287721,5.154809,1.00309,49.89283,50.35167,50.19657,1.0092,49.35167,0.0092,49.19657,3.909877,0.003085,2011724,100526189,100526189,0.008,20000,999354,999354,0.05202216,2.58753771,2.59553254,0.05154809,0,0.9909,策略间质量恒定（同一 survivor → 同一 artifact → 同一答案）
ecom|s50|r100|NESTED|w4|WORKLOAD,ecom,50,100,NESTED,4,WORKLOAD,10000,4,0.49968,9909,0.9909,33.107003,56.79,55.93,9.73928,484.67473,9.650439,9.749945,9.838786,9.650439,0.01991,0.99088,1.0,50.22308,1.00921,0.0,0.00921,49.22308,-0.009164,-3.916475,3727256,186254272,3693192,0.008,40000,1998708,39636,0.0973928,4.8467473,0.09650439,0.09650439,0,0.9909,策略间质量恒定（同一 survivor → 同一 artifact → 同一答案）
ecom|s50|r100|NESTED|w4|CAP_10PCT,ecom,50,100,NESTED,4,CAP_10PCT,10000,4,0.49968,9909,0.9909,33.107003,56.79,55.93,9.73928,484.67473,481.852648,481.952154,818.67187,9.650439,0.99418,49.47518,49.93065,50.22308,1.00921,48.93065,0.00921,49.22308,3.901471,-0.00584,3727256,186254272,184559506,0.008,40000,1998708,1980514,0.0973928,4.8467473,4.81852648,0.09650439,1976514,0.1,策略间质量恒定（同一 survivor → 同一 artifact → 同一答案）
ecom|s50|r100|NESTED|w4|CELL,ecom,50,100,NESTED,4,CELL,10000,4,0.49968,9909,0.9909,33.107003,56.79,55.93,9.73928,484.67473,486.273696,486.273367,822.993082,9.650439,1.0033,49.92912,50.38877,50.22308,1.00921,49.38877,0.00921,49.22308,3.910604,0.003294,3727256,186254272,186254272,0.008,40000,1998708,1998708,0.0973928,4.8467473,4.86273696,0.09650439,0,0.9909,策略间质量恒定（同一 survivor → 同一 artifact → 同一答案）
ecom|s75|r1|DISJOINT|w1|WORKLOAD,ecom,75,1,DISJOINT,1,WORKLOAD,10000,1,0.7547,7547,0.7547,0.0,56.79,56.73,2.595764,1.952678,1.958715,1.952678,1.958715,1.952678,1.00309,0.75458,1.00309,1.0,1.32934,0.00309,0.32934,0.0,-0.281592,0.003087,1058958,799036,799036,8e-05,10000,7547,7547,2.595764,1.9526775,1.9587151,1.9526775,0,0.7547,策略间质量恒定（同一 survivor → 同一 artifact → 同一答案）
ecom|s75|r1|DISJOINT|w1|CAP_10PCT,ecom,75,1,DISJOINT,1,CAP_10PCT,10000,1,0.7547,7547,0.7547,0.0,56.79,56.73,2.595764,1.952678,1.958715,1.952678,1.958715,1.952678,1.00309,0.75458,1.00309,1.0,1.32934,0.00309,0.32934,0.0,-0.281592,0.003087,1058958,799036,799036,8e-05,10000,7547,7547,2.595764,1.9526775,1.9587151,1.9526775,6547,0.1,策略间质量恒定（同一 survivor → 同一 artifact → 同一答案）
ecom|s75|r1|DISJOINT|w1|CELL,ecom,75,1,DISJOINT,1,CELL,10000,1,0.7547,7547,0.7547,0.0,56.79,56.73,2.595764,1.952678,1.958715,1.952678,1.958715,1.952678,1.00309,0.75458,1.00309,1.0,1.32934,0.00309,0.32934,0.0,-0.281592,0.003087,1058958,799036,799036,8e-05,10000,7547,7547,2.595764,1.9526775,1.9587151,1.9526775,0,0.7547,策略间质量恒定（同一 survivor → 同一 artifact → 同一答案）
ecom|s75|r1|DISJOINT|w2|WORKLOAD,ecom,75,1,DISJOINT,2,WORKLOAD,10000,2,0.7537,7537,0.7537,0.0,56.79,56.79,5.194296,3.903619,3.915678,3.903619,3.915678,3.903619,1.00309,0.75384,1.00309,1.0,1.33064,0.00309,0.33064,0.0,-0.282573,0.003084,2011724,1516487,1516487,8e-05,20000,15074,15074,5.194296,3.903619,3.9156782,3.903619,0,0.7537,策略间质量恒定（同一 survivor → 同一 artifact → 同一答案）
ecom|s75|r1|DISJOINT|w2|CAP_10PCT,ecom,75,1,DISJOINT,2,CAP_10PCT,10000,2,0.7537,7537,0.7537,0.0,56.79,56.79,5.194296,3.903619,3.915678,3.903619,3.915678,3.903619,1.00309,0.75384,1.00309,1.0,1.33064,0.00309,0.33064,0.0,-0.282573,0.003084,2011724,1516487,1516487,8e-05,20000,15074,15074,5.194296,3.903619,3.9156782,3.903619,13074,0.1,策略间质量恒定（同一 survivor → 同一 artifact → 同一答案）
ecom|s75|r1|DISJOINT|w2|CELL,ecom,75,1,DISJOINT,2,CELL,10000,2,0.7537,7537,0.7537,0.0,56.79,56.79,5.194296,3.903619,3.915678,3.903619,3.915678,3.903619,1.00309,0.75384,1.00309,1.0,1.33064,0.00309,0.33064,0.0,-0.282573,0.003084,2011724,1516487,1516487,8e-05,20000,15074,15074,5.194296,3.903619,3.9156782,3.903619,0,0.7537,策略间质量恒定（同一 survivor → 同一 artifact → 同一答案）
ecom|s75|r1|DISJOINT|w4|WORKLOAD,ecom,75,1,DISJOINT,4,WORKLOAD,10000,4,0.7465,7465,0.7465,0.0,56.79,56.83,9.73136,7.241646,7.265534,7.241646,7.241646,7.241646,1.0033,0.74661,1.0033,1.0,1.3438,0.0033,0.3438,0.0,-0.292212,0.003293,3727256,2782898,2782898,8e-05,40000,29860,29860,9.73136,7.241646,7.265534,7.241646,0,0.7465,策略间质量恒定（同一 survivor → 同一 artifact → 同一答案）
ecom|s75|r1|DISJOINT|w4|CAP_10PCT,ecom,75,1,DISJOINT,4,CAP_10PCT,10000,4,0.7465,7465,0.7465,0.0,56.79,56.83,9.73136,7.241646,7.265534,7.241646,7.241646,7.241646,1.0033,0.74661,1.0033,1.0,1.3438,0.0033,0.3438,0.0,-0.292212,0.003293,3727256,2782898,2782898,8e-05,40000,29860,29860,9.73136,7.241646,7.265534,7.241646,25860,0.1,策略间质量恒定（同一 survivor → 同一 artifact → 同一答案）
ecom|s75|r1|DISJOINT|w4|CELL,ecom,75,1,DISJOINT,4,CELL,10000,4,0.7465,7465,0.7465,0.0,56.79,56.83,9.73136,7.241646,7.265534,7.241646,7.241646,7.241646,1.0033,0.74661,1.0033,1.0,1.3438,0.0033,0.3438,0.0,-0.292212,0.003293,3727256,2782898,2782898,8e-05,40000,29860,29860,9.73136,7.241646,7.265534,7.241646,0,0.7465,策略间质量恒定（同一 survivor → 同一 artifact → 同一答案）
ecom|s75|r1|OVERLAP|w1|WORKLOAD,ecom,75,1,OVERLAP,1,WORKLOAD,10000,1,0.6112,6112,0.6112,0.0,56.79,56.86,2.595764,1.58145,1.58634,1.58145,1.58145,1.58145,1.00309,0.61113,1.00309,1.0,1.64138,0.00309,0.64138,0.0,-0.492452,0.003087,1058958,647241,647241,8e-05,10000,6112,6112,2.595764,1.58145,1.5863396,1.58145,0,0.6112,策略间质量恒定（同一 survivor → 同一 artifact → 同一答案）
ecom|s75|r1|OVERLAP|w1|CAP_10PCT,ecom,75,1,OVERLAP,1,CAP_10PCT,10000,1,0.6112,6112,0.6112,0.0,56.79,56.86,2.595764,1.58145,1.58634,1.58145,1.58145,1.58145,1.00309,0.61113,1.00309,1.0,1.64138,0.00309,0.64138,0.0,-0.492452,0.003087,1058958,647241,647241,8e-05,10000,6112,6112,2.595764,1.58145,1.5863396,1.58145,5112,0.1,策略间质量恒定（同一 survivor → 同一 artifact → 同一答案）
ecom|s75|r1|OVERLAP|w1|CELL,ecom,75,1,OVERLAP,1,CELL,10000,1,0.6112,6112,0.6112,0.0,56.79,56.86,2.595764,1.58145,1.58634,1.58145,1.58145,1.58145,1.00309,0.61113,1.00309,1.0,1.64138,0.00309,0.64138,0.0,-0.492452,0.003087,1058958,647241,647241,8e-05,10000,6112,6112,2.595764,1.58145,1.5863396,1.58145,0,0.6112,策略间质量恒定（同一 survivor → 同一 artifact → 同一答案）
ecom|s75|r1|OVERLAP|w2|WORKLOAD,ecom,75,1,OVERLAP,2,WORKLOAD,10000,2,0.6119,6119,0.6119,0.0,56.79,56.74,5.194296,3.167805,3.177595,3.167805,3.167805,3.167805,1.00309,0.61175,1.00309,1.0,1.63971,0.00309,0.63971,0.0,-0.491436,0.003086,2011724,1230641,1230641,8e-05,20000,12238,12238,5.194296,3.167805,3.1775954,3.167805,0,0.6119,策略间质量恒定（同一 survivor → 同一 artifact → 同一答案）
ecom|s75|r1|OVERLAP|w2|CAP_10PCT,ecom,75,1,OVERLAP,2,CAP_10PCT,10000,2,0.6119,6119,0.6119,0.0,56.79,56.74,5.194296,3.167805,3.177595,3.167805,3.167805,3.167805,1.00309,0.61175,1.00309,1.0,1.63971,0.00309,0.63971,0.0,-0.491436,0.003086,2011724,1230641,1230641,8e-05,20000,12238,12238,5.194296,3.167805,3.1775954,3.167805,10238,0.1,策略间质量恒定（同一 survivor → 同一 artifact → 同一答案）
ecom|s75|r1|OVERLAP|w2|CELL,ecom,75,1,OVERLAP,2,CELL,10000,2,0.6119,6119,0.6119,0.0,56.79,56.74,5.194296,3.167805,3.177595,3.167805,3.167805,3.167805,1.00309,0.61175,1.00309,1.0,1.63971,0.00309,0.63971,0.0,-0.491436,0.003086,2011724,1230641,1230641,8e-05,20000,12238,12238,5.194296,3.167805,3.1775954,3.167805,0,0.6119,策略间质量恒定（同一 survivor → 同一 artifact → 同一答案）
ecom|s75|r1|OVERLAP|w4|WORKLOAD,ecom,75,1,OVERLAP,4,WORKLOAD,10000,4,0.6081,6081,0.6081,0.0,56.79,56.76,9.73136,5.898258,5.917717,5.898258,5.898258,5.898258,1.0033,0.60811,1.0033,1.0,1.64987,0.0033,0.64987,0.0,-0.497403,0.003294,3727256,2266624,2266624,8e-05,40000,24324,24324,9.73136,5.898258,5.9177172,5.898258,0,0.6081,策略间质量恒定（同一 survivor → 同一 artifact → 同一答案）
ecom|s75|r1|OVERLAP|w4|CAP_10PCT,ecom,75,1,OVERLAP,4,CAP_10PCT,10000,4,0.6081,6081,0.6081,0.0,56.79,56.76,9.73136,5.898258,5.917717,5.898258,5.898258,5.898258,1.0033,0.60811,1.0033,1.0,1.64987,0.0033,0.64987,0.0,-0.497403,0.003294,3727256,2266624,2266624,8e-05,40000,24324,24324,9.73136,5.898258,5.9177172,5.898258,20324,0.1,策略间质量恒定（同一 survivor → 同一 artifact → 同一答案）
ecom|s75|r1|OVERLAP|w4|CELL,ecom,75,1,OVERLAP,4,CELL,10000,4,0.6081,6081,0.6081,0.0,56.79,56.76,9.73136,5.898258,5.917717,5.898258,5.898258,5.898258,1.0033,0.60811,1.0033,1.0,1.64987,0.0033,0.64987,0.0,-0.497403,0.003294,3727256,2266624,2266624,8e-05,40000,24324,24324,9.73136,5.898258,5.9177172,5.898258,0,0.6081,策略间质量恒定（同一 survivor → 同一 artifact → 同一答案）
ecom|s75|r1|NESTED|w1|WORKLOAD,ecom,75,1,NESTED,1,WORKLOAD,10000,1,0.7473,7473,0.7473,0.0,56.79,56.81,2.595764,1.934104,1.940083,1.934104,1.934104,1.934104,1.00309,0.7474,1.00309,1.0,1.3421,0.00309,0.3421,0.0,-0.29115,0.003086,1058958,791508,791508,8e-05,10000,7473,7473,2.595764,1.9341045,1.9400829,1.9341045,0,0.7473,策略间质量恒定（同一 survivor → 同一 artifact → 同一答案）
ecom|s75|r1|NESTED|w1|CAP_10PCT,ecom,75,1,NESTED,1,CAP_10PCT,10000,1,0.7473,7473,0.7473,0.0,56.79,56.81,2.595764,1.934104,1.940083,1.934104,1.934104,1.934104,1.00309,0.7474,1.00309,1.0,1.3421,0.00309,0.3421,0.0,-0.29115,0.003086,1058958,791508,791508,8e-05,10000,7473,7473,2.595764,1.9341045,1.9400829,1.9341045,6473,0.1,策略间质量恒定（同一 survivor → 同一 artifact → 同一答案）
ecom|s75|r1|NESTED|w1|CELL,ecom,75,1,NESTED,1,CELL,10000,1,0.7473,7473,0.7473,0.0,56.79,56.81,2.595764,1.934104,1.940083,1.934104,1.934104,1.934104,1.00309,0.7474,1.00309,1.0,1.3421,0.00309,0.3421,0.0,-0.29115,0.003086,1058958,791508,791508,8e-05,10000,7473,7473,2.595764,1.9341045,1.9400829,1.9341045,0,0.7473,策略间质量恒定（同一 survivor → 同一 artifact → 同一答案）
ecom|s75|r1|NESTED|w2|WORKLOAD,ecom,75,1,NESTED,2,WORKLOAD,10000,2,0.7473,7473,0.7473,0.0,56.79,56.81,5.194296,3.870331,3.882288,3.870331,3.870331,3.870331,1.00309,0.74741,1.00309,1.0,1.34208,0.00309,0.34208,0.0,-0.291136,0.003085,2011724,1503671,1503671,8e-05,20000,14946,14946,5.194296,3.870331,3.8822878,3.870331,0,0.7473,策略间质量恒定（同一 survivor → 同一 artifact → 同一答案）
ecom|s75|r1|NESTED|w2|CAP_10PCT,ecom,75,1,NESTED,2,CAP_10PCT,10000,2,0.7473,7473,0.7473,0.0,56.79,56.81,5.194296,3.870331,3.882288,3.870331,3.870331,3.870331,1.00309,0.74741,1.00309,1.0,1.34208,0.00309,0.34208,0.0,-0.291136,0.003085,2011724,1503671,1503671,8e-05,20000,14946,14946,5.194296,3.870331,3.8822878,3.870331,12946,0.1,策略间质量恒定（同一 survivor → 同一 artifact → 同一答案）
ecom|s75|r1|NESTED|w2|CELL,ecom,75,1,NESTED,2,CELL,10000,2,0.7473,7473,0.7473,0.0,56.79,56.81,5.194296,3.870331,3.882288,3.870331,3.870331,3.870331,1.00309,0.74741,1.00309,1.0,1.34208,0.00309,0.34208,0.0,-0.291136,0.003085,2011724,1503671,1503671,8e-05,20000,14946,14946,5.194296,3.870331,3.8822878,3.870331,0,0.7473,策略间质量恒定（同一 survivor → 同一 artifact → 同一答案）
ecom|s75|r1|NESTED|w4|WORKLOAD,ecom,75,1,NESTED,4,WORKLOAD,10000,4,0.7473,7473,0.7473,0.0,56.79,56.81,9.73136,7.249566,7.27348,7.249566,7.249566,7.249566,1.0033,0.74743,1.0033,1.0,1.34234,0.0033,0.34234,0.0,-0.291119,0.003293,3727256,2786010,2786010,8e-05,40000,29892,29892,9.73136,7.249566,7.2734796,7.249566,0,0.7473,策略间质量恒定（同一 survivor → 同一 artifact → 同一答案）
ecom|s75|r1|NESTED|w4|CAP_10PCT,ecom,75,1,NESTED,4,CAP_10PCT,10000,4,0.7473,7473,0.7473,0.0,56.79,56.81,9.73136,7.249566,7.27348,7.249566,7.249566,7.249566,1.0033,0.74743,1.0033,1.0,1.34234,0.0033,0.34234,0.0,-0.291119,0.003293,3727256,2786010,2786010,8e-05,40000,29892,29892,9.73136,7.249566,7.2734796,7.249566,25892,0.1,策略间质量恒定（同一 survivor → 同一 artifact → 同一答案）
ecom|s75|r1|NESTED|w4|CELL,ecom,75,1,NESTED,4,CELL,10000,4,0.7473,7473,0.7473,0.0,56.79,56.81,9.73136,7.249566,7.27348,7.249566,7.249566,7.249566,1.0033,0.74743,1.0033,1.0,1.34234,0.0033,0.34234,0.0,-0.291119,0.003293,3727256,2786010,2786010,8e-05,40000,29892,29892,9.73136,7.249566,7.2734796,7.249566,0,0.7473,策略间质量恒定（同一 survivor → 同一 artifact → 同一答案）
ecom|s75|r10|DISJOINT|w1|WORKLOAD,ecom,75,10,DISJOINT,1,WORKLOAD,10000,1,0.75038,10000,1.0,3.37469,56.79,56.73,2.596484,19.417817,2.596484,4.549081,2.596484,2.596484,0.13372,1.0,1.0,7.4785,1.0,0.0,0.0,6.4785,0.0,-2.012033,1058958,7945821,1058958,0.0008,10000,75038,10000,0.2596484,1.9417817,0.2596484,0.2596484,0,1.0,策略间质量恒定（同一 survivor → 同一 artifact → 同一答案）
ecom|s75|r10|DISJOINT|w1|CAP_10PCT,ecom,75,10,DISJOINT,1,CAP_10PCT,10000,1,0.75038,10000,1.0,3.37469,56.79,56.73,2.596484,19.417817,19.477847,19.47181,25.320591,2.596484,1.00309,7.50162,7.50162,7.4785,1.0,6.50162,0.0,6.4785,2.01512,0.003087,1058958,7945821,7945821,0.0008,10000,75038,75038,0.2596484,1.9417817,1.94778474,0.2596484,74038,0.1,策略间质量恒定（同一 survivor → 同一 artifact → 同一答案）
ecom|s75|r10|DISJOINT|w1|CELL,ecom,75,10,DISJOINT,1,CELL,10000,1,0.75038,10000,1.0,3.37469,56.79,56.73,2.596484,19.417817,19.477847,19.47181,25.320591,2.596484,1.00309,7.50162,7.50162,7.4785,1.0,6.50162,0.0,6.4785,2.01512,0.003087,1058958,7945821,7945821,0.0008,10000,75038,75038,0.2596484,1.9417817,1.94778474,0.2596484,0,0.7535,策略间质量恒定（同一 survivor → 同一 artifact → 同一答案）
ecom|s75|r10|DISJOINT|w2|WORKLOAD,ecom,75,10,DISJOINT,2,WORKLOAD,10000,2,0.7513,10000,1.0,3.377905,56.79,56.79,5.195016,38.906102,5.195016,9.098555,5.195016,5.195016,0.13353,1.0,1.0,7.48912,1.0,0.0,0.0,6.48912,0.0,-2.013451,2011724,15114602,2011724,0.0008,20000,150260,20000,0.5195016,3.8906102,0.5195016,0.5195016,0,1.0,策略间质量恒定（同一 survivor → 同一 artifact → 同一答案）
ecom|s75|r10|DISJOINT|w2|CAP_10PCT,ecom,75,10,DISJOINT,2,CAP_10PCT,10000,2,0.7513,10000,1.0,3.377905,56.79,56.79,5.195016,38.906102,39.02631,39.014251,50.664342,5.195016,1.00309,7.51226,7.51226,7.48912,1.0,6.51226,0.0,6.48912,2.016536,0.003085,2011724,15114602,15114602,0.0008,20000,150260,150260,0.5195016,3.8906102,3.902631,0.5195016,148260,0.1,策略间质量恒定（同一 survivor → 同一 artifact → 同一答案）
ecom|s75|r10|DISJOINT|w2|CELL,ecom,75,10,DISJOINT,2,CELL,10000,2,0.7513,10000,1.0,3.377905,56.79,56.79,5.195016,38.906102,39.02631,39.014251,50.664342,5.195016,1.00309,7.51226,7.51226,7.48912,1.0,6.51226,0.0,6.48912,2.016536,0.003085,2011724,15114602,15114602,0.0008,20000,150260,150260,0.5195016,3.8906102,3.902631,0.5195016,0,0.7516,策略间质量恒定（同一 survivor → 同一 artifact → 同一答案）
ecom|s75|r10|DISJOINT|w4|WORKLOAD,ecom,75,10,DISJOINT,4,WORKLOAD,10000,4,0.7522,10000,1.0,3.387038,56.79,56.83,9.73208,72.953764,9.73208,16.973646,16.973646,9.73208,0.1334,1.0,1.0,7.49621,1.0,0.0,0.0,6.49621,0.0,-2.014398,3727256,28033826,3727256,0.0008,40000,300880,40000,0.973208,7.2953764,0.973208,0.973208,0,1.0,策略间质量恒定（同一 survivor → 同一 artifact → 同一答案）
ecom|s75|r10|DISJOINT|w4|CAP_10PCT,ecom,75,10,DISJOINT,4,CAP_10PCT,10000,4,0.7522,10000,1.0,3.387038,56.79,56.83,9.73208,72.953764,73.194468,73.17058,90.052396,9.73208,1.0033,7.52095,7.52095,7.49621,1.0,6.52095,0.0,6.49621,2.017692,0.003294,3727256,28033826,28033826,0.0008,40000,300880,300880,0.973208,7.2953764,7.3194468,0.973208,296880,0.1,策略间质量恒定（同一 survivor → 同一 artifact → 同一答案）
ecom|s75|r10|DISJOINT|w4|CELL,ecom,75,10,DISJOINT,4,CELL,10000,4,0.7522,10000,1.0,3.387038,56.79,56.83,9.73208,72.953764,73.194468,73.17058,90.052396,9.73208,1.0033,7.52095,7.52095,7.49621,1.0,6.52095,0.0,6.49621,2.017692,0.003294,3727256,28033826,28033826,0.0008,40000,300880,300880,0.973208,7.2953764,7.3194468,0.973208,0,0.7493,策略间质量恒定（同一 survivor → 同一 artifact → 同一答案）
ecom|s75|r10|OVERLAP|w1|WORKLOAD,ecom,75,10,OVERLAP,1,WORKLOAD,10000,1,0.61126,9944,0.9944,3.417646,56.79,56.86,2.596484,15.815369,2.581891,4.155696,4.155696,2.581891,0.16325,0.99438,1.0,6.1255,1.00565,0.0,0.00565,5.1255,-0.005636,-1.81246,1058958,6472179,1053006,0.0008,10000,61126,9944,0.2596484,1.5815369,0.25818912,0.25818912,0,0.9944,策略间质量恒定（同一 survivor → 同一 artifact → 同一答案）
ecom|s75|r10|OVERLAP|w1|CAP_10PCT,ecom,75,10,OVERLAP,1,CAP_10PCT,10000,1,0.61126,9944,0.9944,3.417646,56.79,56.86,2.596484,15.815369,15.86427,15.85938,22.920377,2.581891,1.00309,6.1099,6.14444,6.1255,1.00565,5.14444,0.00565,5.1255,1.809911,0.003087,1058958,6472179,6472179,0.0008,10000,61126,61126,0.2596484,1.5815369,1.58642698,0.25818912,60126,0.1,策略间质量恒定（同一 survivor → 同一 artifact → 同一答案）
ecom|s75|r10|OVERLAP|w1|CELL,ecom,75,10,OVERLAP,1,CELL,10000,1,0.61126,9944,0.9944,3.417646,56.79,56.86,2.596484,15.815369,15.86427,15.85938,22.920377,2.581891,1.00309,6.1099,6.14444,6.1255,1.00565,5.14444,0.00565,5.1255,1.809911,0.003087,1058958,6472179,6472179,0.0008,10000,61126,61126,0.2596484,1.5815369,1.58642698,0.25818912,0,0.6071,策略间质量恒定（同一 survivor → 同一 artifact → 同一答案）
ecom|s75|r10|OVERLAP|w2|WORKLOAD,ecom,75,10,OVERLAP,2,WORKLOAD,10000,2,0.60957,9941,0.9941,3.418557,56.79,56.74,5.195016,31.565823,5.164589,8.315746,8.315746,5.164589,0.16361,0.99414,1.0,6.11197,1.00589,0.0,0.00589,5.11197,-0.005874,-1.81025,2011724,12263391,1999965,0.0008,20000,121914,19882,0.5195016,3.1565823,0.51645886,0.51645886,0,0.9941,策略间质量恒定（同一 survivor → 同一 artifact → 同一答案）
ecom|s75|r10|OVERLAP|w2|CAP_10PCT,ecom,75,10,OVERLAP,2,CAP_10PCT,10000,2,0.60957,9941,0.9941,3.418557,56.79,56.74,5.195016,31.565823,31.663354,31.653564,45.873489,5.164589,1.00309,6.09495,6.13086,6.11197,1.00589,5.13086,0.00589,5.11197,1.80746,0.003085,2011724,12263391,12263391,0.0008,20000,121914,121914,0.5195016,3.1565823,3.16633542,0.51645886,119914,0.1,策略间质量恒定（同一 survivor → 同一 artifact → 同一答案）
ecom|s75|r10|OVERLAP|w2|CELL,ecom,75,10,OVERLAP,2,CELL,10000,2,0.60957,9941,0.9941,3.418557,56.79,56.74,5.195016,31.565823,31.663354,31.653564,45.873489,5.164589,1.00309,6.09495,6.13086,6.11197,1.00589,5.13086,0.00589,5.11197,1.80746,0.003085,2011724,12263391,12263391,0.0008,20000,121914,121914,0.5195016,3.1565823,3.16633542,0.51645886,0,0.6128,策略间质量恒定（同一 survivor → 同一 artifact → 同一答案）
ecom|s75|r10|OVERLAP|w4|WORKLOAD,ecom,75,10,OVERLAP,4,WORKLOAD,10000,4,0.60772,9945,0.9945,3.415553,56.79,56.76,9.73208,58.940928,9.678554,15.546655,15.546655,9.678554,0.16421,0.9945,1.0,6.08985,1.00553,0.0,0.00553,5.08985,-0.005515,-1.806623,3727256,22650172,3706764,0.0008,40000,243088,39780,0.973208,5.8940928,0.9678554,0.9678554,0,0.9945,策略间质量恒定（同一 survivor → 同一 artifact → 同一答案）
ecom|s75|r10|OVERLAP|w4|CAP_10PCT,ecom,75,10,OVERLAP,4,CAP_10PCT,10000,4,0.60772,9945,0.9945,3.415553,56.79,56.76,9.73208,58.940928,59.135398,59.115939,85.810262,9.678554,1.0033,6.07634,6.10994,6.08985,1.00553,5.10994,0.00553,5.08985,1.804402,0.003294,3727256,22650172,22650172,0.0008,40000,243088,243088,0.973208,5.8940928,5.91353984,0.9678554,239088,0.1,策略间质量恒定（同一 survivor → 同一 artifact → 同一答案）
ecom|s75|r10|OVERLAP|w4|CELL,ecom,75,10,OVERLAP,4,CELL,10000,4,0.60772,9945,0.9945,3.415553,56.79,56.76,9.73208,58.940928,59.135398,59.115939,85.810262,9.678554,1.0033,6.07634,6.10994,6.08985,1.00553,5.10994,0.00553,5.08985,1.804402,0.003294,3727256,22650172,22650172,0.0008,40000,243088,243088,0.973208,5.8940928,5.91353984,0.9678554,0,0.6092,策略间质量恒定（同一 survivor → 同一 artifact → 同一答案）
ecom|s75|r10|NESTED|w1|WORKLOAD,ecom,75,10,NESTED,1,WORKLOAD,10000,1,0.68159,10000,1.0,3.243666,56.79,56.86,2.59649,17.638402,2.59649,2.964393,2.964393,2.59649,0.14721,1.0,1.0,6.79317,1.0,0.0,0.0,5.79317,0.0,-1.915918,1058958,7218050,1058958,0.000806,10000,68159,10000,0.259649,1.76384015,0.259649,0.259649,0,1.0,策略间质量恒定（同一 survivor → 同一 artifact → 同一答案）
ecom|s75|r10|NESTED|w1|CAP_10PCT,ecom,75,10,NESTED,1,CAP_10PCT,10000,1,0.68159,10000,1.0,3.243666,56.79,56.86,2.59649,17.638402,17.692929,17.691791,18.288291,2.59649,1.00309,6.81417,6.81417,6.79317,1.0,5.81417,0.0,5.79317,1.919005,0.003087,1058958,7218050,7218050,0.000806,10000,68159,68159,0.259649,1.76384015,1.76929287,0.259649,67159,0.1,策略间质量恒定（同一 survivor → 同一 artifact → 同一答案）
ecom|s75|r10|NESTED|w1|CELL,ecom,75,10,NESTED,1,CELL,10000,1,0.68159,10000,1.0,3.243666,56.79,56.86,2.59649,17.638402,17.692929,17.691791,18.288291,2.59649,1.00309,6.81417,6.81417,6.79317,1.0,5.81417,0.0,5.79317,1.919005,0.003087,1058958,7218050,7218050,0.000806,10000,68159,68159,0.259649,1.76384015,1.76929287,0.259649,0,1.0,策略间质量恒定（同一 survivor → 同一 artifact → 同一答案）
ecom|s75|r10|NESTED|w2|WORKLOAD,ecom,75,10,NESTED,2,WORKLOAD,10000,2,0.68159,10000,1.0,3.243666,56.79,56.86,5.195022,35.296003,5.195022,5.931404,5.931404,5.195022,0.14718,1.0,1.0,6.7942,1.0,0.0,0.0,5.7942,0.0,-1.916069,2011724,13712405,2011724,0.000806,20000,136318,20000,0.5195022,3.5296003,0.5195022,0.5195022,0,1.0,策略间质量恒定（同一 survivor → 同一 artifact → 同一答案）
ecom|s75|r10|NESTED|w2|CAP_10PCT,ecom,75,10,NESTED,2,CAP_10PCT,10000,2,0.68159,10000,1.0,3.243666,56.79,56.86,5.195022,35.296003,35.405057,35.402782,36.596774,5.195022,1.00309,6.81519,6.81519,6.7942,1.0,5.81519,0.0,5.7942,1.919154,0.003085,2011724,13712405,13712405,0.000806,20000,136318,136318,0.5195022,3.5296003,3.54050574,0.5195022,134318,0.1,策略间质量恒定（同一 survivor → 同一 artifact → 同一答案）
ecom|s75|r10|NESTED|w2|CELL,ecom,75,10,NESTED,2,CELL,10000,2,0.68159,10000,1.0,3.243666,56.79,56.86,5.195022,35.296003,35.405057,35.402782,36.596774,5.195022,1.00309,6.81519,6.81519,6.7942,1.0,5.81519,0.0,5.7942,1.919154,0.003085,2011724,13712405,13712405,0.000806,20000,136318,136318,0.5195022,3.5296003,3.54050574,0.5195022,0,1.0,策略间质量恒定（同一 survivor → 同一 artifact → 同一答案）
ecom|s75|r10|NESTED|w4|WORKLOAD,ecom,75,10,NESTED,4,WORKLOAD,10000,4,0.68159,10000,1.0,3.243666,56.79,56.86,9.732086,66.112712,9.732086,11.111574,11.111574,9.732086,0.1472,1.0,1.0,6.79327,1.0,0.0,0.0,5.79327,0.0,-1.915933,3727256,25406094,3727256,0.000806,40000,272636,40000,0.9732086,6.6112712,0.9732086,0.9732086,0,1.0,策略间质量恒定（同一 survivor → 同一 artifact → 同一答案）
ecom|s75|r10|NESTED|w4|CAP_10PCT,ecom,75,10,NESTED,4,CAP_10PCT,10000,4,0.68159,10000,1.0,3.243666,56.79,56.86,9.732086,66.112712,66.330821,66.32627,68.563446,9.732086,1.0033,6.81568,6.81568,6.79327,1.0,5.81568,0.0,5.79327,1.919226,0.003294,3727256,25406094,25406094,0.000806,40000,272636,272636,0.9732086,6.6112712,6.63308208,0.9732086,268636,0.1,策略间质量恒定（同一 survivor → 同一 artifact → 同一答案）
ecom|s75|r10|NESTED|w4|CELL,ecom,75,10,NESTED,4,CELL,10000,4,0.68159,10000,1.0,3.243666,56.79,56.86,9.732086,66.112712,66.330821,66.32627,68.563446,9.732086,1.0033,6.81568,6.81568,6.79327,1.0,5.81568,0.0,5.79327,1.919226,0.003294,3727256,25406094,25406094,0.000806,40000,272636,272636,0.9732086,6.6112712,6.63308208,0.9732086,0,1.0,策略间质量恒定（同一 survivor → 同一 artifact → 同一答案）
ecom|s75|r50|DISJOINT|w1|WORKLOAD,ecom,75,50,DISJOINT,1,WORKLOAD,10000,1,0.75038,10000,1.0,18.380526,56.79,56.73,2.599684,97.093879,2.599684,4.552282,2.599684,2.599684,0.02677,1.0,1.0,37.34834,1.0,0.0,0.0,36.34834,0.0,-3.620288,1058958,39731930,1058958,0.004,10000,375191,10000,0.05199368,1.94187759,0.05199368,0.05199368,0,1.0,策略间质量恒定（同一 survivor → 同一 artifact → 同一答案）
ecom|s75|r50|DISJOINT|w1|CAP_10PCT,ecom,75,50,DISJOINT,1,CAP_10PCT,10000,1,0.75038,10000,1.0,18.380526,56.79,56.73,2.599684,97.093879,97.394032,97.387995,129.151151,2.599684,1.00309,37.4638,37.4638,37.34834,1.0,36.4638,0.0,36.34834,3.623375,0.003087,1058958,39731930,39731930,0.004,10000,375191,375191,0.05199368,1.94187759,1.94788065,0.05199368,374191,0.1,策略间质量恒定（同一 survivor → 同一 artifact → 同一答案）
ecom|s75|r50|DISJOINT|w1|CELL,ecom,75,50,DISJOINT,1,CELL,10000,1,0.75038,10000,1.0,18.380526,56.79,56.73,2.599684,97.093879,97.394032,97.387995,129.151151,2.599684,1.00309,37.4638,37.4638,37.34834,1.0,36.4638,0.0,36.34834,3.623375,0.003087,1058958,39731930,39731930,0.004,10000,375191,375191,0.05199368,1.94187759,1.94788065,0.05199368,0,0.7513,策略间质量恒定（同一 survivor → 同一 artifact → 同一答案）
ecom|s75|r50|DISJOINT|w2|WORKLOAD,ecom,75,50,DISJOINT,2,WORKLOAD,10000,2,0.75045,10000,1.0,18.384459,56.79,56.79,5.198216,194.297249,5.198216,9.101755,5.198216,5.198216,0.02675,1.0,1.0,37.37768,1.0,0.0,0.0,36.37768,0.0,-3.621074,2011724,75481291,2011724,0.004,20000,750446,20000,0.10396432,3.88594498,0.10396432,0.10396432,0,1.0,策略间质量恒定（同一 survivor → 同一 artifact → 同一答案）
ecom|s75|r50|DISJOINT|w2|CAP_10PCT,ecom,75,50,DISJOINT,2,CAP_10PCT,10000,2,0.75045,10000,1.0,18.384459,56.79,56.79,5.198216,194.297249,194.897606,194.885547,258.436182,5.198216,1.00309,37.49317,37.49317,37.37768,1.0,36.49317,0.0,36.37768,3.624159,0.003085,2011724,75481291,75481291,0.004,20000,750446,750446,0.10396432,3.88594498,3.89795212,0.10396432,748446,0.1,策略间质量恒定（同一 survivor → 同一 artifact → 同一答案）
ecom|s75|r50|DISJOINT|w2|CELL,ecom,75,50,DISJOINT,2,CELL,10000,2,0.75045,10000,1.0,18.384459,56.79,56.79,5.198216,194.297249,194.897606,194.885547,258.436182,5.198216,1.00309,37.49317,37.49317,37.37768,1.0,36.49317,0.0,36.37768,3.624159,0.003085,2011724,75481291,75481291,0.004,20000,750446,750446,0.10396432,3.88594498,3.89795212,0.10396432,0,0.7514,策略间质量恒定（同一 survivor → 同一 artifact → 同一答案）
ecom|s75|r50|DISJOINT|w4|WORKLOAD,ecom,75,50,DISJOINT,4,WORKLOAD,10000,4,0.75004,10000,1.0,18.37531,56.79,56.83,9.73528,363.740632,9.73528,16.976846,16.976846,9.73528,0.02676,1.0,1.0,37.36314,1.0,0.0,0.0,36.36314,0.0,-3.620685,3727256,139776686,3727256,0.004,40000,1500072,40000,0.1947056,7.27481264,0.1947056,0.1947056,0,1.0,策略间质量恒定（同一 survivor → 同一 artifact → 同一答案）
ecom|s75|r50|DISJOINT|w4|CAP_10PCT,ecom,75,50,DISJOINT,4,CAP_10PCT,10000,4,0.75004,10000,1.0,18.37531,56.79,56.83,9.73528,363.740632,364.94069,364.916802,479.306796,9.73528,1.0033,37.48641,37.48641,37.36314,1.0,36.48641,0.0,36.36314,3.623978,0.003294,3727256,139776686,139776686,0.004,40000,1500072,1500072,0.1947056,7.27481264,7.29881379,0.1947056,1496072,0.1,策略间质量恒定（同一 survivor → 同一 artifact → 同一答案）
ecom|s75|r50|DISJOINT|w4|CELL,ecom,75,50,DISJOINT,4,CELL,10000,4,0.75004,10000,1.0,18.37531,56.79,56.83,9.73528,363.740632,364.94069,364.916802,479.306796,9.73528,1.0033,37.48641,37.48641,37.36314,1.0,36.48641,0.0,36.36314,3.623978,0.003294,3727256,139776686,139776686,0.004,40000,1500072,1500072,0.1947056,7.27481264,7.29881379,0.1947056,0,0.752,策略间质量恒定（同一 survivor → 同一 artifact → 同一答案）
ecom|s75|r50|OVERLAP|w1|WORKLOAD,ecom,75,50,OVERLAP,1,WORKLOAD,10000,1,0.60922,10000,1.0,18.604666,56.79,56.86,2.599684,78.817325,2.599684,4.181054,4.181054,2.599684,0.03298,1.0,1.0,30.31804,1.0,0.0,0.0,29.31804,0.0,-3.411743,1058958,32254722,1058958,0.004,10000,304611,10000,0.05199368,1.57634651,0.05199368,0.05199368,0,1.0,策略间质量恒定（同一 survivor → 同一 artifact → 同一答案）
ecom|s75|r50|OVERLAP|w1|CAP_10PCT,ecom,75,50,OVERLAP,1,CAP_10PCT,10000,1,0.60922,10000,1.0,18.604666,56.79,56.86,2.599684,78.817325,79.061014,79.056125,126.750937,2.599684,1.00309,30.41178,30.41178,30.31804,1.0,29.41178,0.0,29.31804,3.41483,0.003087,1058958,32254722,32254722,0.004,10000,304611,304611,0.05199368,1.57634651,1.58122029,0.05199368,303611,0.1,策略间质量恒定（同一 survivor → 同一 artifact → 同一答案）
ecom|s75|r50|OVERLAP|w1|CELL,ecom,75,50,OVERLAP,1,CELL,10000,1,0.60922,10000,1.0,18.604666,56.79,56.86,2.599684,78.817325,79.061014,79.056125,126.750937,2.599684,1.00309,30.41178,30.41178,30.31804,1.0,29.41178,0.0,29.31804,3.41483,0.003087,1058958,32254722,32254722,0.004,10000,304611,304611,0.05199368,1.57634651,1.58122029,0.05199368,0,0.6122,策略间质量恒定（同一 survivor → 同一 artifact → 同一答案）
ecom|s75|r50|OVERLAP|w2|WORKLOAD,ecom,75,50,OVERLAP,2,WORKLOAD,10000,2,0.60881,10000,1.0,18.607137,56.79,56.74,5.198216,157.635514,5.198216,8.365941,8.365941,5.198216,0.03298,1.0,1.0,30.32493,1.0,0.0,0.0,29.32493,0.0,-3.41197,2011724,61242482,2011724,0.004,20000,608812,20000,0.10396432,3.15271028,0.10396432,0.10396432,0,1.0,策略间质量恒定（同一 survivor → 同一 artifact → 同一答案）
ecom|s75|r50|OVERLAP|w2|CAP_10PCT,ecom,75,50,OVERLAP,2,CAP_10PCT,10000,2,0.60881,10000,1.0,18.607137,56.79,56.74,5.198216,157.635514,158.122564,158.112773,253.645329,5.198216,1.00309,30.41862,30.41862,30.32493,1.0,29.41862,0.0,29.32493,3.415055,0.003085,2011724,61242482,61242482,0.004,20000,608812,608812,0.10396432,3.15271028,3.16245127,0.10396432,606812,0.1,策略间质量恒定（同一 survivor → 同一 artifact → 同一答案）
ecom|s75|r50|OVERLAP|w2|CELL,ecom,75,50,OVERLAP,2,CELL,10000,2,0.60881,10000,1.0,18.607137,56.79,56.74,5.198216,157.635514,158.122564,158.112773,253.645329,5.198216,1.00309,30.41862,30.41862,30.32493,1.0,29.41862,0.0,29.32493,3.415055,0.003085,2011724,61242482,61242482,0.004,20000,608812,608812,0.10396432,3.15271028,3.16245127,0.10396432,0,0.6068,策略间质量恒定（同一 survivor → 同一 artifact → 同一答案）
ecom|s75|r50|OVERLAP|w4|WORKLOAD,ecom,75,50,OVERLAP,4,WORKLOAD,10000,4,0.60957,10000,1.0,18.608191,56.79,56.76,9.73528,295.612224,9.73528,15.633458,15.633458,9.73528,0.03293,1.0,1.0,30.36505,1.0,0.0,0.0,29.36505,0.0,-3.413292,3727256,113598698,3727256,0.004,40000,1219144,40000,0.1947056,5.91224448,0.1947056,0.1947056,0,1.0,策略间质量恒定（同一 survivor → 同一 artifact → 同一答案）
ecom|s75|r50|OVERLAP|w4|CAP_10PCT,ecom,75,50,OVERLAP,4,CAP_10PCT,10000,4,0.60957,10000,1.0,18.608191,56.79,56.76,9.73528,295.612224,296.587539,296.56808,475.064662,9.73528,1.0033,30.46523,30.46523,30.36505,1.0,29.46523,0.0,29.36505,3.416586,0.003294,3727256,113598698,113598698,0.004,40000,1219144,1219144,0.1947056,5.91224448,5.93175078,0.1947056,1215144,0.1,策略间质量恒定（同一 survivor → 同一 artifact → 同一答案）
ecom|s75|r50|OVERLAP|w4|CELL,ecom,75,50,OVERLAP,4,CELL,10000,4,0.60957,10000,1.0,18.608191,56.79,56.76,9.73528,295.612224,296.587539,296.56808,475.064662,9.73528,1.0033,30.46523,30.46523,30.36505,1.0,29.46523,0.0,29.36505,3.416586,0.003294,3727256,113598698,113598698,0.004,40000,1219144,1219144,0.1947056,5.91224448,5.93175078,0.1947056,0,0.6113,策略间质量恒定（同一 survivor → 同一 artifact → 同一答案）
ecom|s75|r50|NESTED|w1|WORKLOAD,ecom,75,50,NESTED,1,WORKLOAD,10000,1,0.66985,10000,1.0,17.70226,56.79,56.18,2.599718,86.670577,2.599718,2.679615,2.679615,2.599718,0.03,1.0,1.0,33.33845,1.0,0.0,0.0,32.33845,0.0,-3.506711,1058958,35467700,1058958,0.004034,10000,334926,10000,0.05199436,1.73341154,0.05199436,0.05199436,0,1.0,策略间质量恒定（同一 survivor → 同一 artifact → 同一答案）
ecom|s75|r50|NESTED|w1|CAP_10PCT,ecom,75,50,NESTED,1,CAP_10PCT,10000,1,0.66985,10000,1.0,17.70226,56.79,56.18,2.599718,86.670577,86.64562,86.725517,107.900232,2.599718,0.99971,33.32885,33.32885,33.33845,1.0,32.32885,0.0,32.33845,3.506423,-0.000288,1058958,35467700,35348197,0.004034,10000,334926,333797,0.05199436,1.73341154,1.7329124,0.05199436,332797,0.1,策略间质量恒定（同一 survivor → 同一 artifact → 同一答案）
ecom|s75|r50|NESTED|w1|CELL,ecom,75,50,NESTED,1,CELL,10000,1,0.66985,10000,1.0,17.70226,56.79,56.18,2.599718,86.670577,86.938518,86.938271,108.112986,2.599718,1.00309,33.44152,33.44152,33.33845,1.0,32.44152,0.0,32.33845,3.509798,0.003087,1058958,35467700,35467700,0.004034,10000,334926,334926,0.05199436,1.73341154,1.73877036,0.05199436,0,1.0,策略间质量恒定（同一 survivor → 同一 artifact → 同一答案）
ecom|s75|r50|NESTED|w2|WORKLOAD,ecom,75,50,NESTED,2,WORKLOAD,10000,2,0.66985,10000,1.0,17.70226,56.79,56.18,5.19825,173.43642,5.19825,5.358097,5.358097,5.19825,0.02997,1.0,1.0,33.36439,1.0,0.0,0.0,32.36439,0.0,-3.507489,2011724,67379406,2011724,0.004034,20000,669852,20000,0.103965,3.4687284,0.103965,0.103965,0,1.0,策略间质量恒定（同一 survivor → 同一 artifact → 同一答案）
ecom|s75|r50|NESTED|w2|CAP_10PCT,ecom,75,50,NESTED,2,CAP_10PCT,10000,2,0.66985,10000,1.0,17.70226,56.79,56.18,5.19825,173.43642,173.368323,173.528169,215.898566,5.19825,0.99961,33.35129,33.35129,33.36439,1.0,32.35129,0.0,32.36439,3.507096,-0.000393,2011724,67379406,67142867,0.004034,20000,669852,667525,0.103965,3.4687284,3.46736645,0.103965,665525,0.1,策略间质量恒定（同一 survivor → 同一 artifact → 同一答案）
ecom|s75|r50|NESTED|w2|CELL,ecom,75,50,NESTED,2,CELL,10000,2,0.66985,10000,1.0,17.70226,56.79,56.18,5.19825,173.43642,173.972302,173.971807,216.342204,5.19825,1.00309,33.46747,33.46747,33.36439,1.0,32.46747,0.0,32.36439,3.510574,0.003085,2011724,67379406,67379406,0.004034,20000,669852,669852,0.103965,3.4687284,3.47944603,0.103965,0,1.0,策略间质量恒定（同一 survivor → 同一 artifact → 同一答案）
ecom|s75|r50|NESTED|w4|WORKLOAD,ecom,75,50,NESTED,4,WORKLOAD,10000,4,0.66985,10000,1.0,17.70226,56.79,56.18,9.735314,324.86299,9.735314,10.034668,10.034668,9.735314,0.02997,1.0,1.0,33.36954,1.0,0.0,0.0,32.36954,0.0,-3.507644,3727256,124839224,3727256,0.004034,40000,1339704,40000,0.19470628,6.4972598,0.19470628,0.19470628,0,1.0,策略间质量恒定（同一 survivor → 同一 artifact → 同一答案）
ecom|s75|r50|NESTED|w4|CAP_10PCT,ecom,75,50,NESTED,4,CAP_10PCT,10000,4,0.66985,10000,1.0,17.70226,56.79,56.18,9.735314,324.86299,324.766419,325.065773,404.443583,9.735314,0.9997,33.35962,33.35962,33.36954,1.0,32.35962,0.0,32.36954,3.507346,-0.000297,3727256,124839224,124386558,0.004034,40000,1339704,1334970,0.19470628,6.4972598,6.49532838,0.19470628,1330970,0.1,策略间质量恒定（同一 survivor → 同一 artifact → 同一答案）
ecom|s75|r50|NESTED|w4|CELL,ecom,75,50,NESTED,4,CELL,10000,4,0.66985,10000,1.0,17.70226,56.79,56.18,9.735314,324.86299,325.934753,325.933764,405.311574,9.735314,1.0033,33.47963,33.47963,33.36954,1.0,32.47963,0.0,32.36954,3.510937,0.003294,3727256,124839224,124839224,0.004034,40000,1339704,1339704,0.19470628,6.4972598,6.51869506,0.19470628,0,1.0,策略间质量恒定（同一 survivor → 同一 artifact → 同一答案）
ecom|s75|r100|DISJOINT|w1|WORKLOAD,ecom,75,100,DISJOINT,1,WORKLOAD,10000,1,0.75022,10000,1.0,37.136101,56.79,56.73,2.603684,194.141366,2.603684,4.556281,2.603684,2.603684,0.01341,1.0,1.0,74.5641,1.0,0.0,0.0,73.5641,0.0,-4.311659,1058958,79445205,1058958,0.008,10000,750216,10000,0.02603684,1.94141366,0.02603684,0.02603684,0,1.0,策略间质量恒定（同一 survivor → 同一 artifact → 同一答案）
ecom|s75|r100|DISJOINT|w1|CAP_10PCT,ecom,75,100,DISJOINT,1,CAP_10PCT,10000,1,0.75022,10000,1.0,37.136101,56.79,56.73,2.603684,194.141366,194.741539,194.735501,258.939351,2.603684,1.00309,74.79461,74.79461,74.5641,1.0,73.79461,0.0,73.5641,4.314746,0.003087,1058958,79445205,79445205,0.008,10000,750216,750216,0.02603684,1.94141366,1.94741539,0.02603684,749216,0.1,策略间质量恒定（同一 survivor → 同一 artifact → 同一答案）
ecom|s75|r100|DISJOINT|w1|CELL,ecom,75,100,DISJOINT,1,CELL,10000,1,0.75022,10000,1.0,37.136101,56.79,56.73,2.603684,194.141366,194.741539,194.735501,258.939351,2.603684,1.00309,74.79461,74.79461,74.5641,1.0,73.79461,0.0,73.5641,4.314746,0.003087,1058958,79445205,79445205,0.008,10000,750216,750216,0.02603684,1.94141366,1.94741539,0.02603684,0,0.7498,策略间质量恒定（同一 survivor → 同一 artifact → 同一答案）
ecom|s75|r100|DISJOINT|w2|WORKLOAD,ecom,75,100,DISJOINT,2,WORKLOAD,10000,2,0.75053,10000,1.0,37.150005,56.79,56.79,5.202216,388.638714,5.202216,9.105755,5.202216,5.202216,0.01339,1.0,1.0,74.70638,1.0,0.0,0.0,73.70638,0.0,-4.313565,2011724,150980954,2011724,0.008,20000,1501068,20000,0.05202216,3.88638714,0.05202216,0.05202216,0,1.0,策略间质量恒定（同一 survivor → 同一 artifact → 同一答案）
ecom|s75|r100|DISJOINT|w2|CAP_10PCT,ecom,75,100,DISJOINT,2,CAP_10PCT,10000,2,0.75053,10000,1.0,37.150005,56.79,56.79,5.202216,388.638714,389.839568,389.827509,518.150982,5.202216,1.00309,74.93721,74.93721,74.70638,1.0,73.93721,0.0,73.70638,4.316651,0.003085,2011724,150980954,150980954,0.008,20000,1501068,1501068,0.05202216,3.88638714,3.89839568,0.05202216,1499068,0.1,策略间质量恒定（同一 survivor → 同一 artifact → 同一答案）
ecom|s75|r100|DISJOINT|w2|CELL,ecom,75,100,DISJOINT,2,CELL,10000,2,0.75053,10000,1.0,37.150005,56.79,56.79,5.202216,388.638714,389.839568,389.827509,518.150982,5.202216,1.00309,74.93721,74.93721,74.70638,1.0,73.93721,0.0,73.70638,4.316651,0.003085,2011724,150980954,150980954,0.008,20000,1501068,1501068,0.05202216,3.88638714,3.89839568,0.05202216,0,0.7547,策略间质量恒定（同一 survivor → 同一 artifact → 同一答案）
ecom|s75|r100|DISJOINT|w4|WORKLOAD,ecom,75,100,DISJOINT,4,WORKLOAD,10000,4,0.74973,10000,1.0,37.11191,56.79,56.83,9.73928,727.176536,9.73928,16.980846,16.980846,9.73928,0.01339,1.0,1.0,74.6643,1.0,0.0,0.0,73.6643,0.0,-4.313002,3727256,279434890,3727256,0.008,40000,2998936,40000,0.0973928,7.27176536,0.0973928,0.0973928,0,1.0,策略间质量恒定（同一 survivor → 同一 artifact → 同一答案）
ecom|s75|r100|DISJOINT|w4|CAP_10PCT,ecom,75,100,DISJOINT,4,CAP_10PCT,10000,4,0.74973,10000,1.0,37.11191,56.79,56.83,9.73928,727.176536,729.575685,729.551797,965.874796,9.73928,1.0033,74.91064,74.91064,74.6643,1.0,73.91064,0.0,73.6643,4.316296,0.003294,3727256,279434890,279434890,0.008,40000,2998936,2998936,0.0973928,7.27176536,7.29575685,0.0973928,2994936,0.1,策略间质量恒定（同一 survivor → 同一 artifact → 同一答案）
ecom|s75|r100|DISJOINT|w4|CELL,ecom,75,100,DISJOINT,4,CELL,10000,4,0.74973,10000,1.0,37.11191,56.79,56.83,9.73928,727.176536,729.575685,729.551797,965.874796,9.73928,1.0033,74.91064,74.91064,74.6643,1.0,73.91064,0.0,73.6643,4.316296,0.003294,3727256,279434890,279434890,0.008,40000,2998936,2998936,0.0973928,7.27176536,7.29575685,0.0973928,0,0.7441,策略间质量恒定（同一 survivor → 同一 artifact → 同一答案）
ecom|s75|r100|OVERLAP|w1|WORKLOAD,ecom,75,100,OVERLAP,1,WORKLOAD,10000,1,0.60863,10000,1.0,37.585771,56.79,56.86,2.603684,157.482361,2.603684,4.185054,4.185054,2.603684,0.01653,1.0,1.0,60.48444,1.0,0.0,0.0,59.48444,0.0,-4.102386,1058958,64446984,1058958,0.008,10000,608627,10000,0.02603684,1.57482362,0.02603684,0.02603684,0,1.0,策略间质量恒定（同一 survivor → 同一 artifact → 同一答案）
ecom|s75|r100|OVERLAP|w1|CAP_10PCT,ecom,75,100,OVERLAP,1,CAP_10PCT,10000,1,0.60863,10000,1.0,37.585771,56.79,56.86,2.603684,157.482361,157.969263,157.964373,256.539137,2.603684,1.00309,60.67144,60.67144,60.48444,1.0,59.67144,0.0,59.48444,4.105473,0.003087,1058958,64446984,64446984,0.008,10000,608627,608627,0.02603684,1.57482362,1.57969263,0.02603684,607627,0.1,策略间质量恒定（同一 survivor → 同一 artifact → 同一答案）
ecom|s75|r100|OVERLAP|w1|CELL,ecom,75,100,OVERLAP,1,CELL,10000,1,0.60863,10000,1.0,37.585771,56.79,56.86,2.603684,157.482361,157.969263,157.964373,256.539137,2.603684,1.00309,60.67144,60.67144,60.48444,1.0,59.67144,0.0,59.48444,4.105473,0.003087,1058958,64446984,64446984,0.008,10000,608627,608627,0.02603684,1.57482362,1.57969263,0.02603684,0,0.5979,策略间质量恒定（同一 survivor → 同一 artifact → 同一答案）
ecom|s75|r100|OVERLAP|w2|WORKLOAD,ecom,75,100,OVERLAP,2,WORKLOAD,10000,2,0.60902,10000,1.0,37.58739,56.79,56.74,5.202216,315.370269,5.202216,8.369941,8.369941,5.202216,0.0165,1.0,1.0,60.62229,1.0,0.0,0.0,59.62229,0.0,-4.104663,2011724,122521105,2011724,0.008,20000,1218046,20000,0.05202216,3.15370269,0.05202216,0.05202216,0,1.0,策略间质量恒定（同一 survivor → 同一 artifact → 同一答案）
ecom|s75|r100|OVERLAP|w2|CAP_10PCT,ecom,75,100,OVERLAP,2,CAP_10PCT,10000,2,0.60902,10000,1.0,37.58739,56.79,56.74,5.202216,315.370269,316.344706,316.334915,513.360129,5.202216,1.00309,60.80961,60.80961,60.62229,1.0,59.80961,0.0,59.62229,4.107748,0.003085,2011724,122521105,122521105,0.008,20000,1218046,1218046,0.05202216,3.15370269,3.16344706,0.05202216,1216046,0.1,策略间质量恒定（同一 survivor → 同一 artifact → 同一答案）
ecom|s75|r100|OVERLAP|w2|CELL,ecom,75,100,OVERLAP,2,CELL,10000,2,0.60902,10000,1.0,37.58739,56.79,56.74,5.202216,315.370269,316.344706,316.334915,513.360129,5.202216,1.00309,60.80961,60.80961,60.62229,1.0,59.80961,0.0,59.62229,4.107748,0.003085,2011724,122521105,122521105,0.008,20000,1218046,1218046,0.05202216,3.15370269,3.16344706,0.05202216,0,0.6072,策略间质量恒定（同一 survivor → 同一 artifact → 同一答案）
ecom|s75|r100|OVERLAP|w4|WORKLOAD,ecom,75,100,OVERLAP,4,WORKLOAD,10000,4,0.60958,10000,1.0,37.592705,56.79,56.76,9.73928,591.237412,9.73928,15.637458,15.637458,9.73928,0.01647,1.0,1.0,60.70648,1.0,0.0,0.0,59.70648,0.0,-4.10605,3727256,227201980,3727256,0.008,40000,2438328,40000,0.0973928,5.91237412,0.0973928,0.0973928,0,1.0,策略间质量恒定（同一 survivor → 同一 artifact → 同一答案）
ecom|s75|r100|OVERLAP|w4|CAP_10PCT,ecom,75,100,OVERLAP,4,CAP_10PCT,10000,4,0.60958,10000,1.0,37.592705,56.79,56.76,9.73928,591.237412,593.188074,593.168615,961.632662,9.73928,1.0033,60.90677,60.90677,60.70648,1.0,59.90677,0.0,59.70648,4.109344,0.003294,3727256,227201980,227201980,0.008,40000,2438328,2438328,0.0973928,5.91237412,5.93188074,0.0973928,2434328,0.1,策略间质量恒定（同一 survivor → 同一 artifact → 同一答案）
ecom|s75|r100|OVERLAP|w4|CELL,ecom,75,100,OVERLAP,4,CELL,10000,4,0.60958,10000,1.0,37.592705,56.79,56.76,9.73928,591.237412,593.188074,593.168615,961.632662,9.73928,1.0033,60.90677,60.90677,60.70648,1.0,59.90677,0.0,59.70648,4.109344,0.003294,3727256,227201980,227201980,0.008,40000,2438328,2438328,0.0973928,5.91237412,5.93188074,0.0973928,0,0.6085,策略间质量恒定（同一 survivor → 同一 artifact → 同一答案）
ecom|s75|r100|NESTED|w1|WORKLOAD,ecom,75,100,NESTED,1,WORKLOAD,10000,1,0.66808,10000,1.0,35.772226,56.79,56.06,2.60375,172.884096,2.60375,2.644801,2.644801,2.60375,0.01506,1.0,1.0,66.39812,1.0,0.0,0.0,65.39812,0.0,-4.195669,1058958,70748358,1058958,0.008066,10000,668084,10000,0.0260375,1.72884096,0.0260375,0.0260375,0,1.0,策略间质量恒定（同一 survivor → 同一 artifact → 同一答案）
ecom|s75|r100|NESTED|w1|CAP_10PCT,ecom,75,100,NESTED,1,CAP_10PCT,10000,1,0.66808,10000,1.0,35.772226,56.79,56.06,2.60375,172.884096,172.687994,172.729046,226.728254,2.60375,0.99887,66.3228,66.3228,66.39812,1.0,65.3228,0.0,65.39812,4.194534,-0.001135,1058958,70748358,70450248,0.008066,10000,668084,665268,0.0260375,1.72884096,1.72687994,0.0260375,664268,0.1,策略间质量恒定（同一 survivor → 同一 artifact → 同一答案）
ecom|s75|r100|NESTED|w1|CELL,ecom,75,100,NESTED,1,CELL,10000,1,0.66808,10000,1.0,35.772226,56.79,56.06,2.60375,172.884096,173.418563,173.418436,227.417644,2.60375,1.00309,66.60338,66.60338,66.39812,1.0,65.60338,0.0,65.39812,4.198755,0.003087,1058958,70748358,70748358,0.008066,10000,668084,668084,0.0260375,1.72884096,1.73418563,0.0260375,0,1.0,策略间质量恒定（同一 survivor → 同一 artifact → 同一答案）
ecom|s75|r100|NESTED|w2|WORKLOAD,ecom,75,100,NESTED,2,WORKLOAD,10000,2,0.66808,10000,1.0,35.772226,56.79,56.06,5.202282,345.958098,5.202282,5.284439,5.284439,5.202282,0.01504,1.0,1.0,66.50122,1.0,0.0,0.0,65.50122,0.0,-4.19722,2011724,134403482,2011724,0.008066,20000,1336168,20000,0.05202282,3.45958098,0.05202282,0.05202282,0,1.0,策略间质量恒定（同一 survivor → 同一 artifact → 同一答案）
ecom|s75|r100|NESTED|w2|CAP_10PCT,ecom,75,100,NESTED,2,CAP_10PCT,10000,2,0.66808,10000,1.0,35.772226,56.79,56.06,5.202282,345.958098,345.542657,345.624814,453.676651,5.202282,0.9988,66.42136,66.42136,66.50122,1.0,65.42136,0.0,65.50122,4.196019,-0.001202,2011724,134403482,133824457,0.008066,20000,1336168,1330450,0.05202282,3.45958098,3.45542657,0.05202282,1328450,0.1,策略间质量恒定（同一 survivor → 同一 artifact → 同一答案）
ecom|s75|r100|NESTED|w2|CELL,ecom,75,100,NESTED,2,CELL,10000,2,0.66808,10000,1.0,35.772226,56.79,56.06,5.202282,345.958098,347.027032,347.026778,455.078615,5.202282,1.00309,66.70669,66.70669,66.50122,1.0,65.70669,0.0,65.50122,4.200305,0.003085,2011724,134403482,134403482,0.008066,20000,1336168,1336168,0.05202282,3.45958098,3.47027032,0.05202282,0,1.0,策略间质量恒定（同一 survivor → 同一 artifact → 同一答案）
ecom|s75|r100|NESTED|w4|WORKLOAD,ecom,75,100,NESTED,4,WORKLOAD,10000,4,0.66808,10000,1.0,35.772226,56.79,56.06,9.739346,648.012558,9.739346,9.89322,9.89322,9.739346,0.01503,1.0,1.0,66.53553,1.0,0.0,0.0,65.53553,0.0,-4.197736,3727256,249020134,3727256,0.008066,40000,2672336,40000,0.09739346,6.48012558,0.09739346,0.09739346,0,1.0,策略间质量恒定（同一 survivor → 同一 artifact → 同一答案）
ecom|s75|r100|NESTED|w4|CAP_10PCT,ecom,75,100,NESTED,4,CAP_10PCT,10000,4,0.66808,10000,1.0,35.772226,56.79,56.06,9.739346,648.012558,647.350325,647.504199,849.931444,9.739346,0.99898,66.46754,66.46754,66.53553,1.0,65.46754,0.0,65.53553,4.196714,-0.001022,3727256,249020134,247944954,0.008066,40000,2672336,2660882,0.09739346,6.48012558,6.47350325,0.09739346,2656882,0.1,策略间质量恒定（同一 survivor → 同一 artifact → 同一答案）
ecom|s75|r100|NESTED|w4|CELL,ecom,75,100,NESTED,4,CELL,10000,4,0.66808,10000,1.0,35.772226,56.79,56.06,9.739346,648.012558,650.150427,650.149918,852.577164,9.739346,1.0033,66.75504,66.75504,66.53553,1.0,65.75504,0.0,65.53553,4.20103,0.003294,3727256,249020134,249020134,0.008066,40000,2672336,2672336,0.09739346,6.48012558,6.50150427,0.09739346,0,1.0,策略间质量恒定（同一 survivor → 同一 artifact → 同一答案）
ecom|s100|r1|DISJOINT|w1|WORKLOAD,ecom,100,1,DISJOINT,1,WORKLOAD,10000,1,1.0,10000,1.0,0.0,56.79,56.79,2.595766,2.587766,2.595766,2.587766,2.595766,2.587766,1.00309,1.0,1.00309,1.0,1.00309,0.00309,0.00309,0.0,0.0,0.003087,1058958,1058958,1058958,8.2e-05,10000,10000,10000,2.595766,2.587766,2.595766,2.587766,0,1.0,策略间质量恒定（同一 survivor → 同一 artifact → 同一答案）
ecom|s100|r1|DISJOINT|w1|CAP_10PCT,ecom,100,1,DISJOINT,1,CAP_10PCT,10000,1,1.0,10000,1.0,0.0,56.79,56.79,2.595766,2.587766,2.595766,2.587766,2.595766,2.587766,1.00309,1.0,1.00309,1.0,1.00309,0.00309,0.00309,0.0,0.0,0.003087,1058958,1058958,1058958,8.2e-05,10000,10000,10000,2.595766,2.587766,2.595766,2.587766,9000,0.1,策略间质量恒定（同一 survivor → 同一 artifact → 同一答案）
ecom|s100|r1|DISJOINT|w1|CELL,ecom,100,1,DISJOINT,1,CELL,10000,1,1.0,10000,1.0,0.0,56.79,56.79,2.595766,2.587766,2.595766,2.587766,2.595766,2.587766,1.00309,1.0,1.00309,1.0,1.00309,0.00309,0.00309,0.0,0.0,0.003087,1058958,1058958,1058958,8.2e-05,10000,10000,10000,2.595766,2.587766,2.595766,2.587766,0,1.0,策略间质量恒定（同一 survivor → 同一 artifact → 同一答案）
ecom|s100|r1|DISJOINT|w2|WORKLOAD,ecom,100,1,DISJOINT,2,WORKLOAD,10000,2,1.0,10000,1.0,0.0,56.79,56.79,5.194298,5.178298,5.194298,5.178298,5.194298,5.178298,1.00309,1.0,1.00309,1.0,1.00309,0.00309,0.00309,0.0,0.0,0.003085,2011724,2011724,2011724,8.2e-05,20000,20000,20000,5.194298,5.178298,5.194298,5.178298,0,1.0,策略间质量恒定（同一 survivor → 同一 artifact → 同一答案）
ecom|s100|r1|DISJOINT|w2|CAP_10PCT,ecom,100,1,DISJOINT,2,CAP_10PCT,10000,2,1.0,10000,1.0,0.0,56.79,56.79,5.194298,5.178298,5.194298,5.178298,5.194298,5.178298,1.00309,1.0,1.00309,1.0,1.00309,0.00309,0.00309,0.0,0.0,0.003085,2011724,2011724,2011724,8.2e-05,20000,20000,20000,5.194298,5.178298,5.194298,5.178298,18000,0.1,策略间质量恒定（同一 survivor → 同一 artifact → 同一答案）
ecom|s100|r1|DISJOINT|w2|CELL,ecom,100,1,DISJOINT,2,CELL,10000,2,1.0,10000,1.0,0.0,56.79,56.79,5.194298,5.178298,5.194298,5.178298,5.194298,5.178298,1.00309,1.0,1.00309,1.0,1.00309,0.00309,0.00309,0.0,0.0,0.003085,2011724,2011724,2011724,8.2e-05,20000,20000,20000,5.194298,5.178298,5.194298,5.178298,0,1.0,策略间质量恒定（同一 survivor → 同一 artifact → 同一答案）
ecom|s100|r1|DISJOINT|w4|WORKLOAD,ecom,100,1,DISJOINT,4,WORKLOAD,10000,4,1.0,10000,1.0,0.0,56.79,56.79,9.731362,9.699362,9.731362,9.699362,9.731362,9.699362,1.0033,1.0,1.0033,1.0,1.0033,0.0033,0.0033,0.0,0.0,0.003294,3727256,3727256,3727256,8.2e-05,40000,40000,40000,9.731362,9.699362,9.731362,9.699362,0,1.0,策略间质量恒定（同一 survivor → 同一 artifact → 同一答案）
ecom|s100|r1|DISJOINT|w4|CAP_10PCT,ecom,100,1,DISJOINT,4,CAP_10PCT,10000,4,1.0,10000,1.0,0.0,56.79,56.79,9.731362,9.699362,9.731362,9.699362,9.731362,9.699362,1.0033,1.0,1.0033,1.0,1.0033,0.0033,0.0033,0.0,0.0,0.003294,3727256,3727256,3727256,8.2e-05,40000,40000,40000,9.731362,9.699362,9.731362,9.699362,36000,0.1,策略间质量恒定（同一 survivor → 同一 artifact → 同一答案）
ecom|s100|r1|DISJOINT|w4|CELL,ecom,100,1,DISJOINT,4,CELL,10000,4,1.0,10000,1.0,0.0,56.79,56.79,9.731362,9.699362,9.731362,9.699362,9.731362,9.699362,1.0033,1.0,1.0033,1.0,1.0033,0.0033,0.0033,0.0,0.0,0.003294,3727256,3727256,3727256,8.2e-05,40000,40000,40000,9.731362,9.699362,9.731362,9.699362,0,1.0,策略间质量恒定（同一 survivor → 同一 artifact → 同一答案）
ecom|s100|r1|OVERLAP|w1|WORKLOAD,ecom,100,1,OVERLAP,1,WORKLOAD,10000,1,0.7409,7409,0.7409,0.0,56.79,56.8,2.595764,1.917069,1.922996,1.917069,1.917069,1.917069,1.00309,0.74082,1.00309,1.0,1.35403,0.00309,0.35403,0.0,-0.299997,0.003087,1058958,784542,784542,8e-05,10000,7409,7409,2.595764,1.9170685,1.9229957,1.9170685,0,0.7409,策略间质量恒定（同一 survivor → 同一 artifact → 同一答案）
ecom|s100|r1|OVERLAP|w1|CAP_10PCT,ecom,100,1,OVERLAP,1,CAP_10PCT,10000,1,0.7409,7409,0.7409,0.0,56.79,56.8,2.595764,1.917069,1.922996,1.917069,1.917069,1.917069,1.00309,0.74082,1.00309,1.0,1.35403,0.00309,0.35403,0.0,-0.299997,0.003087,1058958,784542,784542,8e-05,10000,7409,7409,2.595764,1.9170685,1.9229957,1.9170685,6409,0.1,策略间质量恒定（同一 survivor → 同一 artifact → 同一答案）
ecom|s100|r1|OVERLAP|w1|CELL,ecom,100,1,OVERLAP,1,CELL,10000,1,0.7409,7409,0.7409,0.0,56.79,56.8,2.595764,1.917069,1.922996,1.917069,1.917069,1.917069,1.00309,0.74082,1.00309,1.0,1.35403,0.00309,0.35403,0.0,-0.299997,0.003087,1058958,784542,784542,8e-05,10000,7409,7409,2.595764,1.9170685,1.9229957,1.9170685,0,0.7409,策略间质量恒定（同一 survivor → 同一 artifact → 同一答案）
ecom|s100|r1|OVERLAP|w2|WORKLOAD,ecom,100,1,OVERLAP,2,WORKLOAD,10000,2,0.7461,7461,0.7461,0.0,56.79,56.84,5.194296,3.864647,3.876585,3.864647,3.864647,3.864647,1.00309,0.74632,1.00309,1.0,1.34405,0.00309,0.34405,0.0,-0.292607,0.003084,2011724,1501427,1501427,8e-05,20000,14922,14922,5.194296,3.864647,3.8765846,3.864647,0,0.7461,策略间质量恒定（同一 survivor → 同一 artifact → 同一答案）
ecom|s100|r1|OVERLAP|w2|CAP_10PCT,ecom,100,1,OVERLAP,2,CAP_10PCT,10000,2,0.7461,7461,0.7461,0.0,56.79,56.84,5.194296,3.864647,3.876585,3.864647,3.864647,3.864647,1.00309,0.74632,1.00309,1.0,1.34405,0.00309,0.34405,0.0,-0.292607,0.003084,2011724,1501427,1501427,8e-05,20000,14922,14922,5.194296,3.864647,3.8765846,3.864647,12922,0.1,策略间质量恒定（同一 survivor → 同一 artifact → 同一答案）
ecom|s100|r1|OVERLAP|w2|CELL,ecom,100,1,OVERLAP,2,CELL,10000,2,0.7461,7461,0.7461,0.0,56.79,56.84,5.194296,3.864647,3.876585,3.864647,3.864647,3.864647,1.00309,0.74632,1.00309,1.0,1.34405,0.00309,0.34405,0.0,-0.292607,0.003084,2011724,1501427,1501427,8e-05,20000,14922,14922,5.194296,3.864647,3.8765846,3.864647,0,0.7461,策略间质量恒定（同一 survivor → 同一 artifact → 同一答案）
ecom|s100|r1|OVERLAP|w4|WORKLOAD,ecom,100,1,OVERLAP,4,WORKLOAD,10000,4,0.7407,7407,0.7407,0.0,56.79,56.73,9.73136,7.183542,7.207244,7.183542,7.183542,7.183542,1.0033,0.74062,1.0033,1.0,1.35467,0.0033,0.35467,0.0,-0.300267,0.003294,3727256,2760428,2760428,8e-05,40000,29628,29628,9.73136,7.183542,7.2072444,7.183542,0,0.7407,策略间质量恒定（同一 survivor → 同一 artifact → 同一答案）
ecom|s100|r1|OVERLAP|w4|CAP_10PCT,ecom,100,1,OVERLAP,4,CAP_10PCT,10000,4,0.7407,7407,0.7407,0.0,56.79,56.73,9.73136,7.183542,7.207244,7.183542,7.183542,7.183542,1.0033,0.74062,1.0033,1.0,1.35467,0.0033,0.35467,0.0,-0.300267,0.003294,3727256,2760428,2760428,8e-05,40000,29628,29628,9.73136,7.183542,7.2072444,7.183542,25628,0.1,策略间质量恒定（同一 survivor → 同一 artifact → 同一答案）
ecom|s100|r1|OVERLAP|w4|CELL,ecom,100,1,OVERLAP,4,CELL,10000,4,0.7407,7407,0.7407,0.0,56.79,56.73,9.73136,7.183542,7.207244,7.183542,7.183542,7.183542,1.0033,0.74062,1.0033,1.0,1.35467,0.0033,0.35467,0.0,-0.300267,0.003294,3727256,2760428,2760428,8e-05,40000,29628,29628,9.73136,7.183542,7.2072444,7.183542,0,0.7407,策略间质量恒定（同一 survivor → 同一 artifact → 同一答案）
ecom|s100|r1|NESTED|w1|WORKLOAD,ecom,100,1,NESTED,1,WORKLOAD,10000,1,1.0,10000,1.0,0.0,56.79,56.79,2.595766,2.587766,2.595766,2.587766,2.595766,2.587766,1.00309,1.0,1.00309,1.0,1.00309,0.00309,0.00309,0.0,0.0,0.003087,1058958,1058958,1058958,8.2e-05,10000,10000,10000,2.595766,2.587766,2.595766,2.587766,0,1.0,策略间质量恒定（同一 survivor → 同一 artifact → 同一答案）
ecom|s100|r1|NESTED|w1|CAP_10PCT,ecom,100,1,NESTED,1,CAP_10PCT,10000,1,1.0,10000,1.0,0.0,56.79,56.79,2.595766,2.587766,2.595766,2.587766,2.595766,2.587766,1.00309,1.0,1.00309,1.0,1.00309,0.00309,0.00309,0.0,0.0,0.003087,1058958,1058958,1058958,8.2e-05,10000,10000,10000,2.595766,2.587766,2.595766,2.587766,9000,0.1,策略间质量恒定（同一 survivor → 同一 artifact → 同一答案）
ecom|s100|r1|NESTED|w1|CELL,ecom,100,1,NESTED,1,CELL,10000,1,1.0,10000,1.0,0.0,56.79,56.79,2.595766,2.587766,2.595766,2.587766,2.595766,2.587766,1.00309,1.0,1.00309,1.0,1.00309,0.00309,0.00309,0.0,0.0,0.003087,1058958,1058958,1058958,8.2e-05,10000,10000,10000,2.595766,2.587766,2.595766,2.587766,0,1.0,策略间质量恒定（同一 survivor → 同一 artifact → 同一答案）
ecom|s100|r1|NESTED|w2|WORKLOAD,ecom,100,1,NESTED,2,WORKLOAD,10000,2,1.0,10000,1.0,0.0,56.79,56.79,5.194298,5.178298,5.194298,5.178298,5.194298,5.178298,1.00309,1.0,1.00309,1.0,1.00309,0.00309,0.00309,0.0,0.0,0.003085,2011724,2011724,2011724,8.2e-05,20000,20000,20000,5.194298,5.178298,5.194298,5.178298,0,1.0,策略间质量恒定（同一 survivor → 同一 artifact → 同一答案）
ecom|s100|r1|NESTED|w2|CAP_10PCT,ecom,100,1,NESTED,2,CAP_10PCT,10000,2,1.0,10000,1.0,0.0,56.79,56.79,5.194298,5.178298,5.194298,5.178298,5.194298,5.178298,1.00309,1.0,1.00309,1.0,1.00309,0.00309,0.00309,0.0,0.0,0.003085,2011724,2011724,2011724,8.2e-05,20000,20000,20000,5.194298,5.178298,5.194298,5.178298,18000,0.1,策略间质量恒定（同一 survivor → 同一 artifact → 同一答案）
ecom|s100|r1|NESTED|w2|CELL,ecom,100,1,NESTED,2,CELL,10000,2,1.0,10000,1.0,0.0,56.79,56.79,5.194298,5.178298,5.194298,5.178298,5.194298,5.178298,1.00309,1.0,1.00309,1.0,1.00309,0.00309,0.00309,0.0,0.0,0.003085,2011724,2011724,2011724,8.2e-05,20000,20000,20000,5.194298,5.178298,5.194298,5.178298,0,1.0,策略间质量恒定（同一 survivor → 同一 artifact → 同一答案）
ecom|s100|r1|NESTED|w4|WORKLOAD,ecom,100,1,NESTED,4,WORKLOAD,10000,4,1.0,10000,1.0,0.0,56.79,56.79,9.731362,9.699362,9.731362,9.699362,9.731362,9.699362,1.0033,1.0,1.0033,1.0,1.0033,0.0033,0.0033,0.0,0.0,0.003294,3727256,3727256,3727256,8.2e-05,40000,40000,40000,9.731362,9.699362,9.731362,9.699362,0,1.0,策略间质量恒定（同一 survivor → 同一 artifact → 同一答案）
ecom|s100|r1|NESTED|w4|CAP_10PCT,ecom,100,1,NESTED,4,CAP_10PCT,10000,4,1.0,10000,1.0,0.0,56.79,56.79,9.731362,9.699362,9.731362,9.699362,9.731362,9.699362,1.0033,1.0,1.0033,1.0,1.0033,0.0033,0.0033,0.0,0.0,0.003294,3727256,3727256,3727256,8.2e-05,40000,40000,40000,9.731362,9.699362,9.731362,9.699362,36000,0.1,策略间质量恒定（同一 survivor → 同一 artifact → 同一答案）
ecom|s100|r1|NESTED|w4|CELL,ecom,100,1,NESTED,4,CELL,10000,4,1.0,10000,1.0,0.0,56.79,56.79,9.731362,9.699362,9.731362,9.699362,9.731362,9.699362,1.0033,1.0,1.0033,1.0,1.0033,0.0033,0.0033,0.0,0.0,0.003294,3727256,3727256,3727256,8.2e-05,40000,40000,40000,9.731362,9.699362,9.731362,9.699362,0,1.0,策略间质量恒定（同一 survivor → 同一 artifact → 同一答案）
ecom|s100|r10|DISJOINT|w1|WORKLOAD,ecom,100,10,DISJOINT,1,WORKLOAD,10000,1,1.0,10000,1.0,4.5,56.79,56.79,2.596504,25.87766,2.596504,5.184188,2.596504,2.596504,0.10034,1.0,1.0,9.96635,1.0,0.0,0.0,8.96635,0.0,-2.299214,1058958,10589580,1058958,0.00082,10000,100000,10000,0.2596504,2.587766,0.2596504,0.2596504,0,1.0,策略间质量恒定（同一 survivor → 同一 artifact → 同一答案）
ecom|s100|r10|DISJOINT|w1|CAP_10PCT,ecom,100,10,DISJOINT,1,CAP_10PCT,10000,1,1.0,10000,1.0,4.5,56.79,56.79,2.596504,25.87766,25.95766,25.94966,25.95766,2.596504,1.00309,9.99716,9.99716,9.96635,1.0,8.99716,0.0,8.96635,2.302301,0.003087,1058958,10589580,10589580,0.00082,10000,100000,100000,0.2596504,2.587766,2.595766,0.2596504,99000,0.1,策略间质量恒定（同一 survivor → 同一 artifact → 同一答案）
ecom|s100|r10|DISJOINT|w1|CELL,ecom,100,10,DISJOINT,1,CELL,10000,1,1.0,10000,1.0,4.5,56.79,56.79,2.596504,25.87766,25.95766,25.94966,25.95766,2.596504,1.00309,9.99716,9.99716,9.96635,1.0,8.99716,0.0,8.96635,2.302301,0.003087,1058958,10589580,10589580,0.00082,10000,100000,100000,0.2596504,2.587766,2.595766,0.2596504,0,1.0,策略间质量恒定（同一 survivor → 同一 artifact → 同一答案）
ecom|s100|r10|DISJOINT|w2|WORKLOAD,ecom,100,10,DISJOINT,2,WORKLOAD,10000,2,1.0,10000,1.0,4.5,56.79,56.79,5.195036,51.78298,5.195036,10.373252,5.195036,5.195036,0.10032,1.0,1.0,9.96778,1.0,0.0,0.0,8.96778,0.0,-2.299358,2011724,20117240,2011724,0.00082,20000,200000,20000,0.5195036,5.178298,0.5195036,0.5195036,0,1.0,策略间质量恒定（同一 survivor → 同一 artifact → 同一答案）
ecom|s100|r10|DISJOINT|w2|CAP_10PCT,ecom,100,10,DISJOINT,2,CAP_10PCT,10000,2,1.0,10000,1.0,4.5,56.79,56.79,5.195036,51.78298,51.94298,51.92698,51.94298,5.195036,1.00309,9.99858,9.99858,9.96778,1.0,8.99858,0.0,8.96778,2.302443,0.003085,2011724,20117240,20117240,0.00082,20000,200000,200000,0.5195036,5.178298,5.194298,0.5195036,198000,0.1,策略间质量恒定（同一 survivor → 同一 artifact → 同一答案）
ecom|s100|r10|DISJOINT|w2|CELL,ecom,100,10,DISJOINT,2,CELL,10000,2,1.0,10000,1.0,4.5,56.79,56.79,5.195036,51.78298,51.94298,51.92698,51.94298,5.195036,1.00309,9.99858,9.99858,9.96778,1.0,8.99858,0.0,8.96778,2.302443,0.003085,2011724,20117240,20117240,0.00082,20000,200000,200000,0.5195036,5.178298,5.194298,0.5195036,0,1.0,策略间质量恒定（同一 survivor → 同一 artifact → 同一答案）
ecom|s100|r10|DISJOINT|w4|WORKLOAD,ecom,100,10,DISJOINT,4,WORKLOAD,10000,4,1.0,10000,1.0,4.5,56.79,56.79,9.7321,96.99362,9.7321,19.43138,9.7321,9.7321,0.10034,1.0,1.0,9.96636,1.0,0.0,0.0,8.96636,0.0,-2.299216,3727256,37272560,3727256,0.00082,40000,400000,40000,0.97321,9.699362,0.97321,0.97321,0,1.0,策略间质量恒定（同一 survivor → 同一 artifact → 同一答案）
ecom|s100|r10|DISJOINT|w4|CAP_10PCT,ecom,100,10,DISJOINT,4,CAP_10PCT,10000,4,1.0,10000,1.0,4.5,56.79,56.79,9.7321,96.99362,97.31362,97.28162,97.31362,9.7321,1.0033,9.99924,9.99924,9.96636,1.0,8.99924,0.0,8.96636,2.302509,0.003294,3727256,37272560,37272560,0.00082,40000,400000,400000,0.97321,9.699362,9.731362,0.97321,396000,0.1,策略间质量恒定（同一 survivor → 同一 artifact → 同一答案）
ecom|s100|r10|DISJOINT|w4|CELL,ecom,100,10,DISJOINT,4,CELL,10000,4,1.0,10000,1.0,4.5,56.79,56.79,9.7321,96.99362,97.31362,97.28162,97.31362,9.7321,1.0033,9.99924,9.99924,9.96636,1.0,8.99924,0.0,8.96636,2.302509,0.003294,3727256,37272560,37272560,0.00082,40000,400000,400000,0.97321,9.699362,9.731362,0.97321,0,1.0,策略间质量恒定（同一 survivor → 同一 artifact → 同一答案）
ecom|s100|r10|OVERLAP|w1|WORKLOAD,ecom,100,10,OVERLAP,1,WORKLOAD,10000,1,0.74604,9995,0.9995,3.741033,56.79,56.8,2.596484,19.306138,2.595197,4.511149,4.511149,2.595197,0.13442,0.9995,1.0,7.43918,1.0005,0.0,0.0005,6.43918,-0.000496,-2.00676,1058958,7900578,1058434,0.0008,10000,74604,9995,0.2596484,1.9306138,0.25951975,0.25951975,0,0.9995,策略间质量恒定（同一 survivor → 同一 artifact → 同一答案）
ecom|s100|r10|OVERLAP|w1|CAP_10PCT,ecom,100,10,OVERLAP,1,CAP_10PCT,10000,1,0.74604,9995,0.9995,3.741033,56.79,56.8,2.596484,19.306138,19.365821,19.359894,23.942521,2.595197,1.00309,7.45848,7.46218,7.43918,1.0005,6.46218,0.0005,6.43918,2.009351,0.003087,1058958,7900578,7900578,0.0008,10000,74604,74604,0.2596484,1.9306138,1.93658212,0.25951975,73604,0.1,策略间质量恒定（同一 survivor → 同一 artifact → 同一答案）
ecom|s100|r10|OVERLAP|w1|CELL,ecom,100,10,OVERLAP,1,CELL,10000,1,0.74604,9995,0.9995,3.741033,56.79,56.8,2.596484,19.306138,19.365821,19.359894,23.942521,2.595197,1.00309,7.45848,7.46218,7.43918,1.0005,6.46218,0.0005,6.43918,2.009351,0.003087,1058958,7900578,7900578,0.0008,10000,74604,74604,0.2596484,1.9306138,1.93658212,0.25951975,0,0.7466,策略间质量恒定（同一 survivor → 同一 artifact → 同一答案）
ecom|s100|r10|OVERLAP|w2|WORKLOAD,ecom,100,10,OVERLAP,2,WORKLOAD,10000,2,0.74723,9997,0.9997,3.740107,56.79,56.84,5.195016,38.695561,5.19345,9.055402,9.055402,5.19345,0.13421,0.9997,1.0,7.45084,1.0003,0.0,0.0003,6.45084,-0.000301,-2.008327,2011724,15033221,2011111,0.0008,20000,149446,19994,0.5195016,3.8695561,0.51934502,0.51934502,0,0.9997,策略间质量恒定（同一 survivor → 同一 artifact → 同一答案）
ecom|s100|r10|OVERLAP|w2|CAP_10PCT,ecom,100,10,OVERLAP,2,CAP_10PCT,10000,2,0.74723,9997,0.9997,3.740107,56.79,56.84,5.195016,38.695561,38.815118,38.80318,47.976097,5.19345,1.00309,7.47161,7.47386,7.45084,1.0003,6.47386,0.0003,6.45084,2.01111,0.003085,2011724,15033221,15033221,0.0008,20000,149446,149446,0.5195016,3.8695561,3.88151178,0.51934502,147446,0.1,策略间质量恒定（同一 survivor → 同一 artifact → 同一答案）
ecom|s100|r10|OVERLAP|w2|CELL,ecom,100,10,OVERLAP,2,CELL,10000,2,0.74723,9997,0.9997,3.740107,56.79,56.84,5.195016,38.695561,38.815118,38.80318,47.976097,5.19345,1.00309,7.47161,7.47386,7.45084,1.0003,6.47386,0.0003,6.45084,2.01111,0.003085,2011724,15033221,15033221,0.0008,20000,149446,149446,0.5195016,3.8695561,3.88151178,0.51934502,0,0.752,策略间质量恒定（同一 survivor → 同一 artifact → 同一答案）
ecom|s100|r10|OVERLAP|w4|WORKLOAD,ecom,100,10,OVERLAP,4,WORKLOAD,10000,4,0.74599,9997,0.9997,3.739527,56.79,56.73,9.73208,72.359934,9.729172,16.904693,16.904693,9.729172,0.13446,0.9997,1.0,7.43742,1.0003,0.0,0.0003,6.43742,-0.000299,-2.006524,3727256,27806792,3726142,0.0008,40000,298396,39988,0.973208,7.2359934,0.97291724,0.97291724,0,0.9997,策略间质量恒定（同一 survivor → 同一 artifact → 同一答案）
ecom|s100|r10|OVERLAP|w4|CAP_10PCT,ecom,100,10,OVERLAP,4,CAP_10PCT,10000,4,0.74599,9997,0.9997,3.739527,56.79,56.73,9.73208,72.359934,72.598651,72.574948,89.916283,9.729172,1.0033,7.45973,7.46196,7.43742,1.0003,6.46196,0.0003,6.43742,2.009519,0.003294,3727256,27806792,27806792,0.0008,40000,298396,298396,0.973208,7.2359934,7.25986508,0.97291724,294396,0.1,策略间质量恒定（同一 survivor → 同一 artifact → 同一答案）
ecom|s100|r10|OVERLAP|w4|CELL,ecom,100,10,OVERLAP,4,CELL,10000,4,0.74599,9997,0.9997,3.739527,56.79,56.73,9.73208,72.359934,72.598651,72.574948,89.916283,9.729172,1.0033,7.45973,7.46196,7.43742,1.0003,6.46196,0.0003,6.43742,2.009519,0.003294,3727256,27806792,27806792,0.0008,40000,298396,298396,0.973208,7.2359934,7.25986508,0.97291724,0,0.7512,策略间质量恒定（同一 survivor → 同一 artifact → 同一答案）
ecom|s100|r10|NESTED|w1|WORKLOAD,ecom,100,10,NESTED,1,WORKLOAD,10000,1,0.77242,10000,1.0,3.530113,56.79,56.87,2.596494,19.988133,2.596494,3.079378,3.079378,2.596494,0.1299,1.0,1.0,7.69812,1.0,0.0,0.0,6.69812,0.0,-2.040977,1058958,8179595,1058958,0.00081,10000,77242,10000,0.2596494,1.9988133,0.2596494,0.2596494,0,1.0,策略间质量恒定（同一 survivor → 同一 artifact → 同一答案）
ecom|s100|r10|NESTED|w1|CAP_10PCT,ecom,100,10,NESTED,1,CAP_10PCT,10000,1,0.77242,10000,1.0,3.530113,56.79,56.87,2.596494,19.988133,20.049927,20.048433,20.048433,2.596494,1.00309,7.72192,7.72192,7.69812,1.0,6.72192,0.0,6.69812,2.044063,0.003087,1058958,8179595,8179595,0.00081,10000,77242,77242,0.2596494,1.9988133,2.00499266,0.2596494,76242,0.1,策略间质量恒定（同一 survivor → 同一 artifact → 同一答案）
ecom|s100|r10|NESTED|w1|CELL,ecom,100,10,NESTED,1,CELL,10000,1,0.77242,10000,1.0,3.530113,56.79,56.87,2.596494,19.988133,20.049927,20.048433,20.048433,2.596494,1.00309,7.72192,7.72192,7.69812,1.0,6.72192,0.0,6.69812,2.044063,0.003087,1058958,8179595,8179595,0.00081,10000,77242,77242,0.2596494,1.9988133,2.00499266,0.2596494,0,1.0,策略间质量恒定（同一 survivor → 同一 artifact → 同一答案）
ecom|s100|r10|NESTED|w2|WORKLOAD,ecom,100,10,NESTED,2,WORKLOAD,10000,2,0.77242,10000,1.0,3.530113,56.79,56.87,5.195026,39.998128,5.195026,6.161571,6.161571,5.195026,0.12988,1.0,1.0,7.69931,1.0,0.0,0.0,6.69931,0.0,-2.041131,2011724,15539054,2011724,0.00081,20000,154484,20000,0.5195026,3.9998128,0.5195026,0.5195026,0,1.0,策略间质量恒定（同一 survivor → 同一 artifact → 同一答案）
ecom|s100|r10|NESTED|w2|CAP_10PCT,ecom,100,10,NESTED,2,CAP_10PCT,10000,2,0.77242,10000,1.0,3.530113,56.79,56.87,5.195026,39.998128,40.121715,40.118728,40.118728,5.195026,1.00309,7.7231,7.7231,7.69931,1.0,6.7231,0.0,6.69931,2.044216,0.003085,2011724,15539054,15539054,0.00081,20000,154484,154484,0.5195026,3.9998128,4.01217152,0.5195026,152484,0.1,策略间质量恒定（同一 survivor → 同一 artifact → 同一答案）
ecom|s100|r10|NESTED|w2|CELL,ecom,100,10,NESTED,2,CELL,10000,2,0.77242,10000,1.0,3.530113,56.79,56.87,5.195026,39.998128,40.121715,40.118728,40.118728,5.195026,1.00309,7.7231,7.7231,7.69931,1.0,6.7231,0.0,6.69931,2.044216,0.003085,2011724,15539054,15539054,0.00081,20000,154484,154484,0.5195026,3.9998128,4.01217152,0.5195026,0,1.0,策略间质量恒定（同一 survivor → 同一 artifact → 同一答案）
ecom|s100|r10|NESTED|w4|WORKLOAD,ecom,100,10,NESTED,4,WORKLOAD,10000,4,0.77242,10000,1.0,3.530113,56.79,56.87,9.73209,74.920146,9.73209,11.542736,11.542736,9.73209,0.1299,1.0,1.0,7.69826,1.0,0.0,0.0,6.69826,0.0,-2.040994,3727256,28790374,3727256,0.00081,40000,308968,40000,0.973209,7.4920146,0.973209,0.973209,0,1.0,策略间质量恒定（同一 survivor → 同一 artifact → 同一答案）
ecom|s100|r10|NESTED|w4|CAP_10PCT,ecom,100,10,NESTED,4,CAP_10PCT,10000,4,0.77242,10000,1.0,3.530113,56.79,56.87,9.73209,74.920146,75.16732,75.161346,75.161346,9.73209,1.0033,7.72366,7.72366,7.69826,1.0,6.72366,0.0,6.69826,2.044288,0.003294,3727256,28790374,28790374,0.00081,40000,308968,308968,0.973209,7.4920146,7.51673204,0.973209,304968,0.1,策略间质量恒定（同一 survivor → 同一 artifact → 同一答案）
ecom|s100|r10|NESTED|w4|CELL,ecom,100,10,NESTED,4,CELL,10000,4,0.77242,10000,1.0,3.530113,56.79,56.87,9.73209,74.920146,75.16732,75.161346,75.161346,9.73209,1.0033,7.72366,7.72366,7.69826,1.0,6.72366,0.0,6.69826,2.044288,0.003294,3727256,28790374,28790374,0.00081,40000,308968,308968,0.973209,7.4920146,7.51673204,0.973209,0,1.0,策略间质量恒定（同一 survivor → 同一 artifact → 同一答案）
ecom|s100|r50|DISJOINT|w1|WORKLOAD,ecom,100,50,DISJOINT,1,WORKLOAD,10000,1,1.0,10000,1.0,24.5,56.79,56.79,2.599784,129.3883,2.599784,5.187468,2.599784,2.599784,0.02009,1.0,1.0,49.76887,1.0,0.0,0.0,48.76887,0.0,-3.90739,1058958,52947900,1058958,0.0041,10000,500000,10000,0.05199568,2.587766,0.05199568,0.05199568,0,1.0,策略间质量恒定（同一 survivor → 同一 artifact → 同一答案）
ecom|s100|r50|DISJOINT|w1|CAP_10PCT,ecom,100,50,DISJOINT,1,CAP_10PCT,10000,1,1.0,10000,1.0,24.5,56.79,56.79,2.599784,129.3883,129.7883,129.7803,129.7883,2.599784,1.00309,49.92272,49.92272,49.76887,1.0,48.92272,0.0,48.76887,3.910476,0.003087,1058958,52947900,52947900,0.0041,10000,500000,500000,0.05199568,2.587766,2.595766,0.05199568,499000,0.1,策略间质量恒定（同一 survivor → 同一 artifact → 同一答案）
ecom|s100|r50|DISJOINT|w1|CELL,ecom,100,50,DISJOINT,1,CELL,10000,1,1.0,10000,1.0,24.5,56.79,56.79,2.599784,129.3883,129.7883,129.7803,129.7883,2.599784,1.00309,49.92272,49.92272,49.76887,1.0,48.92272,0.0,48.76887,3.910476,0.003087,1058958,52947900,52947900,0.0041,10000,500000,500000,0.05199568,2.587766,2.595766,0.05199568,0,1.0,策略间质量恒定（同一 survivor → 同一 artifact → 同一答案）
ecom|s100|r50|DISJOINT|w2|WORKLOAD,ecom,100,50,DISJOINT,2,WORKLOAD,10000,2,1.0,10000,1.0,24.5,56.79,56.79,5.198316,258.9149,5.198316,10.376532,5.198316,5.198316,0.02008,1.0,1.0,49.80746,1.0,0.0,0.0,48.80746,0.0,-3.908165,2011724,100586200,2011724,0.0041,20000,1000000,20000,0.10396632,5.178298,0.10396632,0.10396632,0,1.0,策略间质量恒定（同一 survivor → 同一 artifact → 同一答案）
ecom|s100|r50|DISJOINT|w2|CAP_10PCT,ecom,100,50,DISJOINT,2,CAP_10PCT,10000,2,1.0,10000,1.0,24.5,56.79,56.79,5.198316,258.9149,259.7149,259.6989,259.7149,5.198316,1.00309,49.96135,49.96135,49.80746,1.0,48.96135,0.0,48.80746,3.91125,0.003085,2011724,100586200,100586200,0.0041,20000,1000000,1000000,0.10396632,5.178298,5.194298,0.10396632,998000,0.1,策略间质量恒定（同一 survivor → 同一 artifact → 同一答案）
ecom|s100|r50|DISJOINT|w2|CELL,ecom,100,50,DISJOINT,2,CELL,10000,2,1.0,10000,1.0,24.5,56.79,56.79,5.198316,258.9149,259.7149,259.6989,259.7149,5.198316,1.00309,49.96135,49.96135,49.80746,1.0,48.96135,0.0,48.80746,3.91125,0.003085,2011724,100586200,100586200,0.0041,20000,1000000,1000000,0.10396632,5.178298,5.194298,0.10396632,0,1.0,策略间质量恒定（同一 survivor → 同一 artifact → 同一答案）
ecom|s100|r50|DISJOINT|w4|WORKLOAD,ecom,100,50,DISJOINT,4,WORKLOAD,10000,4,1.0,10000,1.0,24.5,56.79,56.79,9.73538,484.9681,9.73538,19.43466,9.73538,9.73538,0.02007,1.0,1.0,49.81501,1.0,0.0,0.0,48.81501,0.0,-3.908316,3727256,186362800,3727256,0.0041,40000,2000000,40000,0.1947076,9.699362,0.1947076,0.1947076,0,1.0,策略间质量恒定（同一 survivor → 同一 artifact → 同一答案）
ecom|s100|r50|DISJOINT|w4|CAP_10PCT,ecom,100,50,DISJOINT,4,CAP_10PCT,10000,4,1.0,10000,1.0,24.5,56.79,56.79,9.73538,484.9681,486.5681,486.5361,486.5681,9.73538,1.0033,49.97936,49.97936,49.81501,1.0,48.97936,0.0,48.81501,3.91161,0.003294,3727256,186362800,186362800,0.0041,40000,2000000,2000000,0.1947076,9.699362,9.731362,0.1947076,1996000,0.1,策略间质量恒定（同一 survivor → 同一 artifact → 同一答案）
ecom|s100|r50|DISJOINT|w4|CELL,ecom,100,50,DISJOINT,4,CELL,10000,4,1.0,10000,1.0,24.5,56.79,56.79,9.73538,484.9681,486.5681,486.5361,486.5681,9.73538,1.0033,49.97936,49.97936,49.81501,1.0,48.97936,0.0,48.81501,3.91161,0.003294,3727256,186362800,186362800,0.0041,40000,2000000,2000000,0.1947076,9.699362,9.731362,0.1947076,0,1.0,策略间质量恒定（同一 survivor → 同一 artifact → 同一答案）
ecom|s100|r50|OVERLAP|w1|WORKLOAD,ecom,100,50,OVERLAP,1,WORKLOAD,10000,1,0.74777,10000,1.0,20.366371,56.79,56.8,2.599684,96.763545,2.599684,4.516673,4.516673,2.599684,0.02687,1.0,1.0,37.22127,1.0,0.0,0.0,36.22127,0.0,-3.61688,1058958,39598225,1058958,0.004,10000,373886,10000,0.05199368,1.9352709,0.05199368,0.05199368,0,1.0,策略间质量恒定（同一 survivor → 同一 artifact → 同一答案）
ecom|s100|r50|OVERLAP|w1|CAP_10PCT,ecom,100,50,OVERLAP,1,CAP_10PCT,10000,1,0.74777,10000,1.0,20.366371,56.79,56.8,2.599684,96.763545,97.062654,97.056727,127.773081,2.599684,1.00309,37.33633,37.33633,37.22127,1.0,36.33633,0.0,36.22127,3.619967,0.003086,1058958,39598225,39598225,0.004,10000,373886,373886,0.05199368,1.9352709,1.94125308,0.05199368,372886,0.1,策略间质量恒定（同一 survivor → 同一 artifact → 同一答案）
ecom|s100|r50|OVERLAP|w1|CELL,ecom,100,50,OVERLAP,1,CELL,10000,1,0.74777,10000,1.0,20.366371,56.79,56.8,2.599684,96.763545,97.062654,97.056727,127.773081,2.599684,1.00309,37.33633,37.33633,37.22127,1.0,36.33633,0.0,36.22127,3.619967,0.003086,1058958,39598225,39598225,0.004,10000,373886,373886,0.05199368,1.9352709,1.94125308,0.05199368,0,0.7511,策略间质量恒定（同一 survivor → 同一 artifact → 同一答案）
ecom|s100|r50|OVERLAP|w2|WORKLOAD,ecom,100,50,OVERLAP,2,WORKLOAD,10000,2,0.74739,10000,1.0,20.365681,56.79,56.84,5.198216,193.527867,5.198216,9.062783,9.062783,5.198216,0.02686,1.0,1.0,37.22967,1.0,0.0,0.0,36.22967,0.0,-3.617106,2011724,75185987,2011724,0.004,20000,747394,20000,0.10396432,3.87055734,0.10396432,0.10396432,0,1.0,策略间质量恒定（同一 survivor → 同一 artifact → 同一答案）
ecom|s100|r50|OVERLAP|w2|CAP_10PCT,ecom,100,50,OVERLAP,2,CAP_10PCT,10000,2,0.74739,10000,1.0,20.365681,56.79,56.84,5.198216,193.527867,194.125782,194.113845,255.747937,5.198216,1.00309,37.34469,37.34469,37.22967,1.0,36.34469,0.0,36.22967,3.620191,0.003085,2011724,75185987,75185987,0.004,20000,747394,747394,0.10396432,3.87055734,3.88251564,0.10396432,745394,0.1,策略间质量恒定（同一 survivor → 同一 artifact → 同一答案）
ecom|s100|r50|OVERLAP|w2|CELL,ecom,100,50,OVERLAP,2,CELL,10000,2,0.74739,10000,1.0,20.365681,56.79,56.84,5.198216,193.527867,194.125782,194.113845,255.747937,5.198216,1.00309,37.34469,37.34469,37.22967,1.0,36.34469,0.0,36.22967,3.620191,0.003085,2011724,75185987,75185987,0.004,20000,747394,747394,0.10396432,3.87055734,3.88251564,0.10396432,0,0.7507,策略间质量恒定（同一 survivor → 同一 artifact → 同一答案）
ecom|s100|r50|OVERLAP|w4|WORKLOAD,ecom,100,50,OVERLAP,4,WORKLOAD,10000,4,0.74723,10000,1.0,20.361197,56.79,56.73,9.73528,362.413722,9.73528,16.918742,16.918742,9.73528,0.02686,1.0,1.0,37.22684,1.0,0.0,0.0,36.22684,0.0,-3.61703,3727256,139271816,3727256,0.004,40000,1494452,40000,0.1947056,7.24827444,0.1947056,0.1947056,0,1.0,策略间质量恒定（同一 survivor → 同一 artifact → 同一答案）
ecom|s100|r50|OVERLAP|w4|CAP_10PCT,ecom,100,50,OVERLAP,4,CAP_10PCT,10000,4,0.74723,10000,1.0,20.361197,56.79,56.73,9.73528,362.413722,363.609284,363.585581,479.170683,9.73528,1.0033,37.34965,37.34965,37.22684,1.0,36.34965,0.0,36.22684,3.620323,0.003293,3727256,139271816,139271816,0.004,40000,1494452,1494452,0.1947056,7.24827444,7.27218567,0.1947056,1490452,0.1,策略间质量恒定（同一 survivor → 同一 artifact → 同一答案）
ecom|s100|r50|OVERLAP|w4|CELL,ecom,100,50,OVERLAP,4,CELL,10000,4,0.74723,10000,1.0,20.361197,56.79,56.73,9.73528,362.413722,363.609284,363.585581,479.170683,9.73528,1.0033,37.34965,37.34965,37.22684,1.0,36.34965,0.0,36.22684,3.620323,0.003293,3727256,139271816,139271816,0.004,40000,1494452,1494452,0.1947056,7.24827444,7.27218567,0.1947056,0,0.749,策略间质量恒定（同一 survivor → 同一 artifact → 同一答案）
ecom|s100|r50|NESTED|w1|WORKLOAD,ecom,100,50,NESTED,1,WORKLOAD,10000,1,0.75488,10000,1.0,19.10031,56.79,56.77,2.599734,97.672602,2.599734,2.70642,2.70642,2.599734,0.02662,1.0,1.0,37.57023,1.0,0.0,0.0,36.57023,0.0,-3.626212,1058958,39969768,1058958,0.00405,10000,377441,10000,0.05199468,1.95345205,0.05199468,0.05199468,0,1.0,策略间质量恒定（同一 survivor → 同一 artifact → 同一答案）
ecom|s100|r50|NESTED|w1|CAP_10PCT,ecom,100,50,NESTED,1,CAP_10PCT,10000,1,0.75488,10000,1.0,19.10031,56.79,56.77,2.599734,97.672602,97.78674,97.893426,110.999244,2.599734,1.00117,37.61413,37.61413,37.57023,1.0,36.61413,0.0,36.57023,3.62738,0.001168,1058958,39969768,39893111,0.00405,10000,377441,376717,0.05199468,1.95345205,1.9557348,0.05199468,375717,0.1,策略间质量恒定（同一 survivor → 同一 artifact → 同一答案）
ecom|s100|r50|NESTED|w1|CELL,ecom,100,50,NESTED,1,CELL,10000,1,0.75488,10000,1.0,19.10031,56.79,56.77,2.599734,97.672602,97.974555,97.974226,111.080043,2.599734,1.00309,37.68638,37.68638,37.57023,1.0,36.68638,0.0,36.57023,3.629299,0.003087,1058958,39969768,39969768,0.00405,10000,377441,377441,0.05199468,1.95345205,1.95949111,0.05199468,0,1.0,策略间质量恒定（同一 survivor → 同一 artifact → 同一答案）
ecom|s100|r50|NESTED|w2|WORKLOAD,ecom,100,50,NESTED,2,WORKLOAD,10000,2,0.75488,10000,1.0,19.10031,56.79,56.77,5.198266,195.451581,5.198266,5.41175,5.41175,5.198266,0.0266,1.0,1.0,37.59938,1.0,0.0,0.0,36.59938,0.0,-3.626988,2011724,75931903,2011724,0.00405,20000,754882,20000,0.10396532,3.90903162,0.10396532,0.10396532,0,1.0,策略间质量恒定（同一 survivor → 同一 artifact → 同一答案）
ecom|s100|r50|NESTED|w2|CAP_10PCT,ecom,100,50,NESTED,2,CAP_10PCT,10000,2,0.75488,10000,1.0,19.10031,56.79,56.77,5.198266,195.451581,195.653078,195.866562,222.091465,5.198266,1.00103,37.63814,37.63814,37.59938,1.0,36.63814,0.0,36.59938,3.628018,0.00103,2011724,75931903,75772114,0.00405,20000,754882,753332,0.10396532,3.90903162,3.91306155,0.10396532,751332,0.1,策略间质量恒定（同一 survivor → 同一 artifact → 同一答案）
ecom|s100|r50|NESTED|w2|CELL,ecom,100,50,NESTED,2,CELL,10000,2,0.75488,10000,1.0,19.10031,56.79,56.77,5.198266,195.451581,196.055487,196.054827,222.279731,5.198266,1.00309,37.71555,37.71555,37.59938,1.0,36.71555,0.0,36.59938,3.630073,0.003085,2011724,75931903,75931903,0.00405,20000,754882,754882,0.10396532,3.90903162,3.92110973,0.10396532,0,1.0,策略间质量恒定（同一 survivor → 同一 artifact → 同一答案）
ecom|s100|r50|NESTED|w4|WORKLOAD,ecom,100,50,NESTED,4,WORKLOAD,10000,4,0.75488,10000,1.0,19.10031,56.79,56.77,9.73533,366.098432,9.73533,10.135218,10.135218,9.73533,0.02659,1.0,1.0,37.60514,1.0,0.0,0.0,36.60514,0.0,-3.627141,3727256,140684794,3727256,0.00405,40000,1509764,40000,0.1947066,7.32196864,0.1947066,0.1947066,0,1.0,策略间质量恒定（同一 survivor → 同一 artifact → 同一答案）
ecom|s100|r50|NESTED|w4|CAP_10PCT,ecom,100,50,NESTED,4,CAP_10PCT,10000,4,0.75488,10000,1.0,19.10031,56.79,56.77,9.73533,366.098432,366.526091,366.925979,416.056581,9.73533,1.00117,37.64907,37.64907,37.60514,1.0,36.64907,0.0,36.60514,3.628308,0.001167,3727256,140684794,140383522,0.00405,40000,1509764,1506656,0.1947066,7.32196864,7.33052182,0.1947066,1502656,0.1,策略间质量恒定（同一 survivor → 同一 artifact → 同一答案）
ecom|s100|r50|NESTED|w4|CELL,ecom,100,50,NESTED,4,CELL,10000,4,0.75488,10000,1.0,19.10031,56.79,56.77,9.73533,366.098432,367.306243,367.304925,416.435527,9.73533,1.0033,37.7292,37.7292,37.60514,1.0,36.7292,0.0,36.60514,3.630434,0.003294,3727256,140684794,140684794,0.00405,40000,1509764,1509764,0.1947066,7.32196864,7.34612486,0.1947066,0,1.0,策略间质量恒定（同一 survivor → 同一 artifact → 同一答案）
ecom|s100|r100|DISJOINT|w1|WORKLOAD,ecom,100,100,DISJOINT,1,WORKLOAD,10000,1,1.0,10000,1.0,49.5,56.79,56.79,2.603884,258.7766,2.603884,5.191568,2.603884,2.603884,0.01006,1.0,1.0,99.381,1.0,0.0,0.0,98.381,0.0,-4.598961,1058958,105895800,1058958,0.0082,10000,1000000,10000,0.02603884,2.587766,0.02603884,0.02603884,0,1.0,策略间质量恒定（同一 survivor → 同一 artifact → 同一答案）
ecom|s100|r100|DISJOINT|w1|CAP_10PCT,ecom,100,100,DISJOINT,1,CAP_10PCT,10000,1,1.0,10000,1.0,49.5,56.79,56.79,2.603884,258.7766,259.5766,259.5686,259.5766,2.603884,1.00309,99.68823,99.68823,99.381,1.0,98.68823,0.0,98.381,4.602048,0.003087,1058958,105895800,105895800,0.0082,10000,1000000,1000000,0.02603884,2.587766,2.595766,0.02603884,999000,0.1,策略间质量恒定（同一 survivor → 同一 artifact → 同一答案）
ecom|s100|r100|DISJOINT|w1|CELL,ecom,100,100,DISJOINT,1,CELL,10000,1,1.0,10000,1.0,49.5,56.79,56.79,2.603884,258.7766,259.5766,259.5686,259.5766,2.603884,1.00309,99.68823,99.68823,99.381,1.0,98.68823,0.0,98.381,4.602048,0.003087,1058958,105895800,105895800,0.0082,10000,1000000,1000000,0.02603884,2.587766,2.595766,0.02603884,0,1.0,策略间质量恒定（同一 survivor → 同一 artifact → 同一答案）
ecom|s100|r100|DISJOINT|w2|WORKLOAD,ecom,100,100,DISJOINT,2,WORKLOAD,10000,2,1.0,10000,1.0,49.5,56.79,56.79,5.202416,517.8298,5.202416,10.380632,5.202416,5.202416,0.01005,1.0,1.0,99.53641,1.0,0.0,0.0,98.53641,0.0,-4.600523,2011724,201172400,2011724,0.0082,20000,2000000,20000,0.05202416,5.178298,0.05202416,0.05202416,0,1.0,策略间质量恒定（同一 survivor → 同一 artifact → 同一答案）
ecom|s100|r100|DISJOINT|w2|CAP_10PCT,ecom,100,100,DISJOINT,2,CAP_10PCT,10000,2,1.0,10000,1.0,49.5,56.79,56.79,5.202416,517.8298,519.4298,519.4138,519.4298,5.202416,1.00309,99.84396,99.84396,99.53641,1.0,98.84396,0.0,98.53641,4.603609,0.003085,2011724,201172400,201172400,0.0082,20000,2000000,2000000,0.05202416,5.178298,5.194298,0.05202416,1998000,0.1,策略间质量恒定（同一 survivor → 同一 artifact → 同一答案）
ecom|s100|r100|DISJOINT|w2|CELL,ecom,100,100,DISJOINT,2,CELL,10000,2,1.0,10000,1.0,49.5,56.79,56.79,5.202416,517.8298,519.4298,519.4138,519.4298,5.202416,1.00309,99.84396,99.84396,99.53641,1.0,98.84396,0.0,98.53641,4.603609,0.003085,2011724,201172400,201172400,0.0082,20000,2000000,2000000,0.05202416,5.178298,5.194298,0.05202416,0,1.0,策略间质量恒定（同一 survivor → 同一 artifact → 同一答案）
ecom|s100|r100|DISJOINT|w4|WORKLOAD,ecom,100,100,DISJOINT,4,WORKLOAD,10000,4,1.0,10000,1.0,49.5,56.79,56.79,9.73948,969.9362,9.73948,19.43876,9.73948,9.73948,0.01004,1.0,1.0,99.58809,1.0,0.0,0.0,98.58809,0.0,-4.601043,3727256,372725600,3727256,0.0082,40000,4000000,40000,0.0973948,9.699362,0.0973948,0.0973948,0,1.0,策略间质量恒定（同一 survivor → 同一 artifact → 同一答案）
ecom|s100|r100|DISJOINT|w4|CAP_10PCT,ecom,100,100,DISJOINT,4,CAP_10PCT,10000,4,1.0,10000,1.0,49.5,56.79,56.79,9.73948,969.9362,973.1362,973.1042,973.1362,9.73948,1.0033,99.91665,99.91665,99.58809,1.0,98.91665,0.0,98.58809,4.604336,0.003294,3727256,372725600,372725600,0.0082,40000,4000000,4000000,0.0973948,9.699362,9.731362,0.0973948,3996000,0.1,策略间质量恒定（同一 survivor → 同一 artifact → 同一答案）
ecom|s100|r100|DISJOINT|w4|CELL,ecom,100,100,DISJOINT,4,CELL,10000,4,1.0,10000,1.0,49.5,56.79,56.79,9.73948,969.9362,973.1362,973.1042,973.1362,9.73948,1.0033,99.91665,99.91665,99.58809,1.0,98.91665,0.0,98.58809,4.604336,0.003294,3727256,372725600,372725600,0.0082,40000,4000000,4000000,0.0973948,9.699362,9.731362,0.0973948,0,1.0,策略间质量恒定（同一 survivor → 同一 artifact → 同一答案）
ecom|s100|r100|OVERLAP|w1|WORKLOAD,ecom,100,100,OVERLAP,1,WORKLOAD,10000,1,0.74737,10000,1.0,41.142464,56.79,56.8,2.603684,193.424196,2.603684,4.520672,4.520672,2.603684,0.01346,1.0,1.0,74.28866,1.0,0.0,0.0,73.28866,0.0,-4.307958,1058958,79153936,1058958,0.008,10000,747369,10000,0.02603684,1.93424197,0.02603684,0.02603684,0,1.0,策略间质量恒定（同一 survivor → 同一 artifact → 同一答案）
ecom|s100|r100|OVERLAP|w1|CAP_10PCT,ecom,100,100,OVERLAP,1,CAP_10PCT,10000,1,0.74737,10000,1.0,41.142464,56.79,56.8,2.603684,193.424196,194.022092,194.016165,257.561281,2.603684,1.00309,74.51829,74.51829,74.28866,1.0,73.51829,0.0,73.28866,4.311045,0.003086,1058958,79153936,79153936,0.008,10000,747369,747369,0.02603684,1.93424197,1.94022092,0.02603684,746369,0.1,策略间质量恒定（同一 survivor → 同一 artifact → 同一答案）
ecom|s100|r100|OVERLAP|w1|CELL,ecom,100,100,OVERLAP,1,CELL,10000,1,0.74737,10000,1.0,41.142464,56.79,56.8,2.603684,193.424196,194.022092,194.016165,257.561281,2.603684,1.00309,74.51829,74.51829,74.28866,1.0,73.51829,0.0,73.28866,4.311045,0.003086,1058958,79153936,79153936,0.008,10000,747369,747369,0.02603684,1.93424197,1.94022092,0.02603684,0,0.7512,策略间质量恒定（同一 survivor → 同一 artifact → 同一答案）
ecom|s100|r100|OVERLAP|w2|WORKLOAD,ecom,100,100,OVERLAP,2,WORKLOAD,10000,2,0.74742,10000,1.0,41.142814,56.79,56.84,5.202216,387.071384,5.202216,9.066783,9.066783,5.202216,0.01344,1.0,1.0,74.4051,1.0,0.0,0.0,73.4051,0.0,-4.309524,2011724,150378130,2011724,0.008,20000,1494840,20000,0.05202216,3.87071384,0.05202216,0.05202216,0,1.0,策略间质量恒定（同一 survivor → 同一 artifact → 同一答案）
ecom|s100|r100|OVERLAP|w2|CAP_10PCT,ecom,100,100,OVERLAP,2,CAP_10PCT,10000,2,0.74742,10000,1.0,41.142814,56.79,56.84,5.202216,387.071384,388.267256,388.255318,515.462737,5.202216,1.00309,74.63497,74.63497,74.4051,1.0,73.63497,0.0,73.4051,4.312609,0.003085,2011724,150378130,150378130,0.008,20000,1494840,1494840,0.05202216,3.87071384,3.88267256,0.05202216,1492840,0.1,策略间质量恒定（同一 survivor → 同一 artifact → 同一答案）
ecom|s100|r100|OVERLAP|w2|CELL,ecom,100,100,OVERLAP,2,CELL,10000,2,0.74742,10000,1.0,41.142814,56.79,56.84,5.202216,387.071384,388.267256,388.255318,515.462737,5.202216,1.00309,74.63497,74.63497,74.4051,1.0,73.63497,0.0,73.4051,4.312609,0.003085,2011724,150378130,150378130,0.008,20000,1494840,1494840,0.05202216,3.87071384,3.88267256,0.05202216,0,0.7506,策略间质量恒定（同一 survivor → 同一 artifact → 同一答案）
ecom|s100|r100|OVERLAP|w4|WORKLOAD,ecom,100,100,OVERLAP,4,WORKLOAD,10000,4,0.74708,10000,1.0,41.136043,56.79,56.73,9.73928,724.68684,9.73928,16.922742,16.922742,9.73928,0.01344,1.0,1.0,74.40867,1.0,0.0,0.0,73.40867,0.0,-4.309572,3727256,278489876,3727256,0.008,40000,2988320,40000,0.0973928,7.2468684,0.0973928,0.0973928,0,1.0,策略间质量恒定（同一 survivor → 同一 artifact → 同一答案）
ecom|s100|r100|OVERLAP|w4|CAP_10PCT,ecom,100,100,OVERLAP,4,CAP_10PCT,10000,4,0.74708,10000,1.0,41.136043,56.79,56.73,9.73928,724.68684,727.077496,727.053794,965.738683,9.73928,1.0033,74.65413,74.65413,74.40867,1.0,73.65413,0.0,73.40867,4.312866,0.003293,3727256,278489876,278489876,0.008,40000,2988320,2988320,0.0973928,7.2468684,7.27077496,0.0973928,2984320,0.1,策略间质量恒定（同一 survivor → 同一 artifact → 同一答案）
ecom|s100|r100|OVERLAP|w4|CELL,ecom,100,100,OVERLAP,4,CELL,10000,4,0.74708,10000,1.0,41.136043,56.79,56.73,9.73928,724.68684,727.077496,727.053794,965.738683,9.73928,1.0033,74.65413,74.65413,74.40867,1.0,73.65413,0.0,73.40867,4.312866,0.003293,3727256,278489876,278489876,0.008,40000,2988320,2988320,0.0973928,7.2468684,7.27077496,0.0973928,0,0.7425,策略间质量恒定（同一 survivor → 同一 artifact → 同一答案）
ecom|s100|r100|NESTED|w1|WORKLOAD,ecom,100,100,NESTED,1,WORKLOAD,10000,1,0.75231,10000,1.0,38.548231,56.79,56.37,2.603784,194.678539,2.603784,2.658652,2.658652,2.603784,0.01337,1.0,1.0,74.76755,1.0,0.0,0.0,73.76755,0.0,-4.314384,1058958,79666751,1058958,0.0081,10000,752305,10000,0.02603784,1.94678539,0.02603784,0.02603784,0,1.0,策略间质量恒定（同一 survivor → 同一 artifact → 同一答案）
ecom|s100|r100|NESTED|w1|CAP_10PCT,ecom,100,100,NESTED,1,CAP_10PCT,10000,1,0.75231,10000,1.0,38.548231,56.79,56.37,2.603784,194.678539,194.755626,194.810494,232.085403,2.603784,1.0004,74.79715,74.79715,74.76755,1.0,73.79715,0.0,73.76755,4.31478,0.000396,1058958,79666751,79452623,0.0081,10000,752305,750283,0.02603784,1.94678539,1.94755626,0.02603784,749283,0.1,策略间质量恒定（同一 survivor → 同一 artifact → 同一答案）
ecom|s100|r100|NESTED|w1|CELL,ecom,100,100,NESTED,1,CELL,10000,1,0.75231,10000,1.0,38.548231,56.79,56.37,2.603784,194.678539,195.280383,195.280213,232.555122,2.603784,1.00309,74.99869,74.99869,74.76755,1.0,73.99869,0.0,73.76755,4.317471,0.003087,1058958,79666751,79666751,0.0081,10000,752305,752305,0.02603784,1.94678539,1.95280383,0.02603784,0,1.0,策略间质量恒定（同一 survivor → 同一 artifact → 同一答案）
ecom|s100|r100|NESTED|w2|WORKLOAD,ecom,100,100,NESTED,2,WORKLOAD,10000,2,0.75231,10000,1.0,38.548231,56.79,56.37,5.202316,389.569151,5.202316,5.312084,5.312084,5.202316,0.01335,1.0,1.0,74.88379,1.0,0.0,0.0,73.88379,0.0,-4.315937,2011724,151345611,2011724,0.0081,20000,1504610,20000,0.05202316,3.89569151,0.05202316,0.05202316,0,1.0,策略间质量恒定（同一 survivor → 同一 artifact → 同一答案）
ecom|s100|r100|NESTED|w2|CAP_10PCT,ecom,100,100,NESTED,2,CAP_10PCT,10000,2,0.75231,10000,1.0,38.548231,56.79,56.37,5.202316,389.569151,389.720447,389.830215,464.416979,5.202316,1.00039,74.91287,74.91287,74.88379,1.0,73.91287,0.0,73.88379,4.316326,0.000388,2011724,151345611,150937647,0.0081,20000,1504610,1500558,0.05202316,3.89569151,3.89720447,0.05202316,1498558,0.1,策略间质量恒定（同一 survivor → 同一 artifact → 同一答案）
ecom|s100|r100|NESTED|w2|CELL,ecom,100,100,NESTED,2,CELL,10000,2,0.75231,10000,1.0,38.548231,56.79,56.37,5.202316,389.569151,390.772839,390.7725,465.359263,5.202316,1.00309,75.11517,75.11517,74.88379,1.0,74.11517,0.0,73.88379,4.319023,0.003085,2011724,151345611,151345611,0.0081,20000,1504610,1504610,0.05202316,3.89569151,3.90772839,0.05202316,0,1.0,策略间质量恒定（同一 survivor → 同一 artifact → 同一答案）
ecom|s100|r100|NESTED|w4|WORKLOAD,ecom,100,100,NESTED,4,WORKLOAD,10000,4,0.75231,10000,1.0,38.548231,56.79,56.37,9.73938,729.698246,9.73938,9.944956,9.944956,9.73938,0.01335,1.0,1.0,74.92245,1.0,0.0,0.0,73.92245,0.0,-4.316454,3727256,280409536,3727256,0.0081,40000,3009220,40000,0.0973938,7.29698246,0.0973938,0.0973938,0,1.0,策略间质量恒定（同一 survivor → 同一 artifact → 同一答案）
ecom|s100|r100|NESTED|w4|CAP_10PCT,ecom,100,100,NESTED,4,CAP_10PCT,10000,4,0.75231,10000,1.0,38.548231,56.79,56.37,9.73938,729.698246,730.131369,730.336945,870.069884,9.73938,1.00059,74.96692,74.96692,74.92245,1.0,73.96692,0.0,73.92245,4.317047,0.000593,3727256,280409536,279652862,0.0081,40000,3009220,3001099,0.0973938,7.29698246,7.30131369,0.0973938,2997099,0.1,策略间质量恒定（同一 survivor → 同一 artifact → 同一答案）
ecom|s100|r100|NESTED|w4|CELL,ecom,100,100,NESTED,4,CELL,10000,4,0.75231,10000,1.0,38.548231,56.79,56.37,9.73938,729.698246,732.105622,732.104944,871.837882,9.73938,1.0033,75.16963,75.16963,74.92245,1.0,74.16963,0.0,73.92245,4.319747,0.003294,3727256,280409536,280409536,0.0081,40000,3009220,3009220,0.0973938,7.29698246,7.32105622,0.0973938,0,1.0,策略间质量恒定（同一 survivor → 同一 artifact → 同一答案）
finproc|s1|r1|DISJOINT|w1|WORKLOAD,finproc,1,1,DISJOINT,1,WORKLOAD,10000,1,0.0115,115,0.0115,0.0,56.91,56.43,1.91524,0.02202,0.022111,0.02202,0.02202,0.02202,1.00418,0.01155,1.00418,1.0,86.97927,0.00418,85.97927,0.0,-4.4615,0.004169,751080,8641,8641,8e-05,10000,115,115,1.91524,0.0220195,0.0221115,0.0220195,0,0.0115,策略间质量恒定（同一 survivor → 同一 artifact → 同一答案）
finproc|s1|r1|DISJOINT|w1|CAP_10PCT,finproc,1,1,DISJOINT,1,CAP_10PCT,10000,1,0.0115,115,0.0115,0.0,56.91,56.43,1.91524,0.02202,0.022111,0.02202,0.02202,0.02202,1.00418,0.01155,1.00418,1.0,86.97927,0.00418,85.97927,0.0,-4.4615,0.004169,751080,8641,8641,8e-05,10000,115,115,1.91524,0.0220195,0.0221115,0.0220195,0,0.0115,策略间质量恒定（同一 survivor → 同一 artifact → 同一答案）
finproc|s1|r1|DISJOINT|w1|CELL,finproc,1,1,DISJOINT,1,CELL,10000,1,0.0115,115,0.0115,0.0,56.91,56.43,1.91524,0.02202,0.022111,0.02202,0.02202,0.02202,1.00418,0.01155,1.00418,1.0,86.97927,0.00418,85.97927,0.0,-4.4615,0.004169,751080,8641,8641,8e-05,10000,115,115,1.91524,0.0220195,0.0221115,0.0220195,0,0.0115,策略间质量恒定（同一 survivor → 同一 artifact → 同一答案）
finproc|s1|r1|DISJOINT|w2|WORKLOAD,finproc,1,1,DISJOINT,2,WORKLOAD,10000,2,0.0115,115,0.0115,0.0,56.91,57.04,4.4904,0.051521,0.051705,0.051521,0.051521,0.051521,1.00357,0.01151,1.00357,1.0,87.15669,0.00357,86.15669,0.0,-4.464143,0.003565,1692160,19453,19453,8e-05,20000,230,230,4.4904,0.051521,0.051705,0.051521,0,0.0115,策略间质量恒定（同一 survivor → 同一 artifact → 同一答案）
finproc|s1|r1|DISJOINT|w2|CAP_10PCT,finproc,1,1,DISJOINT,2,CAP_10PCT,10000,2,0.0115,115,0.0115,0.0,56.91,57.04,4.4904,0.051521,0.051705,0.051521,0.051521,0.051521,1.00357,0.01151,1.00357,1.0,87.15669,0.00357,86.15669,0.0,-4.464143,0.003565,1692160,19453,19453,8e-05,20000,230,230,4.4904,0.051521,0.051705,0.051521,0,0.0115,策略间质量恒定（同一 survivor → 同一 artifact → 同一答案）
finproc|s1|r1|DISJOINT|w2|CELL,finproc,1,1,DISJOINT,2,CELL,10000,2,0.0115,115,0.0115,0.0,56.91,57.04,4.4904,0.051521,0.051705,0.051521,0.051521,0.051521,1.00357,0.01151,1.00357,1.0,87.15669,0.00357,86.15669,0.0,-4.464143,0.003565,1692160,19453,19453,8e-05,20000,230,230,4.4904,0.051521,0.051705,0.051521,0,0.0115,策略间质量恒定（同一 survivor → 同一 artifact → 同一答案）
finproc|s1|r1|DISJOINT|w4|WORKLOAD,finproc,1,1,DISJOINT,4,WORKLOAD,10000,4,0.0106,106,0.0106,0.0,56.91,57.69,9.54072,0.101524,0.101863,0.101524,0.101524,0.101524,1.00334,0.01068,1.00334,1.0,93.97502,0.00334,92.97502,0.0,-4.539693,0.003336,3664320,39168,39168,8e-05,40000,424,424,9.54072,0.101524,0.1018632,0.101524,0,0.0106,策略间质量恒定（同一 survivor → 同一 artifact → 同一答案）
finproc|s1|r1|DISJOINT|w4|CAP_10PCT,finproc,1,1,DISJOINT,4,CAP_10PCT,10000,4,0.0106,106,0.0106,0.0,56.91,57.69,9.54072,0.101524,0.101863,0.101524,0.101524,0.101524,1.00334,0.01068,1.00334,1.0,93.97502,0.00334,92.97502,0.0,-4.539693,0.003336,3664320,39168,39168,8e-05,40000,424,424,9.54072,0.101524,0.1018632,0.101524,0,0.0106,策略间质量恒定（同一 survivor → 同一 artifact → 同一答案）
finproc|s1|r1|DISJOINT|w4|CELL,finproc,1,1,DISJOINT,4,CELL,10000,4,0.0106,106,0.0106,0.0,56.91,57.69,9.54072,0.101524,0.101863,0.101524,0.101524,0.101524,1.00334,0.01068,1.00334,1.0,93.97502,0.00334,92.97502,0.0,-4.539693,0.003336,3664320,39168,39168,8e-05,40000,424,424,9.54072,0.101524,0.1018632,0.101524,0,0.0106,策略间质量恒定（同一 survivor → 同一 artifact → 同一答案）
finproc|s1|r1|OVERLAP|w1|WORKLOAD,finproc,1,1,OVERLAP,1,WORKLOAD,10000,1,0.0104,104,0.0104,0.0,56.91,58.05,1.91524,0.019986,0.020069,0.019986,0.019986,0.019986,1.00416,0.01048,1.00416,1.0,95.82908,0.00416,94.82908,0.0,-4.558412,0.004154,751080,7847,7847,8e-05,10000,104,104,1.91524,0.019986,0.0200692,0.019986,0,0.0104,策略间质量恒定（同一 survivor → 同一 artifact → 同一答案）
finproc|s1|r1|OVERLAP|w1|CAP_10PCT,finproc,1,1,OVERLAP,1,CAP_10PCT,10000,1,0.0104,104,0.0104,0.0,56.91,58.05,1.91524,0.019986,0.020069,0.019986,0.019986,0.019986,1.00416,0.01048,1.00416,1.0,95.82908,0.00416,94.82908,0.0,-4.558412,0.004154,751080,7847,7847,8e-05,10000,104,104,1.91524,0.019986,0.0200692,0.019986,0,0.0104,策略间质量恒定（同一 survivor → 同一 artifact → 同一答案）
finproc|s1|r1|OVERLAP|w1|CELL,finproc,1,1,OVERLAP,1,CELL,10000,1,0.0104,104,0.0104,0.0,56.91,58.05,1.91524,0.019986,0.020069,0.019986,0.019986,0.019986,1.00416,0.01048,1.00416,1.0,95.82908,0.00416,94.82908,0.0,-4.558412,0.004154,751080,7847,7847,8e-05,10000,104,104,1.91524,0.019986,0.0200692,0.019986,0,0.0104,策略间质量恒定（同一 survivor → 同一 artifact → 同一答案）
finproc|s1|r1|OVERLAP|w2|WORKLOAD,finproc,1,1,OVERLAP,2,WORKLOAD,10000,2,0.0093,93,0.0093,0.0,56.91,57.91,4.4904,0.041919,0.042068,0.041919,0.041919,0.041919,1.00355,0.00937,1.00355,1.0,107.12088,0.00355,106.12088,0.0,-4.670414,0.003543,1692160,15851,15851,8e-05,20000,186,186,4.4904,0.041919,0.0420678,0.041919,0,0.0093,策略间质量恒定（同一 survivor → 同一 artifact → 同一答案）
finproc|s1|r1|OVERLAP|w2|CAP_10PCT,finproc,1,1,OVERLAP,2,CAP_10PCT,10000,2,0.0093,93,0.0093,0.0,56.91,57.91,4.4904,0.041919,0.042068,0.041919,0.041919,0.041919,1.00355,0.00937,1.00355,1.0,107.12088,0.00355,106.12088,0.0,-4.670414,0.003543,1692160,15851,15851,8e-05,20000,186,186,4.4904,0.041919,0.0420678,0.041919,0,0.0093,策略间质量恒定（同一 survivor → 同一 artifact → 同一答案）
finproc|s1|r1|OVERLAP|w2|CELL,finproc,1,1,OVERLAP,2,CELL,10000,2,0.0093,93,0.0093,0.0,56.91,57.91,4.4904,0.041919,0.042068,0.041919,0.041919,0.041919,1.00355,0.00937,1.00355,1.0,107.12088,0.00355,106.12088,0.0,-4.670414,0.003543,1692160,15851,15851,8e-05,20000,186,186,4.4904,0.041919,0.0420678,0.041919,0,0.0093,策略间质量恒定（同一 survivor → 同一 artifact → 同一答案）
finproc|s1|r1|OVERLAP|w4|WORKLOAD,finproc,1,1,OVERLAP,4,WORKLOAD,10000,4,0.0114,114,0.0114,0.0,56.91,57.72,9.54072,0.108516,0.108881,0.108516,0.108516,0.108516,1.00336,0.01141,1.00336,1.0,87.91994,0.00336,86.91994,0.0,-4.473071,0.003356,3664320,41792,41792,8e-05,40000,456,456,9.54072,0.108516,0.1088808,0.108516,0,0.0114,策略间质量恒定（同一 survivor → 同一 artifact → 同一答案）
finproc|s1|r1|OVERLAP|w4|CAP_10PCT,finproc,1,1,OVERLAP,4,CAP_10PCT,10000,4,0.0114,114,0.0114,0.0,56.91,57.72,9.54072,0.108516,0.108881,0.108516,0.108516,0.108516,1.00336,0.01141,1.00336,1.0,87.91994,0.00336,86.91994,0.0,-4.473071,0.003356,3664320,41792,41792,8e-05,40000,456,456,9.54072,0.108516,0.1088808,0.108516,0,0.0114,策略间质量恒定（同一 survivor → 同一 artifact → 同一答案）
finproc|s1|r1|OVERLAP|w4|CELL,finproc,1,1,OVERLAP,4,CELL,10000,4,0.0114,114,0.0114,0.0,56.91,57.72,9.54072,0.108516,0.108881,0.108516,0.108516,0.108516,1.00336,0.01141,1.00336,1.0,87.91994,0.00336,86.91994,0.0,-4.473071,0.003356,3664320,41792,41792,8e-05,40000,456,456,9.54072,0.108516,0.1088808,0.108516,0,0.0114,策略间质量恒定（同一 survivor → 同一 artifact → 同一答案）
finproc|s1|r1|NESTED|w1|WORKLOAD,finproc,1,1,NESTED,1,WORKLOAD,10000,1,0.0097,97,0.0097,0.0,56.91,57.07,1.91524,0.018655,0.018732,0.018655,0.018655,0.018655,1.00416,0.00978,1.00416,1.0,102.66906,0.00416,101.66906,0.0,-4.62736,0.004151,751080,7323,7323,8e-05,10000,97,97,1.91524,0.0186545,0.0187321,0.0186545,0,0.0097,策略间质量恒定（同一 survivor → 同一 artifact → 同一答案）
finproc|s1|r1|NESTED|w1|CAP_10PCT,finproc,1,1,NESTED,1,CAP_10PCT,10000,1,0.0097,97,0.0097,0.0,56.91,57.07,1.91524,0.018655,0.018732,0.018655,0.018655,0.018655,1.00416,0.00978,1.00416,1.0,102.66906,0.00416,101.66906,0.0,-4.62736,0.004151,751080,7323,7323,8e-05,10000,97,97,1.91524,0.0186545,0.0187321,0.0186545,0,0.0097,策略间质量恒定（同一 survivor → 同一 artifact → 同一答案）
finproc|s1|r1|NESTED|w1|CELL,finproc,1,1,NESTED,1,CELL,10000,1,0.0097,97,0.0097,0.0,56.91,57.07,1.91524,0.018655,0.018732,0.018655,0.018655,0.018655,1.00416,0.00978,1.00416,1.0,102.66906,0.00416,101.66906,0.0,-4.62736,0.004151,751080,7323,7323,8e-05,10000,97,97,1.91524,0.0186545,0.0187321,0.0186545,0,0.0097,策略间质量恒定（同一 survivor → 同一 artifact → 同一答案）
finproc|s1|r1|NESTED|w2|WORKLOAD,finproc,1,1,NESTED,2,WORKLOAD,10000,2,0.0097,97,0.0097,0.0,56.91,57.07,4.4904,0.043631,0.043786,0.043631,0.043631,0.043631,1.00356,0.00975,1.00356,1.0,102.91765,0.00356,101.91765,0.0,-4.630378,0.003551,1692160,16489,16489,8e-05,20000,194,194,4.4904,0.043631,0.0437862,0.043631,0,0.0097,策略间质量恒定（同一 survivor → 同一 artifact → 同一答案）
finproc|s1|r1|NESTED|w2|CAP_10PCT,finproc,1,1,NESTED,2,CAP_10PCT,10000,2,0.0097,97,0.0097,0.0,56.91,57.07,4.4904,0.043631,0.043786,0.043631,0.043631,0.043631,1.00356,0.00975,1.00356,1.0,102.91765,0.00356,101.91765,0.0,-4.630378,0.003551,1692160,16489,16489,8e-05,20000,194,194,4.4904,0.043631,0.0437862,0.043631,0,0.0097,策略间质量恒定（同一 survivor → 同一 artifact → 同一答案）
finproc|s1|r1|NESTED|w2|CELL,finproc,1,1,NESTED,2,CELL,10000,2,0.0097,97,0.0097,0.0,56.91,57.07,4.4904,0.043631,0.043786,0.043631,0.043631,0.043631,1.00356,0.00975,1.00356,1.0,102.91765,0.00356,101.91765,0.0,-4.630378,0.003551,1692160,16489,16489,8e-05,20000,194,194,4.4904,0.043631,0.0437862,0.043631,0,0.0097,策略间质量恒定（同一 survivor → 同一 artifact → 同一答案）
finproc|s1|r1|NESTED|w4|WORKLOAD,finproc,1,1,NESTED,4,WORKLOAD,10000,4,0.0097,97,0.0097,0.0,56.91,57.07,9.54072,0.092614,0.092924,0.092614,0.092614,0.092614,1.00335,0.00974,1.00335,1.0,103.01596,0.00335,102.01596,0.0,-4.631538,0.003346,3664320,35694,35694,8e-05,40000,388,388,9.54072,0.092614,0.0929244,0.092614,0,0.0097,策略间质量恒定（同一 survivor → 同一 artifact → 同一答案）
finproc|s1|r1|NESTED|w4|CAP_10PCT,finproc,1,1,NESTED,4,CAP_10PCT,10000,4,0.0097,97,0.0097,0.0,56.91,57.07,9.54072,0.092614,0.092924,0.092614,0.092614,0.092614,1.00335,0.00974,1.00335,1.0,103.01596,0.00335,102.01596,0.0,-4.631538,0.003346,3664320,35694,35694,8e-05,40000,388,388,9.54072,0.092614,0.0929244,0.092614,0,0.0097,策略间质量恒定（同一 survivor → 同一 artifact → 同一答案）
finproc|s1|r1|NESTED|w4|CELL,finproc,1,1,NESTED,4,CELL,10000,4,0.0097,97,0.0097,0.0,56.91,57.07,9.54072,0.092614,0.092924,0.092614,0.092614,0.092614,1.00335,0.00974,1.00335,1.0,103.01596,0.00335,102.01596,0.0,-4.631538,0.003346,3664320,35694,35694,8e-05,40000,388,388,9.54072,0.092614,0.0929244,0.092614,0,0.0097,策略间质量恒定（同一 survivor → 同一 artifact → 同一答案）
finproc|s1|r10|DISJOINT|w1|WORKLOAD,finproc,1,10,DISJOINT,1,WORKLOAD,10000,1,0.01052,1007,0.1007,0.043726,56.91,56.43,1.91596,0.201766,0.193959,0.195992,0.195992,0.193959,0.96131,0.10123,1.0,1.04025,9.87817,0.0,8.87817,0.04025,-2.290327,-0.039461,751080,79180,75785,0.0008,10000,1052,1007,0.191596,0.0201766,0.01939591,0.01939591,0,0.1007,策略间质量恒定（同一 survivor → 同一 artifact → 同一答案）
finproc|s1|r10|DISJOINT|w1|CAP_10PCT,finproc,1,10,DISJOINT,1,CAP_10PCT,10000,1,0.01052,1007,0.1007,0.043726,56.91,56.43,1.91596,0.201766,0.193959,0.195992,0.195992,0.193959,0.96131,0.10123,1.0,1.04025,9.87817,0.0,8.87817,0.04025,-2.290327,-0.039461,751080,79180,75785,0.0008,10000,1052,1007,0.191596,0.0201766,0.01939591,0.01939591,7,0.1,策略间质量恒定（同一 survivor → 同一 artifact → 同一答案）
finproc|s1|r10|DISJOINT|w1|CELL,finproc,1,10,DISJOINT,1,CELL,10000,1,0.01052,1007,0.1007,0.043726,56.91,56.43,1.91596,0.201766,0.202608,0.20231,0.20231,0.193959,1.00417,0.10575,1.04459,1.04025,9.87817,0.04459,8.87817,0.04025,-2.246703,0.004162,751080,79180,79180,0.0008,10000,1052,1052,0.191596,0.0201766,0.02026076,0.01939591,0,0.0082,策略间质量恒定（同一 survivor → 同一 artifact → 同一答案）
finproc|s1|r10|DISJOINT|w2|WORKLOAD,finproc,1,10,DISJOINT,2,WORKLOAD,10000,2,0.00965,925,0.0925,0.041451,56.91,57.04,4.49112,0.432747,0.416379,0.427783,0.427783,0.416379,0.96218,0.09271,1.0,1.03931,10.78613,0.0,9.78613,0.03931,-2.378261,-0.038557,1692160,163381,156637,0.0008,20000,1930,1850,0.449112,0.0432747,0.0416379,0.0416379,0,0.0925,策略间质量恒定（同一 survivor → 同一 artifact → 同一答案）
finproc|s1|r10|DISJOINT|w2|CAP_10PCT,finproc,1,10,DISJOINT,2,CAP_10PCT,10000,2,0.00965,925,0.0925,0.041451,56.91,57.04,4.49112,0.432747,0.416379,0.427783,0.427783,0.416379,0.96218,0.09271,1.0,1.03931,10.78613,0.0,9.78613,0.03931,-2.378261,-0.038557,1692160,163381,156637,0.0008,20000,1930,1850,0.449112,0.0432747,0.0416379,0.0416379,0,0.0925,策略间质量恒定（同一 survivor → 同一 artifact → 同一答案）
finproc|s1|r10|DISJOINT|w2|CELL,finproc,1,10,DISJOINT,2,CELL,10000,2,0.00965,925,0.0925,0.041451,56.91,57.04,4.49112,0.432747,0.434291,0.433651,0.433651,0.416379,1.00357,0.0967,1.04302,1.03931,10.78613,0.04302,9.78613,0.03931,-2.336143,0.003562,1692160,163381,163381,0.0008,20000,1930,1930,0.449112,0.0432747,0.0434291,0.0416379,0,0.0086,策略间质量恒定（同一 survivor → 同一 artifact → 同一答案）
finproc|s1|r10|DISJOINT|w4|WORKLOAD,finproc,1,10,DISJOINT,4,WORKLOAD,10000,4,0.01023,985,0.0985,0.037146,56.91,57.69,9.54144,0.974618,0.94103,0.9629,0.9629,0.94103,0.96554,0.09863,1.0,1.03569,10.13936,0.0,9.13936,0.03569,-2.316425,-0.035071,3664320,375402,361174,0.0008,40000,4092,3940,0.954144,0.0974618,0.094103,0.094103,0,0.0985,策略间质量恒定（同一 survivor → 同一 artifact → 同一答案）
finproc|s1|r10|DISJOINT|w4|CAP_10PCT,finproc,1,10,DISJOINT,4,CAP_10PCT,10000,4,0.01023,985,0.0985,0.037146,56.91,57.69,9.54144,0.974618,0.94103,0.9629,0.9629,0.94103,0.96554,0.09863,1.0,1.03569,10.13936,0.0,9.13936,0.03569,-2.316425,-0.035071,3664320,375402,361174,0.0008,40000,4092,3940,0.954144,0.0974618,0.094103,0.094103,0,0.0985,策略间质量恒定（同一 survivor → 同一 artifact → 同一答案）
finproc|s1|r10|DISJOINT|w4|CELL,finproc,1,10,DISJOINT,4,CELL,10000,4,0.01023,985,0.0985,0.037146,56.91,57.69,9.54144,0.974618,0.977892,0.976349,0.976349,0.94103,1.00336,0.10249,1.03917,1.03569,10.13936,0.03917,9.13936,0.03569,-2.278001,0.003353,3664320,375402,375402,0.0008,40000,4092,4092,0.954144,0.0974618,0.09778916,0.094103,0,0.0093,策略间质量恒定（同一 survivor → 同一 artifact → 同一答案）
finproc|s1|r10|OVERLAP|w1|WORKLOAD,finproc,1,10,OVERLAP,1,WORKLOAD,10000,1,0.01037,531,0.0531,2.398264,56.91,58.05,1.91596,0.199127,0.102388,0.113301,0.113301,0.102388,0.51419,0.05344,1.0,1.94482,18.71268,0.0,17.71268,0.94482,-2.929202,-0.665168,751080,78164,39829,0.0008,10000,1037,531,0.191596,0.01991265,0.01023883,0.01023883,0,0.0531,策略间质量恒定（同一 survivor → 同一 artifact → 同一答案）
finproc|s1|r10|OVERLAP|w1|CAP_10PCT,finproc,1,10,OVERLAP,1,CAP_10PCT,10000,1,0.01037,531,0.0531,2.398264,56.91,58.05,1.91596,0.199127,0.102388,0.113301,0.113301,0.102388,0.51419,0.05344,1.0,1.94482,18.71268,0.0,17.71268,0.94482,-2.929202,-0.665168,751080,78164,39829,0.0008,10000,1037,531,0.191596,0.01991265,0.01023883,0.01023883,0,0.0531,策略间质量恒定（同一 survivor → 同一 artifact → 同一答案）
finproc|s1|r10|OVERLAP|w1|CELL,finproc,1,10,OVERLAP,1,CELL,10000,1,0.01037,531,0.0531,2.398264,56.91,58.05,1.91596,0.199127,0.199956,0.199873,0.199873,0.102388,1.00417,0.10436,1.95292,1.94482,18.71268,0.95292,17.71268,0.94482,-2.259876,0.004158,751080,78164,78164,0.0008,10000,1037,1037,0.191596,0.01991265,0.01999561,0.01023883,0,0.0105,策略间质量恒定（同一 survivor → 同一 artifact → 同一答案）
finproc|s1|r10|OVERLAP|w2|WORKLOAD,finproc,1,10,OVERLAP,2,WORKLOAD,10000,2,0.01085,577,0.0577,2.293088,56.91,57.91,4.49112,0.488563,0.26075,0.285883,0.285883,0.26075,0.53371,0.05806,1.0,1.87368,17.22384,0.0,16.22384,0.87368,-2.846295,-0.627906,1692160,184749,98067,0.0008,20000,2170,1154,0.449112,0.0488563,0.02607502,0.02607502,0,0.0577,策略间质量恒定（同一 survivor → 同一 artifact → 同一答案）
finproc|s1|r10|OVERLAP|w2|CAP_10PCT,finproc,1,10,OVERLAP,2,CAP_10PCT,10000,2,0.01085,577,0.0577,2.293088,56.91,57.91,4.49112,0.488563,0.26075,0.285883,0.285883,0.26075,0.53371,0.05806,1.0,1.87368,17.22384,0.0,16.22384,0.87368,-2.846295,-0.627906,1692160,184749,98067,0.0008,20000,2170,1154,0.449112,0.0488563,0.02607502,0.02607502,0,0.0577,策略间质量恒定（同一 survivor → 同一 artifact → 同一答案）
finproc|s1|r10|OVERLAP|w2|CELL,finproc,1,10,OVERLAP,2,CELL,10000,2,0.01085,577,0.0577,2.293088,56.91,57.91,4.49112,0.488563,0.490299,0.49015,0.49015,0.26075,1.00355,0.10917,1.88034,1.87368,17.22384,0.88034,16.22384,0.87368,-2.214842,0.003547,1692160,184749,184749,0.0008,20000,2170,2170,0.449112,0.0488563,0.0490299,0.02607502,0,0.0106,策略间质量恒定（同一 survivor → 同一 artifact → 同一答案）
finproc|s1|r10|OVERLAP|w4|WORKLOAD,finproc,1,10,OVERLAP,4,WORKLOAD,10000,4,0.01057,548,0.0548,2.354778,56.91,57.72,9.54144,1.00759,0.522498,0.577746,0.577746,0.522498,0.51856,0.05476,1.0,1.92841,18.26121,0.0,17.26121,0.92841,-2.904779,-0.656696,3664320,388182,200240,0.0008,40000,4228,2192,0.954144,0.100759,0.05224976,0.05224976,0,0.0548,策略间质量恒定（同一 survivor → 同一 artifact → 同一答案）
finproc|s1|r10|OVERLAP|w4|CAP_10PCT,finproc,1,10,OVERLAP,4,CAP_10PCT,10000,4,0.01057,548,0.0548,2.354778,56.91,57.72,9.54144,1.00759,0.522498,0.577746,0.577746,0.522498,0.51856,0.05476,1.0,1.92841,18.26121,0.0,17.26121,0.92841,-2.904779,-0.656696,3664320,388182,200240,0.0008,40000,4228,2192,0.954144,0.100759,0.05224976,0.05224976,0,0.0548,策略间质量恒定（同一 survivor → 同一 artifact → 同一答案）
finproc|s1|r10|OVERLAP|w4|CELL,finproc,1,10,OVERLAP,4,CELL,10000,4,0.01057,548,0.0548,2.354778,56.91,57.72,9.54144,1.00759,1.010972,1.010608,1.010608,0.522498,1.00336,0.10596,1.93488,1.92841,18.26121,0.93488,17.26121,0.92841,-2.244732,0.003351,3664320,388182,388182,0.0008,40000,4228,4228,0.954144,0.100759,0.10109724,0.05224976,0,0.0104,策略间质量恒定（同一 survivor → 同一 artifact → 同一答案）
finproc|s1|r10|NESTED|w1|WORKLOAD,finproc,1,10,NESTED,1,WORKLOAD,10000,1,0.01032,192,0.0192,2.989341,56.91,58.67,1.91596,0.198184,0.037636,0.041668,0.041668,0.037636,0.1899,0.01964,1.0,5.26587,50.90818,0.0,49.90818,4.26587,-3.930024,-1.661245,751080,77794,14453,0.0008,10000,1032,192,0.191596,0.0198184,0.00376356,0.00376356,0,0.0192,策略间质量恒定（同一 survivor → 同一 artifact → 同一答案）
finproc|s1|r10|NESTED|w1|CAP_10PCT,finproc,1,10,NESTED,1,CAP_10PCT,10000,1,0.01032,192,0.0192,2.989341,56.91,58.67,1.91596,0.198184,0.037636,0.041668,0.041668,0.037636,0.1899,0.01964,1.0,5.26587,50.90818,0.0,49.90818,4.26587,-3.930024,-1.661245,751080,77794,14453,0.0008,10000,1032,192,0.191596,0.0198184,0.00376356,0.00376356,0,0.0192,策略间质量恒定（同一 survivor → 同一 artifact → 同一答案）
finproc|s1|r10|NESTED|w1|CELL,finproc,1,10,NESTED,1,CELL,10000,1,0.01032,192,0.0192,2.989341,56.91,58.67,1.91596,0.198184,0.19901,0.198993,0.198993,0.037636,1.00417,0.10387,5.2878,5.26587,50.90818,4.2878,49.90818,4.26587,-2.264621,0.004157,751080,77794,77794,0.0008,10000,1032,1032,0.191596,0.0198184,0.01990096,0.00376356,0,0.0192,策略间质量恒定（同一 survivor → 同一 artifact → 同一答案）
finproc|s1|r10|NESTED|w2|WORKLOAD,finproc,1,10,NESTED,2,WORKLOAD,10000,2,0.01032,192,0.0192,2.989341,56.91,58.67,4.49112,0.46368,0.087143,0.096594,0.096594,0.087143,0.18794,0.0194,1.0,5.3209,51.53724,0.0,50.53724,4.3209,-3.942305,-1.671642,1692160,175196,32554,0.0008,20000,2064,384,0.449112,0.046368,0.00871432,0.00871432,0,0.0192,策略间质量恒定（同一 survivor → 同一 artifact → 同一答案）
finproc|s1|r10|NESTED|w2|CAP_10PCT,finproc,1,10,NESTED,2,CAP_10PCT,10000,2,0.01032,192,0.0192,2.989341,56.91,58.67,4.49112,0.46368,0.087143,0.096594,0.096594,0.087143,0.18794,0.0194,1.0,5.3209,51.53724,0.0,50.53724,4.3209,-3.942305,-1.671642,1692160,175196,32554,0.0008,20000,2064,384,0.449112,0.046368,0.00871432,0.00871432,0,0.0192,策略间质量恒定（同一 survivor → 同一 artifact → 同一答案）
finproc|s1|r10|NESTED|w2|CELL,finproc,1,10,NESTED,2,CELL,10000,2,0.01032,192,0.0192,2.989341,56.91,58.67,4.49112,0.46368,0.465331,0.465298,0.465298,0.087143,1.00356,0.10361,5.33985,5.3209,51.53724,4.33985,50.53724,4.3209,-2.267108,0.003555,1692160,175196,175196,0.0008,20000,2064,2064,0.449112,0.046368,0.04653312,0.00871432,0,0.0192,策略间质量恒定（同一 survivor → 同一 artifact → 同一答案）
finproc|s1|r10|NESTED|w4|WORKLOAD,finproc,1,10,NESTED,4,WORKLOAD,10000,4,0.01032,192,0.0192,2.989341,56.91,58.67,9.54144,0.984352,0.184238,0.204316,0.204316,0.184238,0.18717,0.01931,1.0,5.34282,51.78855,0.0,50.78855,4.34282,-3.947169,-1.675753,3664320,379288,70484,0.0008,40000,4128,768,0.954144,0.0984352,0.01842384,0.01842384,0,0.0192,策略间质量恒定（同一 survivor → 同一 artifact → 同一答案）
finproc|s1|r10|NESTED|w4|CAP_10PCT,finproc,1,10,NESTED,4,CAP_10PCT,10000,4,0.01032,192,0.0192,2.989341,56.91,58.67,9.54144,0.984352,0.184238,0.204316,0.204316,0.184238,0.18717,0.01931,1.0,5.34282,51.78855,0.0,50.78855,4.34282,-3.947169,-1.675753,3664320,379288,70484,0.0008,40000,4128,768,0.954144,0.0984352,0.01842384,0.01842384,0,0.0192,策略间质量恒定（同一 survivor → 同一 artifact → 同一答案）
finproc|s1|r10|NESTED|w4|CELL,finproc,1,10,NESTED,4,CELL,10000,4,0.01032,192,0.0192,2.989341,56.91,58.67,9.54144,0.984352,0.987654,0.987587,0.987587,0.184238,1.00335,0.10351,5.36074,5.34282,51.78855,4.36074,50.78855,4.34282,-2.268067,0.003349,3664320,379288,379288,0.0008,40000,4128,4128,0.954144,0.0984352,0.09876544,0.01842384,0,0.0192,策略间质量恒定（同一 survivor → 同一 artifact → 同一答案）
finproc|s1|r50|DISJOINT|w1|WORKLOAD,finproc,1,50,DISJOINT,1,WORKLOAD,10000,1,0.0102,4018,0.4018,0.250294,56.91,56.43,1.91916,0.977159,0.773675,0.821237,0.821237,0.773675,0.79176,0.40313,1.0,1.26301,2.48058,0.0,1.48058,0.26301,-0.90849,-0.233497,751080,383264,301866,0.004,10000,5102,4018,0.0383832,0.01954318,0.01547351,0.01547351,0,0.4018,策略间质量恒定（同一 survivor → 同一 artifact → 同一答案）
finproc|s1|r50|DISJOINT|w1|CAP_10PCT,finproc,1,50,DISJOINT,1,CAP_10PCT,10000,1,0.0102,4018,0.4018,0.250294,56.91,56.43,1.91916,0.977159,0.89822,0.903944,0.903944,0.773675,0.91922,0.46803,1.16098,1.26301,2.48058,0.16098,1.48058,0.26301,-0.759227,-0.084234,751080,383264,350716,0.004,10000,5102,4668,0.0383832,0.01954318,0.01796441,0.01547351,3668,0.1,策略间质量恒定（同一 survivor → 同一 artifact → 同一答案）
finproc|s1|r50|DISJOINT|w1|CELL,finproc,1,50,DISJOINT,1,CELL,10000,1,0.0102,4018,0.4018,0.250294,56.91,56.43,1.91916,0.977159,0.981241,0.980006,0.980006,0.773675,1.00418,0.51129,1.26828,1.26301,2.48058,0.26828,1.48058,0.26301,-0.670825,0.004168,751080,383264,383264,0.004,10000,5102,5102,0.0383832,0.01954318,0.01962481,0.01547351,0,0.0103,策略间质量恒定（同一 survivor → 同一 artifact → 同一答案）
finproc|s1|r50|DISJOINT|w2|WORKLOAD,finproc,1,50,DISJOINT,2,WORKLOAD,10000,2,0.01014,3997,0.3997,0.249211,56.91,57.04,4.49432,2.274532,1.799738,1.974749,1.974749,1.799738,0.79126,0.40045,1.0,1.26381,2.49721,0.0,1.49721,0.26381,-0.915173,-0.234133,1692160,858842,676835,0.004,20000,10144,7994,0.0898864,0.04549064,0.03599476,0.03599476,0,0.3997,策略间质量恒定（同一 survivor → 同一 artifact → 同一答案）
finproc|s1|r50|DISJOINT|w2|CAP_10PCT,finproc,1,50,DISJOINT,2,CAP_10PCT,10000,2,0.01014,3997,0.3997,0.249211,56.91,57.04,4.49432,2.274532,2.09591,2.103104,2.103104,1.799738,0.92147,0.46635,1.16456,1.26381,2.49721,0.16456,1.49721,0.26381,-0.762826,-0.081786,1692160,858842,788409,0.004,20000,10144,9314,0.0898864,0.04549064,0.0419182,0.03599476,7314,0.1,策略间质量恒定（同一 survivor → 同一 artifact → 同一答案）
finproc|s1|r50|DISJOINT|w2|CELL,finproc,1,50,DISJOINT,2,CELL,10000,2,0.01014,3997,0.3997,0.249211,56.91,57.04,4.49432,2.274532,2.282647,2.280012,2.280012,1.799738,1.00357,0.5079,1.26832,1.26381,2.49721,0.26832,1.49721,0.26381,-0.677479,0.003562,1692160,858842,858842,0.004,20000,10144,10144,0.0898864,0.04549064,0.04565294,0.03599476,0,0.0098,策略间质量恒定（同一 survivor → 同一 artifact → 同一答案）
finproc|s1|r50|DISJOINT|w4|WORKLOAD,finproc,1,50,DISJOINT,4,WORKLOAD,10000,4,0.01002,3959,0.3959,0.248853,56.91,57.69,9.54464,4.768146,3.781271,3.986371,3.986371,3.781271,0.79303,0.39617,1.0,1.26099,2.52419,0.0,1.52419,0.26099,-0.92592,-0.231897,3664320,1835874,1450770,0.004,40000,20044,15836,0.1908928,0.09536292,0.07562542,0.07562542,0,0.3959,策略间质量恒定（同一 survivor → 同一 artifact → 同一答案）
finproc|s1|r50|DISJOINT|w4|CAP_10PCT,finproc,1,50,DISJOINT,4,CAP_10PCT,10000,4,0.01002,3959,0.3959,0.248853,56.91,57.69,9.54464,4.768146,4.363669,4.396517,4.396517,3.781271,0.91517,0.45719,1.15402,1.26099,2.52419,0.15402,1.52419,0.26099,-0.782667,-0.088644,3664320,1835874,1674517,0.004,40000,20044,18276,0.1908928,0.09536292,0.08727338,0.07562542,14276,0.1,策略间质量恒定（同一 survivor → 同一 artifact → 同一答案）
finproc|s1|r50|DISJOINT|w4|CELL,finproc,1,50,DISJOINT,4,CELL,10000,4,0.01002,3959,0.3959,0.248853,56.91,57.69,9.54464,4.768146,4.784181,4.781016,4.781016,3.781271,1.00336,0.50124,1.26523,1.26099,2.52419,0.26523,1.52419,0.26099,-0.690665,0.003357,3664320,1835874,1835874,0.004,40000,20044,20044,0.1908928,0.09536292,0.09568362,0.07562542,0,0.0097,策略间质量恒定（同一 survivor → 同一 artifact → 同一答案）
finproc|s1|r50|OVERLAP|w1|WORKLOAD,finproc,1,50,OVERLAP,1,WORKLOAD,10000,1,0.01048,2256,0.2256,12.919259,56.91,58.05,1.91916,1.006932,0.436369,0.448641,0.448641,0.436369,0.43336,0.22737,1.0,2.30752,4.39802,0.0,3.39802,1.30752,-1.481155,-0.836175,751080,395376,169598,0.004,10000,5239,2256,0.0383832,0.02013863,0.00872738,0.00872738,0,0.2256,策略间质量恒定（同一 survivor → 同一 artifact → 同一答案）
finproc|s1|r50|OVERLAP|w1|CAP_10PCT,finproc,1,50,OVERLAP,1,CAP_10PCT,10000,1,0.01048,2256,0.2256,12.919259,56.91,58.05,1.91916,1.006932,0.456075,0.467583,0.467583,0.436369,0.45294,0.23764,1.04516,2.30752,4.39802,0.04516,3.39802,1.30752,-1.436986,-0.792006,751080,395376,177324,0.004,10000,5239,2359,0.0383832,0.02013863,0.00912149,0.00872738,1359,0.1,策略间质量恒定（同一 survivor → 同一 artifact → 同一答案）
finproc|s1|r50|OVERLAP|w1|CELL,finproc,1,50,OVERLAP,1,CELL,10000,1,0.01048,2256,0.2256,12.919259,56.91,58.05,1.91916,1.006932,1.011123,1.01104,1.01104,0.436369,1.00416,0.52686,2.31713,2.30752,4.39802,1.31713,3.39802,1.30752,-0.640826,0.004154,751080,395376,395376,0.004,10000,5239,5239,0.0383832,0.02013863,0.02022245,0.00872738,0,0.011,策略间质量恒定（同一 survivor → 同一 artifact → 同一答案）
finproc|s1|r50|OVERLAP|w2|WORKLOAD,finproc,1,50,OVERLAP,2,WORKLOAD,10000,2,0.01056,2320,0.232,12.817769,56.91,57.91,4.49432,2.373809,1.046016,1.073444,1.073444,1.046016,0.44065,0.23274,1.0,2.26938,4.29661,0.0,3.29661,1.26938,-1.457826,-0.819507,1692160,897199,392712,0.004,20000,10558,4640,0.0898864,0.04747618,0.02092032,0.02092032,0,0.232,策略间质量恒定（同一 survivor → 同一 artifact → 同一答案）
finproc|s1|r50|OVERLAP|w2|CAP_10PCT,finproc,1,50,OVERLAP,2,CAP_10PCT,10000,2,0.01056,2320,0.232,12.817769,56.91,57.91,4.49432,2.373809,1.085478,1.111547,1.111547,1.046016,0.45727,0.24152,1.03773,2.26938,4.29661,0.03773,3.29661,1.26938,-1.420794,-0.782476,1692160,897199,407611,0.004,20000,10558,4815,0.0898864,0.04747618,0.02170955,0.02092032,2815,0.1,策略间质量恒定（同一 survivor → 同一 artifact → 同一答案）
finproc|s1|r50|OVERLAP|w2|CELL,finproc,1,50,OVERLAP,2,CELL,10000,2,0.01056,2320,0.232,12.817769,56.91,57.91,4.49432,2.373809,2.382255,2.382107,2.382107,1.046016,1.00356,0.53006,2.27746,2.26938,4.29661,1.27746,3.29661,1.26938,-0.634767,0.003552,1692160,897199,897199,0.004,20000,10558,10558,0.0898864,0.04747618,0.04764511,0.02092032,0,0.0107,策略间质量恒定（同一 survivor → 同一 artifact → 同一答案）
finproc|s1|r50|OVERLAP|w4|WORKLOAD,finproc,1,50,OVERLAP,4,WORKLOAD,10000,4,0.01053,2296,0.2296,12.855786,56.91,57.72,9.54464,5.022682,2.194307,2.258047,2.258047,2.194307,0.43688,0.2299,1.0,2.28896,4.34973,0.0,3.34973,1.28896,-1.470113,-0.828098,3664320,1935674,841216,0.004,40000,21052,9184,0.1908928,0.10045364,0.04388614,0.04388614,0,0.2296,策略间质量恒定（同一 survivor → 同一 artifact → 同一答案）
finproc|s1|r50|OVERLAP|w4|CAP_10PCT,finproc,1,50,OVERLAP,4,CAP_10PCT,10000,4,0.01053,2296,0.2296,12.855786,56.91,57.72,9.54464,5.022682,2.29517,2.35235,2.35235,2.194307,0.45696,0.24047,1.04597,2.28896,4.34973,0.04597,3.34973,1.28896,-1.425173,-0.783157,3664320,1935674,879924,0.004,40000,21052,9608,0.1908928,0.10045364,0.04590341,0.04388614,5608,0.1,策略间质量恒定（同一 survivor → 同一 artifact → 同一答案）
finproc|s1|r50|OVERLAP|w4|CELL,finproc,1,50,OVERLAP,4,CELL,10000,4,0.01053,2296,0.2296,12.855786,56.91,57.72,9.54464,5.022682,5.039524,5.039159,5.039159,2.194307,1.00335,0.528,2.29664,2.28896,4.34973,1.29664,3.34973,1.28896,-0.638668,0.003347,3664320,1935674,1935674,0.004,40000,21052,21052,0.1908928,0.10045364,0.10079047,0.04388614,0,0.0092,策略间质量恒定（同一 survivor → 同一 artifact → 同一答案）
finproc|s1|r50|NESTED|w1|WORKLOAD,finproc,1,50,NESTED,1,WORKLOAD,10000,1,0.01032,206,0.0206,16.278101,56.91,60.2,1.91916,0.991172,0.043616,0.045561,0.045561,0.043616,0.044,0.02273,1.0,22.72507,44.00149,0.0,43.00149,21.72507,-3.784223,-3.123469,751080,389096,15554,0.004,10000,5160,206,0.0383832,0.01982344,0.00087232,0.00087232,0,0.0206,策略间质量恒定（同一 survivor → 同一 artifact → 同一答案）
finproc|s1|r50|NESTED|w1|CAP_10PCT,finproc,1,50,NESTED,1,CAP_10PCT,10000,1,0.01032,206,0.0206,16.278101,56.91,60.2,1.91916,0.991172,0.043616,0.045561,0.045561,0.043616,0.044,0.02273,1.0,22.72507,44.00149,0.0,43.00149,21.72507,-3.784223,-3.123469,751080,389096,15554,0.004,10000,5160,206,0.0383832,0.01982344,0.00087232,0.00087232,0,0.0206,策略间质量恒定（同一 survivor → 同一 artifact → 同一答案）
finproc|s1|r50|NESTED|w1|CELL,finproc,1,50,NESTED,1,CELL,10000,1,0.01032,206,0.0206,16.278101,56.91,60.2,1.91916,0.991172,0.9953,0.995292,0.995292,0.043616,1.00416,0.51861,22.81971,22.72507,44.00149,21.81971,43.00149,21.72507,-0.656599,0.004156,751080,389096,389096,0.004,10000,5160,5160,0.0383832,0.01982344,0.019906,0.00087232,0,0.0206,策略间质量恒定（同一 survivor → 同一 artifact → 同一答案）
finproc|s1|r50|NESTED|w2|WORKLOAD,finproc,1,50,NESTED,2,WORKLOAD,10000,2,0.01032,206,0.0206,16.278101,56.91,60.2,4.49432,2.318904,0.096828,0.101378,0.101378,0.096828,0.04176,0.02154,1.0,23.94879,46.41569,0.0,45.41569,22.94879,-3.837638,-3.175918,1692160,876232,35022,0.004,20000,10320,412,0.0898864,0.04637808,0.00193655,0.00193655,0,0.0206,策略间质量恒定（同一 survivor → 同一 artifact → 同一答案）
finproc|s1|r50|NESTED|w2|CAP_10PCT,finproc,1,50,NESTED,2,CAP_10PCT,10000,2,0.01032,206,0.0206,16.278101,56.91,60.2,4.49432,2.318904,0.096828,0.101378,0.101378,0.096828,0.04176,0.02154,1.0,23.94879,46.41569,0.0,45.41569,22.94879,-3.837638,-3.175918,1692160,876232,35022,0.004,20000,10320,412,0.0898864,0.04637808,0.00193655,0.00193655,0,0.0206,策略间质量恒定（同一 survivor → 同一 artifact → 同一答案）
finproc|s1|r50|NESTED|w2|CELL,finproc,1,50,NESTED,2,CELL,10000,2,0.01032,206,0.0206,16.278101,56.91,60.2,4.49432,2.318904,2.32716,2.327144,2.327144,0.096828,1.00356,0.5178,24.03406,23.94879,46.41569,23.03406,45.41569,22.94879,-0.658166,0.003554,1692160,876232,876232,0.004,20000,10320,10320,0.0898864,0.04637808,0.0465432,0.00193655,0,0.0206,策略间质量恒定（同一 survivor → 同一 artifact → 同一答案）
finproc|s1|r50|NESTED|w4|WORKLOAD,finproc,1,50,NESTED,4,WORKLOAD,10000,4,0.01032,206,0.0206,16.278101,56.91,60.2,9.54464,4.922768,0.201191,0.210851,0.210851,0.201191,0.04087,0.02108,1.0,24.46811,47.44064,0.0,46.44064,23.46811,-3.859479,-3.197371,3664320,1896944,75812,0.004,40000,20640,824,0.1908928,0.09845536,0.00402382,0.00402382,0,0.0206,策略间质量恒定（同一 survivor → 同一 artifact → 同一答案）
finproc|s1|r50|NESTED|w4|CAP_10PCT,finproc,1,50,NESTED,4,CAP_10PCT,10000,4,0.01032,206,0.0206,16.278101,56.91,60.2,9.54464,4.922768,0.201191,0.210851,0.210851,0.201191,0.04087,0.02108,1.0,24.46811,47.44064,0.0,46.44064,23.46811,-3.859479,-3.197371,3664320,1896944,75812,0.004,40000,20640,824,0.1908928,0.09845536,0.00402382,0.00402382,0,0.0206,策略间质量恒定（同一 survivor → 同一 artifact → 同一答案）
finproc|s1|r50|NESTED|w4|CELL,finproc,1,50,NESTED,4,CELL,10000,4,0.01032,206,0.0206,16.278101,56.91,60.2,9.54464,4.922768,4.93928,4.939248,4.939248,0.201191,1.00335,0.51749,24.55018,24.46811,47.44064,23.55018,46.44064,23.46811,-0.65876,0.003349,3664320,1896944,1896944,0.004,40000,20640,20640,0.1908928,0.09845536,0.0987856,0.00402382,0,0.0206,策略间质量恒定（同一 survivor → 同一 artifact → 同一答案）
finproc|s1|r100|DISJOINT|w1|WORKLOAD,finproc,1,100,DISJOINT,1,WORKLOAD,10000,1,0.01009,6333,0.6333,0.50828,56.91,56.43,1.92316,1.931488,1.221059,1.385441,1.385441,1.221059,0.63219,0.63492,1.0,1.58181,1.57499,0.0,0.57499,0.58181,-0.454251,-0.458573,751080,757523,475753,0.008,10000,10085,6333,0.0192316,0.01931489,0.01221059,0.01221059,0,0.6333,策略间质量恒定（同一 survivor → 同一 artifact → 同一答案）
finproc|s1|r100|DISJOINT|w1|CAP_10PCT,finproc,1,100,DISJOINT,1,CAP_10PCT,10000,1,0.01009,6333,0.6333,0.50828,56.91,56.43,1.92316,1.931488,1.760768,1.766661,1.766661,1.221059,0.91161,0.91556,1.442,1.58181,1.57499,0.442,0.57499,0.58181,-0.088219,-0.092541,751080,757523,687416,0.008,10000,10085,9151,0.0192316,0.01931489,0.01760768,0.01221059,8151,0.1,策略间质量恒定（同一 survivor → 同一 artifact → 同一答案）
finproc|s1|r100|DISJOINT|w1|CELL,finproc,1,100,DISJOINT,1,CELL,10000,1,0.01009,6333,0.6333,0.50828,56.91,56.43,1.92316,1.931488,1.939556,1.937035,1.937035,1.221059,1.00418,1.00853,1.58842,1.58181,1.57499,0.58842,0.57499,0.58181,0.00849,0.004168,751080,757523,757523,0.008,10000,10085,10085,0.0192316,0.01931489,0.01939556,0.01221059,0,0.0114,策略间质量恒定（同一 survivor → 同一 artifact → 同一答案）
finproc|s1|r100|DISJOINT|w2|WORKLOAD,finproc,1,100,DISJOINT,2,WORKLOAD,10000,2,0.01016,6408,0.6408,0.500984,56.91,57.04,4.49832,4.556162,2.885801,3.340967,3.340967,2.885801,0.63338,0.64153,1.0,1.57882,1.55878,0.0,0.55878,0.57882,-0.443902,-0.456678,1692160,1720252,1084538,0.008,20000,20324,12816,0.0449832,0.04556162,0.02885801,0.02885801,0,0.6408,策略间质量恒定（同一 survivor → 同一 artifact → 同一答案）
finproc|s1|r100|DISJOINT|w2|CAP_10PCT,finproc,1,100,DISJOINT,2,CAP_10PCT,10000,2,0.01016,6408,0.6408,0.500984,56.91,57.04,4.49832,4.556162,4.170496,4.175067,4.175067,2.885801,0.91535,0.92712,1.44518,1.57882,1.55878,0.44518,0.55878,0.57882,-0.075669,-0.088446,1692160,1720252,1568762,0.008,20000,20324,18535,0.0449832,0.04556162,0.04170496,0.02885801,16535,0.1,策略间质量恒定（同一 survivor → 同一 artifact → 同一答案）
finproc|s1|r100|DISJOINT|w2|CELL,finproc,1,100,DISJOINT,2,CELL,10000,2,0.01016,6408,0.6408,0.500984,56.91,57.04,4.49832,4.556162,4.572421,4.567773,4.567773,2.885801,1.00357,1.01647,1.58445,1.57882,1.55878,0.58445,0.55878,0.57882,0.016339,0.003562,1692160,1720252,1720252,0.008,20000,20324,20324,0.0449832,0.04556162,0.04572421,0.02885801,0,0.0117,策略间质量恒定（同一 survivor → 同一 artifact → 同一答案）
finproc|s1|r100|DISJOINT|w4|WORKLOAD,finproc,1,100,DISJOINT,4,WORKLOAD,10000,4,0.00999,6342,0.6342,0.496495,56.91,57.69,9.54864,9.50278,6.057826,6.69662,6.69662,6.057826,0.63748,0.63442,1.0,1.56868,1.57625,0.0,0.57625,0.56868,-0.455048,-0.450233,3664320,3658916,2323488,0.008,40000,39944,25368,0.0954864,0.0950278,0.06057826,0.06057826,0,0.6342,策略间质量恒定（同一 survivor → 同一 artifact → 同一答案）
finproc|s1|r100|DISJOINT|w4|CAP_10PCT,finproc,1,100,DISJOINT,4,CAP_10PCT,10000,4,0.00999,6342,0.6342,0.496495,56.91,57.69,9.54864,9.50278,8.710107,8.7291,8.7291,6.057826,0.91659,0.91218,1.43783,1.56868,1.57625,0.43783,0.57625,0.56868,-0.091915,-0.0871,3664320,3658916,3342285,0.008,40000,39944,36484,0.0954864,0.0950278,0.08710107,0.06057826,32484,0.1,策略间质量恒定（同一 survivor → 同一 artifact → 同一答案）
finproc|s1|r100|DISJOINT|w4|CELL,finproc,1,100,DISJOINT,4,CELL,10000,4,0.00999,6342,0.6342,0.496495,56.91,57.69,9.54864,9.50278,9.534735,9.526316,9.526316,6.057826,1.00336,0.99854,1.57395,1.56868,1.57625,0.57395,0.57625,0.56868,-0.001457,0.003357,3664320,3658916,3658916,0.008,40000,39944,39944,0.0954864,0.0950278,0.09534735,0.06057826,0,0.0122,策略间质量恒定（同一 survivor → 同一 artifact → 同一答案）
finproc|s1|r100|OVERLAP|w1|WORKLOAD,finproc,1,100,OVERLAP,1,WORKLOAD,10000,1,0.01045,3969,0.3969,26.166109,56.91,58.05,1.92316,2.009014,0.768458,0.782625,0.782625,0.768458,0.3825,0.39958,1.0,2.61434,2.50262,0.0,1.50262,1.61434,-0.917339,-0.961014,751080,788874,298269,0.008,10000,10451,3969,0.0192316,0.02009013,0.00768458,0.00768458,0,0.3969,策略间质量恒定（同一 survivor → 同一 artifact → 同一答案）
finproc|s1|r100|OVERLAP|w1|CAP_10PCT,finproc,1,100,OVERLAP,1,CAP_10PCT,10000,1,0.01045,3969,0.3969,26.166109,56.91,58.05,1.92316,2.009014,0.893561,0.90507,0.90507,0.768458,0.44478,0.46463,1.1628,2.61434,2.50262,0.1628,1.50262,1.61434,-0.76651,-0.810184,751080,788874,347357,0.008,10000,10451,4621,0.0192316,0.02009013,0.00893561,0.00768458,3621,0.1,策略间质量恒定（同一 survivor → 同一 artifact → 同一答案）
finproc|s1|r100|OVERLAP|w1|CELL,finproc,1,100,OVERLAP,1,CELL,10000,1,0.01045,3969,0.3969,26.166109,56.91,58.05,1.92316,2.009014,2.017374,2.017291,2.017291,0.768458,1.00416,1.04899,2.62522,2.61434,2.50262,1.62522,1.50262,1.61434,0.047827,0.004153,751080,788874,788874,0.008,10000,10451,10451,0.0192316,0.02009013,0.02017374,0.00768458,0,0.0109,策略间质量恒定（同一 survivor → 同一 artifact → 同一答案）
finproc|s1|r100|OVERLAP|w2|WORKLOAD,finproc,1,100,OVERLAP,2,WORKLOAD,10000,2,0.0105,4009,0.4009,26.047624,56.91,57.91,4.49832,4.720313,1.808349,1.838044,1.838044,1.808349,0.3831,0.40201,1.0,2.61029,2.48753,0.0,1.48753,1.61029,-0.911289,-0.959461,1692160,1783961,678477,0.008,20000,20998,8018,0.0449832,0.04720313,0.01808349,0.01808349,0,0.4009,策略间质量恒定（同一 survivor → 同一 artifact → 同一答案）
finproc|s1|r100|OVERLAP|w2|CAP_10PCT,finproc,1,100,OVERLAP,2,CAP_10PCT,10000,2,0.0105,4009,0.4009,26.047624,56.91,57.91,4.49832,4.720313,2.098138,2.124208,2.124208,1.808349,0.44449,0.46643,1.16025,2.61029,2.48753,0.16025,1.48753,1.61029,-0.762654,-0.810825,1692160,1783961,787682,0.008,20000,20998,9309,0.0449832,0.04720313,0.02098138,0.01808349,7309,0.1,策略间质量恒定（同一 survivor → 同一 artifact → 同一答案）
finproc|s1|r100|OVERLAP|w2|CELL,finproc,1,100,OVERLAP,2,CELL,10000,2,0.0105,4009,0.4009,26.047624,56.91,57.91,4.49832,4.720313,4.737111,4.736963,4.736963,1.808349,1.00356,1.05308,2.61958,2.61029,2.48753,1.61958,1.48753,1.61029,0.051724,0.003552,1692160,1783961,1783961,0.008,20000,20998,20998,0.0449832,0.04720313,0.04737111,0.01808349,0,0.0105,策略间质量恒定（同一 survivor → 同一 artifact → 同一答案）
finproc|s1|r100|OVERLAP|w4|WORKLOAD,finproc,1,100,OVERLAP,4,WORKLOAD,10000,4,0.01046,3973,0.3973,26.147638,56.91,57.72,9.54864,9.981612,3.798296,3.874355,3.874355,3.798296,0.38053,0.39778,1.0,2.62792,2.51393,0.0,1.51393,1.62792,-0.921846,-0.966192,3664320,3846884,1455734,0.008,40000,41832,15892,0.0954864,0.09981612,0.03798296,0.03798296,0,0.3973,策略间质量恒定（同一 survivor → 同一 artifact → 同一答案）
finproc|s1|r100|OVERLAP|w4|CAP_10PCT,finproc,1,100,OVERLAP,4,CAP_10PCT,10000,4,0.01046,3973,0.3973,26.147638,56.91,57.72,9.54864,9.981612,4.431171,4.48835,4.48835,3.798296,0.44393,0.46406,1.16662,2.62792,2.51393,0.16662,1.51393,1.62792,-0.767735,-0.812081,3664320,3846884,1698844,0.008,40000,41832,18544,0.0954864,0.09981612,0.04431171,0.03798296,14544,0.1,策略间质量恒定（同一 survivor → 同一 artifact → 同一答案）
finproc|s1|r100|OVERLAP|w4|CELL,finproc,1,100,OVERLAP,4,CELL,10000,4,0.01046,3973,0.3973,26.147638,56.91,57.72,9.54864,9.981612,10.015078,10.014713,10.014713,3.798296,1.00335,1.04885,2.63673,2.62792,2.51393,1.63673,1.51393,1.62792,0.047693,0.003347,3664320,3846884,3846884,0.008,40000,41832,41832,0.0954864,0.09981612,0.10015078,0.03798296,0,0.0103,策略间质量恒定（同一 survivor → 同一 artifact → 同一答案）
finproc|s1|r100|NESTED|w1|WORKLOAD,finproc,1,100,NESTED,1,WORKLOAD,10000,1,0.01031,206,0.0206,32.95955,56.91,60.2,1.92316,1.980347,0.047616,0.049561,0.049561,0.047616,0.02404,0.02476,1.0,41.59011,40.38911,0.0,39.38911,40.59011,-3.69856,-3.727862,751080,777416,15554,0.008,10000,10309,206,0.0192316,0.01980346,0.00047616,0.00047616,0,0.0206,策略间质量恒定（同一 survivor → 同一 artifact → 同一答案）
finproc|s1|r100|NESTED|w1|CAP_10PCT,finproc,1,100,NESTED,1,CAP_10PCT,10000,1,0.01031,206,0.0206,32.95955,56.91,60.2,1.92316,1.980347,0.047616,0.049561,0.049561,0.047616,0.02404,0.02476,1.0,41.59011,40.38911,0.0,39.38911,40.59011,-3.69856,-3.727862,751080,777416,15554,0.008,10000,10309,206,0.0192316,0.01980346,0.00047616,0.00047616,0,0.0206,策略间质量恒定（同一 survivor → 同一 artifact → 同一答案）
finproc|s1|r100|NESTED|w1|CELL,finproc,1,100,NESTED,1,CELL,10000,1,0.01031,206,0.0206,32.95955,56.91,60.2,1.92316,1.980347,1.988594,1.988586,1.988586,0.047616,1.00416,1.03402,41.76332,41.59011,40.38911,40.76332,39.38911,40.59011,0.033458,0.004156,751080,777416,777416,0.008,10000,10309,10309,0.0192316,0.01980346,0.01988594,0.00047616,0,0.0206,策略间质量恒定（同一 survivor → 同一 artifact → 同一答案）
finproc|s1|r100|NESTED|w2|WORKLOAD,finproc,1,100,NESTED,2,WORKLOAD,10000,2,0.01031,206,0.0206,32.95955,56.91,60.2,4.49832,4.633087,0.100828,0.105378,0.105378,0.100828,0.02176,0.02241,1.0,45.95058,44.61397,0.0,43.61397,44.95058,-3.798047,-3.827567,1692160,1750703,35022,0.008,20000,20618,412,0.0449832,0.04633087,0.00100828,0.00100828,0,0.0206,策略间质量恒定（同一 survivor → 同一 artifact → 同一答案）
finproc|s1|r100|NESTED|w2|CAP_10PCT,finproc,1,100,NESTED,2,CAP_10PCT,10000,2,0.01031,206,0.0206,32.95955,56.91,60.2,4.49832,4.633087,0.100828,0.105378,0.105378,0.100828,0.02176,0.02241,1.0,45.95058,44.61397,0.0,43.61397,44.95058,-3.798047,-3.827567,1692160,1750703,35022,0.008,20000,20618,412,0.0449832,0.04633087,0.00100828,0.00100828,0,0.0206,策略间质量恒定（同一 survivor → 同一 artifact → 同一答案）
finproc|s1|r100|NESTED|w2|CELL,finproc,1,100,NESTED,2,CELL,10000,2,0.01031,206,0.0206,32.95955,56.91,60.2,4.49832,4.633087,4.649581,4.649565,4.649565,0.100828,1.00356,1.03363,46.11417,45.95058,44.61397,45.11417,43.61397,44.95058,0.033073,0.003554,1692160,1750703,1750703,0.008,20000,20618,20618,0.0449832,0.04633087,0.04649581,0.00100828,0,0.0206,策略间质量恒定（同一 survivor → 同一 artifact → 同一答案）
finproc|s1|r100|NESTED|w4|WORKLOAD,finproc,1,100,NESTED,4,WORKLOAD,10000,4,0.01031,206,0.0206,32.95955,56.91,60.2,9.54864,9.835478,0.205191,0.214851,0.214851,0.205191,0.02086,0.02149,1.0,47.93323,46.53533,0.0,45.53533,46.93323,-3.840212,-3.869809,3664320,3790058,75812,0.008,40000,41236,824,0.0954864,0.09835478,0.00205191,0.00205191,0,0.0206,策略间质量恒定（同一 survivor → 同一 artifact → 同一答案）
finproc|s1|r100|NESTED|w4|CAP_10PCT,finproc,1,100,NESTED,4,CAP_10PCT,10000,4,0.01031,206,0.0206,32.95955,56.91,60.2,9.54864,9.835478,0.205191,0.214851,0.214851,0.205191,0.02086,0.02149,1.0,47.93323,46.53533,0.0,45.53533,46.93323,-3.840212,-3.869809,3664320,3790058,75812,0.008,40000,41236,824,0.0954864,0.09835478,0.00205191,0.00205191,0,0.0206,策略间质量恒定（同一 survivor → 同一 artifact → 同一答案）
finproc|s1|r100|NESTED|w4|CELL,finproc,1,100,NESTED,4,CELL,10000,4,0.01031,206,0.0206,32.95955,56.91,60.2,9.54864,9.835478,9.868467,9.868435,9.868435,0.205191,1.00335,1.03349,48.09401,47.93323,46.53533,47.09401,45.53533,46.93323,0.032946,0.003348,3664320,3790058,3790058,0.008,40000,41236,41236,0.0954864,0.09835478,0.09868467,0.00205191,0,0.0206,策略间质量恒定（同一 survivor → 同一 artifact → 同一答案）
finproc|s5|r1|DISJOINT|w1|WORKLOAD,finproc,5,1,DISJOINT,1,WORKLOAD,10000,1,0.0524,524,0.0524,0.0,56.91,56.88,1.91524,0.099996,0.100415,0.099996,0.099996,0.099996,1.00419,0.05243,1.00419,1.0,19.15317,0.00419,18.15317,0.0,-2.948285,0.004183,751080,39347,39347,8e-05,10000,524,524,1.91524,0.099996,0.1004152,0.099996,0,0.0524,策略间质量恒定（同一 survivor → 同一 artifact → 同一答案）
finproc|s5|r1|DISJOINT|w1|CAP_10PCT,finproc,5,1,DISJOINT,1,CAP_10PCT,10000,1,0.0524,524,0.0524,0.0,56.91,56.88,1.91524,0.099996,0.100415,0.099996,0.099996,0.099996,1.00419,0.05243,1.00419,1.0,19.15317,0.00419,18.15317,0.0,-2.948285,0.004183,751080,39347,39347,8e-05,10000,524,524,1.91524,0.099996,0.1004152,0.099996,0,0.0524,策略间质量恒定（同一 survivor → 同一 artifact → 同一答案）
finproc|s5|r1|DISJOINT|w1|CELL,finproc,5,1,DISJOINT,1,CELL,10000,1,0.0524,524,0.0524,0.0,56.91,56.88,1.91524,0.099996,0.100415,0.099996,0.099996,0.099996,1.00419,0.05243,1.00419,1.0,19.15317,0.00419,18.15317,0.0,-2.948285,0.004183,751080,39347,39347,8e-05,10000,524,524,1.91524,0.099996,0.1004152,0.099996,0,0.0524,策略间质量恒定（同一 survivor → 同一 artifact → 同一答案）
finproc|s5|r1|DISJOINT|w2|WORKLOAD,finproc,5,1,DISJOINT,2,WORKLOAD,10000,2,0.0503,503,0.0503,0.0,56.91,56.88,4.4904,0.225429,0.226234,0.225429,0.225429,0.225429,1.00357,0.05038,1.00357,1.0,19.91935,0.00357,18.91935,0.0,-2.988128,0.003564,1692160,85261,85261,8e-05,20000,1006,1006,4.4904,0.225429,0.2262338,0.225429,0,0.0503,策略间质量恒定（同一 survivor → 同一 artifact → 同一答案）
finproc|s5|r1|DISJOINT|w2|CAP_10PCT,finproc,5,1,DISJOINT,2,CAP_10PCT,10000,2,0.0503,503,0.0503,0.0,56.91,56.88,4.4904,0.225429,0.226234,0.225429,0.225429,0.225429,1.00357,0.05038,1.00357,1.0,19.91935,0.00357,18.91935,0.0,-2.988128,0.003564,1692160,85261,85261,8e-05,20000,1006,1006,4.4904,0.225429,0.2262338,0.225429,0,0.0503,策略间质量恒定（同一 survivor → 同一 artifact → 同一答案）
finproc|s5|r1|DISJOINT|w2|CELL,finproc,5,1,DISJOINT,2,CELL,10000,2,0.0503,503,0.0503,0.0,56.91,56.88,4.4904,0.225429,0.226234,0.225429,0.225429,0.225429,1.00357,0.05038,1.00357,1.0,19.91935,0.00357,18.91935,0.0,-2.988128,0.003564,1692160,85261,85261,8e-05,20000,1006,1006,4.4904,0.225429,0.2262338,0.225429,0,0.0503,策略间质量恒定（同一 survivor → 同一 artifact → 同一答案）
finproc|s5|r1|DISJOINT|w4|WORKLOAD,finproc,5,1,DISJOINT,4,WORKLOAD,10000,4,0.048,480,0.048,0.0,56.91,57.11,9.54072,0.45676,0.458296,0.45676,0.45676,0.45676,1.00336,0.04804,1.00336,1.0,20.88782,0.00336,19.88782,0.0,-3.035809,0.003357,3664320,176020,176020,8e-05,40000,1920,1920,9.54072,0.45676,0.458296,0.45676,0,0.048,策略间质量恒定（同一 survivor → 同一 artifact → 同一答案）
finproc|s5|r1|DISJOINT|w4|CAP_10PCT,finproc,5,1,DISJOINT,4,CAP_10PCT,10000,4,0.048,480,0.048,0.0,56.91,57.11,9.54072,0.45676,0.458296,0.45676,0.45676,0.45676,1.00336,0.04804,1.00336,1.0,20.88782,0.00336,19.88782,0.0,-3.035809,0.003357,3664320,176020,176020,8e-05,40000,1920,1920,9.54072,0.45676,0.458296,0.45676,0,0.048,策略间质量恒定（同一 survivor → 同一 artifact → 同一答案）
finproc|s5|r1|DISJOINT|w4|CELL,finproc,5,1,DISJOINT,4,CELL,10000,4,0.048,480,0.048,0.0,56.91,57.11,9.54072,0.45676,0.458296,0.45676,0.45676,0.45676,1.00336,0.04804,1.00336,1.0,20.88782,0.00336,19.88782,0.0,-3.035809,0.003357,3664320,176020,176020,8e-05,40000,1920,1920,9.54072,0.45676,0.458296,0.45676,0,0.048,策略间质量恒定（同一 survivor → 同一 artifact → 同一答案）
finproc|s5|r1|OVERLAP|w1|WORKLOAD,finproc,5,1,OVERLAP,1,WORKLOAD,10000,1,0.0506,506,0.0506,0.0,56.91,56.9,1.91524,0.096689,0.097094,0.096689,0.096689,0.096689,1.00419,0.0507,1.00419,1.0,19.80825,0.00419,18.80825,0.0,-2.981921,0.004178,751080,38058,38058,8e-05,10000,506,506,1.91524,0.096689,0.0970938,0.096689,0,0.0506,策略间质量恒定（同一 survivor → 同一 artifact → 同一答案）
finproc|s5|r1|OVERLAP|w1|CAP_10PCT,finproc,5,1,OVERLAP,1,CAP_10PCT,10000,1,0.0506,506,0.0506,0.0,56.91,56.9,1.91524,0.096689,0.097094,0.096689,0.096689,0.096689,1.00419,0.0507,1.00419,1.0,19.80825,0.00419,18.80825,0.0,-2.981921,0.004178,751080,38058,38058,8e-05,10000,506,506,1.91524,0.096689,0.0970938,0.096689,0,0.0506,策略间质量恒定（同一 survivor → 同一 artifact → 同一答案）
finproc|s5|r1|OVERLAP|w1|CELL,finproc,5,1,OVERLAP,1,CELL,10000,1,0.0506,506,0.0506,0.0,56.91,56.9,1.91524,0.096689,0.097094,0.096689,0.096689,0.096689,1.00419,0.0507,1.00419,1.0,19.80825,0.00419,18.80825,0.0,-2.981921,0.004178,751080,38058,38058,8e-05,10000,506,506,1.91524,0.096689,0.0970938,0.096689,0,0.0506,策略间质量恒定（同一 survivor → 同一 artifact → 同一答案）
finproc|s5|r1|OVERLAP|w2|WORKLOAD,finproc,5,1,OVERLAP,2,WORKLOAD,10000,2,0.0501,501,0.0501,0.0,56.91,57.05,4.4904,0.224303,0.225105,0.224303,0.224303,0.224303,1.00357,0.05013,1.00357,1.0,20.01935,0.00357,19.01935,0.0,-2.993132,0.003567,1692160,84807,84807,8e-05,20000,1002,1002,4.4904,0.224303,0.2251046,0.224303,0,0.0501,策略间质量恒定（同一 survivor → 同一 artifact → 同一答案）
finproc|s5|r1|OVERLAP|w2|CAP_10PCT,finproc,5,1,OVERLAP,2,CAP_10PCT,10000,2,0.0501,501,0.0501,0.0,56.91,57.05,4.4904,0.224303,0.225105,0.224303,0.224303,0.224303,1.00357,0.05013,1.00357,1.0,20.01935,0.00357,19.01935,0.0,-2.993132,0.003567,1692160,84807,84807,8e-05,20000,1002,1002,4.4904,0.224303,0.2251046,0.224303,0,0.0501,策略间质量恒定（同一 survivor → 同一 artifact → 同一答案）
finproc|s5|r1|OVERLAP|w2|CELL,finproc,5,1,OVERLAP,2,CELL,10000,2,0.0501,501,0.0501,0.0,56.91,57.05,4.4904,0.224303,0.225105,0.224303,0.224303,0.224303,1.00357,0.05013,1.00357,1.0,20.01935,0.00357,19.01935,0.0,-2.993132,0.003567,1692160,84807,84807,8e-05,20000,1002,1002,4.4904,0.224303,0.2251046,0.224303,0,0.0501,策略间质量恒定（同一 survivor → 同一 artifact → 同一答案）
finproc|s5|r1|OVERLAP|w4|WORKLOAD,finproc,5,1,OVERLAP,4,WORKLOAD,10000,4,0.0468,468,0.0468,0.0,56.91,57.04,9.54072,0.445472,0.44697,0.445472,0.445472,0.445472,1.00336,0.04685,1.00336,1.0,21.4171,0.00336,20.4171,0.0,-3.060834,0.003356,3664320,171684,171684,8e-05,40000,1872,1872,9.54072,0.445472,0.4469696,0.445472,0,0.0468,策略间质量恒定（同一 survivor → 同一 artifact → 同一答案）
finproc|s5|r1|OVERLAP|w4|CAP_10PCT,finproc,5,1,OVERLAP,4,CAP_10PCT,10000,4,0.0468,468,0.0468,0.0,56.91,57.04,9.54072,0.445472,0.44697,0.445472,0.445472,0.445472,1.00336,0.04685,1.00336,1.0,21.4171,0.00336,20.4171,0.0,-3.060834,0.003356,3664320,171684,171684,8e-05,40000,1872,1872,9.54072,0.445472,0.4469696,0.445472,0,0.0468,策略间质量恒定（同一 survivor → 同一 artifact → 同一答案）
finproc|s5|r1|OVERLAP|w4|CELL,finproc,5,1,OVERLAP,4,CELL,10000,4,0.0468,468,0.0468,0.0,56.91,57.04,9.54072,0.445472,0.44697,0.445472,0.445472,0.445472,1.00336,0.04685,1.00336,1.0,21.4171,0.00336,20.4171,0.0,-3.060834,0.003356,3664320,171684,171684,8e-05,40000,1872,1872,9.54072,0.445472,0.4469696,0.445472,0,0.0468,策略间质量恒定（同一 survivor → 同一 artifact → 同一答案）
finproc|s5|r1|NESTED|w1|WORKLOAD,finproc,5,1,NESTED,1,WORKLOAD,10000,1,0.0533,533,0.0533,0.0,56.91,56.85,1.91524,0.101939,0.102365,0.101939,0.101939,0.101939,1.00418,0.05345,1.00418,1.0,18.78819,0.00418,17.78819,0.0,-2.929054,0.004174,751080,40136,40136,8e-05,10000,533,533,1.91524,0.1019385,0.1023649,0.1019385,0,0.0533,策略间质量恒定（同一 survivor → 同一 artifact → 同一答案）
finproc|s5|r1|NESTED|w1|CAP_10PCT,finproc,5,1,NESTED,1,CAP_10PCT,10000,1,0.0533,533,0.0533,0.0,56.91,56.85,1.91524,0.101939,0.102365,0.101939,0.101939,0.101939,1.00418,0.05345,1.00418,1.0,18.78819,0.00418,17.78819,0.0,-2.929054,0.004174,751080,40136,40136,8e-05,10000,533,533,1.91524,0.1019385,0.1023649,0.1019385,0,0.0533,策略间质量恒定（同一 survivor → 同一 artifact → 同一答案）
finproc|s5|r1|NESTED|w1|CELL,finproc,5,1,NESTED,1,CELL,10000,1,0.0533,533,0.0533,0.0,56.91,56.85,1.91524,0.101939,0.102365,0.101939,0.101939,0.101939,1.00418,0.05345,1.00418,1.0,18.78819,0.00418,17.78819,0.0,-2.929054,0.004174,751080,40136,40136,8e-05,10000,533,533,1.91524,0.1019385,0.1023649,0.1019385,0,0.0533,策略间质量恒定（同一 survivor → 同一 artifact → 同一答案）
finproc|s5|r1|NESTED|w2|WORKLOAD,finproc,5,1,NESTED,2,WORKLOAD,10000,2,0.0533,533,0.0533,0.0,56.91,56.85,4.4904,0.238975,0.239828,0.238975,0.238975,0.238975,1.00357,0.05341,1.00357,1.0,18.79025,0.00357,17.79025,0.0,-2.929776,0.003562,1692160,90399,90399,8e-05,20000,1066,1066,4.4904,0.238975,0.2398278,0.238975,0,0.0533,策略间质量恒定（同一 survivor → 同一 artifact → 同一答案）
finproc|s5|r1|NESTED|w2|CAP_10PCT,finproc,5,1,NESTED,2,CAP_10PCT,10000,2,0.0533,533,0.0533,0.0,56.91,56.85,4.4904,0.238975,0.239828,0.238975,0.238975,0.238975,1.00357,0.05341,1.00357,1.0,18.79025,0.00357,17.79025,0.0,-2.929776,0.003562,1692160,90399,90399,8e-05,20000,1066,1066,4.4904,0.238975,0.2398278,0.238975,0,0.0533,策略间质量恒定（同一 survivor → 同一 artifact → 同一答案）
finproc|s5|r1|NESTED|w2|CELL,finproc,5,1,NESTED,2,CELL,10000,2,0.0533,533,0.0533,0.0,56.91,56.85,4.4904,0.238975,0.239828,0.238975,0.238975,0.238975,1.00357,0.05341,1.00357,1.0,18.79025,0.00357,17.79025,0.0,-2.929776,0.003562,1692160,90399,90399,8e-05,20000,1066,1066,4.4904,0.238975,0.2398278,0.238975,0,0.0533,策略间质量恒定（同一 survivor → 同一 artifact → 同一答案）
finproc|s5|r1|NESTED|w4|WORKLOAD,finproc,5,1,NESTED,4,WORKLOAD,10000,4,0.0533,533,0.0533,0.0,56.91,56.85,9.54072,0.507718,0.509424,0.507718,0.507718,0.507718,1.00336,0.05339,1.00336,1.0,18.79138,0.00336,17.79138,0.0,-2.930044,0.003354,3664320,195722,195722,8e-05,40000,2132,2132,9.54072,0.507718,0.5094236,0.507718,0,0.0533,策略间质量恒定（同一 survivor → 同一 artifact → 同一答案）
finproc|s5|r1|NESTED|w4|CAP_10PCT,finproc,5,1,NESTED,4,CAP_10PCT,10000,4,0.0533,533,0.0533,0.0,56.91,56.85,9.54072,0.507718,0.509424,0.507718,0.507718,0.507718,1.00336,0.05339,1.00336,1.0,18.79138,0.00336,17.79138,0.0,-2.930044,0.003354,3664320,195722,195722,8e-05,40000,2132,2132,9.54072,0.507718,0.5094236,0.507718,0,0.0533,策略间质量恒定（同一 survivor → 同一 artifact → 同一答案）
finproc|s5|r1|NESTED|w4|CELL,finproc,5,1,NESTED,4,CELL,10000,4,0.0533,533,0.0533,0.0,56.91,56.85,9.54072,0.507718,0.509424,0.507718,0.507718,0.507718,1.00336,0.05339,1.00336,1.0,18.79138,0.00336,17.79138,0.0,-2.930044,0.003354,3664320,195722,195722,8e-05,40000,2132,2132,9.54072,0.507718,0.5094236,0.507718,0,0.0533,策略间质量恒定（同一 survivor → 同一 artifact → 同一答案）
finproc|s5|r10|DISJOINT|w1|WORKLOAD,finproc,5,10,DISJOINT,1,WORKLOAD,10000,1,0.05088,4089,0.4089,0.225629,56.91,56.88,1.91596,0.970584,0.783302,0.817811,0.817811,0.783302,0.80704,0.40883,1.0,1.23909,2.44601,0.0,1.44601,0.23909,-0.894456,-0.21438,751080,381860,306813,0.0008,10000,5088,4089,0.191596,0.0970584,0.07833017,0.07833017,0,0.4089,策略间质量恒定（同一 survivor → 同一 artifact → 同一答案）
finproc|s5|r10|DISJOINT|w1|CAP_10PCT,finproc,5,10,DISJOINT,1,CAP_10PCT,10000,1,0.05088,4089,0.4089,0.225629,56.91,56.88,1.91596,0.970584,0.905585,0.912467,0.912467,0.783302,0.93303,0.47265,1.15611,1.23909,2.44601,0.15611,1.44601,0.23909,-0.749393,-0.069317,751080,381860,354780,0.0008,10000,5088,4727,0.191596,0.0970584,0.09055851,0.07833017,3727,0.1,策略间质量恒定（同一 survivor → 同一 artifact → 同一答案）
finproc|s5|r10|DISJOINT|w1|CELL,finproc,5,10,DISJOINT,1,CELL,10000,1,0.05088,4089,0.4089,0.225629,56.91,56.88,1.91596,0.970584,0.974654,0.974235,0.974235,0.783302,1.00419,0.5087,1.24429,1.23909,2.44601,0.24429,1.44601,0.23909,-0.675891,0.004185,751080,381860,381860,0.0008,10000,5088,5088,0.191596,0.0970584,0.09746544,0.07833017,0,0.0525,策略间质量恒定（同一 survivor → 同一 artifact → 同一答案）
finproc|s5|r10|DISJOINT|w2|WORKLOAD,finproc,5,10,DISJOINT,2,WORKLOAD,10000,2,0.05169,4133,0.4133,0.229058,56.91,56.88,4.49112,2.312039,1.855596,1.939532,1.939532,1.855596,0.80258,0.41317,1.0,1.24598,2.42031,0.0,1.42031,0.24598,-0.883896,-0.219924,1692160,873909,698843,0.0008,20000,10338,8266,0.449112,0.2312039,0.18555958,0.18555958,0,0.4133,策略间质量恒定（同一 survivor → 同一 artifact → 同一答案）
finproc|s5|r10|DISJOINT|w2|CAP_10PCT,finproc,5,10,DISJOINT,2,CAP_10PCT,10000,2,0.05169,4133,0.4133,0.229058,56.91,56.88,4.49112,2.312039,2.206032,2.217812,2.217812,1.855596,0.95415,0.4912,1.18885,1.24598,2.42031,0.18885,1.42031,0.24598,-0.710907,-0.046935,1692160,873909,830865,0.0008,20000,10338,9829,0.449112,0.2312039,0.22060317,0.18555958,7829,0.1,策略间质量恒定（同一 survivor → 同一 artifact → 同一答案）
finproc|s5|r10|DISJOINT|w2|CELL,finproc,5,10,DISJOINT,2,CELL,10000,2,0.05169,4133,0.4133,0.229058,56.91,56.88,4.49112,2.312039,2.320309,2.319505,2.319505,1.855596,1.00358,0.51664,1.25044,1.24598,2.42031,0.25044,1.42031,0.24598,-0.660402,0.003571,1692160,873909,873909,0.0008,20000,10338,10338,0.449112,0.2312039,0.23203094,0.18555958,0,0.0481,策略间质量恒定（同一 survivor → 同一 artifact → 同一答案）
finproc|s5|r10|DISJOINT|w4|WORKLOAD,finproc,5,10,DISJOINT,4,WORKLOAD,10000,4,0.04973,3975,0.3975,0.225618,56.91,57.11,9.54144,4.729758,3.792442,3.986712,3.986712,3.792442,0.80183,0.39747,1.0,1.24715,2.51591,0.0,1.51591,0.24715,-0.922634,-0.220864,3664320,1822422,1456186,0.0008,40000,19892,15900,0.954144,0.4729758,0.3792442,0.3792442,0,0.3975,策略间质量恒定（同一 survivor → 同一 artifact → 同一答案）
finproc|s5|r10|DISJOINT|w4|CAP_10PCT,finproc,5,10,DISJOINT,4,CAP_10PCT,10000,4,0.04973,3975,0.3975,0.225618,56.91,57.11,9.54144,4.729758,4.358316,4.40915,4.40915,3.792442,0.92147,0.45678,1.14921,1.24715,2.51591,0.14921,1.51591,0.24715,-0.783559,-0.081788,3664320,1822422,1673481,0.0008,40000,19892,18272,0.954144,0.4729758,0.43583156,0.3792442,14272,0.1,策略间质量恒定（同一 survivor → 同一 artifact → 同一答案）
finproc|s5|r10|DISJOINT|w4|CELL,finproc,5,10,DISJOINT,4,CELL,10000,4,0.04973,3975,0.3975,0.225618,56.91,57.11,9.54144,4.729758,4.745672,4.744136,4.744136,3.792442,1.00336,0.49737,1.25135,1.24715,2.51591,0.25135,1.51591,0.24715,-0.698411,0.003359,3664320,1822422,1822422,0.0008,40000,19892,19892,0.954144,0.4729758,0.47456716,0.3792442,0,0.049,策略间质量恒定（同一 survivor → 同一 artifact → 同一答案）
finproc|s5|r10|OVERLAP|w1|WORKLOAD,finproc,5,10,OVERLAP,1,WORKLOAD,10000,1,0.04961,2445,0.2445,2.331788,56.91,56.9,1.91596,0.948699,0.469288,0.526874,0.526874,0.469288,0.49467,0.24494,1.0,2.02157,4.08269,0.0,3.08269,1.02157,-1.406756,-0.703873,751080,373489,183755,0.0008,10000,4961,2445,0.191596,0.09486985,0.04692885,0.04692885,0,0.2445,策略间质量恒定（同一 survivor → 同一 artifact → 同一答案）
finproc|s5|r10|OVERLAP|w1|CAP_10PCT,finproc,5,10,OVERLAP,1,CAP_10PCT,10000,1,0.04961,2445,0.2445,2.331788,56.91,56.9,1.91596,0.948699,0.489833,0.542505,0.542505,0.469288,0.51632,0.25566,1.04378,2.02157,4.08269,0.04378,3.08269,1.02157,-1.36391,-0.661027,751080,373489,191797,0.0008,10000,4961,2553,0.191596,0.09486985,0.04898329,0.04692885,1553,0.1,策略间质量恒定（同一 survivor → 同一 artifact → 同一答案）
finproc|s5|r10|OVERLAP|w1|CELL,finproc,5,10,OVERLAP,1,CELL,10000,1,0.04961,2445,0.2445,2.331788,56.91,56.9,1.91596,0.948699,0.952667,0.952263,0.952263,0.469288,1.00418,0.49723,2.03002,2.02157,4.08269,1.03002,3.08269,1.02157,-0.698708,0.004175,751080,373489,373489,0.0008,10000,4961,4961,0.191596,0.09486985,0.09526673,0.04692885,0,0.0512,策略间质量恒定（同一 survivor → 同一 artifact → 同一答案）
finproc|s5|r10|OVERLAP|w2|WORKLOAD,finproc,5,10,OVERLAP,2,WORKLOAD,10000,2,0.04963,2418,0.2418,2.337699,56.91,57.05,4.49112,2.223913,1.086235,1.221627,1.221627,1.086235,0.48843,0.24186,1.0,2.04736,4.13458,0.0,3.13458,1.04736,-1.419385,-0.716551,1692160,841073,409002,0.0008,20000,9926,4836,0.449112,0.2223913,0.10862348,0.10862348,0,0.2418,策略间质量恒定（同一 survivor → 同一 artifact → 同一答案）
finproc|s5|r10|OVERLAP|w2|CAP_10PCT,finproc,5,10,OVERLAP,2,CAP_10PCT,10000,2,0.04963,2418,0.2418,2.337699,56.91,57.05,4.49112,2.223913,1.147593,1.266078,1.266078,1.086235,0.51602,0.25552,1.05649,2.04736,4.13458,0.05649,3.13458,1.04736,-1.364435,-0.661602,1692160,841073,432105,0.0008,20000,9926,5110,0.449112,0.2223913,0.1147593,0.10862348,3110,0.1,策略间质量恒定（同一 survivor → 同一 artifact → 同一答案）
finproc|s5|r10|OVERLAP|w2|CELL,finproc,5,10,OVERLAP,2,CELL,10000,2,0.04963,2418,0.2418,2.337699,56.91,57.05,4.49112,2.223913,2.231854,2.231052,2.231052,1.086235,1.00357,0.49695,2.05467,2.04736,4.13458,1.05467,3.13458,1.04736,-0.69927,0.003564,1692160,841073,841073,0.0008,20000,9926,9926,0.449112,0.2223913,0.22318538,0.10862348,0,0.0489,策略间质量恒定（同一 survivor → 同一 artifact → 同一答案）
finproc|s5|r10|OVERLAP|w4|WORKLOAD,finproc,5,10,OVERLAP,4,WORKLOAD,10000,4,0.04932,2415,0.2415,2.347121,56.91,57.04,9.54144,4.695312,2.303626,2.583129,2.583129,2.303626,0.49062,0.24143,1.0,2.03823,4.14192,0.0,3.14192,1.03823,-1.42116,-0.71208,3664320,1809668,884314,0.0008,40000,19728,9660,0.954144,0.4695312,0.2303626,0.2303626,0,0.2415,策略间质量恒定（同一 survivor → 同一 artifact → 同一答案）
finproc|s5|r10|OVERLAP|w4|CAP_10PCT,finproc,5,10,OVERLAP,4,CAP_10PCT,10000,4,0.04932,2415,0.2415,2.347121,56.91,57.04,9.54144,4.695312,2.40622,2.65538,2.65538,2.303626,0.51247,0.25219,1.04454,2.03823,4.14192,0.04454,3.14192,1.03823,-1.377588,-0.668508,3664320,1809668,923666,0.0008,40000,19728,10092,0.954144,0.4695312,0.24062196,0.2303626,6092,0.1,策略间质量恒定（同一 survivor → 同一 artifact → 同一答案）
finproc|s5|r10|OVERLAP|w4|CELL,finproc,5,10,OVERLAP,4,CELL,10000,4,0.04932,2415,0.2415,2.347121,56.91,57.04,9.54144,4.695312,4.711094,4.709597,4.709597,2.303626,1.00336,0.49375,2.04508,2.03823,4.14192,1.04508,3.14192,1.03823,-0.705724,0.003356,3664320,1809668,1809668,0.0008,40000,19728,19728,0.954144,0.4695312,0.47110944,0.2303626,0,0.0517,策略间质量恒定（同一 survivor → 同一 artifact → 同一答案）
finproc|s5|r10|NESTED|w1|WORKLOAD,finproc,5,10,NESTED,1,WORKLOAD,10000,1,0.05157,924,0.0924,3.00795,56.91,57.14,1.91596,0.985389,0.177675,0.194152,0.194152,0.177675,0.18031,0.09273,1.0,5.54601,10.7835,0.0,9.7835,4.54601,-2.378017,-1.713079,751080,387865,69357,0.0008,10000,5157,924,0.191596,0.09853885,0.01776752,0.01776752,0,0.0924,策略间质量恒定（同一 survivor → 同一 artifact → 同一答案）
finproc|s5|r10|NESTED|w1|CAP_10PCT,finproc,5,10,NESTED,1,CAP_10PCT,10000,1,0.05157,924,0.0924,3.00795,56.91,57.14,1.91596,0.985389,0.177675,0.194152,0.194152,0.177675,0.18031,0.09273,1.0,5.54601,10.7835,0.0,9.7835,4.54601,-2.378017,-1.713079,751080,387865,69357,0.0008,10000,5157,924,0.191596,0.09853885,0.01776752,0.01776752,0,0.0924,策略间质量恒定（同一 survivor → 同一 artifact → 同一答案）
finproc|s5|r10|NESTED|w1|CELL,finproc,5,10,NESTED,1,CELL,10000,1,0.05157,924,0.0924,3.00795,56.91,57.14,1.91596,0.985389,0.989514,0.989445,0.989445,0.177675,1.00419,0.51646,5.56923,5.54601,10.7835,4.56923,9.7835,4.54601,-0.66076,0.004178,751080,387865,387865,0.0008,10000,5157,5157,0.191596,0.09853885,0.09895141,0.01776752,0,0.0924,策略间质量恒定（同一 survivor → 同一 artifact → 同一答案）
finproc|s5|r10|NESTED|w2|WORKLOAD,finproc,5,10,NESTED,2,WORKLOAD,10000,2,0.05157,924,0.0924,3.00795,56.91,57.14,4.49112,2.310339,0.415534,0.454164,0.454164,0.415534,0.17986,0.09252,1.0,5.55992,10.80806,0.0,9.80806,4.55992,-2.380292,-1.715584,1692160,873713,156270,0.0008,20000,10314,1848,0.449112,0.2310339,0.04155344,0.04155344,0,0.0924,策略间质量恒定（同一 survivor → 同一 artifact → 同一答案）
finproc|s5|r10|NESTED|w2|CAP_10PCT,finproc,5,10,NESTED,2,CAP_10PCT,10000,2,0.05157,924,0.0924,3.00795,56.91,57.14,4.49112,2.310339,0.415534,0.454164,0.454164,0.415534,0.17986,0.09252,1.0,5.55992,10.80806,0.0,9.80806,4.55992,-2.380292,-1.715584,1692160,873713,156270,0.0008,20000,10314,1848,0.449112,0.2310339,0.04155344,0.04155344,0,0.0924,策略间质量恒定（同一 survivor → 同一 artifact → 同一答案）
finproc|s5|r10|NESTED|w2|CELL,finproc,5,10,NESTED,2,CELL,10000,2,0.05157,924,0.0924,3.00795,56.91,57.14,4.49112,2.310339,2.31859,2.318453,2.318453,0.415534,1.00357,0.51626,5.57978,5.55992,10.80806,4.57978,9.80806,4.55992,-0.661143,0.003565,1692160,873713,873713,0.0008,20000,10314,10314,0.449112,0.2310339,0.23185902,0.04155344,0,0.0924,策略间质量恒定（同一 survivor → 同一 artifact → 同一答案）
finproc|s5|r10|NESTED|w4|WORKLOAD,finproc,5,10,NESTED,4,WORKLOAD,10000,4,0.05157,924,0.0924,3.00795,56.91,57.14,9.54144,4.90867,0.882013,0.964089,0.964089,0.882013,0.17968,0.09244,1.0,5.5653,10.8178,0.0,9.8178,4.5653,-2.381193,-1.716552,3664320,1891822,338412,0.0008,40000,20628,3696,0.954144,0.490867,0.08820128,0.08820128,0,0.0924,策略间质量恒定（同一 survivor → 同一 artifact → 同一答案）
finproc|s5|r10|NESTED|w4|CAP_10PCT,finproc,5,10,NESTED,4,CAP_10PCT,10000,4,0.05157,924,0.0924,3.00795,56.91,57.14,9.54144,4.90867,0.882013,0.964089,0.964089,0.882013,0.17968,0.09244,1.0,5.5653,10.8178,0.0,9.8178,4.5653,-2.381193,-1.716552,3664320,1891822,338412,0.0008,40000,20628,3696,0.954144,0.490867,0.08820128,0.08820128,0,0.0924,策略间质量恒定（同一 survivor → 同一 artifact → 同一答案）
finproc|s5|r10|NESTED|w4|CELL,finproc,5,10,NESTED,4,CELL,10000,4,0.05157,924,0.0924,3.00795,56.91,57.14,9.54144,4.90867,4.925172,4.924897,4.924897,0.882013,1.00336,0.51619,5.58401,5.5653,10.8178,4.58401,9.8178,4.5653,-0.661285,0.003356,3664320,1891822,1891822,0.0008,40000,20628,20628,0.954144,0.490867,0.49251724,0.08820128,0,0.0924,策略间质量恒定（同一 survivor → 同一 artifact → 同一答案）
finproc|s5|r50|DISJOINT|w1|WORKLOAD,finproc,5,50,DISJOINT,1,WORKLOAD,10000,1,0.05018,9238,0.9238,1.234258,56.91,56.88,1.91916,4.788824,1.773247,1.8665,1.8665,1.773247,0.37029,0.92397,1.0,2.7006,1.08229,0.0,0.08229,1.7006,-0.079075,-0.993472,751080,1884299,693859,0.004,10000,25092,9238,0.0383832,0.09577648,0.03546495,0.03546495,0,0.9238,策略间质量恒定（同一 survivor → 同一 artifact → 同一答案）
finproc|s5|r50|DISJOINT|w1|CAP_10PCT,finproc,5,50,DISJOINT,1,CAP_10PCT,10000,1,0.05018,9238,0.9238,1.234258,56.91,56.88,1.91916,4.788824,4.408813,4.415695,44.622146,1.773247,0.92065,2.29726,2.48629,2.7006,1.08229,1.48629,0.08229,1.7006,0.831718,-0.082679,751080,1884299,1727415,0.004,10000,25092,23002,0.0383832,0.09577648,0.08817625,0.03546495,22002,0.1,策略间质量恒定（同一 survivor → 同一 artifact → 同一答案）
finproc|s5|r50|DISJOINT|w1|CELL,finproc,5,50,DISJOINT,1,CELL,10000,1,0.05018,9238,0.9238,1.234258,56.91,56.88,1.91916,4.788824,4.808898,4.808478,44.837187,1.773247,1.00419,2.50573,2.71192,2.7006,1.08229,1.71192,0.08229,1.7006,0.91858,0.004183,751080,1884299,1884299,0.004,10000,25092,25092,0.0383832,0.09577648,0.09617795,0.03546495,0,0.0495,策略间质量恒定（同一 survivor → 同一 artifact → 同一答案）
finproc|s5|r50|DISJOINT|w2|WORKLOAD,finproc,5,50,DISJOINT,2,WORKLOAD,10000,2,0.05016,9251,0.9251,1.223494,56.91,56.88,4.49432,11.226277,4.157775,4.360377,4.360377,4.157775,0.37036,0.92512,1.0,2.70007,1.08094,0.0,0.08094,1.70007,-0.077834,-0.993277,1692160,4244333,1565307,0.004,20000,50158,18502,0.0898864,0.22452554,0.08315549,0.08315549,0,0.9251,策略间质量恒定（同一 survivor → 同一 artifact → 同一答案）
finproc|s5|r50|DISJOINT|w2|CAP_10PCT,finproc,5,50,DISJOINT,2,CAP_10PCT,10000,2,0.05016,9251,0.9251,1.223494,56.91,56.88,4.49432,11.226277,10.38099,10.39277,104.681099,4.157775,0.9247,2.3098,2.49677,2.70007,1.08094,1.49677,0.08094,1.70007,0.837162,-0.078281,1692160,4244333,3910560,0.004,20000,50158,46217,0.0898864,0.22452554,0.2076198,0.08315549,44217,0.1,策略间质量恒定（同一 survivor → 同一 artifact → 同一答案）
finproc|s5|r50|DISJOINT|w2|CELL,finproc,5,50,DISJOINT,2,CELL,10000,2,0.05016,9251,0.9251,1.223494,56.91,56.88,4.49432,11.226277,11.266403,11.265599,105.14069,4.157775,1.00357,2.50681,2.70972,2.70007,1.08094,1.70972,0.08094,1.70007,0.919011,0.003568,1692160,4244333,4244333,0.004,20000,50158,50158,0.0898864,0.22452554,0.22532807,0.08315549,0,0.0482,策略间质量恒定（同一 survivor → 同一 artifact → 同一答案）
finproc|s5|r50|DISJOINT|w4|WORKLOAD,finproc,5,50,DISJOINT,4,WORKLOAD,10000,4,0.04977,9205,0.9205,1.222593,56.91,57.11,9.54464,23.664448,8.78523,9.208596,9.208596,8.78523,0.37124,0.92044,1.0,2.69366,1.08644,0.0,0.08644,1.69366,-0.082908,-0.990902,3664320,9117868,3372542,0.004,40000,99536,36820,0.1908928,0.47328896,0.1757046,0.1757046,0,0.9205,策略间质量恒定（同一 survivor → 同一 artifact → 同一答案）
finproc|s5|r50|DISJOINT|w4|CAP_10PCT,finproc,5,50,DISJOINT,4,CAP_10PCT,10000,4,0.04977,9205,0.9205,1.222593,56.91,57.11,9.54464,23.664448,21.672447,21.723281,212.983743,8.78523,0.91582,2.27064,2.46692,2.69366,1.08644,1.46692,0.08644,1.69366,0.820062,-0.087932,3664320,9117868,8322283,0.004,40000,99536,90847,0.1908928,0.47328896,0.43344894,0.1757046,86847,0.1,策略间质量恒定（同一 survivor → 同一 artifact → 同一答案）
finproc|s5|r50|DISJOINT|w4|CELL,finproc,5,50,DISJOINT,4,CELL,10000,4,0.04977,9205,0.9205,1.222593,56.91,57.11,9.54464,23.664448,23.744077,23.742541,214.126526,8.78523,1.00336,2.48769,2.70273,2.69366,1.08644,1.70273,0.08644,1.69366,0.911353,0.003359,3664320,9117868,9117868,0.004,40000,99536,99536,0.1908928,0.47328896,0.47488154,0.1757046,0,0.0494,策略间质量恒定（同一 survivor → 同一 artifact → 同一答案）
finproc|s5|r50|OVERLAP|w1|WORKLOAD,finproc,5,50,OVERLAP,1,WORKLOAD,10000,1,0.04957,7300,0.73,12.70583,56.91,56.9,1.91916,4.740636,1.402376,1.485128,1.485128,1.402376,0.29582,0.73072,1.0,3.38043,1.36851,0.0,0.36851,2.38043,-0.31372,-1.218003,751080,1866422,548443,0.004,10000,24785,7300,0.0383832,0.09481273,0.02804752,0.02804752,0,0.73,策略间质量恒定（同一 survivor → 同一 artifact → 同一答案）
finproc|s5|r50|OVERLAP|w1|CAP_10PCT,finproc,5,50,OVERLAP,1,CAP_10PCT,10000,1,0.04957,7300,0.73,12.70583,56.91,56.9,1.91916,4.740636,2.238825,2.291497,41.589825,1.402376,0.47226,1.16657,1.59645,3.38043,1.36851,0.59645,0.36851,2.38043,0.154064,-0.75022,751080,1866422,876551,0.004,10000,24785,11664,0.0383832,0.09481273,0.0447765,0.02804752,10664,0.1,策略间质量恒定（同一 survivor → 同一 artifact → 同一答案）
finproc|s5|r50|OVERLAP|w1|CELL,finproc,5,50,OVERLAP,1,CELL,10000,1,0.04957,7300,0.73,12.70583,56.91,56.9,1.91916,4.740636,4.760465,4.76006,42.986078,1.402376,1.00418,2.48049,3.39457,3.38043,1.36851,2.39457,0.36851,2.38043,0.908458,0.004174,751080,1866422,1866422,0.004,10000,24785,24785,0.0383832,0.09481273,0.09520929,0.02804752,0,0.0477,策略间质量恒定（同一 survivor → 同一 artifact → 同一答案）
finproc|s5|r50|OVERLAP|w2|WORKLOAD,finproc,5,50,OVERLAP,2,WORKLOAD,10000,2,0.04928,7217,0.7217,12.779893,56.91,57.05,4.49432,11.041862,3.244498,3.442582,3.442582,3.244498,0.29384,0.72191,1.0,3.40326,1.38521,0.0,0.38521,2.40326,-0.325854,-1.224733,1692160,4176160,1221149,0.004,20000,49276,14434,0.0898864,0.22083724,0.06488996,0.06488996,0,0.7217,策略间质量恒定（同一 survivor → 同一 artifact → 同一答案）
finproc|s5|r50|OVERLAP|w2|CAP_10PCT,finproc,5,50,OVERLAP,2,CAP_10PCT,10000,2,0.04928,7217,0.7217,12.779893,56.91,57.05,4.49432,11.041862,5.15328,5.271766,97.428235,3.244498,0.4667,1.14662,1.58831,3.40326,1.38521,0.58831,0.38521,2.40326,0.136819,-0.76206,1692160,4176160,1940128,0.004,20000,49276,22948,0.0898864,0.22083724,0.10306561,0.06488996,20948,0.1,策略间质量恒定（同一 survivor → 同一 artifact → 同一答案）
finproc|s5|r50|OVERLAP|w2|CELL,finproc,5,50,OVERLAP,2,CELL,10000,2,0.04928,7217,0.7217,12.779893,56.91,57.05,4.49432,11.041862,11.081283,11.080481,100.706978,3.244498,1.00357,2.46562,3.41541,3.40326,1.38521,2.41541,0.38521,2.40326,0.902443,0.003564,1692160,4176160,4176160,0.004,20000,49276,49276,0.0898864,0.22083724,0.22162566,0.06488996,0,0.0523,策略间质量恒定（同一 survivor → 同一 artifact → 同一答案）
finproc|s5|r50|OVERLAP|w4|WORKLOAD,finproc,5,50,OVERLAP,4,WORKLOAD,10000,4,0.04967,7298,0.7298,12.68449,56.91,57.04,9.54464,23.651312,6.966822,7.355999,7.355999,6.966822,0.29456,0.72992,1.0,3.39485,1.37001,0.0,0.37001,2.39485,-0.314821,-1.222259,3664320,9116532,2674252,0.004,40000,99344,29192,0.1908928,0.47302624,0.13933643,0.13933643,0,0.7298,策略间质量恒定（同一 survivor → 同一 artifact → 同一答案）
finproc|s5|r50|OVERLAP|w4|CAP_10PCT,finproc,5,50,OVERLAP,4,CAP_10PCT,10000,4,0.04967,7298,0.7298,12.68449,56.91,57.04,9.54464,23.651312,11.163467,11.412628,207.154075,6.966822,0.472,1.16961,1.60238,3.39485,1.37001,0.60238,0.37001,2.39485,0.156667,-0.750772,3664320,9116532,4285845,0.004,40000,99344,46795,0.1908928,0.47302624,0.22326935,0.13933643,42795,0.1,策略间质量恒定（同一 survivor → 同一 artifact → 同一答案）
finproc|s5|r50|OVERLAP|w4|CELL,finproc,5,50,OVERLAP,4,CELL,10000,4,0.04967,7298,0.7298,12.68449,56.91,57.04,9.54464,23.651312,23.730787,23.72929,214.129798,6.966822,1.00336,2.48629,3.40626,3.39485,1.37001,2.40626,0.37001,2.39485,0.910794,0.003355,3664320,9116532,9116532,0.004,40000,99344,99344,0.1908928,0.47302624,0.47461574,0.13933643,0,0.0475,策略间质量恒定（同一 survivor → 同一 artifact → 同一答案）
finproc|s5|r50|NESTED|w1|WORKLOAD,finproc,5,50,NESTED,1,WORKLOAD,10000,1,0.05153,979,0.0979,16.46078,56.91,58.67,1.91916,4.923142,0.191469,0.195501,1.923193,0.191469,0.03889,0.09977,1.0,25.71252,10.02336,0.0,9.02336,24.71252,-2.304919,-3.246978,751080,1937830,73518,0.004,10000,25765,979,0.0383832,0.09846285,0.00382937,0.00382937,0,0.0979,策略间质量恒定（同一 survivor → 同一 artifact → 同一答案）
finproc|s5|r50|NESTED|w1|CAP_10PCT,finproc,5,50,NESTED,1,CAP_10PCT,10000,1,0.05153,979,0.0979,16.46078,56.91,58.67,1.91916,4.923142,0.191469,0.195501,25.044122,0.191469,0.03889,0.09977,1.0,25.71252,10.02336,0.0,9.02336,24.71252,-2.304919,-3.246978,751080,1937830,73518,0.004,10000,25765,979,0.0383832,0.09846285,0.00382937,0.00382937,0,0.0979,策略间质量恒定（同一 survivor → 同一 artifact → 同一答案）
finproc|s5|r50|NESTED|w1|CELL,finproc,5,50,NESTED,1,CELL,10000,1,0.05153,979,0.0979,16.46078,56.91,58.67,1.91916,4.923142,4.943754,4.943738,27.659217,0.191469,1.00419,2.576,25.82017,25.71252,10.02336,24.82017,9.02336,24.71252,0.946237,0.004178,751080,1937830,1937830,0.004,10000,25765,25765,0.0383832,0.09846285,0.09887509,0.00382937,0,0.0979,策略间质量恒定（同一 survivor → 同一 artifact → 同一答案）
finproc|s5|r50|NESTED|w2|WORKLOAD,finproc,5,50,NESTED,2,WORKLOAD,10000,2,0.05153,979,0.0979,16.46078,56.91,58.67,4.49432,11.542775,0.443551,0.453002,4.503771,0.443551,0.03843,0.09869,1.0,26.02353,10.13258,0.0,9.13258,25.02353,-2.315756,-3.259001,1692160,4365195,165637,0.004,20000,51530,1958,0.0898864,0.2308555,0.00887103,0.00887103,0,0.0979,策略间质量恒定（同一 survivor → 同一 artifact → 同一答案）
finproc|s5|r50|NESTED|w2|CAP_10PCT,finproc,5,50,NESTED,2,CAP_10PCT,10000,2,0.05153,979,0.0979,16.46078,56.91,58.67,4.49432,11.542775,0.443551,0.453002,58.716287,0.443551,0.03843,0.09869,1.0,26.02353,10.13258,0.0,9.13258,25.02353,-2.315756,-3.259001,1692160,4365195,165637,0.004,20000,51530,1958,0.0898864,0.2308555,0.00887103,0.00887103,0,0.0979,策略间质量恒定（同一 survivor → 同一 artifact → 同一答案）
finproc|s5|r50|NESTED|w2|CELL,finproc,5,50,NESTED,2,CELL,10000,2,0.05153,979,0.0979,16.46078,56.91,58.67,4.49432,11.542775,11.583999,11.583965,64.842986,0.443551,1.00357,2.57748,26.11647,26.02353,10.13258,25.11647,9.13258,25.02353,0.94681,0.003565,1692160,4365195,4365195,0.004,20000,51530,51530,0.0898864,0.2308555,0.23167998,0.00887103,0,0.0979,策略间质量恒定（同一 survivor → 同一 artifact → 同一答案）
finproc|s5|r50|NESTED|w4|WORKLOAD,finproc,5,50,NESTED,4,WORKLOAD,10000,4,0.05153,979,0.0979,16.46078,56.91,58.67,9.54464,24.52439,0.937927,0.958005,9.564718,0.937927,0.03824,0.09827,1.0,26.14745,10.17632,0.0,9.17632,25.14745,-2.320063,-3.263752,3664320,9451810,358686,0.004,40000,103060,3916,0.1908928,0.4904878,0.01875854,0.01875854,0,0.0979,策略间质量恒定（同一 survivor → 同一 artifact → 同一答案）
finproc|s5|r50|NESTED|w4|CAP_10PCT,finproc,5,50,NESTED,4,CAP_10PCT,10000,4,0.05153,979,0.0979,16.46078,56.91,58.67,9.54464,24.52439,0.937927,0.958005,124.747308,0.937927,0.03824,0.09827,1.0,26.14745,10.17632,0.0,9.17632,25.14745,-2.320063,-3.263752,3664320,9451810,358686,0.004,40000,103060,3916,0.1908928,0.4904878,0.01875854,0.01875854,0,0.0979,策略间质量恒定（同一 survivor → 同一 artifact → 同一答案）
finproc|s5|r50|NESTED|w4|CELL,finproc,5,50,NESTED,4,CELL,10000,4,0.05153,979,0.0979,16.46078,56.91,58.67,9.54464,24.52439,24.606838,24.606771,137.766803,0.937927,1.00336,2.57808,26.23535,26.14745,10.17632,25.23535,9.17632,25.14745,0.947045,0.003356,3664320,9451810,9451810,0.004,40000,103060,103060,0.1908928,0.4904878,0.49213676,0.01875854,0,0.0979,策略间质量恒定（同一 survivor → 同一 artifact → 同一答案）
finproc|s5|r100|DISJOINT|w1|WORKLOAD,finproc,5,100,DISJOINT,1,WORKLOAD,10000,1,0.04994,9936,0.9936,2.471867,56.91,56.88,1.92316,9.534313,1.911021,2.010383,2.010383,1.911021,0.20044,0.99369,1.0,4.98912,1.00635,0.0,0.00635,3.98912,-0.006332,-1.60726,751080,3751831,746332,0.008,10000,49942,9936,0.0192316,0.09534313,0.01911021,0.01911021,0,0.9936,策略间质量恒定（同一 survivor → 同一 artifact → 同一答案）
finproc|s5|r100|DISJOINT|w1|CAP_10PCT,finproc,5,100,DISJOINT,1,CAP_10PCT,10000,1,0.04994,9936,0.9936,2.471867,56.91,56.88,1.92316,9.534313,8.757342,8.764224,140.384146,1.911021,0.91851,4.55362,4.58255,4.98912,1.00635,3.58255,0.00635,3.98912,1.515923,-0.085005,751080,3751831,3431379,0.008,10000,49942,45680,0.0192316,0.09534313,0.08757342,0.01911021,44680,0.1,策略间质量恒定（同一 survivor → 同一 artifact → 同一答案）
finproc|s5|r100|DISJOINT|w1|CELL,finproc,5,100,DISJOINT,1,CELL,10000,1,0.04994,9936,0.9936,2.471867,56.91,56.88,1.92316,9.534313,9.574267,9.573847,140.599187,1.911021,1.00419,4.9784,5.01003,4.98912,1.00635,4.01003,0.00635,3.98912,1.605109,0.004182,751080,3751831,3751831,0.008,10000,49942,49942,0.0192316,0.09534313,0.09574267,0.01911021,0,0.0486,策略间质量恒定（同一 survivor → 同一 artifact → 同一答案）
finproc|s5|r100|DISJOINT|w2|WORKLOAD,finproc,5,100,DISJOINT,2,WORKLOAD,10000,2,0.05011,9948,0.9948,2.48266,56.91,56.88,4.49832,22.433046,4.474929,4.697182,4.697182,4.474929,0.19948,0.9948,1.0,5.01305,1.00523,0.0,0.00523,4.01305,-0.005214,-1.612045,1692160,8481310,1683340,0.008,20000,100228,19896,0.0449832,0.22433046,0.04474929,0.04474929,0,0.9948,策略间质量恒定（同一 survivor → 同一 artifact → 同一答案）
finproc|s5|r100|DISJOINT|w2|CAP_10PCT,finproc,5,100,DISJOINT,2,CAP_10PCT,10000,2,0.05011,9948,0.9948,2.48266,56.91,56.88,4.49832,22.433046,20.669945,20.681725,329.201099,4.474929,0.92141,4.59504,4.61906,5.01305,1.00523,3.61906,0.00523,4.01305,1.524977,-0.081854,1692160,8481310,7786458,0.008,20000,100228,92019,0.0449832,0.22433046,0.20669945,0.04474929,90019,0.1,策略间质量恒定（同一 survivor → 同一 artifact → 同一答案）
finproc|s5|r100|DISJOINT|w2|CELL,finproc,5,100,DISJOINT,2,CELL,10000,2,0.05011,9948,0.9948,2.48266,56.91,56.88,4.49832,22.433046,22.513228,22.512424,329.66069,4.474929,1.00357,5.00481,5.03097,5.01305,1.00523,4.03097,0.00523,4.01305,1.610399,0.003568,1692160,8481310,8481310,0.008,20000,100228,100228,0.0449832,0.22433046,0.22513228,0.04474929,0,0.0501,策略间质量恒定（同一 survivor → 同一 artifact → 同一答案）
finproc|s5|r100|DISJOINT|w4|WORKLOAD,finproc,5,100,DISJOINT,4,WORKLOAD,10000,4,0.04978,9937,0.9937,2.47101,56.91,57.11,9.54864,47.342448,9.488412,9.942257,9.942257,9.488412,0.20042,0.99369,1.0,4.9895,1.00635,0.0,0.00635,3.9895,-0.006327,-1.607336,3664320,18241640,3641174,0.008,40000,199104,39748,0.0954864,0.47342448,0.09488412,0.09488412,0,0.9937,策略间质量恒定（同一 survivor → 同一 artifact → 同一答案）
finproc|s5|r100|DISJOINT|w4|CAP_10PCT,finproc,5,100,DISJOINT,4,CAP_10PCT,10000,4,0.04978,9937,0.9937,2.47101,56.91,57.11,9.54864,47.342448,43.178021,43.228855,690.019743,9.488412,0.91204,4.5219,4.55061,4.9895,1.00635,3.55061,0.00635,3.9895,1.508933,-0.092076,3664320,18241640,16581280,0.008,40000,199104,180967,0.0954864,0.47342448,0.43178021,0.09488412,176967,0.1,策略间质量恒定（同一 survivor → 同一 artifact → 同一答案）
finproc|s5|r100|DISJOINT|w4|CELL,finproc,5,100,DISJOINT,4,CELL,10000,4,0.04978,9937,0.9937,2.47101,56.91,57.11,9.54864,47.342448,47.501731,47.500195,691.162526,9.488412,1.00336,4.97471,5.00629,4.9895,1.00635,4.00629,0.00635,3.9895,1.604367,0.003359,3664320,18241640,18241640,0.008,40000,199104,199104,0.0954864,0.47342448,0.47501731,0.09488412,0,0.0512,策略间质量恒定（同一 survivor → 同一 artifact → 同一答案）
finproc|s5|r100|OVERLAP|w1|WORKLOAD,finproc,5,100,OVERLAP,1,WORKLOAD,10000,1,0.04964,9248,0.9248,25.646521,56.91,56.9,1.92316,9.491527,1.779312,1.871332,1.871332,1.779312,0.18746,0.9252,1.0,5.33438,1.08084,0.0,0.08084,4.33438,-0.077743,-1.674173,751080,3736594,694685,0.008,10000,49638,9248,0.0192316,0.09491527,0.01779312,0.01779312,0,0.9248,策略间质量恒定（同一 survivor → 同一 artifact → 同一答案）
finproc|s5|r100|OVERLAP|w1|CAP_10PCT,finproc,5,100,OVERLAP,1,CAP_10PCT,10000,1,0.04964,9248,0.9248,25.646521,56.91,56.9,1.92316,9.491527,4.423773,4.476445,137.351825,1.779312,0.46608,2.30026,2.48623,5.33438,1.08084,1.48623,0.08084,4.33438,0.833023,-0.763407,751080,3736594,1731718,0.008,10000,49638,23059,0.0192316,0.09491527,0.04423773,0.01779312,22059,0.1,策略间质量恒定（同一 survivor → 同一 artifact → 同一答案）
finproc|s5|r100|OVERLAP|w1|CELL,finproc,5,100,OVERLAP,1,CELL,10000,1,0.04964,9248,0.9248,25.646521,56.91,56.9,1.92316,9.491527,9.531237,9.530833,138.748078,1.779312,1.00418,4.95603,5.3567,5.33438,1.08084,4.3567,0.08084,4.33438,1.600605,0.004175,751080,3736594,3736594,0.008,10000,49638,49638,0.0192316,0.09491527,0.09531237,0.01779312,0,0.0499,策略间质量恒定（同一 survivor → 同一 artifact → 同一答案）
finproc|s5|r100|OVERLAP|w2|WORKLOAD,finproc,5,100,OVERLAP,2,WORKLOAD,10000,2,0.04934,9214,0.9214,25.781995,56.91,57.05,4.49832,22.116441,4.144656,4.360769,4.360769,4.144656,0.1874,0.92138,1.0,5.33613,1.08533,0.0,0.08533,4.33613,-0.081884,-1.674501,1692160,8365027,1558794,0.008,20000,98686,18428,0.0449832,0.22116441,0.04144656,0.04144656,0,0.9214,策略间质量恒定（同一 survivor → 同一 artifact → 同一答案）
finproc|s5|r100|OVERLAP|w2|CAP_10PCT,finproc,5,100,OVERLAP,2,CAP_10PCT,10000,2,0.04934,9214,0.9214,25.781995,56.91,57.05,4.49832,22.116441,10.220551,10.339037,321.948235,4.144656,0.46212,2.27208,2.46596,5.33613,1.08533,1.46596,0.08533,4.33613,0.820697,-0.771921,1692160,8365027,3848270,0.008,20000,98686,45498,0.0449832,0.22116441,0.10220551,0.04144656,43498,0.1,策略间质量恒定（同一 survivor → 同一 artifact → 同一答案）
finproc|s5|r100|OVERLAP|w2|CELL,finproc,5,100,OVERLAP,2,CELL,10000,2,0.04934,9214,0.9214,25.781995,56.91,57.05,4.49832,22.116441,22.19539,22.194588,325.226978,4.144656,1.00357,4.93415,5.35518,5.33613,1.08533,4.35518,0.08533,4.33613,1.596181,0.003563,1692160,8365027,8365027,0.008,20000,98686,98686,0.0449832,0.22116441,0.2219539,0.04144656,0,0.0494,策略间质量恒定（同一 survivor → 同一 artifact → 同一答案）
finproc|s5|r100|OVERLAP|w4|WORKLOAD,finproc,5,100,OVERLAP,4,WORKLOAD,10000,4,0.04968,9282,0.9282,25.624026,56.91,57.04,9.54864,47.313746,8.864842,9.296946,9.296946,8.864842,0.18736,0.92839,1.0,5.33723,1.07714,0.0,0.07714,4.33723,-0.074306,-1.674708,3664320,18237862,3401832,0.008,40000,198716,37128,0.0954864,0.47313746,0.08864842,0.08864842,0,0.9282,策略间质量恒定（同一 survivor → 同一 artifact → 同一答案）
finproc|s5|r100|OVERLAP|w4|CAP_10PCT,finproc,5,100,OVERLAP,4,CAP_10PCT,10000,4,0.04968,9282,0.9282,25.624026,56.91,57.04,9.54864,47.313746,22.070279,22.31944,684.190075,8.864842,0.46647,2.31135,2.48964,5.33723,1.07714,1.48964,0.07714,4.33723,0.837833,-0.762569,3664320,18237862,8473514,0.008,40000,198716,92498,0.0954864,0.47313746,0.22070279,0.08864842,88498,0.1,策略间质量恒定（同一 survivor → 同一 artifact → 同一答案）
finproc|s5|r100|OVERLAP|w4|CELL,finproc,5,100,OVERLAP,4,CELL,10000,4,0.04968,9282,0.9282,25.624026,56.91,57.04,9.54864,47.313746,47.472719,47.471221,691.165798,8.864842,1.00336,4.97167,5.35517,5.33723,1.07714,4.35517,0.07714,4.33723,1.603756,0.003354,3664320,18237862,18237862,0.008,40000,198716,198716,0.0954864,0.47313746,0.47472719,0.08864842,0,0.0481,策略间质量恒定（同一 survivor → 同一 artifact → 同一答案）
finproc|s5|r100|NESTED|w1|WORKLOAD,finproc,5,100,NESTED,1,WORKLOAD,10000,1,0.05152,990,0.099,33.30658,56.91,60.2,1.92316,9.844392,0.197591,0.199536,1.925105,0.197591,0.02007,0.10274,1.0,49.82207,9.73303,0.0,8.73303,48.82207,-2.275526,-3.908458,751080,3874916,74352,0.008,10000,51520,990,0.0192316,0.09844392,0.00197591,0.00197591,0,0.099,策略间质量恒定（同一 survivor → 同一 artifact → 同一答案）
finproc|s5|r100|NESTED|w1|CAP_10PCT,finproc,5,100,NESTED,1,CAP_10PCT,10000,1,0.05152,990,0.099,33.30658,56.91,60.2,1.92316,9.844392,0.197591,0.199536,92.03546,0.197591,0.02007,0.10274,1.0,49.82207,9.73303,0.0,8.73303,48.82207,-2.275526,-3.908458,751080,3874916,74352,0.008,10000,51520,990,0.0192316,0.09844392,0.00197591,0.00197591,0,0.099,策略间质量恒定（同一 survivor → 同一 artifact → 同一答案）
finproc|s5|r100|NESTED|w1|CELL,finproc,5,100,NESTED,1,CELL,10000,1,0.05152,990,0.099,33.30658,56.91,60.2,1.92316,9.844392,9.885608,9.8856,94.684318,0.197591,1.00419,5.14029,50.03066,49.82207,9.73303,49.03066,8.73303,48.82207,1.63711,0.004178,751080,3874916,3874916,0.008,10000,51520,51520,0.0192316,0.09844392,0.09885608,0.00197591,0,0.099,策略间质量恒定（同一 survivor → 同一 artifact → 同一答案）
finproc|s5|r100|NESTED|w2|WORKLOAD,finproc,5,100,NESTED,2,WORKLOAD,10000,2,0.05152,990,0.099,33.30658,56.91,60.2,4.49832,23.081104,0.452522,0.457072,4.50287,0.452522,0.01961,0.1006,1.0,51.00548,9.94056,0.0,8.94056,50.00548,-2.296623,-3.931933,1692160,8728712,167514,0.008,20000,103040,1980,0.0449832,0.23081104,0.00452522,0.00452522,0,0.099,策略间质量恒定（同一 survivor → 同一 artifact → 同一答案）
finproc|s5|r100|NESTED|w2|CAP_10PCT,finproc,5,100,NESTED,2,CAP_10PCT,10000,2,0.05152,990,0.099,33.30658,56.91,60.2,4.49832,23.081104,0.452522,0.457072,215.777625,0.452522,0.01961,0.1006,1.0,51.00548,9.94056,0.0,8.94056,50.00548,-2.296623,-3.931933,1692160,8728712,167514,0.008,20000,103040,1980,0.0449832,0.23081104,0.00452522,0.00452522,0,0.099,策略间质量恒定（同一 survivor → 同一 artifact → 同一答案）
finproc|s5|r100|NESTED|w2|CELL,finproc,5,100,NESTED,2,CELL,10000,2,0.05152,990,0.099,33.30658,56.91,60.2,4.49832,23.081104,23.163536,23.16352,221.985029,0.452522,1.00357,5.14937,51.18765,51.00548,9.94056,50.18765,8.94056,50.00548,1.638875,0.003565,1692160,8728712,8728712,0.008,20000,103040,103040,0.0449832,0.23081104,0.23163536,0.00452522,0,0.099,策略间质量恒定（同一 survivor → 同一 artifact → 同一答案）
finproc|s5|r100|NESTED|w4|WORKLOAD,finproc,5,100,NESTED,4,WORKLOAD,10000,4,0.05152,990,0.099,33.30658,56.91,60.2,9.54864,49.039328,0.952484,0.962144,9.5583,0.952484,0.01942,0.09975,1.0,51.48572,10.02499,0.0,9.02499,50.48572,-2.305081,-3.941305,3664320,18899984,362748,0.008,40000,206080,3960,0.0954864,0.49039328,0.00952484,0.00952484,0,0.099,策略间质量恒定（同一 survivor → 同一 artifact → 同一答案）
finproc|s5|r100|NESTED|w4|CAP_10PCT,finproc,5,100,NESTED,4,CAP_10PCT,10000,4,0.05152,990,0.099,33.30658,56.91,60.2,9.54864,49.039328,0.952484,0.962144,458.453918,0.952484,0.01942,0.09975,1.0,51.48572,10.02499,0.0,9.02499,50.48572,-2.305081,-3.941305,3664320,18899984,362748,0.008,40000,206080,3960,0.0954864,0.49039328,0.00952484,0.00952484,0,0.099,策略间质量恒定（同一 survivor → 同一 artifact → 同一答案）
finproc|s5|r100|NESTED|w4|CELL,finproc,5,100,NESTED,4,CELL,10000,4,0.05152,990,0.099,33.30658,56.91,60.2,9.54864,49.039328,49.204192,49.20416,471.643363,0.952484,1.00336,5.15301,51.65881,51.48572,10.02499,50.65881,9.02499,50.48572,1.63958,0.003356,3664320,18899984,18899984,0.008,40000,206080,206080,0.0954864,0.49039328,0.49204192,0.00952484,0,0.099,策略间质量恒定（同一 survivor → 同一 artifact → 同一答案）
finproc|s10|r1|DISJOINT|w1|WORKLOAD,finproc,10,1,DISJOINT,1,WORKLOAD,10000,1,0.0993,993,0.0993,0.0,56.91,56.43,1.91524,0.188943,0.189737,0.188943,0.188943,0.188943,1.0042,0.09907,1.0042,1.0,10.13663,0.0042,9.13663,0.0,-2.31196,0.004196,751080,74323,74323,8e-05,10000,993,993,1.91524,0.1889425,0.1897369,0.1889425,0,0.0993,策略间质量恒定（同一 survivor → 同一 artifact → 同一答案）
finproc|s10|r1|DISJOINT|w1|CAP_10PCT,finproc,10,1,DISJOINT,1,CAP_10PCT,10000,1,0.0993,993,0.0993,0.0,56.91,56.43,1.91524,0.188943,0.189737,0.188943,0.188943,0.188943,1.0042,0.09907,1.0042,1.0,10.13663,0.0042,9.13663,0.0,-2.31196,0.004196,751080,74323,74323,8e-05,10000,993,993,1.91524,0.1889425,0.1897369,0.1889425,0,0.0993,策略间质量恒定（同一 survivor → 同一 artifact → 同一答案）
finproc|s10|r1|DISJOINT|w1|CELL,finproc,10,1,DISJOINT,1,CELL,10000,1,0.0993,993,0.0993,0.0,56.91,56.43,1.91524,0.188943,0.189737,0.188943,0.188943,0.188943,1.0042,0.09907,1.0042,1.0,10.13663,0.0042,9.13663,0.0,-2.31196,0.004196,751080,74323,74323,8e-05,10000,993,993,1.91524,0.1889425,0.1897369,0.1889425,0,0.0993,策略间质量恒定（同一 survivor → 同一 artifact → 同一答案）
finproc|s10|r1|DISJOINT|w2|WORKLOAD,finproc,10,1,DISJOINT,2,WORKLOAD,10000,2,0.1033,1033,0.1033,0.0,56.91,56.88,4.4904,0.462559,0.464212,0.462559,0.462559,0.462559,1.00357,0.10338,1.00357,1.0,9.70773,0.00357,8.70773,0.0,-2.269356,0.003567,1692160,174941,174941,8e-05,20000,2066,2066,4.4904,0.462559,0.4642118,0.462559,0,0.1033,策略间质量恒定（同一 survivor → 同一 artifact → 同一答案）
finproc|s10|r1|DISJOINT|w2|CAP_10PCT,finproc,10,1,DISJOINT,2,CAP_10PCT,10000,2,0.1033,1033,0.1033,0.0,56.91,56.88,4.4904,0.462559,0.464212,0.462559,0.462559,0.462559,1.00357,0.10338,1.00357,1.0,9.70773,0.00357,8.70773,0.0,-2.269356,0.003567,1692160,174941,174941,8e-05,20000,2066,2066,4.4904,0.462559,0.4642118,0.462559,66,0.1,策略间质量恒定（同一 survivor → 同一 artifact → 同一答案）
finproc|s10|r1|DISJOINT|w2|CELL,finproc,10,1,DISJOINT,2,CELL,10000,2,0.1033,1033,0.1033,0.0,56.91,56.88,4.4904,0.462559,0.464212,0.462559,0.462559,0.462559,1.00357,0.10338,1.00357,1.0,9.70773,0.00357,8.70773,0.0,-2.269356,0.003567,1692160,174941,174941,8e-05,20000,2066,2066,4.4904,0.462559,0.4642118,0.462559,0,0.1033,策略间质量恒定（同一 survivor → 同一 artifact → 同一答案）
finproc|s10|r1|DISJOINT|w4|WORKLOAD,finproc,10,1,DISJOINT,4,WORKLOAD,10000,4,0.0976,976,0.0976,0.0,56.91,56.78,9.54072,0.92684,0.929963,0.92684,0.92684,0.92684,1.00337,0.09747,1.00337,1.0,10.29382,0.00337,9.29382,0.0,-2.328179,0.003364,3664320,356996,356996,8e-05,40000,3904,3904,9.54072,0.92684,0.9299632,0.92684,0,0.0976,策略间质量恒定（同一 survivor → 同一 artifact → 同一答案）
finproc|s10|r1|DISJOINT|w4|CAP_10PCT,finproc,10,1,DISJOINT,4,CAP_10PCT,10000,4,0.0976,976,0.0976,0.0,56.91,56.78,9.54072,0.92684,0.929963,0.92684,0.92684,0.92684,1.00337,0.09747,1.00337,1.0,10.29382,0.00337,9.29382,0.0,-2.328179,0.003364,3664320,356996,356996,8e-05,40000,3904,3904,9.54072,0.92684,0.9299632,0.92684,0,0.0976,策略间质量恒定（同一 survivor → 同一 artifact → 同一答案）
finproc|s10|r1|DISJOINT|w4|CELL,finproc,10,1,DISJOINT,4,CELL,10000,4,0.0976,976,0.0976,0.0,56.91,56.78,9.54072,0.92684,0.929963,0.92684,0.92684,0.92684,1.00337,0.09747,1.00337,1.0,10.29382,0.00337,9.29382,0.0,-2.328179,0.003364,3664320,356996,356996,8e-05,40000,3904,3904,9.54072,0.92684,0.9299632,0.92684,0,0.0976,策略间质量恒定（同一 survivor → 同一 artifact → 同一答案）
finproc|s10|r1|OVERLAP|w1|WORKLOAD,finproc,10,1,OVERLAP,1,WORKLOAD,10000,1,0.0962,962,0.0962,0.0,56.91,56.87,1.91524,0.183807,0.184577,0.183807,0.183807,0.183807,1.00419,0.09637,1.00419,1.0,10.41984,0.00419,9.41984,0.0,-2.339534,0.004178,751080,72383,72383,8e-05,10000,962,962,1.91524,0.183807,0.1845766,0.183807,0,0.0962,策略间质量恒定（同一 survivor → 同一 artifact → 同一答案）
finproc|s10|r1|OVERLAP|w1|CAP_10PCT,finproc,10,1,OVERLAP,1,CAP_10PCT,10000,1,0.0962,962,0.0962,0.0,56.91,56.87,1.91524,0.183807,0.184577,0.183807,0.183807,0.183807,1.00419,0.09637,1.00419,1.0,10.41984,0.00419,9.41984,0.0,-2.339534,0.004178,751080,72383,72383,8e-05,10000,962,962,1.91524,0.183807,0.1845766,0.183807,0,0.0962,策略间质量恒定（同一 survivor → 同一 artifact → 同一答案）
finproc|s10|r1|OVERLAP|w1|CELL,finproc,10,1,OVERLAP,1,CELL,10000,1,0.0962,962,0.0962,0.0,56.91,56.87,1.91524,0.183807,0.184577,0.183807,0.183807,0.183807,1.00419,0.09637,1.00419,1.0,10.41984,0.00419,9.41984,0.0,-2.339534,0.004178,751080,72383,72383,8e-05,10000,962,962,1.91524,0.183807,0.1845766,0.183807,0,0.0962,策略间质量恒定（同一 survivor → 同一 artifact → 同一答案）
finproc|s10|r1|OVERLAP|w2|WORKLOAD,finproc,10,1,OVERLAP,2,WORKLOAD,10000,2,0.1042,1042,0.1042,0.0,56.91,56.95,4.4904,0.466886,0.468553,0.466886,0.466886,0.466886,1.00357,0.10435,1.00357,1.0,9.61777,0.00357,8.61777,0.0,-2.260047,0.003565,1692160,176614,176614,8e-05,20000,2084,2084,4.4904,0.466886,0.4685532,0.466886,0,0.1042,策略间质量恒定（同一 survivor → 同一 artifact → 同一答案）
finproc|s10|r1|OVERLAP|w2|CAP_10PCT,finproc,10,1,OVERLAP,2,CAP_10PCT,10000,2,0.1042,1042,0.1042,0.0,56.91,56.95,4.4904,0.466886,0.468553,0.466886,0.466886,0.466886,1.00357,0.10435,1.00357,1.0,9.61777,0.00357,8.61777,0.0,-2.260047,0.003565,1692160,176614,176614,8e-05,20000,2084,2084,4.4904,0.466886,0.4685532,0.466886,84,0.1,策略间质量恒定（同一 survivor → 同一 artifact → 同一答案）
finproc|s10|r1|OVERLAP|w2|CELL,finproc,10,1,OVERLAP,2,CELL,10000,2,0.1042,1042,0.1042,0.0,56.91,56.95,4.4904,0.466886,0.468553,0.466886,0.466886,0.466886,1.00357,0.10435,1.00357,1.0,9.61777,0.00357,8.61777,0.0,-2.260047,0.003565,1692160,176614,176614,8e-05,20000,2084,2084,4.4904,0.466886,0.4685532,0.466886,0,0.1042,策略间质量恒定（同一 survivor → 同一 artifact → 同一答案）
finproc|s10|r1|OVERLAP|w4|WORKLOAD,finproc,10,1,OVERLAP,4,WORKLOAD,10000,4,0.1032,1032,0.1032,0.0,56.91,56.79,9.54072,0.98156,0.984862,0.98156,0.98156,0.98156,1.00336,0.10323,1.00336,1.0,9.71996,0.00336,8.71996,0.0,-2.270822,0.003359,3664320,378252,378252,8e-05,40000,4128,4128,9.54072,0.98156,0.9848624,0.98156,0,0.1032,策略间质量恒定（同一 survivor → 同一 artifact → 同一答案）
finproc|s10|r1|OVERLAP|w4|CAP_10PCT,finproc,10,1,OVERLAP,4,CAP_10PCT,10000,4,0.1032,1032,0.1032,0.0,56.91,56.79,9.54072,0.98156,0.984862,0.98156,0.98156,0.98156,1.00336,0.10323,1.00336,1.0,9.71996,0.00336,8.71996,0.0,-2.270822,0.003359,3664320,378252,378252,8e-05,40000,4128,4128,9.54072,0.98156,0.9848624,0.98156,128,0.1,策略间质量恒定（同一 survivor → 同一 artifact → 同一答案）
finproc|s10|r1|OVERLAP|w4|CELL,finproc,10,1,OVERLAP,4,CELL,10000,4,0.1032,1032,0.1032,0.0,56.91,56.79,9.54072,0.98156,0.984862,0.98156,0.98156,0.98156,1.00336,0.10323,1.00336,1.0,9.71996,0.00336,8.71996,0.0,-2.270822,0.003359,3664320,378252,378252,8e-05,40000,4128,4128,9.54072,0.98156,0.9848624,0.98156,0,0.1032,策略间质量恒定（同一 survivor → 同一 artifact → 同一答案）
finproc|s10|r1|NESTED|w1|WORKLOAD,finproc,10,1,NESTED,1,WORKLOAD,10000,1,0.1,1000,0.1,0.0,56.91,56.69,1.91524,0.190814,0.191614,0.190814,0.190814,0.190814,1.00419,0.10005,1.00419,1.0,10.03721,0.00419,9.03721,0.0,-2.302115,0.004184,751080,75117,75117,8e-05,10000,1000,1000,1.91524,0.190814,0.191614,0.190814,0,0.1,策略间质量恒定（同一 survivor → 同一 artifact → 同一答案）
finproc|s10|r1|NESTED|w1|CAP_10PCT,finproc,10,1,NESTED,1,CAP_10PCT,10000,1,0.1,1000,0.1,0.0,56.91,56.69,1.91524,0.190814,0.191614,0.190814,0.190814,0.190814,1.00419,0.10005,1.00419,1.0,10.03721,0.00419,9.03721,0.0,-2.302115,0.004184,751080,75117,75117,8e-05,10000,1000,1000,1.91524,0.190814,0.191614,0.190814,0,0.1,策略间质量恒定（同一 survivor → 同一 artifact → 同一答案）
finproc|s10|r1|NESTED|w1|CELL,finproc,10,1,NESTED,1,CELL,10000,1,0.1,1000,0.1,0.0,56.91,56.69,1.91524,0.190814,0.191614,0.190814,0.190814,0.190814,1.00419,0.10005,1.00419,1.0,10.03721,0.00419,9.03721,0.0,-2.302115,0.004184,751080,75117,75117,8e-05,10000,1000,1000,1.91524,0.190814,0.191614,0.190814,0,0.1,策略间质量恒定（同一 survivor → 同一 artifact → 同一答案）
finproc|s10|r1|NESTED|w2|WORKLOAD,finproc,10,1,NESTED,2,WORKLOAD,10000,2,0.1,1000,0.1,0.0,56.91,56.69,4.4904,0.447548,0.449148,0.447548,0.447548,0.447548,1.00358,0.10002,1.00358,1.0,10.03334,0.00358,9.03334,0.0,-2.302345,0.003569,1692160,169234,169234,8e-05,20000,2000,2000,4.4904,0.447548,0.449148,0.447548,0,0.1,策略间质量恒定（同一 survivor → 同一 artifact → 同一答案）
finproc|s10|r1|NESTED|w2|CAP_10PCT,finproc,10,1,NESTED,2,CAP_10PCT,10000,2,0.1,1000,0.1,0.0,56.91,56.69,4.4904,0.447548,0.449148,0.447548,0.447548,0.447548,1.00358,0.10002,1.00358,1.0,10.03334,0.00358,9.03334,0.0,-2.302345,0.003569,1692160,169234,169234,8e-05,20000,2000,2000,4.4904,0.447548,0.449148,0.447548,0,0.1,策略间质量恒定（同一 survivor → 同一 artifact → 同一答案）
finproc|s10|r1|NESTED|w2|CELL,finproc,10,1,NESTED,2,CELL,10000,2,0.1,1000,0.1,0.0,56.91,56.69,4.4904,0.447548,0.449148,0.447548,0.447548,0.447548,1.00358,0.10002,1.00358,1.0,10.03334,0.00358,9.03334,0.0,-2.302345,0.003569,1692160,169234,169234,8e-05,20000,2000,2000,4.4904,0.447548,0.449148,0.447548,0,0.1,策略间质量恒定（同一 survivor → 同一 artifact → 同一答案）
finproc|s10|r1|NESTED|w4|WORKLOAD,finproc,10,1,NESTED,4,WORKLOAD,10000,4,0.1,1000,0.1,0.0,56.91,56.69,9.54072,0.951016,0.954216,0.951016,0.951016,0.951016,1.00336,0.10002,1.00336,1.0,10.03213,0.00336,9.03213,0.0,-2.302434,0.003359,3664320,366468,366468,8e-05,40000,4000,4000,9.54072,0.951016,0.954216,0.951016,0,0.1,策略间质量恒定（同一 survivor → 同一 artifact → 同一答案）
finproc|s10|r1|NESTED|w4|CAP_10PCT,finproc,10,1,NESTED,4,CAP_10PCT,10000,4,0.1,1000,0.1,0.0,56.91,56.69,9.54072,0.951016,0.954216,0.951016,0.951016,0.951016,1.00336,0.10002,1.00336,1.0,10.03213,0.00336,9.03213,0.0,-2.302434,0.003359,3664320,366468,366468,8e-05,40000,4000,4000,9.54072,0.951016,0.954216,0.951016,0,0.1,策略间质量恒定（同一 survivor → 同一 artifact → 同一答案）
finproc|s10|r1|NESTED|w4|CELL,finproc,10,1,NESTED,4,CELL,10000,4,0.1,1000,0.1,0.0,56.91,56.69,9.54072,0.951016,0.954216,0.951016,0.951016,0.951016,1.00336,0.10002,1.00336,1.0,10.03213,0.00336,9.03213,0.0,-2.302434,0.003359,3664320,366468,366468,8e-05,40000,4000,4000,9.54072,0.951016,0.954216,0.951016,0,0.1,策略间质量恒定（同一 survivor → 同一 artifact → 同一答案）
finproc|s10|r10|DISJOINT|w1|WORKLOAD,finproc,10,10,DISJOINT,1,WORKLOAD,10000,1,0.09997,6488,0.6488,0.455137,56.91,56.43,1.91596,1.907418,1.243938,1.356677,1.356677,1.243938,0.65216,0.64925,1.0,1.53337,1.54024,0.0,0.54024,0.53337,-0.431936,-0.427468,751080,750870,487592,0.0008,10000,9997,6488,0.191596,0.19074185,0.12439384,0.12439384,0,0.6488,策略间质量恒定（同一 survivor → 同一 artifact → 同一答案）
finproc|s10|r10|DISJOINT|w1|CAP_10PCT,finproc,10,10,DISJOINT,1,CAP_10PCT,10000,1,0.09997,6488,0.6488,0.455137,56.91,56.43,1.91596,1.907418,1.807796,1.813298,1.813298,1.243938,0.94777,0.94355,1.45328,1.53337,1.54024,0.45328,0.54024,0.53337,-0.058111,-0.053643,751080,750870,708665,0.0008,10000,9997,9435,0.191596,0.19074185,0.18077955,0.12439384,8435,0.1,策略间质量恒定（同一 survivor → 同一 artifact → 同一答案）
finproc|s10|r10|DISJOINT|w1|CELL,finproc,10,10,DISJOINT,1,CELL,10000,1,0.09997,6488,0.6488,0.455137,56.91,56.43,1.91596,1.907418,1.915416,1.914622,1.914622,1.243938,1.00419,0.99972,1.5398,1.53337,1.54024,0.5398,0.54024,0.53337,-0.000284,0.004184,751080,750870,750870,0.0008,10000,9997,9997,0.191596,0.19074185,0.19154161,0.12439384,0,0.0995,策略间质量恒定（同一 survivor → 同一 artifact → 同一答案）
finproc|s10|r10|DISJOINT|w2|WORKLOAD,finproc,10,10,DISJOINT,2,WORKLOAD,10000,2,0.10279,6574,0.6574,0.465804,56.91,56.88,4.49112,4.599197,2.95334,3.239248,3.239248,2.95334,0.64214,0.6576,1.0,1.55729,1.52069,0.0,0.52069,0.55729,-0.419165,-0.442945,1692160,1738993,1112728,0.0008,20000,20558,13148,0.449112,0.4599197,0.29533404,0.29533404,0,0.6574,策略间质量恒定（同一 survivor → 同一 artifact → 同一答案）
finproc|s10|r10|DISJOINT|w2|CAP_10PCT,finproc,10,10,DISJOINT,2,CAP_10PCT,10000,2,0.10279,6574,0.6574,0.465804,56.91,56.88,4.49112,4.599197,4.550642,4.548989,4.548989,2.95334,0.98944,1.01325,1.54085,1.55729,1.52069,0.54085,0.52069,0.55729,0.013166,-0.010613,1692160,1738993,1714560,0.0008,20000,20558,20269,0.449112,0.4599197,0.45506417,0.29533404,18269,0.1,策略间质量恒定（同一 survivor → 同一 artifact → 同一答案）
finproc|s10|r10|DISJOINT|w2|CELL,finproc,10,10,DISJOINT,2,CELL,10000,2,0.10279,6574,0.6574,0.465804,56.91,56.88,4.49112,4.599197,4.615643,4.613991,4.613991,2.95334,1.00358,1.02773,1.56286,1.55729,1.52069,0.56286,0.52069,0.55729,0.027349,0.00357,1692160,1738993,1738993,0.0008,20000,20558,20558,0.449112,0.4599197,0.46156434,0.29533404,0,0.1025,策略间质量恒定（同一 survivor → 同一 artifact → 同一答案）
finproc|s10|r10|DISJOINT|w4|WORKLOAD,finproc,10,10,DISJOINT,4,WORKLOAD,10000,4,0.09875,6491,0.6491,0.440608,56.91,56.78,9.54144,9.390866,6.194397,6.771173,6.771173,6.194397,0.65962,0.64921,1.0,1.51603,1.54033,0.0,0.54033,0.51603,-0.431999,-0.416092,3664320,3618658,2378894,0.0008,40000,39500,25964,0.954144,0.9390866,0.61943972,0.61943972,0,0.6491,策略间质量恒定（同一 survivor → 同一 artifact → 同一答案）
finproc|s10|r10|DISJOINT|w4|CAP_10PCT,finproc,10,10,DISJOINT,4,CAP_10PCT,10000,4,0.09875,6491,0.6491,0.440608,56.91,56.78,9.54144,9.390866,8.839496,8.921171,8.921171,6.194397,0.94129,0.92643,1.42701,1.51603,1.54033,0.42701,0.54033,0.51603,-0.076415,-0.060508,3664320,3618658,3395014,0.0008,40000,39500,37052,0.954144,0.9390866,0.88394956,0.61943972,33052,0.1,策略间质量恒定（同一 survivor → 同一 artifact → 同一答案）
finproc|s10|r10|DISJOINT|w4|CELL,finproc,10,10,DISJOINT,4,CELL,10000,4,0.09875,6491,0.6491,0.440608,56.91,56.78,9.54144,9.390866,9.422466,9.419343,9.419343,6.194397,1.00336,0.98753,1.52113,1.51603,1.54033,0.52113,0.54033,0.51603,-0.012548,0.003359,3664320,3618658,3618658,0.0008,40000,39500,39500,0.954144,0.9390866,0.9422466,0.61943972,0,0.0981,策略间质量恒定（同一 survivor → 同一 artifact → 同一答案）
finproc|s10|r10|OVERLAP|w1|WORKLOAD,finproc,10,10,OVERLAP,1,WORKLOAD,10000,1,0.10022,4285,0.4285,2.501896,56.91,56.87,1.91596,1.914491,0.822129,0.955746,0.955746,0.822129,0.42942,0.42909,1.0,2.3287,2.33049,0.0,1.33049,1.3287,-0.846077,-0.84531,751080,753900,322179,0.0008,10000,10022,4285,0.191596,0.1914491,0.08221285,0.08221285,0,0.4285,策略间质量恒定（同一 survivor → 同一 artifact → 同一答案）
finproc|s10|r10|OVERLAP|w1|CAP_10PCT,finproc,10,10,OVERLAP,1,CAP_10PCT,10000,1,0.10022,4285,0.4285,2.501896,56.91,56.87,1.91596,1.914491,1.407346,1.504573,1.504573,0.822129,0.7351,0.73454,1.71183,2.3287,2.33049,0.71183,1.33049,1.3287,-0.308513,-0.307746,751080,753900,551764,0.0008,10000,10022,7337,0.191596,0.1914491,0.14073461,0.08221285,6337,0.1,策略间质量恒定（同一 survivor → 同一 artifact → 同一答案）
finproc|s10|r10|OVERLAP|w1|CELL,finproc,10,10,OVERLAP,1,CELL,10000,1,0.10022,4285,0.4285,2.501896,56.91,56.87,1.91596,1.914491,1.922509,1.921739,1.921739,0.822129,1.00419,1.00342,2.33845,2.3287,2.33049,1.33845,1.33049,1.3287,0.003412,0.004179,751080,753900,753900,0.0008,10000,10022,10022,0.191596,0.1914491,0.19225086,0.08221285,0,0.0994,策略间质量恒定（同一 survivor → 同一 artifact → 同一答案）
finproc|s10|r10|OVERLAP|w2|WORKLOAD,finproc,10,10,OVERLAP,2,WORKLOAD,10000,2,0.10112,4371,0.4371,2.476859,56.91,56.95,4.49112,4.528056,1.963139,2.287218,2.287218,1.963139,0.43355,0.43712,1.0,2.30654,2.28772,0.0,1.28772,1.30654,-0.827558,-0.835748,1692160,1712524,739453,0.0008,20000,20224,8742,0.449112,0.4528056,0.19631386,0.19631386,0,0.4371,策略间质量恒定（同一 survivor → 同一 artifact → 同一答案）
finproc|s10|r10|OVERLAP|w2|CAP_10PCT,finproc,10,10,OVERLAP,2,CAP_10PCT,10000,2,0.10112,4371,0.4371,2.476859,56.91,56.95,4.49112,4.528056,3.688696,3.687029,3.687029,1.963139,0.81463,0.82133,1.87898,2.30654,2.28772,0.87898,1.28772,1.30654,-0.196829,-0.20502,1692160,1712524,1389600,0.0008,20000,20224,16403,0.449112,0.4528056,0.36886959,0.19631386,14403,0.1,策略间质量恒定（同一 survivor → 同一 artifact → 同一答案）
finproc|s10|r10|OVERLAP|w2|CELL,finproc,10,10,OVERLAP,2,CELL,10000,2,0.10112,4371,0.4371,2.476859,56.91,56.95,4.49112,4.528056,4.544235,4.542568,4.542568,1.963139,1.00357,1.01183,2.31478,2.30654,2.28772,1.31478,1.28772,1.30654,0.011757,0.003567,1692160,1712524,1712524,0.0008,20000,20224,20224,0.449112,0.4528056,0.45442352,0.19631386,0,0.1015,策略间质量恒定（同一 survivor → 同一 artifact → 同一答案）
finproc|s10|r10|OVERLAP|w4|WORKLOAD,finproc,10,10,OVERLAP,4,WORKLOAD,10000,4,0.10054,4359,0.4359,2.485379,56.91,56.79,9.54144,9.568684,4.158991,4.852427,4.852427,4.158991,0.43465,0.43589,1.0,2.30072,2.29417,0.0,1.29417,1.30072,-0.830372,-0.833223,3664320,3688056,1596990,0.0008,40000,40216,17436,0.954144,0.9568684,0.41589908,0.41589908,0,0.4359,策略间质量恒定（同一 survivor → 同一 artifact → 同一答案）
finproc|s10|r10|OVERLAP|w4|CAP_10PCT,finproc,10,10,OVERLAP,4,CAP_10PCT,10000,4,0.10054,4359,0.4359,2.485379,56.91,56.79,9.54144,9.568684,7.723257,7.776068,7.776068,4.158991,0.80714,0.80944,1.857,2.30072,2.29417,0.857,1.29417,1.30072,-0.211408,-0.21426,3664320,3688056,2963874,0.0008,40000,40216,32370,0.954144,0.9568684,0.7723257,0.41589908,28370,0.1,策略间质量恒定（同一 survivor → 同一 artifact → 同一答案）
finproc|s10|r10|OVERLAP|w4|CELL,finproc,10,10,OVERLAP,4,CELL,10000,4,0.10054,4359,0.4359,2.485379,56.91,56.79,9.54144,9.568684,9.600857,9.597554,9.597554,4.158991,1.00336,1.00623,2.30846,2.30072,2.29417,1.30846,1.29417,1.30072,0.006208,0.003357,3664320,3688056,3688056,0.0008,40000,40216,40216,0.954144,0.9568684,0.96008568,0.41589908,0,0.1013,策略间质量恒定（同一 survivor → 同一 artifact → 同一答案）
finproc|s10|r10|NESTED|w1|WORKLOAD,finproc,10,10,NESTED,1,WORKLOAD,10000,1,0.10133,1828,0.1828,3.029804,56.91,57.14,1.91596,1.935307,0.351118,0.3878,0.3878,0.351118,0.18143,0.18326,1.0,5.51183,5.45673,0.0,4.45673,4.51183,-1.696851,-1.706898,751080,762060,137411,0.0008,10000,10133,1828,0.191596,0.19353065,0.03511184,0.03511184,0,0.1828,策略间质量恒定（同一 survivor → 同一 artifact → 同一答案）
finproc|s10|r10|NESTED|w1|CAP_10PCT,finproc,10,10,NESTED,1,CAP_10PCT,10000,1,0.10133,1828,0.1828,3.029804,56.91,57.14,1.91596,1.935307,1.497375,1.534057,1.534057,0.351118,0.77371,0.78153,4.26459,5.51183,5.45673,3.26459,4.45673,4.51183,-0.246505,-0.256552,751080,762060,587073,0.0008,10000,10133,7807,0.191596,0.19353065,0.14973751,0.03511184,6807,0.1,策略间质量恒定（同一 survivor → 同一 artifact → 同一答案）
finproc|s10|r10|NESTED|w1|CELL,finproc,10,10,NESTED,1,CELL,10000,1,0.10133,1828,0.1828,3.029804,56.91,57.14,1.91596,1.935307,1.943413,1.943259,1.943259,0.351118,1.00419,1.01433,5.53492,5.51183,5.45673,4.53492,4.45673,4.51183,0.014227,0.00418,751080,762060,762060,0.0008,10000,10133,10133,0.191596,0.19353065,0.19434129,0.03511184,0,0.1828,策略间质量恒定（同一 survivor → 同一 artifact → 同一答案）
finproc|s10|r10|NESTED|w2|WORKLOAD,finproc,10,10,NESTED,2,WORKLOAD,10000,2,0.10133,1828,0.1828,3.029804,56.91,57.14,4.49112,4.538591,0.822085,0.908121,0.908121,0.822085,0.18113,0.18305,1.0,5.52083,5.46309,0.0,4.46309,4.52083,-1.698014,-1.708528,1692160,1716647,309554,0.0008,20000,20266,3656,0.449112,0.4538591,0.08220848,0.08220848,0,0.1828,策略间质量恒定（同一 survivor → 同一 artifact → 同一答案）
finproc|s10|r10|NESTED|w2|CAP_10PCT,finproc,10,10,NESTED,2,CAP_10PCT,10000,2,0.10133,1828,0.1828,3.029804,56.91,57.14,4.49112,4.538591,3.547889,3.633925,3.633925,0.822085,0.78172,0.78998,4.31572,5.52083,5.46309,3.31572,4.46309,4.52083,-0.235749,-0.246264,1692160,1716647,1334717,0.0008,20000,20266,15667,0.449112,0.4538591,0.35478891,0.08220848,13667,0.1,策略间质量恒定（同一 survivor → 同一 artifact → 同一答案）
finproc|s10|r10|NESTED|w2|CELL,finproc,10,10,NESTED,2,CELL,10000,2,0.10133,1828,0.1828,3.029804,56.91,57.14,4.49112,4.538591,4.554804,4.554497,4.554497,0.822085,1.00357,1.01418,5.54055,5.52083,5.46309,4.54055,4.46309,4.52083,0.01408,0.003566,1692160,1716647,1716647,0.0008,20000,20266,20266,0.449112,0.4538591,0.45548038,0.08220848,0,0.1828,策略间质量恒定（同一 survivor → 同一 artifact → 同一答案）
finproc|s10|r10|NESTED|w4|WORKLOAD,finproc,10,10,NESTED,4,WORKLOAD,10000,4,0.10133,1828,0.1828,3.029804,56.91,57.14,9.54144,9.64383,1.745738,1.928562,1.928562,1.745738,0.18102,0.18296,1.0,5.52422,5.46556,0.0,4.46556,4.52422,-1.698467,-1.709141,3664320,3717018,670292,0.0008,40000,40532,7312,0.954144,0.964383,0.17457376,0.17457376,0,0.1828,策略间质量恒定（同一 survivor → 同一 artifact → 同一答案）
finproc|s10|r10|NESTED|w4|CAP_10PCT,finproc,10,10,NESTED,4,CAP_10PCT,10000,4,0.10133,1828,0.1828,3.029804,56.91,57.14,9.54144,9.64383,7.441851,7.624675,7.624675,1.745738,0.77167,0.77995,4.26287,5.52422,5.46556,3.26287,4.46556,4.52422,-0.248525,-0.259199,3664320,3717018,2854796,0.0008,40000,40532,31267,0.954144,0.964383,0.74418511,0.17457376,27267,0.1,策略间质量恒定（同一 survivor → 同一 artifact → 同一答案）
finproc|s10|r10|NESTED|w4|CELL,finproc,10,10,NESTED,4,CELL,10000,4,0.10133,1828,0.1828,3.029804,56.91,57.14,9.54144,9.64383,9.676256,9.675641,9.675641,1.745738,1.00336,1.01413,5.54279,5.52422,5.46556,4.54279,4.46556,4.52422,0.014031,0.003357,3664320,3717018,3717018,0.0008,40000,40532,40532,0.954144,0.964383,0.96762556,0.17457376,0,0.1828,策略间质量恒定（同一 survivor → 同一 artifact → 同一答案）
finproc|s10|r50|DISJOINT|w1|WORKLOAD,finproc,10,50,DISJOINT,1,WORKLOAD,10000,1,0.09989,9949,0.9949,2.459405,56.91,56.43,1.91916,9.532118,1.909356,2.096891,2.096891,1.909356,0.20031,0.99489,1.0,4.99232,1.00513,0.0,0.00513,3.99232,-0.005122,-1.607901,751080,3752673,747231,0.004,10000,49945,9949,0.0383832,0.19064237,0.03818711,0.03818711,0,0.9949,策略间质量恒定（同一 survivor → 同一 artifact → 同一答案）
finproc|s10|r50|DISJOINT|w1|CAP_10PCT,finproc,10,50,DISJOINT,1,CAP_10PCT,10000,1,0.09989,9949,0.9949,2.459405,56.91,56.43,1.91916,9.532118,9.053545,9.059047,69.763995,1.909356,0.94979,4.71745,4.74168,4.99232,1.00513,3.74168,0.00513,3.99232,1.551269,-0.051511,751080,3752673,3549349,0.004,10000,49945,47236,0.0383832,0.19064237,0.1810709,0.03818711,46236,0.1,策略间质量恒定（同一 survivor → 同一 artifact → 同一答案）
finproc|s10|r50|DISJOINT|w1|CELL,finproc,10,50,DISJOINT,1,CELL,10000,1,0.09989,9949,0.9949,2.459405,56.91,56.43,1.91916,9.532118,9.572074,9.57128,69.903963,1.909356,1.00419,4.98764,5.01325,4.99232,1.00513,4.01325,0.00513,3.99232,1.606962,0.004183,751080,3752673,3752673,0.004,10000,49945,49945,0.0383832,0.19064237,0.19144149,0.03818711,0,0.1007,策略间质量恒定（同一 survivor → 同一 artifact → 同一答案）
finproc|s10|r50|DISJOINT|w2|WORKLOAD,finproc,10,50,DISJOINT,2,WORKLOAD,10000,2,0.10004,9942,0.9942,2.448652,56.91,56.88,4.49432,22.386335,4.468401,4.928189,4.928189,4.468401,0.1996,0.99423,1.0,5.00992,1.0058,0.0,0.0058,4.00992,-0.005784,-1.61142,1692160,8465023,1682408,0.004,20000,100042,19884,0.0898864,0.4477267,0.08936802,0.08936802,0,0.9942,策略间质量恒定（同一 survivor → 同一 artifact → 同一答案）
finproc|s10|r50|DISJOINT|w2|CAP_10PCT,finproc,10,50,DISJOINT,2,CAP_10PCT,10000,2,0.10004,9942,0.9942,2.448652,56.91,56.88,4.49432,22.386335,21.333963,21.33231,167.871241,4.468401,0.95299,4.74687,4.77441,5.00992,1.0058,3.77441,0.0058,4.00992,1.557486,-0.04815,1692160,8465023,8039671,0.004,20000,100042,95053,0.0898864,0.4477267,0.42667926,0.08936802,93053,0.1,策略间质量恒定（同一 survivor → 同一 artifact → 同一答案）
finproc|s10|r50|DISJOINT|w2|CELL,finproc,10,50,DISJOINT,2,CELL,10000,2,0.10004,9942,0.9942,2.448652,56.91,56.88,4.49432,22.386335,22.466369,22.464716,168.046409,4.468401,1.00358,4.99884,5.02783,5.00992,1.0058,4.02783,0.0058,4.00992,1.609205,0.003569,1692160,8465023,8465023,0.004,20000,100042,100042,0.0898864,0.4477267,0.44932737,0.08936802,0,0.0966,策略间质量恒定（同一 survivor → 同一 artifact → 同一答案）
finproc|s10|r50|DISJOINT|w4|WORKLOAD,finproc,10,50,DISJOINT,4,WORKLOAD,10000,4,0.09998,9949,0.9949,2.45727,56.91,56.78,9.54464,47.528736,9.495867,10.417853,10.417853,9.495867,0.19979,0.99489,1.0,5.0052,1.00514,0.0,0.00514,4.0052,-0.005123,-1.610478,3664320,18313676,3645574,0.004,40000,199952,39796,0.1908928,0.95057472,0.18991734,0.18991734,0,0.9949,策略间质量恒定（同一 survivor → 同一 artifact → 同一答案）
finproc|s10|r50|DISJOINT|w4|CAP_10PCT,finproc,10,50,DISJOINT,4,CAP_10PCT,10000,4,0.09998,9949,0.9949,2.45727,56.91,56.78,9.54464,47.528736,45.255042,45.336717,347.433076,9.495867,0.95216,4.74141,4.76576,5.0052,1.00514,3.76576,0.00514,4.0052,1.556334,-0.04902,3664320,18313676,17378990,0.004,40000,199952,189752,0.1908928,0.95057472,0.90510083,0.18991734,185752,0.1,策略间质量恒定（同一 survivor → 同一 artifact → 同一答案）
finproc|s10|r50|DISJOINT|w4|CELL,finproc,10,50,DISJOINT,4,CELL,10000,4,0.09998,9949,0.9949,2.45727,56.91,56.78,9.54464,47.528736,47.688698,47.685574,348.163181,9.495867,1.00337,4.99639,5.02205,5.0052,1.00514,4.02205,0.00514,4.0052,1.608715,0.00336,3664320,18313676,18313676,0.004,40000,199952,199952,0.1908928,0.95057472,0.95377395,0.18991734,0,0.1007,策略间质量恒定（同一 survivor → 同一 artifact → 同一答案）
finproc|s10|r50|OVERLAP|w1|WORKLOAD,finproc,10,50,OVERLAP,1,WORKLOAD,10000,1,0.10018,9319,0.9319,13.597301,56.91,56.87,1.91916,9.567502,1.788765,1.965041,1.965041,1.788765,0.18696,0.93206,1.0,5.34866,1.0729,0.0,0.0729,4.34866,-0.070362,-1.676847,751080,3767388,699945,0.004,10000,50092,9319,0.0383832,0.19135004,0.03577529,0.03577529,0,0.9319,策略间质量恒定（同一 survivor → 同一 artifact → 同一答案）
finproc|s10|r50|OVERLAP|w1|CAP_10PCT,finproc,10,50,OVERLAP,1,CAP_10PCT,10000,1,0.10018,9319,0.9319,13.597301,56.91,56.87,1.91916,9.567502,7.046302,7.143529,69.224292,1.788765,0.73648,3.67156,3.9392,5.34866,1.0729,2.9392,0.0729,4.34866,1.300615,-0.305869,751080,3767388,2762408,0.004,10000,50092,36743,0.0383832,0.19135004,0.14092604,0.03577529,35743,0.1,策略间质量恒定（同一 survivor → 同一 artifact → 同一答案）
finproc|s10|r50|OVERLAP|w1|CELL,finproc,10,50,OVERLAP,1,CELL,10000,1,0.10018,9319,0.9319,13.597301,56.91,56.87,1.91916,9.567502,9.607576,9.606806,69.909956,1.788765,1.00419,5.00614,5.37107,5.34866,1.0729,4.37107,0.0729,4.34866,1.610664,0.00418,751080,3767388,3767388,0.004,10000,50092,50092,0.0383832,0.19135004,0.19215151,0.03577529,0,0.1007,策略间质量恒定（同一 survivor → 同一 artifact → 同一答案）
finproc|s10|r50|OVERLAP|w2|WORKLOAD,finproc,10,50,OVERLAP,2,WORKLOAD,10000,2,0.10091,9300,0.93,13.519731,56.91,56.95,4.49432,22.595051,4.17982,4.624505,4.624505,4.17982,0.18499,0.93002,1.0,5.40575,1.07524,0.0,0.07524,4.40575,-0.072546,-1.687463,1692160,8545837,1573620,0.004,20000,100906,18600,0.0898864,0.45190102,0.0835964,0.0835964,0,0.93,策略间质量恒定（同一 survivor → 同一 artifact → 同一答案）
finproc|s10|r50|OVERLAP|w2|CAP_10PCT,finproc,10,50,OVERLAP,2,CAP_10PCT,10000,2,0.10091,9300,0.93,13.519731,56.91,56.95,4.49432,22.595051,18.943804,18.942136,167.144401,4.17982,0.8384,4.21505,4.53221,5.40575,1.07524,3.53221,0.07524,4.40575,1.438663,-0.176254,1692160,8545837,7137919,0.004,20000,100906,84272,0.0898864,0.45190102,0.37887607,0.0835964,82272,0.1,策略间质量恒定（同一 survivor → 同一 artifact → 同一答案）
finproc|s10|r50|OVERLAP|w2|CELL,finproc,10,50,OVERLAP,2,CELL,10000,2,0.10091,9300,0.93,13.519731,56.91,56.95,4.49432,22.595051,22.675776,22.674109,168.032098,4.17982,1.00357,5.04543,5.42506,5.40575,1.07524,4.42506,0.07524,4.40575,1.618483,0.003566,1692160,8545837,8545837,0.004,20000,100906,100906,0.0898864,0.45190102,0.45351552,0.0835964,0,0.1002,策略间质量恒定（同一 survivor → 同一 artifact → 同一答案）
finproc|s10|r50|OVERLAP|w4|WORKLOAD,finproc,10,50,OVERLAP,4,WORKLOAD,10000,4,0.10055,9252,0.9252,13.563688,56.91,56.79,9.54464,47.850792,8.832014,9.771714,9.771714,8.832014,0.18457,0.92534,1.0,5.41788,1.08069,0.0,0.08069,4.41788,-0.077597,-1.689705,3664320,18443312,3390736,0.004,40000,201104,37008,0.1908928,0.95701584,0.17664029,0.17664029,0,0.9252,策略间质量恒定（同一 survivor → 同一 artifact → 同一答案）
finproc|s10|r50|OVERLAP|w4|CAP_10PCT,finproc,10,50,OVERLAP,4,CAP_10PCT,10000,4,0.10055,9252,0.9252,13.563688,56.91,56.79,9.54464,47.850792,37.745568,37.798379,345.641574,8.832014,0.78882,3.95464,4.27372,5.41788,1.08069,3.27372,0.08069,4.41788,1.374888,-0.23722,3664320,18443312,14496291,0.004,40000,201104,158368,0.1908928,0.95701584,0.75491137,0.17664029,154368,0.1,策略间质量恒定（同一 survivor → 同一 artifact → 同一答案）
finproc|s10|r50|OVERLAP|w4|CELL,finproc,10,50,OVERLAP,4,CELL,10000,4,0.10055,9252,0.9252,13.563688,56.91,56.79,9.54464,47.850792,48.011675,48.008373,348.347593,8.832014,1.00336,5.03022,5.4361,5.41788,1.08069,4.4361,0.08069,4.41788,1.615464,0.003357,3664320,18443312,18443312,0.004,40000,201104,201104,0.1908928,0.95701584,0.9602335,0.17664029,0,0.0993,策略间质量恒定（同一 survivor → 同一 artifact → 同一答案）
finproc|s10|r50|NESTED|w1|WORKLOAD,finproc,10,50,NESTED,1,WORKLOAD,10000,1,0.10099,1954,0.1954,16.468582,56.91,58.47,1.91916,9.644419,0.37847,0.387119,1.927809,0.37847,0.03924,0.19721,1.0,25.48264,5.07084,0.0,4.07084,24.48264,-1.623506,-3.237997,751080,3797645,146885,0.004,10000,50497,1954,0.0383832,0.19288837,0.0075694,0.0075694,0,0.1954,策略间质量恒定（同一 survivor → 同一 artifact → 同一答案）
finproc|s10|r50|NESTED|w1|CAP_10PCT,finproc,10,50,NESTED,1,CAP_10PCT,10000,1,0.10099,1954,0.1954,16.468582,56.91,58.47,1.91916,9.644419,7.249258,7.257907,44.541486,0.37847,0.75165,3.77731,19.15411,25.48264,5.07084,18.15411,4.07084,24.48264,1.329012,-0.28548,751080,3797645,2842183,0.004,10000,50497,37794,0.0383832,0.19288837,0.14498516,0.0075694,36794,0.1,策略间质量恒定（同一 survivor → 同一 artifact → 同一答案）
finproc|s10|r50|NESTED|w1|CELL,finproc,10,50,NESTED,1,CELL,10000,1,0.10099,1954,0.1954,16.468582,56.91,58.47,1.91916,9.644419,9.684816,9.68478,46.96836,0.37847,1.00419,5.04638,25.58938,25.48264,5.07084,24.58938,4.07084,24.48264,1.618672,0.00418,751080,3797645,3797645,0.004,10000,50497,50497,0.0383832,0.19288837,0.19369632,0.0075694,0,0.1954,策略间质量恒定（同一 survivor → 同一 artifact → 同一答案）
finproc|s10|r50|NESTED|w2|WORKLOAD,finproc,10,50,NESTED,2,WORKLOAD,10000,2,0.10099,1954,0.1954,16.468582,56.91,58.47,4.49432,22.617639,0.881904,0.902171,4.514587,0.881904,0.03899,0.19623,1.0,25.64636,5.09615,0.0,4.09615,24.64636,-1.628486,-3.244402,1692160,8554733,330896,0.004,20000,100994,3908,0.0898864,0.45235278,0.01763809,0.01763809,0,0.1954,策略间质量恒定（同一 survivor → 同一 artifact → 同一答案）
finproc|s10|r50|NESTED|w2|CAP_10PCT,finproc,10,50,NESTED,2,CAP_10PCT,10000,2,0.10099,1954,0.1954,16.468582,56.91,58.47,4.49432,22.617639,17.009759,17.030026,104.448178,0.881904,0.75206,3.78472,19.28753,25.64636,5.09615,18.28753,4.09615,24.64636,1.330973,-0.284943,1692160,8554733,6407835,0.004,20000,100994,75558,0.0898864,0.45235278,0.34019519,0.01763809,73558,0.1,策略间质量恒定（同一 survivor → 同一 artifact → 同一答案）
finproc|s10|r50|NESTED|w2|CELL,finproc,10,50,NESTED,2,CELL,10000,2,0.10099,1954,0.1954,16.468582,56.91,58.47,4.49432,22.617639,22.698434,22.698362,110.116513,0.881904,1.00357,5.05047,25.73798,25.64636,5.09615,24.73798,4.09615,24.64636,1.619482,0.003566,1692160,8554733,8554733,0.004,20000,100994,100994,0.0898864,0.45235278,0.45396868,0.01763809,0,0.1954,策略间质量恒定（同一 survivor → 同一 artifact → 同一答案）
finproc|s10|r50|NESTED|w4|WORKLOAD,finproc,10,50,NESTED,4,WORKLOAD,10000,4,0.10099,1954,0.1954,16.468582,56.91,58.47,9.54464,48.05911,1.869233,1.912287,9.587694,1.869233,0.03889,0.19584,1.0,25.71061,5.10618,0.0,4.10618,24.71061,-1.630452,-3.246904,3664320,18523382,716504,0.004,40000,201988,7816,0.1908928,0.9611822,0.03738466,0.03738466,0,0.1954,策略间质量恒定（同一 survivor → 同一 artifact → 同一答案）
finproc|s10|r50|NESTED|w4|CAP_10PCT,finproc,10,50,NESTED,4,CAP_10PCT,10000,4,0.10099,1954,0.1954,16.468582,56.91,58.47,9.54464,48.05911,36.066625,36.109679,221.849854,1.869233,0.75046,3.77873,19.29488,25.71061,5.10618,18.29488,4.10618,24.71061,1.329388,-0.287064,3664320,18523382,13850465,0.004,40000,201988,151141,0.1908928,0.9611822,0.72133251,0.03738466,147141,0.1,策略间质量恒定（同一 survivor → 同一 artifact → 同一答案）
finproc|s10|r50|NESTED|w4|CELL,finproc,10,50,NESTED,4,CELL,10000,4,0.10099,1954,0.1954,16.468582,56.91,58.47,9.54464,48.05911,48.2207,48.220556,233.960731,1.869233,1.00336,5.05212,25.79705,25.71061,5.10618,24.79705,4.10618,24.71061,1.619809,0.003357,3664320,18523382,18523382,0.004,40000,201988,201988,0.1908928,0.9611822,0.96441401,0.03738466,0,0.1954,策略间质量恒定（同一 survivor → 同一 artifact → 同一答案）
finproc|s10|r100|DISJOINT|w1|WORKLOAD,finproc,10,100,DISJOINT,1,WORKLOAD,10000,1,0.10012,10000,1.0,4.957291,56.91,56.43,1.92316,19.10663,1.92316,2.112023,2.112023,1.92316,0.10065,1.0,1.0,9.93502,1.0,0.0,0.0,8.93502,0.0,-2.296066,751080,7521885,751080,0.008,10000,100120,10000,0.0192316,0.1910663,0.0192316,0.0192316,0,1.0,策略间质量恒定（同一 survivor → 同一 artifact → 同一答案）
finproc|s10|r100|DISJOINT|w1|CAP_10PCT,finproc,10,100,DISJOINT,1,CAP_10PCT,10000,1,0.10012,10000,1.0,4.957291,56.91,56.43,1.92316,19.10663,18.22588,18.231382,165.525995,1.92316,0.9539,9.47705,9.47705,9.93502,1.0,8.47705,0.0,8.93502,2.248873,-0.047193,751080,7521885,7145063,0.008,10000,100120,95103,0.0192316,0.1910663,0.1822588,0.0192316,94103,0.1,策略间质量恒定（同一 survivor → 同一 artifact → 同一答案）
finproc|s10|r100|DISJOINT|w1|CELL,finproc,10,100,DISJOINT,1,CELL,10000,1,0.10012,10000,1.0,4.957291,56.91,56.43,1.92316,19.10663,19.186726,19.185932,165.665963,1.92316,1.00419,9.97667,9.97667,9.93502,1.0,8.97667,0.0,8.93502,2.300249,0.004183,751080,7521885,7521885,0.008,10000,100120,100120,0.0192316,0.1910663,0.19186726,0.0192316,0,0.1047,策略间质量恒定（同一 survivor → 同一 artifact → 同一答案）
finproc|s10|r100|DISJOINT|w2|WORKLOAD,finproc,10,100,DISJOINT,2,WORKLOAD,10000,2,0.09971,10000,1.0,4.932035,56.91,56.88,4.49832,44.623595,4.49832,4.960799,4.960799,4.49832,0.10081,1.0,1.0,9.92006,1.0,0.0,0.0,8.92006,0.0,-2.294559,1692160,16873439,1692160,0.008,20000,199426,20000,0.0449832,0.44623595,0.0449832,0.0449832,0,1.0,策略间质量恒定（同一 survivor → 同一 artifact → 同一答案）
finproc|s10|r100|DISJOINT|w2|CAP_10PCT,finproc,10,100,DISJOINT,2,CAP_10PCT,10000,2,0.09971,10000,1.0,4.932035,56.91,56.88,4.49832,44.623595,42.34911,42.347457,392.391241,4.49832,0.94903,9.41443,9.41443,9.92006,1.0,8.41443,0.0,8.92006,2.242243,-0.052315,1692160,16873439,15957382,0.008,20000,199426,188620,0.0449832,0.44623595,0.4234911,0.0449832,186620,0.1,策略间质量恒定（同一 survivor → 同一 artifact → 同一答案）
finproc|s10|r100|DISJOINT|w2|CELL,finproc,10,100,DISJOINT,2,CELL,10000,2,0.09971,10000,1.0,4.932035,56.91,56.88,4.49832,44.623595,44.783136,44.781483,392.566409,4.49832,1.00358,9.95552,9.95552,9.92006,1.0,8.95552,0.0,8.92006,2.298128,0.003569,1692160,16873439,16873439,0.008,20000,199426,199426,0.0449832,0.44623595,0.44783136,0.0449832,0,0.0972,策略间质量恒定（同一 survivor → 同一 artifact → 同一答案）
finproc|s10|r100|DISJOINT|w4|WORKLOAD,finproc,10,100,DISJOINT,4,WORKLOAD,10000,4,0.09986,9999,0.9999,4.948616,56.91,56.78,9.54864,94.945208,9.547719,10.474479,10.474479,9.547719,0.10056,0.9999,1.0,9.94428,1.0001,0.0,0.0001,8.94428,-9.6e-05,-2.296998,3664320,36584300,3663970,0.008,40000,399424,39996,0.0954864,0.94945208,0.09547719,0.09547719,0,0.9999,策略间质量恒定（同一 survivor → 同一 artifact → 同一答案）
finproc|s10|r100|DISJOINT|w4|CAP_10PCT,finproc,10,100,DISJOINT,4,CAP_10PCT,10000,4,0.09986,9999,0.9999,4.948616,56.91,56.78,9.54864,94.945208,90.543214,90.624889,824.469076,9.547719,0.95364,9.48232,9.48323,9.94428,1.0001,8.48323,0.0001,8.94428,2.249429,-0.047473,3664320,36584300,34770835,0.008,40000,399424,379643,0.0954864,0.94945208,0.90543214,0.09547719,375643,0.1,策略间质量恒定（同一 survivor → 同一 artifact → 同一答案）
finproc|s10|r100|DISJOINT|w4|CELL,finproc,10,100,DISJOINT,4,CELL,10000,4,0.09986,9999,0.9999,4.948616,56.91,56.78,9.54864,94.945208,95.264747,95.261624,825.199181,9.547719,1.00337,9.97679,9.97775,9.94428,1.0001,8.97775,0.0001,8.94428,2.300261,0.00336,3664320,36584300,36584300,0.008,40000,399424,399424,0.0954864,0.94945208,0.95264747,0.09547719,0,0.1011,策略间质量恒定（同一 survivor → 同一 artifact → 同一答案）
finproc|s10|r100|OVERLAP|w1|WORKLOAD,finproc,10,100,OVERLAP,1,WORKLOAD,10000,1,0.10037,9944,0.9944,27.440257,56.91,56.87,1.92316,19.170351,1.912373,2.09512,2.09512,1.912373,0.09976,0.99439,1.0,10.02438,1.00564,0.0,0.00564,9.02438,-0.005625,-2.30502,751080,7548663,746843,0.008,10000,100371,9944,0.0192316,0.19170351,0.01912373,0.01912373,0,0.9944,策略间质量恒定（同一 survivor → 同一 artifact → 同一答案）
finproc|s10|r100|OVERLAP|w1|CAP_10PCT,finproc,10,100,OVERLAP,1,CAP_10PCT,10000,1,0.10037,9944,0.9944,27.440257,56.91,56.87,1.92316,19.170351,14.363204,14.460431,164.986291,1.912373,0.74924,7.46854,7.51067,10.02438,1.00564,6.51067,0.00564,9.02438,2.0107,-0.288695,751080,7548663,5630917,0.008,10000,100371,74900,0.0192316,0.19170351,0.14363204,0.01912373,73900,0.1,策略间质量恒定（同一 survivor → 同一 artifact → 同一答案）
finproc|s10|r100|OVERLAP|w1|CELL,finproc,10,100,OVERLAP,1,CELL,10000,1,0.10037,9944,0.9944,27.440257,56.91,56.87,1.92316,19.170351,19.250648,19.249879,165.671956,1.912373,1.00419,10.0099,10.06637,10.02438,1.00564,9.06637,0.00564,9.02438,2.303575,0.00418,751080,7548663,7548663,0.008,10000,100371,100371,0.0192316,0.19170351,0.19250648,0.01912373,0,0.0984,策略间质量恒定（同一 survivor → 同一 artifact → 同一答案）
finproc|s10|r100|OVERLAP|w2|WORKLOAD,finproc,10,100,OVERLAP,2,WORKLOAD,10000,2,0.10102,9952,0.9952,27.292158,56.91,56.95,4.49832,45.248232,4.476743,4.941326,4.941326,4.476743,0.09894,0.9952,1.0,10.1074,1.00482,0.0,0.00482,9.1074,-0.004808,-2.313268,1692160,17114308,1684026,0.008,20000,202048,19904,0.0449832,0.45248232,0.04476743,0.04476743,0,0.9952,策略间质量恒定（同一 survivor → 同一 artifact → 同一答案）
finproc|s10|r100|OVERLAP|w2|CAP_10PCT,finproc,10,100,OVERLAP,2,CAP_10PCT,10000,2,0.10102,9952,0.9952,27.292158,56.91,56.95,4.49832,45.248232,38.850079,38.848412,391.664401,4.476743,0.8586,8.63658,8.6782,10.1074,1.00482,7.6782,0.00482,9.1074,2.156006,-0.152453,1692160,17114308,14639768,0.008,20000,202048,172824,0.0449832,0.45248232,0.38850079,0.04476743,170824,0.1,策略间质量恒定（同一 survivor → 同一 artifact → 同一答案）
finproc|s10|r100|OVERLAP|w2|CELL,finproc,10,100,OVERLAP,2,CELL,10000,2,0.10102,9952,0.9952,27.292158,56.91,56.95,4.49832,45.248232,45.40987,45.408203,392.552098,4.476743,1.00357,10.09485,10.14351,10.1074,1.00482,9.14351,0.00482,9.1074,2.312025,0.003566,1692160,17114308,17114308,0.008,20000,202048,202048,0.0449832,0.45248232,0.4540987,0.04476743,0,0.0998,策略间质量恒定（同一 survivor → 同一 artifact → 同一答案）
finproc|s10|r100|OVERLAP|w4|WORKLOAD,finproc,10,100,OVERLAP,4,WORKLOAD,10000,4,0.10044,9946,0.9946,27.427754,56.91,56.79,9.54864,95.595126,9.497391,10.475932,10.475932,9.497391,0.09935,0.99463,1.0,10.06541,1.0054,0.0,0.0054,9.06541,-0.005382,-2.309105,3664320,36845494,3644668,0.008,40000,401764,39784,0.0954864,0.95595126,0.09497391,0.09497391,0,0.9946,策略间质量恒定（同一 survivor → 同一 artifact → 同一答案）
finproc|s10|r100|OVERLAP|w4|CAP_10PCT,finproc,10,100,OVERLAP,4,CAP_10PCT,10000,4,0.10044,9946,0.9946,27.427754,56.91,56.79,9.54864,95.595126,75.32375,75.376561,822.677574,9.497391,0.78795,7.88843,7.93099,10.06541,1.0054,6.93099,0.0054,9.06541,2.065397,-0.238326,3664320,36845494,28929277,0.008,40000,401764,315868,0.0954864,0.95595126,0.7532375,0.09497391,311868,0.1,策略间质量恒定（同一 survivor → 同一 artifact → 同一答案）
finproc|s10|r100|OVERLAP|w4|CELL,finproc,10,100,OVERLAP,4,CELL,10000,4,0.10044,9946,0.9946,27.427754,56.91,56.79,9.54864,95.595126,95.916537,95.913235,825.383593,9.497391,1.00336,10.04505,10.09925,10.06541,1.0054,9.09925,0.0054,9.06541,2.30708,0.003357,3664320,36845494,36845494,0.008,40000,401764,401764,0.0954864,0.95595126,0.95916537,0.09497391,0,0.098,策略间质量恒定（同一 survivor → 同一 artifact → 同一答案）
finproc|s10|r100|NESTED|w1|WORKLOAD,finproc,10,100,NESTED,1,WORKLOAD,10000,1,0.10097,1971,0.1971,33.287153,56.91,58.67,1.92316,19.284901,0.38572,0.389753,1.927193,0.38572,0.02,0.20057,1.0,49.99711,4.98589,0.0,3.98589,48.99711,-1.606612,-3.911965,751080,7593727,148159,0.008,10000,100974,1971,0.0192316,0.19284901,0.0038572,0.0038572,0,0.1971,策略间质量恒定（同一 survivor → 同一 artifact → 同一答案）
finproc|s10|r100|NESTED|w1|CAP_10PCT,finproc,10,100,NESTED,1,CAP_10PCT,10000,1,0.10097,1971,0.1971,33.287153,56.91,58.67,1.92316,19.284901,14.467574,14.471606,120.806122,0.38572,0.7502,7.52281,37.50794,49.99711,4.98589,36.50794,3.98589,48.99711,2.01794,-0.287413,751080,7593727,5672240,0.008,10000,100974,75426,0.0192316,0.19284901,0.14467574,0.0038572,74426,0.1,策略间质量恒定（同一 survivor → 同一 artifact → 同一答案）
finproc|s10|r100|NESTED|w1|CELL,finproc,10,100,NESTED,1,CELL,10000,1,0.10097,1971,0.1971,33.287153,56.91,58.67,1.92316,19.284901,19.36568,19.365663,123.449069,0.38572,1.00419,10.06972,50.20654,49.99711,4.98589,49.20654,3.98589,48.99711,2.309533,0.00418,751080,7593727,7593727,0.008,10000,100974,100974,0.0192316,0.19284901,0.1936568,0.0038572,0,0.1971,策略间质量恒定（同一 survivor → 同一 artifact → 同一答案）
finproc|s10|r100|NESTED|w2|WORKLOAD,finproc,10,100,NESTED,2,WORKLOAD,10000,2,0.10097,1971,0.1971,33.287153,56.91,58.67,4.49832,45.226086,0.893527,0.902978,4.507771,0.893527,0.01976,0.19864,1.0,50.61527,5.03434,0.0,4.03434,49.61527,-1.616283,-3.924253,1692160,17105960,333767,0.008,20000,201948,3942,0.0449832,0.45226086,0.00893527,0.00893527,0,0.1971,策略间质量恒定（同一 survivor → 同一 artifact → 同一答案）
finproc|s10|r100|NESTED|w2|CAP_10PCT,finproc,10,100,NESTED,2,CAP_10PCT,10000,2,0.10097,1971,0.1971,33.287153,56.91,58.67,4.49832,45.226086,33.917346,33.926797,283.236287,0.893527,0.74995,7.54,37.95897,50.61527,5.03434,36.95897,4.03434,49.61527,2.020223,-0.287747,1692160,17105960,12779600,0.008,20000,201948,150780,0.0449832,0.45226086,0.33917346,0.00893527,148780,0.1,策略间质量恒定（同一 survivor → 同一 artifact → 同一答案）
finproc|s10|r100|NESTED|w2|CELL,finproc,10,100,NESTED,2,CELL,10000,2,0.10097,1971,0.1971,33.287153,56.91,58.67,4.49832,45.226086,45.387644,45.387611,289.428325,0.893527,1.00357,10.08991,50.79608,50.61527,5.03434,49.79608,4.03434,49.61527,2.311536,0.003566,1692160,17105960,17105960,0.008,20000,201948,201948,0.0449832,0.45226086,0.45387644,0.00893527,0,0.1971,策略间质量恒定（同一 survivor → 同一 artifact → 同一答案）
finproc|s10|r100|NESTED|w4|WORKLOAD,finproc,10,100,NESTED,4,WORKLOAD,10000,4,0.10097,1971,0.1971,33.287153,56.91,58.67,9.54864,96.098716,1.889429,1.909507,9.568718,1.889429,0.01966,0.19787,1.0,50.86124,5.05372,0.0,4.05372,49.86124,-1.620124,-3.929101,3664320,37039192,722722,0.008,40000,403896,7884,0.0954864,0.96098716,0.01889429,0.01889429,0,0.1971,策略间质量恒定（同一 survivor → 同一 artifact → 同一答案）
finproc|s10|r100|NESTED|w4|CAP_10PCT,finproc,10,100,NESTED,4,CAP_10PCT,10000,4,0.10097,1971,0.1971,33.287153,56.91,58.67,9.54864,96.098716,72.001922,72.022,601.783308,1.889429,0.74925,7.54054,38.10776,50.86124,5.05372,37.10776,4.05372,49.86124,2.020294,-0.288683,3664320,37039192,27654253,0.008,40000,403896,301692,0.0954864,0.96098716,0.72001922,0.01889429,297692,0.1,策略间质量恒定（同一 survivor → 同一 artifact → 同一答案）
finproc|s10|r100|NESTED|w4|CELL,finproc,10,100,NESTED,4,CELL,10000,4,0.10097,1971,0.1971,33.287153,56.91,58.67,9.54864,96.098716,96.421833,96.421766,614.941658,1.889429,1.00336,10.09797,51.03226,50.86124,5.05372,50.03226,4.05372,49.86124,2.312334,0.003357,3664320,37039192,37039192,0.008,40000,403896,403896,0.0954864,0.96098716,0.96421833,0.01889429,0,0.1971,策略间质量恒定（同一 survivor → 同一 artifact → 同一答案）
finproc|s25|r1|DISJOINT|w1|WORKLOAD,finproc,25,1,DISJOINT,1,WORKLOAD,10000,1,0.2435,2435,0.2435,0.0,56.91,57.03,1.91524,0.464921,0.466869,0.464921,0.464921,0.464921,1.00419,0.24377,1.00419,1.0,4.11949,0.00419,3.11949,0.0,-1.411548,0.004181,751080,183112,183112,8e-05,10000,2435,2435,1.91524,0.4649215,0.4668695,0.4649215,0,0.2435,策略间质量恒定（同一 survivor → 同一 artifact → 同一答案）
finproc|s25|r1|DISJOINT|w1|CAP_10PCT,finproc,25,1,DISJOINT,1,CAP_10PCT,10000,1,0.2435,2435,0.2435,0.0,56.91,57.03,1.91524,0.464921,0.466869,0.464921,0.464921,0.464921,1.00419,0.24377,1.00419,1.0,4.11949,0.00419,3.11949,0.0,-1.411548,0.004181,751080,183112,183112,8e-05,10000,2435,2435,1.91524,0.4649215,0.4668695,0.4649215,1435,0.1,策略间质量恒定（同一 survivor → 同一 artifact → 同一答案）
finproc|s25|r1|DISJOINT|w1|CELL,finproc,25,1,DISJOINT,1,CELL,10000,1,0.2435,2435,0.2435,0.0,56.91,57.03,1.91524,0.464921,0.466869,0.464921,0.464921,0.464921,1.00419,0.24377,1.00419,1.0,4.11949,0.00419,3.11949,0.0,-1.411548,0.004181,751080,183112,183112,8e-05,10000,2435,2435,1.91524,0.4649215,0.4668695,0.4649215,0,0.2435,策略间质量恒定（同一 survivor → 同一 artifact → 同一答案）
finproc|s25|r1|DISJOINT|w2|WORKLOAD,finproc,25,1,DISJOINT,2,WORKLOAD,10000,2,0.2492,2492,0.2492,0.0,56.91,56.92,4.4904,1.11502,1.119007,1.11502,1.11502,1.11502,1.00358,0.2492,1.00358,1.0,4.02719,0.00358,3.02719,0.0,-1.3895,0.00357,1692160,421656,421656,8e-05,20000,4984,4984,4.4904,1.11502,1.1190072,1.11502,0,0.2492,策略间质量恒定（同一 survivor → 同一 artifact → 同一答案）
finproc|s25|r1|DISJOINT|w2|CAP_10PCT,finproc,25,1,DISJOINT,2,CAP_10PCT,10000,2,0.2492,2492,0.2492,0.0,56.91,56.92,4.4904,1.11502,1.119007,1.11502,1.11502,1.11502,1.00358,0.2492,1.00358,1.0,4.02719,0.00358,3.02719,0.0,-1.3895,0.00357,1692160,421656,421656,8e-05,20000,4984,4984,4.4904,1.11502,1.1190072,1.11502,2984,0.1,策略间质量恒定（同一 survivor → 同一 artifact → 同一答案）
finproc|s25|r1|DISJOINT|w2|CELL,finproc,25,1,DISJOINT,2,CELL,10000,2,0.2492,2492,0.2492,0.0,56.91,56.92,4.4904,1.11502,1.119007,1.11502,1.11502,1.11502,1.00358,0.2492,1.00358,1.0,4.02719,0.00358,3.02719,0.0,-1.3895,0.00357,1692160,421656,421656,8e-05,20000,4984,4984,4.4904,1.11502,1.1190072,1.11502,0,0.2492,策略间质量恒定（同一 survivor → 同一 artifact → 同一答案）
finproc|s25|r1|DISJOINT|w4|WORKLOAD,finproc,25,1,DISJOINT,4,WORKLOAD,10000,4,0.2595,2595,0.2595,0.0,56.91,56.81,9.54072,2.46629,2.474594,2.46629,2.46629,2.46629,1.00337,0.25937,1.00337,1.0,3.86845,0.00337,2.86845,0.0,-1.349493,0.003361,3664320,950250,950250,8e-05,40000,10380,10380,9.54072,2.46629,2.474594,2.46629,0,0.2595,策略间质量恒定（同一 survivor → 同一 artifact → 同一答案）
finproc|s25|r1|DISJOINT|w4|CAP_10PCT,finproc,25,1,DISJOINT,4,CAP_10PCT,10000,4,0.2595,2595,0.2595,0.0,56.91,56.81,9.54072,2.46629,2.474594,2.46629,2.46629,2.46629,1.00337,0.25937,1.00337,1.0,3.86845,0.00337,2.86845,0.0,-1.349493,0.003361,3664320,950250,950250,8e-05,40000,10380,10380,9.54072,2.46629,2.474594,2.46629,6380,0.1,策略间质量恒定（同一 survivor → 同一 artifact → 同一答案）
finproc|s25|r1|DISJOINT|w4|CELL,finproc,25,1,DISJOINT,4,CELL,10000,4,0.2595,2595,0.2595,0.0,56.91,56.81,9.54072,2.46629,2.474594,2.46629,2.46629,2.46629,1.00337,0.25937,1.00337,1.0,3.86845,0.00337,2.86845,0.0,-1.349493,0.003361,3664320,950250,950250,8e-05,40000,10380,10380,9.54072,2.46629,2.474594,2.46629,0,0.2595,策略间质量恒定（同一 survivor → 同一 artifact → 同一答案）
finproc|s25|r1|OVERLAP|w1|WORKLOAD,finproc,25,1,OVERLAP,1,WORKLOAD,10000,1,0.2374,2374,0.2374,0.0,56.91,56.78,1.91524,0.452945,0.454844,0.452945,0.452945,0.452945,1.00419,0.23749,1.00419,1.0,4.22842,0.00419,3.22842,0.0,-1.437643,0.004184,751080,178359,178359,8e-05,10000,2374,2374,1.91524,0.452945,0.4548442,0.452945,0,0.2374,策略间质量恒定（同一 survivor → 同一 artifact → 同一答案）
finproc|s25|r1|OVERLAP|w1|CAP_10PCT,finproc,25,1,OVERLAP,1,CAP_10PCT,10000,1,0.2374,2374,0.2374,0.0,56.91,56.78,1.91524,0.452945,0.454844,0.452945,0.452945,0.452945,1.00419,0.23749,1.00419,1.0,4.22842,0.00419,3.22842,0.0,-1.437643,0.004184,751080,178359,178359,8e-05,10000,2374,2374,1.91524,0.452945,0.4548442,0.452945,1374,0.1,策略间质量恒定（同一 survivor → 同一 artifact → 同一答案）
finproc|s25|r1|OVERLAP|w1|CELL,finproc,25,1,OVERLAP,1,CELL,10000,1,0.2374,2374,0.2374,0.0,56.91,56.78,1.91524,0.452945,0.454844,0.452945,0.452945,0.452945,1.00419,0.23749,1.00419,1.0,4.22842,0.00419,3.22842,0.0,-1.437643,0.004184,751080,178359,178359,8e-05,10000,2374,2374,1.91524,0.452945,0.4548442,0.452945,0,0.2374,策略间质量恒定（同一 survivor → 同一 artifact → 同一答案）
finproc|s25|r1|OVERLAP|w2|WORKLOAD,finproc,25,1,OVERLAP,2,WORKLOAD,10000,2,0.226,2260,0.226,0.0,56.91,56.92,4.4904,1.0113,1.014916,1.0113,1.0113,1.0113,1.00358,0.22602,1.00358,1.0,4.44023,0.00358,3.44023,0.0,-1.487136,0.003569,1692160,382440,382440,8e-05,20000,4520,4520,4.4904,1.0113,1.014916,1.0113,0,0.226,策略间质量恒定（同一 survivor → 同一 artifact → 同一答案）
finproc|s25|r1|OVERLAP|w2|CAP_10PCT,finproc,25,1,OVERLAP,2,CAP_10PCT,10000,2,0.226,2260,0.226,0.0,56.91,56.92,4.4904,1.0113,1.014916,1.0113,1.0113,1.0113,1.00358,0.22602,1.00358,1.0,4.44023,0.00358,3.44023,0.0,-1.487136,0.003569,1692160,382440,382440,8e-05,20000,4520,4520,4.4904,1.0113,1.014916,1.0113,2520,0.1,策略间质量恒定（同一 survivor → 同一 artifact → 同一答案）
finproc|s25|r1|OVERLAP|w2|CELL,finproc,25,1,OVERLAP,2,CELL,10000,2,0.226,2260,0.226,0.0,56.91,56.92,4.4904,1.0113,1.014916,1.0113,1.0113,1.0113,1.00358,0.22602,1.00358,1.0,4.44023,0.00358,3.44023,0.0,-1.487136,0.003569,1692160,382440,382440,8e-05,20000,4520,4520,4.4904,1.0113,1.014916,1.0113,0,0.226,策略间质量恒定（同一 survivor → 同一 artifact → 同一答案）
finproc|s25|r1|OVERLAP|w4|WORKLOAD,finproc,25,1,OVERLAP,4,WORKLOAD,10000,4,0.2351,2351,0.2351,0.0,56.91,56.99,9.54072,2.237194,2.244717,2.237194,2.237194,2.237194,1.00336,0.23528,1.00336,1.0,4.26459,0.00336,3.26459,0.0,-1.446989,0.003357,3664320,862298,862298,8e-05,40000,9404,9404,9.54072,2.237194,2.2447172,2.237194,0,0.2351,策略间质量恒定（同一 survivor → 同一 artifact → 同一答案）
finproc|s25|r1|OVERLAP|w4|CAP_10PCT,finproc,25,1,OVERLAP,4,CAP_10PCT,10000,4,0.2351,2351,0.2351,0.0,56.91,56.99,9.54072,2.237194,2.244717,2.237194,2.237194,2.237194,1.00336,0.23528,1.00336,1.0,4.26459,0.00336,3.26459,0.0,-1.446989,0.003357,3664320,862298,862298,8e-05,40000,9404,9404,9.54072,2.237194,2.2447172,2.237194,5404,0.1,策略间质量恒定（同一 survivor → 同一 artifact → 同一答案）
finproc|s25|r1|OVERLAP|w4|CELL,finproc,25,1,OVERLAP,4,CELL,10000,4,0.2351,2351,0.2351,0.0,56.91,56.99,9.54072,2.237194,2.244717,2.237194,2.237194,2.237194,1.00336,0.23528,1.00336,1.0,4.26459,0.00336,3.26459,0.0,-1.446989,0.003357,3664320,862298,862298,8e-05,40000,9404,9404,9.54072,2.237194,2.2447172,2.237194,0,0.2351,策略间质量恒定（同一 survivor → 同一 artifact → 同一答案）
finproc|s25|r1|NESTED|w1|WORKLOAD,finproc,25,1,NESTED,1,WORKLOAD,10000,1,0.2491,2491,0.2491,0.0,56.91,56.81,1.91524,0.475403,0.477396,0.475403,0.475403,0.475403,1.00419,0.24926,1.00419,1.0,4.02866,0.00419,3.02866,0.0,-1.389251,0.004183,751080,187219,187219,8e-05,10000,2491,2491,1.91524,0.4754035,0.4773963,0.4754035,0,0.2491,策略间质量恒定（同一 survivor → 同一 artifact → 同一答案）
finproc|s25|r1|NESTED|w1|CAP_10PCT,finproc,25,1,NESTED,1,CAP_10PCT,10000,1,0.2491,2491,0.2491,0.0,56.91,56.81,1.91524,0.475403,0.477396,0.475403,0.475403,0.475403,1.00419,0.24926,1.00419,1.0,4.02866,0.00419,3.02866,0.0,-1.389251,0.004183,751080,187219,187219,8e-05,10000,2491,2491,1.91524,0.4754035,0.4773963,0.4754035,1491,0.1,策略间质量恒定（同一 survivor → 同一 artifact → 同一答案）
finproc|s25|r1|NESTED|w1|CELL,finproc,25,1,NESTED,1,CELL,10000,1,0.2491,2491,0.2491,0.0,56.91,56.81,1.91524,0.475403,0.477396,0.475403,0.475403,0.475403,1.00419,0.24926,1.00419,1.0,4.02866,0.00419,3.02866,0.0,-1.389251,0.004183,751080,187219,187219,8e-05,10000,2491,2491,1.91524,0.4754035,0.4773963,0.4754035,0,0.2491,策略间质量恒定（同一 survivor → 同一 artifact → 同一答案）
finproc|s25|r1|NESTED|w2|WORKLOAD,finproc,25,1,NESTED,2,WORKLOAD,10000,2,0.2491,2491,0.2491,0.0,56.91,56.81,4.4904,1.115133,1.119119,1.115133,1.115133,1.115133,1.00357,0.24922,1.00357,1.0,4.02678,0.00357,3.02678,0.0,-1.3894,0.003568,1692160,421767,421767,8e-05,20000,4982,4982,4.4904,1.115133,1.1191186,1.115133,0,0.2491,策略间质量恒定（同一 survivor → 同一 artifact → 同一答案）
finproc|s25|r1|NESTED|w2|CAP_10PCT,finproc,25,1,NESTED,2,CAP_10PCT,10000,2,0.2491,2491,0.2491,0.0,56.91,56.81,4.4904,1.115133,1.119119,1.115133,1.115133,1.115133,1.00357,0.24922,1.00357,1.0,4.02678,0.00357,3.02678,0.0,-1.3894,0.003568,1692160,421767,421767,8e-05,20000,4982,4982,4.4904,1.115133,1.1191186,1.115133,2982,0.1,策略间质量恒定（同一 survivor → 同一 artifact → 同一答案）
finproc|s25|r1|NESTED|w2|CELL,finproc,25,1,NESTED,2,CELL,10000,2,0.2491,2491,0.2491,0.0,56.91,56.81,4.4904,1.115133,1.119119,1.115133,1.115133,1.115133,1.00357,0.24922,1.00357,1.0,4.02678,0.00357,3.02678,0.0,-1.3894,0.003568,1692160,421767,421767,8e-05,20000,4982,4982,4.4904,1.115133,1.1191186,1.115133,0,0.2491,策略间质量恒定（同一 survivor → 同一 artifact → 同一答案）
finproc|s25|r1|NESTED|w4|WORKLOAD,finproc,25,1,NESTED,4,WORKLOAD,10000,4,0.2491,2491,0.2491,0.0,56.91,56.81,9.54072,2.369682,2.377653,2.369682,2.369682,2.369682,1.00336,0.24921,1.00336,1.0,4.02616,0.00336,3.02616,0.0,-1.389455,0.003358,3664320,913282,913282,8e-05,40000,9964,9964,9.54072,2.369682,2.3776532,2.369682,0,0.2491,策略间质量恒定（同一 survivor → 同一 artifact → 同一答案）
finproc|s25|r1|NESTED|w4|CAP_10PCT,finproc,25,1,NESTED,4,CAP_10PCT,10000,4,0.2491,2491,0.2491,0.0,56.91,56.81,9.54072,2.369682,2.377653,2.369682,2.369682,2.369682,1.00336,0.24921,1.00336,1.0,4.02616,0.00336,3.02616,0.0,-1.389455,0.003358,3664320,913282,913282,8e-05,40000,9964,9964,9.54072,2.369682,2.3776532,2.369682,5964,0.1,策略间质量恒定（同一 survivor → 同一 artifact → 同一答案）
finproc|s25|r1|NESTED|w4|CELL,finproc,25,1,NESTED,4,CELL,10000,4,0.2491,2491,0.2491,0.0,56.91,56.81,9.54072,2.369682,2.377653,2.369682,2.369682,2.369682,1.00336,0.24921,1.00336,1.0,4.02616,0.00336,3.02616,0.0,-1.389455,0.003358,3664320,913282,913282,8e-05,40000,9964,9964,9.54072,2.369682,2.3776532,2.369682,0,0.2491,策略间质量恒定（同一 survivor → 同一 artifact → 同一答案）
finproc|s25|r10|DISJOINT|w1|WORKLOAD,finproc,25,10,DISJOINT,1,WORKLOAD,10000,1,0.24828,9441,0.9441,1.114186,56.91,57.03,1.91596,4.736574,1.808991,2.236993,2.236993,1.808991,0.38192,0.94417,1.0,2.61835,1.05913,0.0,0.05913,1.61835,-0.057449,-0.962545,751080,1865120,709139,0.0008,10000,24828,9441,0.191596,0.4736574,0.18089913,0.18089913,0,0.9441,策略间质量恒定（同一 survivor → 同一 artifact → 同一答案）
finproc|s25|r10|DISJOINT|w1|CAP_10PCT,finproc,25,10,DISJOINT,1,CAP_10PCT,10000,1,0.24828,9441,0.9441,1.114186,56.91,57.03,1.91596,4.736574,4.756436,4.754488,10.515978,1.808991,1.00419,2.48253,2.62933,2.61835,1.05913,1.62933,0.05913,1.61835,0.90928,0.004185,751080,1865120,1865120,0.0008,10000,24828,24828,0.191596,0.4736574,0.47564364,0.18089913,23828,0.1,策略间质量恒定（同一 survivor → 同一 artifact → 同一答案）
finproc|s25|r10|DISJOINT|w1|CELL,finproc,25,10,DISJOINT,1,CELL,10000,1,0.24828,9441,0.9441,1.114186,56.91,57.03,1.91596,4.736574,4.756436,4.754488,10.515978,1.808991,1.00419,2.48253,2.62933,2.61835,1.05913,1.62933,0.05913,1.61835,0.90928,0.004185,751080,1865120,1865120,0.0008,10000,24828,24828,0.191596,0.4736574,0.47564364,0.18089913,0,0.2481,策略间质量恒定（同一 survivor → 同一 artifact → 同一答案）
finproc|s25|r10|DISJOINT|w2|WORKLOAD,finproc,25,10,DISJOINT,2,WORKLOAD,10000,2,0.25225,9439,0.9439,1.135699,56.91,56.92,4.49112,11.285139,4.238979,5.275078,5.275078,4.238979,0.37562,0.94386,1.0,2.66223,1.05948,0.0,0.05948,1.66223,-0.05778,-0.979164,1692160,4267407,1597113,0.0008,20000,50450,18878,0.449112,1.1285139,0.42389794,0.42389794,0,0.9439,策略间质量恒定（同一 survivor → 同一 artifact → 同一答案）
finproc|s25|r10|DISJOINT|w2|CAP_10PCT,finproc,25,10,DISJOINT,2,CAP_10PCT,10000,2,0.25225,9439,0.9439,1.135699,56.91,56.92,4.49112,11.285139,11.325499,11.321512,24.740225,4.238979,1.00358,2.52175,2.67175,2.66223,1.05948,1.67175,0.05948,1.66223,0.924955,0.00357,1692160,4267407,4267407,0.0008,20000,50450,50450,0.449112,1.1285139,1.1325499,0.42389794,48450,0.1,策略间质量恒定（同一 survivor → 同一 artifact → 同一答案）
finproc|s25|r10|DISJOINT|w2|CELL,finproc,25,10,DISJOINT,2,CELL,10000,2,0.25225,9439,0.9439,1.135699,56.91,56.92,4.49112,11.285139,11.325499,11.321512,24.740225,4.238979,1.00358,2.52175,2.67175,2.66223,1.05948,1.67175,0.05948,1.66223,0.924955,0.00357,1692160,4267407,4267407,0.0008,20000,50450,50450,0.449112,1.1285139,1.1325499,0.42389794,0,0.253,策略间质量恒定（同一 survivor → 同一 artifact → 同一答案）
finproc|s25|r10|DISJOINT|w4|WORKLOAD,finproc,25,10,DISJOINT,4,WORKLOAD,10000,4,0.25024,9467,0.9467,1.118606,56.91,56.81,9.54144,23.798528,9.033704,11.305919,11.305919,9.033704,0.37959,0.94679,1.0,2.63442,1.0562,0.0,0.0562,1.63442,-0.054682,-0.968661,3664320,9171248,3469402,0.0008,40000,100096,37868,0.954144,2.3798528,0.90337044,0.90337044,0,0.9467,策略间质量恒定（同一 survivor → 同一 artifact → 同一答案）
finproc|s25|r10|DISJOINT|w4|CAP_10PCT,finproc,25,10,DISJOINT,4,CAP_10PCT,10000,4,0.25024,9467,0.9467,1.118606,56.91,56.81,9.54144,23.798528,23.878605,23.870301,52.576137,9.033704,1.00336,2.50262,2.64328,2.63442,1.0562,1.64328,0.0562,1.63442,0.917338,0.003359,3664320,9171248,9171248,0.0008,40000,100096,100096,0.954144,2.3798528,2.38786048,0.90337044,96096,0.1,策略间质量恒定（同一 survivor → 同一 artifact → 同一答案）
finproc|s25|r10|DISJOINT|w4|CELL,finproc,25,10,DISJOINT,4,CELL,10000,4,0.25024,9467,0.9467,1.118606,56.91,56.81,9.54144,23.798528,23.878605,23.870301,52.576137,9.033704,1.00336,2.50262,2.64328,2.63442,1.0562,1.64328,0.0562,1.63442,0.917338,0.003359,3664320,9171248,9171248,0.0008,40000,100096,100096,0.954144,2.3798528,2.38786048,0.90337044,0,0.249,策略间质量恒定（同一 survivor → 同一 artifact → 同一答案）
finproc|s25|r10|OVERLAP|w1|WORKLOAD,finproc,25,10,OVERLAP,1,WORKLOAD,10000,1,0.23623,7770,0.777,2.657622,56.91,56.78,1.91596,4.507948,1.488909,1.872284,1.872284,1.488909,0.33029,0.77711,1.0,3.02769,1.28682,0.0,0.28682,2.02769,-0.252175,-1.107798,751080,1775208,583604,0.0008,10000,23623,7770,0.191596,0.45079475,0.1488909,0.1488909,0,0.777,策略间质量恒定（同一 survivor → 同一 artifact → 同一答案）
finproc|s25|r10|OVERLAP|w1|CAP_10PCT,finproc,25,10,OVERLAP,1,CAP_10PCT,10000,1,0.23623,7770,0.777,2.657622,56.91,56.78,1.91596,4.507948,4.526846,4.524947,8.901437,1.488909,1.00419,2.3627,3.04038,3.02769,1.28682,2.04038,0.28682,2.02769,0.859807,0.004183,751080,1775208,1775208,0.0008,10000,23623,23623,0.191596,0.45079475,0.45268459,0.1488909,22623,0.1,策略间质量恒定（同一 survivor → 同一 artifact → 同一答案）
finproc|s25|r10|OVERLAP|w1|CELL,finproc,25,10,OVERLAP,1,CELL,10000,1,0.23623,7770,0.777,2.657622,56.91,56.78,1.91596,4.507948,4.526846,4.524947,8.901437,1.488909,1.00419,2.3627,3.04038,3.02769,1.28682,2.04038,0.28682,2.02769,0.859807,0.004183,751080,1775208,1775208,0.0008,10000,23623,23623,0.191596,0.45079475,0.45268459,0.1488909,0,0.2376,策略间质量恒定（同一 survivor → 同一 artifact → 同一答案）
finproc|s25|r10|OVERLAP|w2|WORKLOAD,finproc,25,10,OVERLAP,2,WORKLOAD,10000,2,0.23353,7688,0.7688,2.674517,56.91,56.92,4.49112,10.456207,3.453357,4.314981,4.314981,3.453357,0.33027,0.76893,1.0,3.02784,1.30051,0.0,0.30051,2.02784,-0.262755,-1.107849,1692160,3954965,1301132,0.0008,20000,46706,15376,0.449112,1.0456207,0.34533568,0.34533568,0,0.7688,策略间质量恒定（同一 survivor → 同一 artifact → 同一答案）
finproc|s25|r10|OVERLAP|w2|CAP_10PCT,finproc,25,10,OVERLAP,2,CAP_10PCT,10000,2,0.23353,7688,0.7688,2.674517,56.91,56.92,4.49112,10.456207,10.493572,10.489956,20.803508,3.453357,1.00357,2.33652,3.03866,3.02784,1.30051,2.03866,0.30051,2.02784,0.848661,0.003567,1692160,3954965,3954965,0.0008,20000,46706,46706,0.449112,1.0456207,1.04935718,0.34533568,44706,0.1,策略间质量恒定（同一 survivor → 同一 artifact → 同一答案）
finproc|s25|r10|OVERLAP|w2|CELL,finproc,25,10,OVERLAP,2,CELL,10000,2,0.23353,7688,0.7688,2.674517,56.91,56.92,4.49112,10.456207,10.493572,10.489956,20.803508,3.453357,1.00357,2.33652,3.03866,3.02784,1.30051,2.03866,0.30051,2.02784,0.848661,0.003567,1692160,3954965,3954965,0.0008,20000,46706,46706,0.449112,1.0456207,1.04935718,0.34533568,0,0.242,策略间质量恒定（同一 survivor → 同一 artifact → 同一答案）
finproc|s25|r10|OVERLAP|w4|WORKLOAD,finproc,25,10,OVERLAP,4,WORKLOAD,10000,4,0.23416,7662,0.7662,2.673386,56.91,56.99,9.54144,22.281048,7.312474,9.253183,9.253183,7.312474,0.32819,0.76639,1.0,3.04699,1.30482,0.0,0.30482,2.04699,-0.266063,-1.114155,3664320,8587780,2808420,0.0008,40000,93664,30648,0.954144,2.2281048,0.73124744,0.73124744,0,0.7662,策略间质量恒定（同一 survivor → 同一 artifact → 同一答案）
finproc|s25|r10|OVERLAP|w4|CAP_10PCT,finproc,25,10,OVERLAP,4,CAP_10PCT,10000,4,0.23416,7662,0.7662,2.673386,56.91,56.99,9.54144,22.281048,22.355979,22.348456,44.254045,7.312474,1.00336,2.34304,3.05724,3.04699,1.30482,2.05724,0.30482,2.04699,0.851449,0.003357,3664320,8587780,8587780,0.0008,40000,93664,93664,0.954144,2.2281048,2.23559792,0.73124744,89664,0.1,策略间质量恒定（同一 survivor → 同一 artifact → 同一答案）
finproc|s25|r10|OVERLAP|w4|CELL,finproc,25,10,OVERLAP,4,CELL,10000,4,0.23416,7662,0.7662,2.673386,56.91,56.99,9.54144,22.281048,22.355979,22.348456,44.254045,7.312474,1.00336,2.34304,3.05724,3.04699,1.30482,2.05724,0.30482,2.04699,0.851449,0.003357,3664320,8587780,8587780,0.0008,40000,93664,93664,0.954144,2.2281048,2.23559792,0.73124744,0,0.2346,策略间质量恒定（同一 survivor → 同一 artifact → 同一答案）
finproc|s25|r10|NESTED|w1|WORKLOAD,finproc,25,10,NESTED,1,WORKLOAD,10000,1,0.24897,4541,0.4541,3.016548,56.91,56.99,1.91596,4.750616,0.870543,0.961224,2.006641,0.870543,0.18325,0.45436,1.0,5.45707,2.20088,0.0,1.20088,4.45707,-0.788857,-1.696912,751080,1870744,341100,0.0008,10000,24897,4541,0.191596,0.47506165,0.08705433,0.08705433,0,0.4541,策略间质量恒定（同一 survivor → 同一 artifact → 同一答案）
finproc|s25|r10|NESTED|w1|CAP_10PCT,finproc,25,10,NESTED,1,CAP_10PCT,10000,1,0.24897,4541,0.4541,3.016548,56.91,56.99,1.91596,4.750616,4.648035,4.738716,6.923615,0.870543,0.97841,2.42596,5.33923,5.45707,2.20088,4.33923,1.20088,4.45707,0.886226,-0.02183,751080,1870744,1822669,0.0008,10000,24897,24259,0.191596,0.47506165,0.46480347,0.08705433,23259,0.1,策略间质量恒定（同一 survivor → 同一 artifact → 同一答案）
finproc|s25|r10|NESTED|w1|CELL,finproc,25,10,NESTED,1,CELL,10000,1,0.24897,4541,0.4541,3.016548,56.91,56.99,1.91596,4.750616,4.770534,4.770155,6.955054,0.870543,1.00419,2.48989,5.47995,5.45707,2.20088,4.47995,1.20088,4.45707,0.912239,0.004184,751080,1870744,1870744,0.0008,10000,24897,24897,0.191596,0.47506165,0.47705341,0.08705433,0,0.4541,策略间质量恒定（同一 survivor → 同一 artifact → 同一答案）
finproc|s25|r10|NESTED|w2|WORKLOAD,finproc,25,10,NESTED,2,WORKLOAD,10000,2,0.24897,4541,0.4541,3.016548,56.91,56.99,4.49112,11.143635,2.039993,2.252639,4.703766,2.039993,0.18306,0.45423,1.0,5.46259,2.20154,0.0,1.20154,4.46259,-0.789156,-1.697922,1692160,4214531,768479,0.0008,20000,49794,9082,0.449112,1.1143635,0.20399926,0.20399926,0,0.4541,策略间质量恒定（同一 survivor → 同一 artifact → 同一答案）
finproc|s25|r10|NESTED|w2|CAP_10PCT,finproc,25,10,NESTED,2,CAP_10PCT,10000,2,0.24897,4541,0.4541,3.016548,56.91,56.99,4.49112,11.143635,10.904583,11.117229,16.240087,2.039993,0.97855,2.42803,5.3454,5.46259,2.20154,4.3454,1.20154,4.46259,0.887081,-0.021685,1692160,4214531,4108362,0.0008,20000,49794,48504,0.449112,1.1143635,1.09045832,0.20399926,46504,0.1,策略间质量恒定（同一 survivor → 同一 artifact → 同一答案）
finproc|s25|r10|NESTED|w2|CELL,finproc,25,10,NESTED,2,CELL,10000,2,0.24897,4541,0.4541,3.016548,56.91,56.99,4.49112,11.143635,11.18347,11.182712,16.30557,2.039993,1.00357,2.49013,5.48211,5.46259,2.20154,4.48211,1.20154,4.46259,0.912335,0.003568,1692160,4214531,4214531,0.0008,20000,49794,49794,0.449112,1.1143635,1.11834702,0.20399926,0,0.4541,策略间质量恒定（同一 survivor → 同一 artifact → 同一答案）
finproc|s25|r10|NESTED|w4|WORKLOAD,finproc,25,10,NESTED,4,WORKLOAD,10000,4,0.24897,4541,0.4541,3.016548,56.91,56.99,9.54144,23.680702,4.333481,4.785317,9.993276,4.333481,0.183,0.45417,1.0,5.46459,2.2018,0.0,1.2018,4.46459,-0.789273,-1.698289,3664320,9126178,1664106,0.0008,40000,99588,18164,0.954144,2.3680702,0.43334812,0.43334812,0,0.4541,策略间质量恒定（同一 survivor → 同一 artifact → 同一答案）
finproc|s25|r10|NESTED|w4|CAP_10PCT,finproc,25,10,NESTED,4,CAP_10PCT,10000,4,0.24897,4541,0.4541,3.016548,56.91,56.99,9.54144,23.680702,23.159497,23.611333,34.496009,4.333481,0.97799,2.42725,5.34432,5.46459,2.2018,4.34432,1.2018,4.46459,0.886761,-0.022256,3664320,9126178,8890472,0.0008,40000,99588,97096,0.954144,2.3680702,2.31594968,0.43334812,93096,0.1,策略间质量恒定（同一 survivor → 同一 artifact → 同一答案）
finproc|s25|r10|NESTED|w4|CELL,finproc,25,10,NESTED,4,CELL,10000,4,0.24897,4541,0.4541,3.016548,56.91,56.99,9.54144,23.680702,23.760372,23.758856,34.643532,4.333481,1.00336,2.49023,5.48298,5.46459,2.2018,4.48298,1.2018,4.46459,0.912375,0.003359,3664320,9126178,9126178,0.0008,40000,99588,99588,0.954144,2.3680702,2.37603724,0.43334812,0,0.4541,策略间质量恒定（同一 survivor → 同一 artifact → 同一答案）
finproc|s25|r50|DISJOINT|w1|WORKLOAD,finproc,25,50,DISJOINT,1,WORKLOAD,10000,1,0.2507,10000,1.0,6.151517,56.91,57.03,1.91916,23.909756,1.91916,2.384002,2.384002,1.91916,0.08027,1.0,1.0,12.45845,1.0,0.0,0.0,11.45845,0.0,-2.522399,751080,9414500,751080,0.004,10000,125352,10000,0.0383832,0.47819512,0.0383832,0.0383832,0,1.0,策略间质量恒定（同一 survivor → 同一 artifact → 同一答案）
finproc|s25|r50|DISJOINT|w1|CAP_10PCT,finproc,25,50,DISJOINT,1,CAP_10PCT,10000,1,0.2507,10000,1.0,6.151517,56.91,57.03,1.91916,23.909756,24.010038,24.00809,87.125578,1.91916,1.00419,12.5107,12.5107,12.45845,1.0,11.5107,0.0,11.45845,2.526584,0.004185,751080,9414500,9414500,0.004,10000,125352,125352,0.0383832,0.47819512,0.48020075,0.0383832,124352,0.1,策略间质量恒定（同一 survivor → 同一 artifact → 同一答案）
finproc|s25|r50|DISJOINT|w1|CELL,finproc,25,50,DISJOINT,1,CELL,10000,1,0.2507,10000,1.0,6.151517,56.91,57.03,1.91916,23.909756,24.010038,24.00809,87.125578,1.91916,1.00419,12.5107,12.5107,12.45845,1.0,11.5107,0.0,11.45845,2.526584,0.004185,751080,9414500,9414500,0.004,10000,125352,125352,0.0383832,0.47819512,0.48020075,0.0383832,0,0.2548,策略间质量恒定（同一 survivor → 同一 artifact → 同一答案）
finproc|s25|r50|DISJOINT|w2|WORKLOAD,finproc,25,50,DISJOINT,2,WORKLOAD,10000,2,0.24966,10000,1.0,6.121662,56.91,56.92,4.49432,55.849891,4.49432,5.60926,5.60926,4.49432,0.08047,1.0,1.0,12.42677,1.0,0.0,0.0,11.42677,0.0,-2.519853,1692160,21119765,1692160,0.004,20000,249658,20000,0.0898864,1.11699782,0.0898864,0.0898864,0,1.0,策略间质量恒定（同一 survivor → 同一 artifact → 同一答案）
finproc|s25|r50|DISJOINT|w2|CAP_10PCT,finproc,25,50,DISJOINT,2,CAP_10PCT,10000,2,0.24966,10000,1.0,6.121662,56.91,56.92,4.49432,55.849891,56.049617,56.04563,204.356225,4.49432,1.00358,12.47121,12.47121,12.42677,1.0,11.47121,0.0,11.42677,2.523423,0.00357,1692160,21119765,21119765,0.004,20000,249658,249658,0.0898864,1.11699782,1.12099235,0.0898864,247658,0.1,策略间质量恒定（同一 survivor → 同一 artifact → 同一答案）
finproc|s25|r50|DISJOINT|w2|CELL,finproc,25,50,DISJOINT,2,CELL,10000,2,0.24966,10000,1.0,6.121662,56.91,56.92,4.49432,55.849891,56.049617,56.04563,204.356225,4.49432,1.00358,12.47121,12.47121,12.42677,1.0,11.47121,0.0,11.42677,2.523423,0.00357,1692160,21119765,21119765,0.004,20000,249658,249658,0.0898864,1.11699782,1.12099235,0.0898864,0,0.2415,策略间质量恒定（同一 survivor → 同一 artifact → 同一答案）
finproc|s25|r50|DISJOINT|w4|WORKLOAD,finproc,25,50,DISJOINT,4,WORKLOAD,10000,4,0.24989,10000,1.0,6.129145,56.91,56.81,9.54464,118.807534,9.54464,12.01085,12.01085,9.54464,0.08034,1.0,1.0,12.44757,1.0,0.0,0.0,11.44757,0.0,-2.521525,3664320,45782762,3664320,0.004,40000,499780,40000,0.1908928,2.37615068,0.1908928,0.1908928,0,1.0,策略间质量恒定（同一 survivor → 同一 artifact → 同一答案）
finproc|s25|r50|DISJOINT|w4|CAP_10PCT,finproc,25,50,DISJOINT,4,CAP_10PCT,10000,4,0.24989,10000,1.0,6.129145,56.91,56.81,9.54464,118.807534,119.207358,119.199054,434.204937,9.54464,1.00337,12.48946,12.48946,12.44757,1.0,11.48946,0.0,11.44757,2.524885,0.00336,3664320,45782762,45782762,0.004,40000,499780,499780,0.1908928,2.37615068,2.38414716,0.1908928,495780,0.1,策略间质量恒定（同一 survivor → 同一 artifact → 同一答案）
finproc|s25|r50|DISJOINT|w4|CELL,finproc,25,50,DISJOINT,4,CELL,10000,4,0.24989,10000,1.0,6.129145,56.91,56.81,9.54464,118.807534,119.207358,119.199054,434.204937,9.54464,1.00337,12.48946,12.48946,12.44757,1.0,11.48946,0.0,11.44757,2.524885,0.00336,3664320,45782762,45782762,0.004,40000,499780,499780,0.1908928,2.37615068,2.38414716,0.1908928,0,0.2547,策略间质量恒定（同一 survivor → 同一 artifact → 同一答案）
finproc|s25|r50|OVERLAP|w1|WORKLOAD,finproc,25,50,OVERLAP,1,WORKLOAD,10000,1,0.23467,9981,0.9981,14.52599,56.91,56.78,1.91916,22.394212,1.915553,2.368233,2.368233,1.915553,0.08554,0.99812,1.0,11.69073,1.00188,0.0,0.00188,10.69073,-0.001881,-2.458796,751080,8819113,749669,0.004,10000,117333,9981,0.0383832,0.44788425,0.03831107,0.03831107,0,0.9981,策略间质量恒定（同一 survivor → 同一 artifact → 同一答案）
finproc|s25|r50|OVERLAP|w1|CAP_10PCT,finproc,25,50,OVERLAP,1,CAP_10PCT,10000,1,0.23467,9981,0.9981,14.52599,56.91,56.78,1.91916,22.394212,22.488079,22.48618,85.511037,1.915553,1.00419,11.71767,11.73973,11.69073,1.00188,10.73973,0.00188,10.69073,2.461098,0.004183,751080,8819113,8819113,0.004,10000,117333,117333,0.0383832,0.44788425,0.44976158,0.03831107,116333,0.1,策略间质量恒定（同一 survivor → 同一 artifact → 同一答案）
finproc|s25|r50|OVERLAP|w1|CELL,finproc,25,50,OVERLAP,1,CELL,10000,1,0.23467,9981,0.9981,14.52599,56.91,56.78,1.91916,22.394212,22.488079,22.48618,85.511037,1.915553,1.00419,11.71767,11.73973,11.69073,1.00188,10.73973,0.00188,10.69073,2.461098,0.004183,751080,8819113,8819113,0.004,10000,117333,117333,0.0383832,0.44788425,0.44976158,0.03831107,0,0.2315,策略间质量恒定（同一 survivor → 同一 artifact → 同一答案）
finproc|s25|r50|OVERLAP|w2|WORKLOAD,finproc,25,50,OVERLAP,2,WORKLOAD,10000,2,0.23358,9989,0.9989,14.559487,56.91,56.92,4.49432,52.287121,4.489425,5.500645,5.500645,4.489425,0.08586,0.99891,1.0,11.64673,1.00109,0.0,0.00109,10.64673,-0.00109,-2.455025,1692160,19776451,1690321,0.004,20000,233582,19978,0.0898864,1.04574242,0.08978851,0.08978851,0,0.9989,策略间质量恒定（同一 survivor → 同一 artifact → 同一答案）
finproc|s25|r50|OVERLAP|w2|CAP_10PCT,finproc,25,50,OVERLAP,2,CAP_10PCT,10000,2,0.23358,9989,0.9989,14.559487,56.91,56.92,4.49432,52.287121,52.473987,52.470371,200.419508,4.489425,1.00357,11.67562,11.68835,11.64673,1.00109,10.68835,0.00109,10.64673,2.457503,0.003567,1692160,19776451,19776451,0.004,20000,233582,233582,0.0898864,1.04574242,1.04947973,0.08978851,231582,0.1,策略间质量恒定（同一 survivor → 同一 artifact → 同一答案）
finproc|s25|r50|OVERLAP|w2|CELL,finproc,25,50,OVERLAP,2,CELL,10000,2,0.23358,9989,0.9989,14.559487,56.91,56.92,4.49432,52.287121,52.473987,52.470371,200.419508,4.489425,1.00357,11.67562,11.68835,11.64673,1.00109,10.68835,0.00109,10.64673,2.457503,0.003567,1692160,19776451,19776451,0.004,20000,233582,233582,0.0898864,1.04574242,1.04947973,0.08978851,0,0.2315,策略间质量恒定（同一 survivor → 同一 artifact → 同一答案）
finproc|s25|r50|OVERLAP|w4|WORKLOAD,finproc,25,50,OVERLAP,4,WORKLOAD,10000,4,0.23371,9990,0.999,14.556634,56.91,56.99,9.54464,111.173832,9.53534,11.767664,11.767664,9.53534,0.08577,0.99903,1.0,11.65914,1.00098,0.0,0.00098,10.65914,-0.000975,-2.45609,3664320,42847612,3660776,0.004,40000,467424,39960,0.1908928,2.22347664,0.1907068,0.1907068,0,0.999,策略间质量恒定（同一 survivor → 同一 artifact → 同一答案）
finproc|s25|r50|OVERLAP|w4|CAP_10PCT,finproc,25,50,OVERLAP,4,CAP_10PCT,10000,4,0.23371,9990,0.999,14.556634,56.91,56.99,9.54464,111.173832,111.547771,111.540248,425.882845,9.53534,1.00336,11.68695,11.69835,11.65914,1.00098,10.69835,0.00098,10.65914,2.458473,0.003358,3664320,42847612,42847612,0.004,40000,467424,467424,0.1908928,2.22347664,2.23095542,0.1907068,463424,0.1,策略间质量恒定（同一 survivor → 同一 artifact → 同一答案）
finproc|s25|r50|OVERLAP|w4|CELL,finproc,25,50,OVERLAP,4,CELL,10000,4,0.23371,9990,0.999,14.556634,56.91,56.99,9.54464,111.173832,111.547771,111.540248,425.882845,9.53534,1.00336,11.68695,11.69835,11.65914,1.00098,10.69835,0.00098,10.65914,2.458473,0.003358,3664320,42847612,42847612,0.004,40000,467424,467424,0.1908928,2.22347664,2.23095542,0.1907068,0,0.2354,策略间质量恒定（同一 survivor → 同一 artifact → 同一答案）
finproc|s25|r50|NESTED|w1|WORKLOAD,finproc,25,50,NESTED,1,WORKLOAD,10000,1,0.24856,4864,0.4864,16.3978,56.91,57.07,1.91916,23.714965,0.935933,0.954508,1.937734,0.935933,0.03947,0.48768,1.0,25.33831,2.05053,0.0,1.05053,24.33831,-0.718099,-3.232317,751080,9338792,365525,0.004,10000,124281,4864,0.0383832,0.47429929,0.01871866,0.01871866,0,0.4864,策略间质量恒定（同一 survivor → 同一 artifact → 同一答案）
finproc|s25|r50|NESTED|w1|CAP_10PCT,finproc,25,50,NESTED,1,CAP_10PCT,10000,1,0.24856,4864,0.4864,16.3978,56.91,57.07,1.91916,23.714965,22.902844,22.921419,65.223933,0.935933,0.96575,11.93379,24.4706,25.33831,2.05053,23.4706,1.05053,24.33831,2.479374,-0.034845,751080,9338792,8981169,0.004,10000,124281,119528,0.0383832,0.47429929,0.45805689,0.01871866,118528,0.1,策略间质量恒定（同一 survivor → 同一 artifact → 同一答案）
finproc|s25|r50|NESTED|w1|CELL,finproc,25,50,NESTED,1,CELL,10000,1,0.24856,4864,0.4864,16.3978,56.91,57.07,1.91916,23.714965,23.814389,23.814312,66.116825,0.935933,1.00419,12.40876,25.44454,25.33831,2.05053,24.44454,1.05053,24.33831,2.518402,0.004184,751080,9338792,9338792,0.004,10000,124281,124281,0.0383832,0.47429929,0.47628779,0.01871866,0,0.4864,策略间质量恒定（同一 survivor → 同一 artifact → 同一答案）
finproc|s25|r50|NESTED|w2|WORKLOAD,finproc,25,50,NESTED,2,WORKLOAD,10000,2,0.24856,4864,0.4864,16.3978,56.91,57.07,4.49432,55.628475,2.18889,2.232441,4.537871,2.18889,0.03935,0.48703,1.0,25.41401,2.05324,0.0,1.05324,24.41401,-0.71942,-3.2353,1692160,21038923,823466,0.004,20000,248562,9728,0.0898864,1.1125695,0.04377781,0.04377781,0,0.4864,策略间质量恒定（同一 survivor → 同一 artifact → 同一答案）
finproc|s25|r50|NESTED|w2|CAP_10PCT,finproc,25,50,NESTED,2,CAP_10PCT,10000,2,0.24856,4864,0.4864,16.3978,56.91,57.07,4.49432,55.628475,53.69484,53.738391,152.923412,2.18889,0.96524,11.94727,24.53062,25.41401,2.05324,23.53062,1.05324,24.41401,2.480503,-0.035378,1692160,21038923,20233678,0.004,20000,248562,239009,0.0898864,1.1125695,1.07389679,0.04377781,237009,0.1,策略间质量恒定（同一 survivor → 同一 artifact → 同一答案）
finproc|s25|r50|NESTED|w2|CELL,finproc,25,50,NESTED,2,CELL,10000,2,0.24856,4864,0.4864,16.3978,56.91,57.07,4.49432,55.628475,55.827325,55.827169,155.012191,2.18889,1.00357,12.42175,25.50485,25.41401,2.05324,24.50485,1.05324,24.41401,2.519449,0.003568,1692160,21038923,21038923,0.004,20000,248562,248562,0.0898864,1.1125695,1.11654649,0.04377781,0,0.4864,策略间质量恒定（同一 survivor → 同一 artifact → 同一答案）
finproc|s25|r50|NESTED|w4|WORKLOAD,finproc,25,50,NESTED,4,WORKLOAD,10000,4,0.24856,4864,0.4864,16.3978,56.91,57.07,9.54464,118.212686,4.646165,4.738699,9.637174,4.646165,0.0393,0.48678,1.0,25.44307,2.05431,0.0,1.05431,24.44307,-0.719938,-3.236443,3664320,45557714,1783124,0.004,40000,497124,19456,0.1908928,2.36425372,0.0929233,0.0929233,0,0.4864,策略间质量恒定（同一 survivor → 同一 artifact → 同一答案）
finproc|s25|r50|NESTED|w4|CAP_10PCT,finproc,25,50,NESTED,4,CAP_10PCT,10000,4,0.24856,4864,0.4864,16.3978,56.91,57.07,9.54464,118.212686,114.064042,114.156576,324.897523,4.646165,0.96491,11.95059,24.55015,25.44307,2.05431,23.55015,1.05431,24.44307,2.48078,-0.035725,3664320,45557714,43804555,0.004,40000,497124,478114,0.1908928,2.36425372,2.28128084,0.0929233,474114,0.1,策略间质量恒定（同一 survivor → 同一 artifact → 同一答案）
finproc|s25|r50|NESTED|w4|CELL,finproc,25,50,NESTED,4,CELL,10000,4,0.24856,4864,0.4864,16.3978,56.91,57.07,9.54464,118.212686,118.610385,118.610075,329.351022,4.646165,1.00336,12.42691,25.52867,25.44307,2.05431,24.52867,1.05431,24.44307,2.519864,0.003359,3664320,45557714,45557714,0.004,40000,497124,497124,0.1908928,2.36425372,2.3722077,0.0929233,0,0.4864,策略间质量恒定（同一 survivor → 同一 artifact → 同一答案）
finproc|s25|r100|DISJOINT|w1|WORKLOAD,finproc,25,100,DISJOINT,1,WORKLOAD,10000,1,0.24978,10000,1.0,12.363694,56.91,57.03,1.92316,47.64211,1.92316,2.388002,2.388002,1.92316,0.04037,1.0,1.0,24.77283,1.0,0.0,0.0,23.77283,0.0,-3.209747,751080,18759091,751080,0.008,10000,249776,10000,0.0192316,0.4764211,0.0192316,0.0192316,0,1.0,策略间质量恒定（同一 survivor → 同一 artifact → 同一答案）
finproc|s25|r100|DISJOINT|w1|CAP_10PCT,finproc,25,100,DISJOINT,1,CAP_10PCT,10000,1,0.24978,10000,1.0,12.363694,56.91,57.03,1.92316,47.64211,47.841931,47.839983,182.887578,1.92316,1.00419,24.87673,24.87673,24.77283,1.0,23.87673,0.0,23.77283,3.213933,0.004185,751080,18759091,18759091,0.008,10000,249776,249776,0.0192316,0.4764211,0.47841931,0.0192316,248776,0.1,策略间质量恒定（同一 survivor → 同一 artifact → 同一答案）
finproc|s25|r100|DISJOINT|w1|CELL,finproc,25,100,DISJOINT,1,CELL,10000,1,0.24978,10000,1.0,12.363694,56.91,57.03,1.92316,47.64211,47.841931,47.839983,182.887578,1.92316,1.00419,24.87673,24.87673,24.77283,1.0,23.87673,0.0,23.77283,3.213933,0.004185,751080,18759091,18759091,0.008,10000,249776,249776,0.0192316,0.4764211,0.47841931,0.0192316,0,0.2474,策略间质量恒定（同一 survivor → 同一 artifact → 同一答案）
finproc|s25|r100|DISJOINT|w2|WORKLOAD,finproc,25,100,DISJOINT,2,WORKLOAD,10000,2,0.24931,10000,1.0,12.346436,56.91,56.92,4.49832,111.544782,4.49832,5.61326,5.61326,4.49832,0.04033,1.0,1.0,24.79699,1.0,0.0,0.0,23.79699,0.0,-3.210722,1692160,42180996,1692160,0.008,20000,498620,20000,0.0449832,1.11544782,0.0449832,0.0449832,0,1.0,策略间质量恒定（同一 survivor → 同一 artifact → 同一答案）
finproc|s25|r100|DISJOINT|w2|CAP_10PCT,finproc,25,100,DISJOINT,2,CAP_10PCT,10000,2,0.24931,10000,1.0,12.346436,56.91,56.92,4.49832,111.544782,111.943678,111.939691,428.876225,4.49832,1.00358,24.88566,24.88566,24.79699,1.0,23.88566,0.0,23.79699,3.214292,0.00357,1692160,42180996,42180996,0.008,20000,498620,498620,0.0449832,1.11544782,1.11943678,0.0449832,496620,0.1,策略间质量恒定（同一 survivor → 同一 artifact → 同一答案）
finproc|s25|r100|DISJOINT|w2|CELL,finproc,25,100,DISJOINT,2,CELL,10000,2,0.24931,10000,1.0,12.346436,56.91,56.92,4.49832,111.544782,111.943678,111.939691,428.876225,4.49832,1.00358,24.88566,24.88566,24.79699,1.0,23.88566,0.0,23.79699,3.214292,0.00357,1692160,42180996,42180996,0.008,20000,498620,498620,0.0449832,1.11544782,1.11943678,0.0449832,0,0.2498,策略间质量恒定（同一 survivor → 同一 artifact → 同一答案）
finproc|s25|r100|DISJOINT|w4|WORKLOAD,finproc,25,100,DISJOINT,4,WORKLOAD,10000,4,0.2501,10000,1.0,12.382418,56.91,56.81,9.54864,237.829204,9.54864,12.01485,12.01485,9.54864,0.04015,1.0,1.0,24.90713,1.0,0.0,0.0,23.90713,0.0,-3.215154,3664320,91649920,3664320,0.008,40000,1000392,40000,0.0954864,2.37829204,0.0954864,0.0954864,0,1.0,策略间质量恒定（同一 survivor → 同一 artifact → 同一答案）
finproc|s25|r100|DISJOINT|w4|CAP_10PCT,finproc,25,100,DISJOINT,4,CAP_10PCT,10000,4,0.2501,10000,1.0,12.382418,56.91,56.81,9.54864,237.829204,238.629518,238.621214,911.240937,9.54864,1.00337,24.99094,24.99094,24.90713,1.0,23.99094,0.0,23.90713,3.218513,0.003359,3664320,91649920,91649920,0.008,40000,1000392,1000392,0.0954864,2.37829204,2.38629518,0.0954864,996392,0.1,策略间质量恒定（同一 survivor → 同一 artifact → 同一答案）
finproc|s25|r100|DISJOINT|w4|CELL,finproc,25,100,DISJOINT,4,CELL,10000,4,0.2501,10000,1.0,12.382418,56.91,56.81,9.54864,237.829204,238.629518,238.621214,911.240937,9.54864,1.00337,24.99094,24.99094,24.90713,1.0,23.99094,0.0,23.90713,3.218513,0.003359,3664320,91649920,91649920,0.008,40000,1000392,1000392,0.0954864,2.37829204,2.38629518,0.0954864,0,0.2536,策略间质量恒定（同一 survivor → 同一 artifact → 同一答案）
finproc|s25|r100|OVERLAP|w1|WORKLOAD,finproc,25,100,OVERLAP,1,WORKLOAD,10000,1,0.23477,10000,1.0,29.339152,56.91,56.78,1.92316,44.807226,1.92316,2.376025,2.376025,1.92316,0.04292,1.0,1.0,23.29875,1.0,0.0,0.0,22.29875,0.0,-3.1484,751080,17645500,751080,0.008,10000,234771,10000,0.0192316,0.44807225,0.0192316,0.0192316,0,1.0,策略间质量恒定（同一 survivor → 同一 artifact → 同一答案）
finproc|s25|r100|OVERLAP|w1|CAP_10PCT,finproc,25,100,OVERLAP,1,CAP_10PCT,10000,1,0.23477,10000,1.0,29.339152,56.91,56.78,1.92316,44.807226,44.995042,44.993143,181.273037,1.92316,1.00419,23.39641,23.39641,23.29875,1.0,22.39641,0.0,22.29875,3.152583,0.004183,751080,17645500,17645500,0.008,10000,234771,234771,0.0192316,0.44807225,0.44995042,0.0192316,233771,0.1,策略间质量恒定（同一 survivor → 同一 artifact → 同一答案）
finproc|s25|r100|OVERLAP|w1|CELL,finproc,25,100,OVERLAP,1,CELL,10000,1,0.23477,10000,1.0,29.339152,56.91,56.78,1.92316,44.807226,44.995042,44.993143,181.273037,1.92316,1.00419,23.39641,23.39641,23.29875,1.0,22.39641,0.0,22.29875,3.152583,0.004183,751080,17645500,17645500,0.008,10000,234771,234771,0.0192316,0.44807225,0.44995042,0.0192316,0,0.2364,策略间质量恒定（同一 survivor → 同一 artifact → 同一答案）
finproc|s25|r100|OVERLAP|w2|WORKLOAD,finproc,25,100,OVERLAP,2,WORKLOAD,10000,2,0.23447,10000,1.0,29.356388,56.91,56.92,4.49832,104.970084,4.49832,5.50954,5.50954,4.49832,0.04285,1.0,1.0,23.3354,1.0,0.0,0.0,22.3354,0.0,-3.149971,1692160,39702318,1692160,0.008,20000,468944,20000,0.0449832,1.04970084,0.0449832,0.0449832,0,1.0,策略间质量恒定（同一 survivor → 同一 artifact → 同一答案）
finproc|s25|r100|OVERLAP|w2|CAP_10PCT,finproc,25,100,OVERLAP,2,CAP_10PCT,10000,2,0.23447,10000,1.0,29.356388,56.91,56.92,4.49832,104.970084,105.345239,105.341623,424.939508,4.49832,1.00357,23.4188,23.4188,23.3354,1.0,22.4188,0.0,22.3354,3.153539,0.003568,1692160,39702318,39702318,0.008,20000,468944,468944,0.0449832,1.04970084,1.05345239,0.0449832,466944,0.1,策略间质量恒定（同一 survivor → 同一 artifact → 同一答案）
finproc|s25|r100|OVERLAP|w2|CELL,finproc,25,100,OVERLAP,2,CELL,10000,2,0.23447,10000,1.0,29.356388,56.91,56.92,4.49832,104.970084,105.345239,105.341623,424.939508,4.49832,1.00357,23.4188,23.4188,23.3354,1.0,22.4188,0.0,22.3354,3.153539,0.003568,1692160,39702318,39702318,0.008,20000,468944,468944,0.0449832,1.04970084,1.05345239,0.0449832,0,0.232,策略间质量恒定（同一 survivor → 同一 artifact → 同一答案）
finproc|s25|r100|OVERLAP|w4|WORKLOAD,finproc,25,100,OVERLAP,4,WORKLOAD,10000,4,0.23411,10000,1.0,29.38748,56.91,56.99,9.54864,222.734836,9.54864,11.785754,11.785754,9.54864,0.04287,1.0,1.0,23.32634,1.0,0.0,0.0,22.32634,0.0,-3.149583,3664320,85845428,3664320,0.008,40000,936440,40000,0.0954864,2.22734836,0.0954864,0.0954864,0,1.0,策略间质量恒定（同一 survivor → 同一 artifact → 同一答案）
finproc|s25|r100|OVERLAP|w4|CAP_10PCT,finproc,25,100,OVERLAP,4,CAP_10PCT,10000,4,0.23411,10000,1.0,29.38748,56.91,56.99,9.54864,222.734836,223.483988,223.476465,902.918845,9.54864,1.00336,23.4048,23.4048,23.32634,1.0,22.4048,0.0,22.32634,3.152941,0.003358,3664320,85845428,85845428,0.008,40000,936440,936440,0.0954864,2.22734836,2.23483988,0.0954864,932440,0.1,策略间质量恒定（同一 survivor → 同一 artifact → 同一答案）
finproc|s25|r100|OVERLAP|w4|CELL,finproc,25,100,OVERLAP,4,CELL,10000,4,0.23411,10000,1.0,29.38748,56.91,56.99,9.54864,222.734836,223.483988,223.476465,902.918845,9.54864,1.00336,23.4048,23.4048,23.32634,1.0,22.4048,0.0,22.32634,3.152941,0.003358,3664320,85845428,85845428,0.008,40000,936440,936440,0.0954864,2.22734836,2.23483988,0.0954864,0,0.2329,策略间质量恒定（同一 survivor → 同一 artifact → 同一答案）
finproc|s25|r100|NESTED|w1|WORKLOAD,finproc,25,100,NESTED,1,WORKLOAD,10000,1,0.24857,4914,0.4914,33.133578,56.91,58.13,1.92316,47.431305,0.949458,0.960022,1.933723,0.949458,0.02002,0.4937,1.0,49.95618,2.02553,0.0,1.02553,48.95618,-0.705833,-3.911146,751080,18678049,369255,0.008,10000,248573,4914,0.0192316,0.47431304,0.00949458,0.00949458,0,0.4914,策略间质量恒定（同一 survivor → 同一 artifact → 同一答案）
finproc|s25|r100|NESTED|w1|CAP_10PCT,finproc,25,100,NESTED,1,CAP_10PCT,10000,1,0.24857,4914,0.4914,33.133578,56.91,58.13,1.92316,47.431305,45.700142,45.710705,146.54795,0.949458,0.9635,23.76305,48.13286,49.95618,2.02553,47.13286,1.02553,48.95618,3.168132,-0.037181,751080,18678049,17920922,0.008,10000,248573,238506,0.0192316,0.47431304,0.45700142,0.00949458,237506,0.1,策略间质量恒定（同一 survivor → 同一 artifact → 同一答案）
finproc|s25|r100|NESTED|w1|CELL,finproc,25,100,NESTED,1,CELL,10000,1,0.24857,4914,0.4914,33.133578,56.91,58.13,1.92316,47.431305,47.630163,47.630119,148.467364,0.949458,1.00419,24.76661,50.16562,49.95618,2.02553,49.16562,1.02553,48.95618,3.209497,0.004184,751080,18678049,18678049,0.008,10000,248573,248573,0.0192316,0.47431304,0.47630163,0.00949458,0,0.4914,策略间质量恒定（同一 survivor → 同一 artifact → 同一答案）
finproc|s25|r100|NESTED|w2|WORKLOAD,finproc,25,100,NESTED,2,WORKLOAD,10000,2,0.24857,4914,0.4914,33.133578,56.91,58.13,4.49832,111.260427,2.21524,2.239997,4.523077,2.21524,0.01991,0.49246,1.0,50.22499,2.03062,0.0,1.03062,49.22499,-0.708343,-3.916513,1692160,42078985,831876,0.008,20000,497146,9828,0.0449832,1.11260427,0.0221524,0.0221524,0,0.4914,策略间质量恒定（同一 survivor → 同一 artifact → 同一答案）
finproc|s25|r100|NESTED|w2|CAP_10PCT,finproc,25,100,NESTED,2,CAP_10PCT,10000,2,0.24857,4914,0.4914,33.133578,56.91,58.13,4.49832,111.260427,107.186544,107.211301,343.640929,2.21524,0.96338,23.82813,48.38596,50.22499,2.03062,47.38596,1.03062,49.22499,3.170867,-0.037303,1692160,42078985,40391769,0.008,20000,497146,477168,0.0449832,1.11260427,1.07186544,0.0221524,475168,0.1,策略间质量恒定（同一 survivor → 同一 artifact → 同一答案）
finproc|s25|r100|NESTED|w2|CELL,finproc,25,100,NESTED,2,CELL,10000,2,0.24857,4914,0.4914,33.133578,56.91,58.13,4.49832,111.260427,111.658144,111.658056,348.087684,2.21524,1.00357,24.82219,50.40453,50.22499,2.03062,49.40453,1.03062,49.22499,3.211738,0.003568,1692160,42078985,42078985,0.008,20000,497146,497146,0.0449832,1.11260427,1.11658144,0.0221524,0,0.4914,策略间质量恒定（同一 survivor → 同一 artifact → 同一答案）
finproc|s25|r100|NESTED|w4|WORKLOAD,finproc,25,100,NESTED,4,WORKLOAD,10000,4,0.24857,4914,0.4914,33.133578,56.91,58.13,9.54864,236.432942,4.697665,4.750259,9.601234,4.697665,0.01987,0.49197,1.0,50.32989,2.03264,0.0,1.03264,49.32989,-0.709333,-3.918599,3664320,91118014,1801344,0.008,40000,994292,19656,0.0954864,2.36432942,0.04697665,0.04697665,0,0.4914,策略间质量恒定（同一 survivor → 同一 artifact → 同一答案）
finproc|s25|r100|NESTED|w4|CAP_10PCT,finproc,25,100,NESTED,4,CAP_10PCT,10000,4,0.24857,4914,0.4914,33.133578,56.91,58.13,9.54864,236.432942,227.735757,227.788351,730.136815,4.697665,0.96322,23.85007,48.4785,50.32989,2.03264,47.4785,1.03264,49.32989,3.171787,-0.037479,3664320,91118014,87464226,0.008,40000,994292,954561,0.0954864,2.36432942,2.27735757,0.04697665,950561,0.1,策略间质量恒定（同一 survivor → 同一 artifact → 同一答案）
finproc|s25|r100|NESTED|w4|CELL,finproc,25,100,NESTED,4,CELL,10000,4,0.24857,4914,0.4914,33.133578,56.91,58.13,9.54864,236.432942,237.228376,237.2282,739.576663,4.697665,1.00336,24.84421,50.49921,50.32989,2.03264,49.49921,1.03264,49.32989,3.212625,0.003359,3664320,91118014,91118014,0.008,40000,994292,994292,0.0954864,2.36432942,2.37228376,0.04697665,0,0.4914,策略间质量恒定（同一 survivor → 同一 artifact → 同一答案）
finproc|s50|r1|DISJOINT|w1|WORKLOAD,finproc,50,1,DISJOINT,1,WORKLOAD,10000,1,0.5001,5001,0.5001,0.0,56.91,56.84,1.91524,0.953425,0.957425,0.953425,0.953425,0.953425,1.0042,0.4999,1.0042,1.0,2.0088,0.0042,1.0088,0.0,-0.693351,0.004187,751080,375402,375402,8e-05,10000,5001,5001,1.91524,0.9534245,0.9574253,0.9534245,0,0.5001,策略间质量恒定（同一 survivor → 同一 artifact → 同一答案）
finproc|s50|r1|DISJOINT|w1|CAP_10PCT,finproc,50,1,DISJOINT,1,CAP_10PCT,10000,1,0.5001,5001,0.5001,0.0,56.91,56.84,1.91524,0.953425,0.957425,0.953425,0.953425,0.953425,1.0042,0.4999,1.0042,1.0,2.0088,0.0042,1.0088,0.0,-0.693351,0.004187,751080,375402,375402,8e-05,10000,5001,5001,1.91524,0.9534245,0.9574253,0.9534245,4001,0.1,策略间质量恒定（同一 survivor → 同一 artifact → 同一答案）
finproc|s50|r1|DISJOINT|w1|CELL,finproc,50,1,DISJOINT,1,CELL,10000,1,0.5001,5001,0.5001,0.0,56.91,56.84,1.91524,0.953425,0.957425,0.953425,0.953425,0.953425,1.0042,0.4999,1.0042,1.0,2.0088,0.0042,1.0088,0.0,-0.693351,0.004187,751080,375402,375402,8e-05,10000,5001,5001,1.91524,0.9534245,0.9574253,0.9534245,0,0.5001,策略间质量恒定（同一 survivor → 同一 artifact → 同一答案）
finproc|s50|r1|DISJOINT|w2|WORKLOAD,finproc,50,1,DISJOINT,2,WORKLOAD,10000,2,0.5084,5084,0.5084,0.0,56.91,56.9,4.4904,2.275816,2.28395,2.275816,2.275816,2.275816,1.00357,0.50863,1.00357,1.0,1.97309,0.00357,0.97309,0.0,-0.676035,0.003568,1692160,860790,860790,8e-05,20000,10168,10168,4.4904,2.275816,2.2839504,2.275816,0,0.5084,策略间质量恒定（同一 survivor → 同一 artifact → 同一答案）
finproc|s50|r1|DISJOINT|w2|CAP_10PCT,finproc,50,1,DISJOINT,2,CAP_10PCT,10000,2,0.5084,5084,0.5084,0.0,56.91,56.9,4.4904,2.275816,2.28395,2.275816,2.275816,2.275816,1.00357,0.50863,1.00357,1.0,1.97309,0.00357,0.97309,0.0,-0.676035,0.003568,1692160,860790,860790,8e-05,20000,10168,10168,4.4904,2.275816,2.2839504,2.275816,8168,0.1,策略间质量恒定（同一 survivor → 同一 artifact → 同一答案）
finproc|s50|r1|DISJOINT|w2|CELL,finproc,50,1,DISJOINT,2,CELL,10000,2,0.5084,5084,0.5084,0.0,56.91,56.9,4.4904,2.275816,2.28395,2.275816,2.275816,2.275816,1.00357,0.50863,1.00357,1.0,1.97309,0.00357,0.97309,0.0,-0.676035,0.003568,1692160,860790,860790,8e-05,20000,10168,10168,4.4904,2.275816,2.2839504,2.275816,0,0.5084,策略间质量恒定（同一 survivor → 同一 artifact → 同一答案）
finproc|s50|r1|DISJOINT|w4|WORKLOAD,finproc,50,1,DISJOINT,4,WORKLOAD,10000,4,0.5028,5028,0.5028,0.0,56.91,56.9,9.54072,4.780376,4.796466,4.780376,4.780376,4.780376,1.00337,0.50274,1.00337,1.0,1.99581,0.00337,0.99581,0.0,-0.68769,0.00336,3664320,1842096,1842096,8e-05,40000,20112,20112,9.54072,4.780376,4.7964656,4.780376,0,0.5028,策略间质量恒定（同一 survivor → 同一 artifact → 同一答案）
finproc|s50|r1|DISJOINT|w4|CAP_10PCT,finproc,50,1,DISJOINT,4,CAP_10PCT,10000,4,0.5028,5028,0.5028,0.0,56.91,56.9,9.54072,4.780376,4.796466,4.780376,4.780376,4.780376,1.00337,0.50274,1.00337,1.0,1.99581,0.00337,0.99581,0.0,-0.68769,0.00336,3664320,1842096,1842096,8e-05,40000,20112,20112,9.54072,4.780376,4.7964656,4.780376,16112,0.1,策略间质量恒定（同一 survivor → 同一 artifact → 同一答案）
finproc|s50|r1|DISJOINT|w4|CELL,finproc,50,1,DISJOINT,4,CELL,10000,4,0.5028,5028,0.5028,0.0,56.91,56.9,9.54072,4.780376,4.796466,4.780376,4.780376,4.780376,1.00337,0.50274,1.00337,1.0,1.99581,0.00337,0.99581,0.0,-0.68769,0.00336,3664320,1842096,1842096,8e-05,40000,20112,20112,9.54072,4.780376,4.7964656,4.780376,0,0.5028,策略间质量恒定（同一 survivor → 同一 artifact → 同一答案）
finproc|s50|r1|OVERLAP|w1|WORKLOAD,finproc,50,1,OVERLAP,1,WORKLOAD,10000,1,0.4325,4325,0.4325,0.0,56.91,56.97,1.91524,0.825184,0.828645,0.825184,0.825184,0.825184,1.00419,0.43266,1.00419,1.0,2.32098,0.00419,1.32098,0.0,-0.837807,0.004184,751080,324971,324971,8e-05,10000,4325,4325,1.91524,0.8251845,0.8286445,0.8251845,0,0.4325,策略间质量恒定（同一 survivor → 同一 artifact → 同一答案）
finproc|s50|r1|OVERLAP|w1|CAP_10PCT,finproc,50,1,OVERLAP,1,CAP_10PCT,10000,1,0.4325,4325,0.4325,0.0,56.91,56.97,1.91524,0.825184,0.828645,0.825184,0.825184,0.825184,1.00419,0.43266,1.00419,1.0,2.32098,0.00419,1.32098,0.0,-0.837807,0.004184,751080,324971,324971,8e-05,10000,4325,4325,1.91524,0.8251845,0.8286445,0.8251845,3325,0.1,策略间质量恒定（同一 survivor → 同一 artifact → 同一答案）
finproc|s50|r1|OVERLAP|w1|CELL,finproc,50,1,OVERLAP,1,CELL,10000,1,0.4325,4325,0.4325,0.0,56.91,56.97,1.91524,0.825184,0.828645,0.825184,0.825184,0.825184,1.00419,0.43266,1.00419,1.0,2.32098,0.00419,1.32098,0.0,-0.837807,0.004184,751080,324971,324971,8e-05,10000,4325,4325,1.91524,0.8251845,0.8286445,0.8251845,0,0.4325,策略间质量恒定（同一 survivor → 同一 artifact → 同一答案）
finproc|s50|r1|OVERLAP|w2|WORKLOAD,finproc,50,1,OVERLAP,2,WORKLOAD,10000,2,0.4401,4401,0.4401,0.0,56.91,56.82,4.4904,1.969463,1.976505,1.969463,1.969463,1.969463,1.00358,0.44016,1.00358,1.0,2.28001,0.00358,1.28001,0.0,-0.820612,0.003569,1692160,744837,744837,8e-05,20000,8802,8802,4.4904,1.969463,1.9765046,1.969463,0,0.4401,策略间质量恒定（同一 survivor → 同一 artifact → 同一答案）
finproc|s50|r1|OVERLAP|w2|CAP_10PCT,finproc,50,1,OVERLAP,2,CAP_10PCT,10000,2,0.4401,4401,0.4401,0.0,56.91,56.82,4.4904,1.969463,1.976505,1.969463,1.969463,1.969463,1.00358,0.44016,1.00358,1.0,2.28001,0.00358,1.28001,0.0,-0.820612,0.003569,1692160,744837,744837,8e-05,20000,8802,8802,4.4904,1.969463,1.9765046,1.969463,6802,0.1,策略间质量恒定（同一 survivor → 同一 artifact → 同一答案）
finproc|s50|r1|OVERLAP|w2|CELL,finproc,50,1,OVERLAP,2,CELL,10000,2,0.4401,4401,0.4401,0.0,56.91,56.82,4.4904,1.969463,1.976505,1.969463,1.969463,1.969463,1.00358,0.44016,1.00358,1.0,2.28001,0.00358,1.28001,0.0,-0.820612,0.003569,1692160,744837,744837,8e-05,20000,8802,8802,4.4904,1.969463,1.9765046,1.969463,0,0.4401,策略间质量恒定（同一 survivor → 同一 artifact → 同一答案）
finproc|s50|r1|OVERLAP|w4|WORKLOAD,finproc,50,1,OVERLAP,4,WORKLOAD,10000,4,0.4371,4371,0.4371,0.0,56.91,56.96,9.54072,4.15821,4.172197,4.15821,4.15821,4.15821,1.00336,0.4373,1.00336,1.0,2.29443,0.00336,1.29443,0.0,-0.827126,0.003358,3664320,1602626,1602626,8e-05,40000,17484,17484,9.54072,4.15821,4.1721972,4.15821,0,0.4371,策略间质量恒定（同一 survivor → 同一 artifact → 同一答案）
finproc|s50|r1|OVERLAP|w4|CAP_10PCT,finproc,50,1,OVERLAP,4,CAP_10PCT,10000,4,0.4371,4371,0.4371,0.0,56.91,56.96,9.54072,4.15821,4.172197,4.15821,4.15821,4.15821,1.00336,0.4373,1.00336,1.0,2.29443,0.00336,1.29443,0.0,-0.827126,0.003358,3664320,1602626,1602626,8e-05,40000,17484,17484,9.54072,4.15821,4.1721972,4.15821,13484,0.1,策略间质量恒定（同一 survivor → 同一 artifact → 同一答案）
finproc|s50|r1|OVERLAP|w4|CELL,finproc,50,1,OVERLAP,4,CELL,10000,4,0.4371,4371,0.4371,0.0,56.91,56.96,9.54072,4.15821,4.172197,4.15821,4.15821,4.15821,1.00336,0.4373,1.00336,1.0,2.29443,0.00336,1.29443,0.0,-0.827126,0.003358,3664320,1602626,1602626,8e-05,40000,17484,17484,9.54072,4.15821,4.1721972,4.15821,0,0.4371,策略间质量恒定（同一 survivor → 同一 artifact → 同一答案）
finproc|s50|r1|NESTED|w1|WORKLOAD,finproc,50,1,NESTED,1,WORKLOAD,10000,1,0.4971,4971,0.4971,0.0,56.91,56.86,1.91524,0.948569,0.952546,0.948569,0.948569,0.948569,1.00419,0.49735,1.00419,1.0,2.01908,0.00419,1.01908,0.0,-0.69846,0.004184,751080,373582,373582,8e-05,10000,4971,4971,1.91524,0.9485695,0.9525463,0.9485695,0,0.4971,策略间质量恒定（同一 survivor → 同一 artifact → 同一答案）
finproc|s50|r1|NESTED|w1|CAP_10PCT,finproc,50,1,NESTED,1,CAP_10PCT,10000,1,0.4971,4971,0.4971,0.0,56.91,56.86,1.91524,0.948569,0.952546,0.948569,0.948569,0.948569,1.00419,0.49735,1.00419,1.0,2.01908,0.00419,1.01908,0.0,-0.69846,0.004184,751080,373582,373582,8e-05,10000,4971,4971,1.91524,0.9485695,0.9525463,0.9485695,3971,0.1,策略间质量恒定（同一 survivor → 同一 artifact → 同一答案）
finproc|s50|r1|NESTED|w1|CELL,finproc,50,1,NESTED,1,CELL,10000,1,0.4971,4971,0.4971,0.0,56.91,56.86,1.91524,0.948569,0.952546,0.948569,0.948569,0.948569,1.00419,0.49735,1.00419,1.0,2.01908,0.00419,1.01908,0.0,-0.69846,0.004184,751080,373582,373582,8e-05,10000,4971,4971,1.91524,0.9485695,0.9525463,0.9485695,0,0.4971,策略间质量恒定（同一 survivor → 同一 artifact → 同一答案）
finproc|s50|r1|NESTED|w2|WORKLOAD,finproc,50,1,NESTED,2,WORKLOAD,10000,2,0.4971,4971,0.4971,0.0,56.91,56.86,4.4904,2.225145,2.233099,2.225145,2.225145,2.225145,1.00357,0.49731,1.00357,1.0,2.01803,0.00357,1.01803,0.0,-0.698552,0.003568,1692160,841613,841613,8e-05,20000,9942,9942,4.4904,2.225145,2.2330986,2.225145,0,0.4971,策略间质量恒定（同一 survivor → 同一 artifact → 同一答案）
finproc|s50|r1|NESTED|w2|CAP_10PCT,finproc,50,1,NESTED,2,CAP_10PCT,10000,2,0.4971,4971,0.4971,0.0,56.91,56.86,4.4904,2.225145,2.233099,2.225145,2.225145,2.225145,1.00357,0.49731,1.00357,1.0,2.01803,0.00357,1.01803,0.0,-0.698552,0.003568,1692160,841613,841613,8e-05,20000,9942,9942,4.4904,2.225145,2.2330986,2.225145,7942,0.1,策略间质量恒定（同一 survivor → 同一 artifact → 同一答案）
finproc|s50|r1|NESTED|w2|CELL,finproc,50,1,NESTED,2,CELL,10000,2,0.4971,4971,0.4971,0.0,56.91,56.86,4.4904,2.225145,2.233099,2.225145,2.225145,2.225145,1.00357,0.49731,1.00357,1.0,2.01803,0.00357,1.01803,0.0,-0.698552,0.003568,1692160,841613,841613,8e-05,20000,9942,9942,4.4904,2.225145,2.2330986,2.225145,0,0.4971,策略间质量恒定（同一 survivor → 同一 artifact → 同一答案）
finproc|s50|r1|NESTED|w4|WORKLOAD,finproc,50,1,NESTED,4,WORKLOAD,10000,4,0.4971,4971,0.4971,0.0,56.91,56.86,9.54072,4.728586,4.744493,4.728586,4.728586,4.728586,1.00336,0.49729,1.00336,1.0,2.01767,0.00336,1.01767,0.0,-0.698584,0.003358,3664320,1822414,1822414,8e-05,40000,19884,19884,9.54072,4.728586,4.7444932,4.728586,0,0.4971,策略间质量恒定（同一 survivor → 同一 artifact → 同一答案）
finproc|s50|r1|NESTED|w4|CAP_10PCT,finproc,50,1,NESTED,4,CAP_10PCT,10000,4,0.4971,4971,0.4971,0.0,56.91,56.86,9.54072,4.728586,4.744493,4.728586,4.728586,4.728586,1.00336,0.49729,1.00336,1.0,2.01767,0.00336,1.01767,0.0,-0.698584,0.003358,3664320,1822414,1822414,8e-05,40000,19884,19884,9.54072,4.728586,4.7444932,4.728586,15884,0.1,策略间质量恒定（同一 survivor → 同一 artifact → 同一答案）
finproc|s50|r1|NESTED|w4|CELL,finproc,50,1,NESTED,4,CELL,10000,4,0.4971,4971,0.4971,0.0,56.91,56.86,9.54072,4.728586,4.744493,4.728586,4.728586,4.728586,1.00336,0.49729,1.00336,1.0,2.01767,0.00336,1.01767,0.0,-0.698584,0.003358,3664320,1822414,1822414,8e-05,40000,19884,19884,9.54072,4.728586,4.7444932,4.728586,0,0.4971,策略间质量恒定（同一 survivor → 同一 artifact → 同一答案）
finproc|s50|r10|DISJOINT|w1|WORKLOAD,finproc,50,10,DISJOINT,1,WORKLOAD,10000,1,0.50054,9993,0.9993,2.25003,56.91,56.84,1.91596,9.547747,1.914621,2.866618,2.866618,1.914621,0.20053,0.9993,1.0,4.98676,1.0007,0.0,0.0007,3.98676,-0.000699,-1.606786,751080,3759880,750555,0.0008,10000,50054,9993,0.191596,0.9547747,0.19146209,0.19146209,0,0.9993,策略间质量恒定（同一 survivor → 同一 artifact → 同一答案）
finproc|s50|r10|DISJOINT|w1|CAP_10PCT,finproc,50,10,DISJOINT,1,CAP_10PCT,10000,1,0.50054,9993,0.9993,2.25003,56.91,56.84,1.91596,9.547747,9.58779,9.583789,15.32227,1.914621,1.00419,5.00417,5.00767,4.98676,1.0007,4.00767,0.0007,3.98676,1.610272,0.004185,751080,3759880,3759880,0.0008,10000,50054,50054,0.191596,0.9547747,0.95877902,0.19146209,49054,0.1,策略间质量恒定（同一 survivor → 同一 artifact → 同一答案）
finproc|s50|r10|DISJOINT|w1|CELL,finproc,50,10,DISJOINT,1,CELL,10000,1,0.50054,9993,0.9993,2.25003,56.91,56.84,1.91596,9.547747,9.58779,9.583789,15.32227,1.914621,1.00419,5.00417,5.00767,4.98676,1.0007,4.00767,0.0007,3.98676,1.610272,0.004185,751080,3759880,3759880,0.0008,10000,50054,50054,0.191596,0.9547747,0.95877902,0.19146209,0,0.5013,策略间质量恒定（同一 survivor → 同一 artifact → 同一答案）
finproc|s50|r10|DISJOINT|w2|WORKLOAD,finproc,50,10,DISJOINT,2,WORKLOAD,10000,2,0.50031,9990,0.999,2.248206,56.91,56.9,4.49112,22.384645,4.48663,6.760039,6.760039,4.48663,0.20043,0.999,1.0,4.98919,1.001,0.0,0.001,3.98919,-0.001,-1.607273,1692160,8465233,1690468,0.0008,20000,100062,19980,0.449112,2.2384645,0.448663,0.448663,0,0.999,策略间质量恒定（同一 survivor → 同一 artifact → 同一答案）
finproc|s50|r10|DISJOINT|w2|CAP_10PCT,finproc,50,10,DISJOINT,2,CAP_10PCT,10000,2,0.50031,9990,0.999,2.248206,56.91,56.9,4.49112,22.384645,22.464695,22.45656,38.185953,4.48663,1.00358,5.00203,5.00703,4.98919,1.001,4.00703,0.001,3.98919,1.609843,0.00357,1692160,8465233,8465233,0.0008,20000,100062,100062,0.449112,2.2384645,2.24646946,0.448663,98062,0.1,策略间质量恒定（同一 survivor → 同一 artifact → 同一答案）
finproc|s50|r10|DISJOINT|w2|CELL,finproc,50,10,DISJOINT,2,CELL,10000,2,0.50031,9990,0.999,2.248206,56.91,56.9,4.49112,22.384645,22.464695,22.45656,38.185953,4.48663,1.00358,5.00203,5.00703,4.98919,1.001,4.00703,0.001,3.98919,1.609843,0.00357,1692160,8465233,8465233,0.0008,20000,100062,100062,0.449112,2.2384645,2.24646946,0.448663,0,0.4972,策略间质量恒定（同一 survivor → 同一 artifact → 同一答案）
finproc|s50|r10|DISJOINT|w4|WORKLOAD,finproc,50,10,DISJOINT,4,WORKLOAD,10000,4,0.50488,9992,0.9992,2.272342,56.91,56.9,9.54144,48.006104,9.533814,14.308287,14.308287,9.533814,0.1986,0.9992,1.0,5.03535,1.0008,0.0,0.0008,4.03535,-0.0008,-1.616483,3664320,18499460,3661392,0.0008,40000,201952,39968,0.954144,4.8006104,0.95338144,0.95338144,0,0.9992,策略间质量恒定（同一 survivor → 同一 artifact → 同一答案）
finproc|s50|r10|DISJOINT|w4|CAP_10PCT,finproc,50,10,DISJOINT,4,CAP_10PCT,10000,4,0.50488,9992,0.9992,2.272342,56.91,56.9,9.54144,48.006104,48.167666,48.151576,81.106271,9.533814,1.00337,5.04826,5.0523,5.03535,1.0008,4.0523,0.0008,4.03535,1.619044,0.00336,3664320,18499460,18499460,0.0008,40000,201952,201952,0.954144,4.8006104,4.81676656,0.95338144,197952,0.1,策略间质量恒定（同一 survivor → 同一 artifact → 同一答案）
finproc|s50|r10|DISJOINT|w4|CELL,finproc,50,10,DISJOINT,4,CELL,10000,4,0.50488,9992,0.9992,2.272342,56.91,56.9,9.54144,48.006104,48.167666,48.151576,81.106271,9.533814,1.00337,5.04826,5.0523,5.03535,1.0008,4.0523,0.0008,4.03535,1.619044,0.00336,3664320,18499460,18499460,0.0008,40000,201952,201952,0.954144,4.8006104,4.81676656,0.95338144,0,0.5054,策略间质量恒定（同一 survivor → 同一 artifact → 同一答案）
finproc|s50|r10|OVERLAP|w1|WORKLOAD,finproc,50,10,OVERLAP,1,WORKLOAD,10000,1,0.43578,9549,0.9549,3.050989,56.91,56.97,1.91596,8.313537,1.829496,2.628134,2.628134,1.829496,0.22006,0.95487,1.0,4.54417,1.04726,0.0,0.04726,3.54417,-0.046178,-1.513845,751080,3273914,717161,0.0008,10000,43578,9549,0.191596,0.8313537,0.18294957,0.18294957,0,0.9549,策略间质量恒定（同一 survivor → 同一 artifact → 同一答案）
finproc|s50|r10|OVERLAP|w1|CAP_10PCT,finproc,50,10,OVERLAP,1,CAP_10PCT,10000,1,0.43578,9549,0.9549,3.050989,56.91,56.97,1.91596,8.313537,8.348399,8.344939,14.81281,1.829496,1.00419,4.35729,4.56322,4.54417,1.04726,3.56322,0.04726,3.54417,1.471851,0.004185,751080,3273914,3273914,0.0008,10000,43578,43578,0.191596,0.8313537,0.83483994,0.18294957,42578,0.1,策略间质量恒定（同一 survivor → 同一 artifact → 同一答案）
finproc|s50|r10|OVERLAP|w1|CELL,finproc,50,10,OVERLAP,1,CELL,10000,1,0.43578,9549,0.9549,3.050989,56.91,56.97,1.91596,8.313537,8.348399,8.344939,14.81281,1.829496,1.00419,4.35729,4.56322,4.54417,1.04726,3.56322,0.04726,3.54417,1.471851,0.004185,751080,3273914,3273914,0.0008,10000,43578,43578,0.191596,0.8313537,0.83483994,0.18294957,0,0.4414,策略间质量恒定（同一 survivor → 同一 artifact → 同一答案）
finproc|s50|r10|OVERLAP|w2|WORKLOAD,finproc,50,10,OVERLAP,2,WORKLOAD,10000,2,0.43931,9608,0.9608,3.047871,56.91,56.82,4.49112,19.658341,4.314409,6.219678,6.219678,4.314409,0.21947,0.96065,1.0,4.55644,1.04096,0.0,0.04096,3.55644,-0.040142,-1.516541,1692160,7434531,1625482,0.0008,20000,87862,19216,0.449112,1.9658341,0.43144088,0.43144088,0,0.9608,策略间质量恒定（同一 survivor → 同一 artifact → 同一答案）
finproc|s50|r10|OVERLAP|w2|CAP_10PCT,finproc,50,10,OVERLAP,2,CAP_10PCT,10000,2,0.43931,9608,0.9608,3.047871,56.91,56.82,4.49112,19.658341,19.728631,19.721589,34.876753,4.314409,1.00358,4.39281,4.57273,4.55644,1.04096,3.57273,0.04096,3.55644,1.479969,0.003569,1692160,7434531,7434531,0.0008,20000,87862,87862,0.449112,1.9658341,1.97286306,0.43144088,85862,0.1,策略间质量恒定（同一 survivor → 同一 artifact → 同一答案）
finproc|s50|r10|OVERLAP|w2|CELL,finproc,50,10,OVERLAP,2,CELL,10000,2,0.43931,9608,0.9608,3.047871,56.91,56.82,4.49112,19.658341,19.728631,19.721589,34.876753,4.314409,1.00358,4.39281,4.57273,4.55644,1.04096,3.57273,0.04096,3.55644,1.479969,0.003569,1692160,7434531,7434531,0.0008,20000,87862,87862,0.449112,1.9658341,1.97286306,0.43144088,0,0.4361,策略间质量恒定（同一 survivor → 同一 artifact → 同一答案）
finproc|s50|r10|OVERLAP|w4|WORKLOAD,finproc,50,10,OVERLAP,4,WORKLOAD,10000,4,0.43728,9561,0.9561,3.050425,56.91,56.96,9.54144,41.590704,9.122129,13.149551,13.149551,9.122129,0.21933,0.95605,1.0,4.55932,1.04597,0.0,0.04597,3.55932,-0.044941,-1.517173,3664320,16028600,3503218,0.0008,40000,174912,38244,0.954144,4.1590704,0.91221292,0.91221292,0,0.9561,策略间质量恒定（同一 survivor → 同一 artifact → 同一答案）
finproc|s50|r10|OVERLAP|w4|CAP_10PCT,finproc,50,10,OVERLAP,4,CAP_10PCT,10000,4,0.43728,9561,0.9561,3.050425,56.91,56.96,9.54144,41.590704,41.730634,41.716646,73.795194,9.122129,1.00336,4.37362,4.57466,4.55932,1.04597,3.57466,0.04597,3.55932,1.475591,0.003359,3664320,16028600,16028600,0.0008,40000,174912,174912,0.954144,4.1590704,4.17306336,0.91221292,170912,0.1,策略间质量恒定（同一 survivor → 同一 artifact → 同一答案）
finproc|s50|r10|OVERLAP|w4|CELL,finproc,50,10,OVERLAP,4,CELL,10000,4,0.43728,9561,0.9561,3.050425,56.91,56.96,9.54144,41.590704,41.730634,41.716646,73.795194,9.122129,1.00336,4.37362,4.57466,4.55932,1.04597,3.57466,0.04597,3.55932,1.475591,0.003359,3664320,16028600,16028600,0.0008,40000,174912,174912,0.954144,4.1590704,4.17306336,0.91221292,0,0.4383,策略间质量恒定（同一 survivor → 同一 artifact → 同一答案）
finproc|s50|r10|NESTED|w1|WORKLOAD,finproc,50,10,NESTED,1,WORKLOAD,10000,1,0.49972,9131,0.9131,2.993716,56.91,56.67,1.91596,9.533214,1.749816,1.925952,1.925952,1.749816,0.18355,0.91328,1.0,5.44812,1.09495,0.0,0.09495,4.44812,-0.090708,-1.695271,751080,3754274,685953,0.0008,10000,49972,9131,0.191596,0.9533214,0.17498163,0.17498163,0,0.9131,策略间质量恒定（同一 survivor → 同一 artifact → 同一答案）
finproc|s50|r10|NESTED|w1|CAP_10PCT,finproc,50,10,NESTED,1,CAP_10PCT,10000,1,0.49972,9131,0.9131,2.993716,56.91,56.67,1.91596,9.533214,9.558593,9.572452,11.298462,1.749816,1.00266,4.98893,5.46263,5.44812,1.09495,4.46263,0.09495,4.44812,1.607222,0.002659,751080,3754274,3748544,0.0008,10000,49972,49896,0.191596,0.9533214,0.95585928,0.17498163,48896,0.1,策略间质量恒定（同一 survivor → 同一 artifact → 同一答案）
finproc|s50|r10|NESTED|w1|CELL,finproc,50,10,NESTED,1,CELL,10000,1,0.49972,9131,0.9131,2.993716,56.91,56.67,1.91596,9.533214,9.573192,9.572452,11.298462,1.749816,1.00419,4.99655,5.47097,5.44812,1.09495,4.47097,0.09495,4.44812,1.608748,0.004185,751080,3754274,3754274,0.0008,10000,49972,49972,0.191596,0.9533214,0.95731916,0.17498163,0,0.9131,策略间质量恒定（同一 survivor → 同一 artifact → 同一答案）
finproc|s50|r10|NESTED|w2|WORKLOAD,finproc,50,10,NESTED,2,WORKLOAD,10000,2,0.49972,9131,0.9131,2.993716,56.91,56.67,4.49112,22.36378,4.101479,4.514735,4.514735,4.101479,0.1834,0.91324,1.0,5.45261,1.095,0.0,0.095,4.45261,-0.090755,-1.696095,1692160,8458016,1545395,0.0008,20000,99944,18262,0.449112,2.236378,0.41014786,0.41014786,0,0.9131,策略间质量恒定（同一 survivor → 同一 artifact → 同一答案）
finproc|s50|r10|NESTED|w2|CAP_10PCT,finproc,50,10,NESTED,2,CAP_10PCT,10000,2,0.49972,9131,0.9131,2.993716,56.91,56.67,4.49112,22.36378,22.411547,22.442257,26.489399,4.101479,1.00214,4.99019,5.46426,5.45261,1.095,4.46426,0.095,4.45261,1.607474,0.002134,1692160,8458016,8445391,0.0008,20000,99944,99776,0.449112,2.236378,2.24115468,0.41014786,97776,0.1,策略间质量恒定（同一 survivor → 同一 artifact → 同一答案）
finproc|s50|r10|NESTED|w2|CELL,finproc,50,10,NESTED,2,CELL,10000,2,0.49972,9131,0.9131,2.993716,56.91,56.67,4.49112,22.36378,22.443735,22.442257,26.489399,4.101479,1.00358,4.99736,5.47211,5.45261,1.095,4.47211,0.095,4.45261,1.608909,0.003569,1692160,8458016,8458016,0.0008,20000,99944,99944,0.449112,2.236378,2.24437352,0.41014786,0,0.9131,策略间质量恒定（同一 survivor → 同一 artifact → 同一答案）
finproc|s50|r10|NESTED|w4|WORKLOAD,finproc,50,10,NESTED,4,WORKLOAD,10000,4,0.49972,9131,0.9131,2.993716,56.91,56.67,9.54144,47.525192,8.713493,9.591749,9.591749,8.713493,0.18334,0.91323,1.0,5.45421,1.09502,0.0,0.09502,4.45421,-0.090772,-1.696387,3664320,18315248,3346458,0.0008,40000,199888,36524,0.954144,4.7525192,0.87134932,0.87134932,0,0.9131,策略间质量恒定（同一 survivor → 同一 artifact → 同一答案）
finproc|s50|r10|NESTED|w4|CAP_10PCT,finproc,50,10,NESTED,4,CAP_10PCT,10000,4,0.49972,9131,0.9131,2.993716,56.91,56.67,9.54144,47.525192,47.603693,47.682146,56.281382,8.713493,1.00165,4.98915,5.46322,5.45421,1.09502,4.46322,0.09502,4.45421,1.607266,0.00165,3664320,18315248,18281337,0.0008,40000,199888,199559,0.954144,4.7525192,4.76036927,0.87134932,195559,0.1,策略间质量恒定（同一 survivor → 同一 artifact → 同一答案）
finproc|s50|r10|NESTED|w4|CELL,finproc,50,10,NESTED,4,CELL,10000,4,0.49972,9131,0.9131,2.993716,56.91,56.67,9.54144,47.525192,47.685102,47.682146,56.281382,8.713493,1.00336,4.99768,5.47256,5.45421,1.09502,4.47256,0.09502,4.45421,1.608975,0.003359,3664320,18315248,18315248,0.0008,40000,199888,199888,0.954144,4.7525192,4.76851024,0.87134932,0,0.9131,策略间质量恒定（同一 survivor → 同一 artifact → 同一答案）
finproc|s50|r50|DISJOINT|w1|WORKLOAD,finproc,50,50,DISJOINT,1,WORKLOAD,10000,1,0.50102,10000,1.0,12.281205,56.91,56.84,1.91916,47.7843,1.91916,2.872504,2.872504,1.91916,0.04016,1.0,1.0,24.89855,1.0,0.0,0.0,23.89855,0.0,-3.21481,751080,18817302,751080,0.004,10000,250511,10000,0.0383832,0.95568599,0.0383832,0.0383832,0,1.0,策略间质量恒定（同一 survivor → 同一 artifact → 同一答案）
finproc|s50|r50|DISJOINT|w1|CAP_10PCT,finproc,50,50,DISJOINT,1,CAP_10PCT,10000,1,0.50102,10000,1.0,12.281205,56.91,56.84,1.91916,47.7843,47.984708,47.980708,91.93187,1.91916,1.00419,25.00297,25.00297,24.89855,1.0,24.00297,0.0,23.89855,3.218995,0.004185,751080,18817302,18817302,0.004,10000,250511,250511,0.0383832,0.95568599,0.95969417,0.0383832,249511,0.1,策略间质量恒定（同一 survivor → 同一 artifact → 同一答案）
finproc|s50|r50|DISJOINT|w1|CELL,finproc,50,50,DISJOINT,1,CELL,10000,1,0.50102,10000,1.0,12.281205,56.91,56.84,1.91916,47.7843,47.984708,47.980708,91.93187,1.91916,1.00419,25.00297,25.00297,24.89855,1.0,24.00297,0.0,23.89855,3.218995,0.004185,751080,18817302,18817302,0.004,10000,250511,250511,0.0383832,0.95568599,0.95969417,0.0383832,0,0.4965,策略间质量恒定（同一 survivor → 同一 artifact → 同一答案）
finproc|s50|r50|DISJOINT|w2|WORKLOAD,finproc,50,50,DISJOINT,2,WORKLOAD,10000,2,0.4994,10000,1.0,12.238868,56.91,56.9,4.49432,111.723001,4.49432,6.770056,6.770056,4.49432,0.04023,1.0,1.0,24.85871,1.0,0.0,0.0,23.85871,0.0,-3.213208,1692160,42250905,1692160,0.004,20000,499398,20000,0.0898864,2.23446002,0.0898864,0.0898864,0,1.0,策略间质量恒定（同一 survivor → 同一 artifact → 同一答案）
finproc|s50|r50|DISJOINT|w2|CAP_10PCT,finproc,50,50,DISJOINT,2,CAP_10PCT,10000,2,0.4994,10000,1.0,12.238868,56.91,56.9,4.49432,111.723001,112.122519,112.114385,217.801953,4.49432,1.00358,24.9476,24.9476,24.85871,1.0,23.9476,0.0,23.85871,3.216778,0.00357,1692160,42250905,42250905,0.004,20000,499398,499398,0.0898864,2.23446002,2.24245039,0.0898864,497398,0.1,策略间质量恒定（同一 survivor → 同一 artifact → 同一答案）
finproc|s50|r50|DISJOINT|w2|CELL,finproc,50,50,DISJOINT,2,CELL,10000,2,0.4994,10000,1.0,12.238868,56.91,56.9,4.49432,111.723001,112.122519,112.114385,217.801953,4.49432,1.00358,24.9476,24.9476,24.85871,1.0,23.9476,0.0,23.85871,3.216778,0.00357,1692160,42250905,42250905,0.004,20000,499398,499398,0.0898864,2.23446002,2.24245039,0.0898864,0,0.4864,策略间质量恒定（同一 survivor → 同一 artifact → 同一答案）
finproc|s50|r50|DISJOINT|w4|WORKLOAD,finproc,50,50,DISJOINT,4,WORKLOAD,10000,4,0.50085,10000,1.0,12.271888,56.91,56.9,9.54464,238.127226,9.54464,14.324936,14.324936,9.54464,0.04008,1.0,1.0,24.94879,1.0,0.0,0.0,23.94879,0.0,-3.216825,3664320,91765070,3664320,0.004,40000,1001708,40000,0.1908928,4.76254452,0.1908928,0.1908928,0,1.0,策略间质量恒定（同一 survivor → 同一 artifact → 同一答案）
finproc|s50|r50|DISJOINT|w4|CAP_10PCT,finproc,50,50,DISJOINT,4,CAP_10PCT,10000,4,0.50085,10000,1.0,12.271888,56.91,56.9,9.54464,238.127226,238.928592,238.912503,462.735071,9.54464,1.00337,25.03275,25.03275,24.94879,1.0,24.03275,0.0,23.94879,3.220185,0.00336,3664320,91765070,91765070,0.004,40000,1001708,1001708,0.1908928,4.76254452,4.77857185,0.1908928,997708,0.1,策略间质量恒定（同一 survivor → 同一 artifact → 同一答案）
finproc|s50|r50|DISJOINT|w4|CELL,finproc,50,50,DISJOINT,4,CELL,10000,4,0.50085,10000,1.0,12.271888,56.91,56.9,9.54464,238.127226,238.928592,238.912503,462.735071,9.54464,1.00337,25.03275,25.03275,24.94879,1.0,24.03275,0.0,23.94879,3.220185,0.00336,3664320,91765070,91765070,0.004,40000,1001708,1001708,0.1908928,4.76254452,4.77857185,0.1908928,0,0.5019,策略间质量恒定（同一 survivor → 同一 artifact → 同一答案）
finproc|s50|r50|OVERLAP|w1|WORKLOAD,finproc,50,50,OVERLAP,1,WORKLOAD,10000,1,0.43693,10000,1.0,16.601327,56.91,56.97,1.91916,41.678919,1.91916,2.744264,2.744264,1.91916,0.04605,1.0,1.0,21.71727,1.0,0.0,0.0,20.71727,0.0,-3.078108,751080,16413503,751080,0.004,10000,218467,10000,0.0383832,0.83357839,0.0383832,0.0383832,0,1.0,策略间质量恒定（同一 survivor → 同一 artifact → 同一答案）
finproc|s50|r50|OVERLAP|w1|CAP_10PCT,finproc,50,50,OVERLAP,1,CAP_10PCT,10000,1,0.43693,10000,1.0,16.601327,56.91,56.97,1.91916,41.678919,41.853693,41.850233,91.42241,1.91916,1.00419,21.80834,21.80834,21.71727,1.0,20.80834,0.0,20.71727,3.082292,0.004185,751080,16413503,16413503,0.004,10000,218467,218467,0.0383832,0.83357839,0.83707386,0.0383832,217467,0.1,策略间质量恒定（同一 survivor → 同一 artifact → 同一答案）
finproc|s50|r50|OVERLAP|w1|CELL,finproc,50,50,OVERLAP,1,CELL,10000,1,0.43693,10000,1.0,16.601327,56.91,56.97,1.91916,41.678919,41.853693,41.850233,91.42241,1.91916,1.00419,21.80834,21.80834,21.71727,1.0,20.80834,0.0,20.71727,3.082292,0.004185,751080,16413503,16413503,0.004,10000,218467,218467,0.0383832,0.83357839,0.83707386,0.0383832,0,0.4387,策略间质量恒定（同一 survivor → 同一 artifact → 同一答案）
finproc|s50|r50|OVERLAP|w2|WORKLOAD,finproc,50,50,OVERLAP,2,WORKLOAD,10000,2,0.43779,10000,1.0,16.595219,56.91,56.82,4.49432,97.9599,4.49432,6.463703,6.463703,4.49432,0.04588,1.0,1.0,21.79638,1.0,0.0,0.0,20.79638,0.0,-3.081744,1692160,37048118,1692160,0.004,20000,437792,20000,0.0898864,1.959198,0.0898864,0.0898864,0,1.0,策略间质量恒定（同一 survivor → 同一 artifact → 同一答案）
finproc|s50|r50|OVERLAP|w2|CAP_10PCT,finproc,50,50,OVERLAP,2,CAP_10PCT,10000,2,0.43779,10000,1.0,16.595219,56.91,56.82,4.49432,97.9599,98.310134,98.303092,214.492753,4.49432,1.00358,21.87431,21.87431,21.79638,1.0,20.87431,0.0,20.79638,3.085313,0.003569,1692160,37048118,37048118,0.004,20000,437792,437792,0.0898864,1.959198,1.96620267,0.0898864,435792,0.1,策略间质量恒定（同一 survivor → 同一 artifact → 同一答案）
finproc|s50|r50|OVERLAP|w2|CELL,finproc,50,50,OVERLAP,2,CELL,10000,2,0.43779,10000,1.0,16.595219,56.91,56.82,4.49432,97.9599,98.310134,98.303092,214.492753,4.49432,1.00358,21.87431,21.87431,21.79638,1.0,20.87431,0.0,20.79638,3.085313,0.003569,1692160,37048118,37048118,0.004,20000,437792,437792,0.0898864,1.959198,1.96620267,0.0898864,0,0.4438,策略间质量恒定（同一 survivor → 同一 artifact → 同一答案）
finproc|s50|r50|OVERLAP|w4|WORKLOAD,finproc,50,50,OVERLAP,4,WORKLOAD,10000,4,0.43692,10000,1.0,16.600029,56.91,56.96,9.54464,207.758798,9.54464,13.70277,13.70277,9.54464,0.04594,1.0,1.0,21.76706,1.0,0.0,0.0,20.76706,0.0,-3.080398,3664320,80065150,3664320,0.004,40000,873844,40000,0.1908928,4.15517596,0.1908928,0.1908928,0,1.0,策略间质量恒定（同一 survivor → 同一 artifact → 同一答案）
finproc|s50|r50|OVERLAP|w4|CAP_10PCT,finproc,50,50,OVERLAP,4,CAP_10PCT,10000,4,0.43692,10000,1.0,16.600029,56.91,56.96,9.54464,207.758798,208.457873,208.443886,455.423994,9.54464,1.00336,21.84031,21.84031,21.76706,1.0,20.84031,0.0,20.76706,3.083757,0.003359,3664320,80065150,80065150,0.004,40000,873844,873844,0.1908928,4.15517596,4.16915746,0.1908928,869844,0.1,策略间质量恒定（同一 survivor → 同一 artifact → 同一答案）
finproc|s50|r50|OVERLAP|w4|CELL,finproc,50,50,OVERLAP,4,CELL,10000,4,0.43692,10000,1.0,16.600029,56.91,56.96,9.54464,207.758798,208.457873,208.443886,455.423994,9.54464,1.00336,21.84031,21.84031,21.76706,1.0,20.84031,0.0,20.76706,3.083757,0.003359,3664320,80065150,80065150,0.004,40000,873844,873844,0.1908928,4.15517596,4.16915746,0.1908928,0,0.4344,策略间质量恒定（同一 survivor → 同一 artifact → 同一答案）
finproc|s50|r50|NESTED|w1|WORKLOAD,finproc,50,50,NESTED,1,WORKLOAD,10000,1,0.49959,9812,0.9812,16.298159,56.91,57.32,1.91916,47.654578,1.883284,1.922735,1.958611,1.883284,0.03952,0.98131,1.0,25.30398,1.01905,0.0,0.01905,24.30398,-0.018871,-3.230962,751080,18766920,737024,0.004,10000,249796,9812,0.0383832,0.95309156,0.03766567,0.03766567,0,0.9812,策略间质量恒定（同一 survivor → 同一 artifact → 同一答案）
finproc|s50|r50|NESTED|w1|CAP_10PCT,finproc,50,50,NESTED,1,CAP_10PCT,10000,1,0.49959,9812,0.9812,16.298159,56.91,57.32,1.91916,47.654578,47.445059,47.48451,73.923192,1.883284,0.9956,24.72178,25.19273,25.30398,1.01905,24.19273,0.01905,24.30398,3.207685,-0.004406,751080,18766920,18606309,0.004,10000,249796,247662,0.0383832,0.95309156,0.94890117,0.03766567,246662,0.1,策略间质量恒定（同一 survivor → 同一 artifact → 同一答案）
finproc|s50|r50|NESTED|w1|CELL,finproc,50,50,NESTED,1,CELL,10000,1,0.49959,9812,0.9812,16.298159,56.91,57.32,1.91916,47.654578,47.854415,47.85425,74.292932,1.883284,1.00419,24.93508,25.41009,25.30398,1.01905,24.41009,0.01905,24.30398,3.216276,0.004185,751080,18766920,18766920,0.004,10000,249796,249796,0.0383832,0.95309156,0.9570883,0.03766567,0,0.9812,策略间质量恒定（同一 survivor → 同一 artifact → 同一答案）
finproc|s50|r50|NESTED|w2|WORKLOAD,finproc,50,50,NESTED,2,WORKLOAD,10000,2,0.49959,9812,0.9812,16.298159,56.91,57.32,4.49432,111.791692,4.410159,4.502657,4.586818,4.410159,0.03945,0.98127,1.0,25.34867,1.01908,0.0,0.01908,24.34867,-0.018904,-3.232726,1692160,42279964,1660476,0.004,20000,499592,19624,0.0898864,2.23583384,0.08820318,0.08820318,0,0.9812,策略间质量恒定（同一 survivor → 同一 artifact → 同一答案）
finproc|s50|r50|NESTED|w2|CAP_10PCT,finproc,50,50,NESTED,2,CAP_10PCT,10000,2,0.49959,9812,0.9812,16.298159,56.91,57.32,4.49432,111.791692,111.239526,111.332024,173.323395,4.410159,0.99506,24.75114,25.22347,25.34867,1.01908,24.22347,0.01908,24.34867,3.208871,-0.004951,1692160,42279964,41920516,0.004,20000,499592,495328,0.0898864,2.23583384,2.22479053,0.08820318,493328,0.1,策略间质量恒定（同一 survivor → 同一 artifact → 同一答案）
finproc|s50|r50|NESTED|w2|CELL,finproc,50,50,NESTED,2,CELL,10000,2,0.49959,9812,0.9812,16.298159,56.91,57.32,4.49432,111.791692,112.191366,112.191036,174.182407,4.410159,1.00358,24.96292,25.4393,25.34867,1.01908,24.4393,0.01908,24.34867,3.217392,0.003569,1692160,42279964,42279964,0.004,20000,499592,499592,0.0898864,2.23583384,2.24382731,0.08820318,0,0.9812,策略间质量恒定（同一 survivor → 同一 artifact → 同一答案）
finproc|s50|r50|NESTED|w4|WORKLOAD,finproc,50,50,NESTED,4,WORKLOAD,10000,4,0.49959,9812,0.9812,16.298159,56.91,57.32,9.54464,237.56796,9.36579,9.562322,9.741172,9.36579,0.03942,0.98126,1.0,25.3655,1.0191,0.0,0.0191,24.3655,-0.018916,-3.23339,3664320,91554216,3595688,0.004,40000,999184,39248,0.1908928,4.7513592,0.18731581,0.18731581,0,0.9812,策略间质量恒定（同一 survivor → 同一 artifact → 同一答案）
finproc|s50|r50|NESTED|w4|CAP_10PCT,finproc,50,50,NESTED,4,CAP_10PCT,10000,4,0.49959,9812,0.9812,16.298159,56.91,57.32,9.54464,237.56796,236.321451,236.517983,368.23382,9.36579,0.99475,24.7596,25.23241,25.3655,1.0191,24.23241,0.0191,24.3655,3.209213,-0.005261,3664320,91554216,90764706,0.004,40000,999184,990633,0.1908928,4.7513592,4.72642902,0.18731581,986633,0.1,策略间质量恒定（同一 survivor → 同一 artifact → 同一答案）
finproc|s50|r50|NESTED|w4|CELL,finproc,50,50,NESTED,4,CELL,10000,4,0.49959,9812,0.9812,16.298159,56.91,57.32,9.54464,237.56796,238.367307,238.366648,370.082485,9.36579,1.00336,24.97394,25.45085,25.3655,1.0191,24.45085,0.0191,24.3655,3.217833,0.003359,3664320,91554216,91554216,0.004,40000,999184,999184,0.1908928,4.7513592,4.76734614,0.18731581,0,0.9812,策略间质量恒定（同一 survivor → 同一 artifact → 同一答案）
finproc|s50|r100|DISJOINT|w1|WORKLOAD,finproc,50,100,DISJOINT,1,WORKLOAD,10000,1,0.49983,10000,1.0,24.746145,56.91,56.84,1.92316,95.33668,1.92316,2.876504,2.876504,1.92316,0.02017,1.0,1.0,49.57293,1.0,0.0,0.0,48.57293,0.0,-3.903445,751080,37542823,751080,0.008,10000,499828,10000,0.0192316,0.9533668,0.0192316,0.0192316,0,1.0,策略间质量恒定（同一 survivor → 同一 artifact → 同一答案）
finproc|s50|r100|DISJOINT|w1|CAP_10PCT,finproc,50,100,DISJOINT,1,CAP_10PCT,10000,1,0.49983,10000,1.0,24.746145,56.91,56.84,1.92316,95.33668,95.736542,95.732542,187.69387,1.92316,1.00419,49.78085,49.78085,49.57293,1.0,48.78085,0.0,48.57293,3.90763,0.004185,751080,37542823,37542823,0.008,10000,499828,499828,0.0192316,0.9533668,0.95736542,0.0192316,498828,0.1,策略间质量恒定（同一 survivor → 同一 artifact → 同一答案）
finproc|s50|r100|DISJOINT|w1|CELL,finproc,50,100,DISJOINT,1,CELL,10000,1,0.49983,10000,1.0,24.746145,56.91,56.84,1.92316,95.33668,95.736542,95.732542,187.69387,1.92316,1.00419,49.78085,49.78085,49.57293,1.0,48.78085,0.0,48.57293,3.90763,0.004185,751080,37542823,37542823,0.008,10000,499828,499828,0.0192316,0.9533668,0.95736542,0.0192316,0,0.4954,策略间质量恒定（同一 survivor → 同一 artifact → 同一答案）
finproc|s50|r100|DISJOINT|w2|WORKLOAD,finproc,50,100,DISJOINT,2,WORKLOAD,10000,2,0.49961,10000,1.0,24.73553,56.91,56.9,4.49832,223.550082,4.49832,6.774056,6.774056,4.49832,0.02012,1.0,1.0,49.69635,1.0,0.0,0.0,48.69635,0.0,-3.905931,1692160,84542296,1692160,0.008,20000,999220,20000,0.0449832,2.23550082,0.0449832,0.0449832,0,1.0,策略间质量恒定（同一 survivor → 同一 artifact → 同一答案）
finproc|s50|r100|DISJOINT|w2|CAP_10PCT,finproc,50,100,DISJOINT,2,CAP_10PCT,10000,2,0.49961,10000,1.0,24.73553,56.91,56.9,4.49832,223.550082,224.349458,224.341324,442.321953,4.49832,1.00358,49.87405,49.87405,49.69635,1.0,48.87405,0.0,48.69635,3.909501,0.003569,1692160,84542296,84542296,0.008,20000,999220,999220,0.0449832,2.23550082,2.24349458,0.0449832,997220,0.1,策略间质量恒定（同一 survivor → 同一 artifact → 同一答案）
finproc|s50|r100|DISJOINT|w2|CELL,finproc,50,100,DISJOINT,2,CELL,10000,2,0.49961,10000,1.0,24.73553,56.91,56.9,4.49832,223.550082,224.349458,224.341324,442.321953,4.49832,1.00358,49.87405,49.87405,49.69635,1.0,48.87405,0.0,48.69635,3.909501,0.003569,1692160,84542296,84542296,0.008,20000,999220,999220,0.0449832,2.23550082,2.24349458,0.0449832,0,0.5026,策略间质量恒定（同一 survivor → 同一 artifact → 同一答案）
finproc|s50|r100|DISJOINT|w4|WORKLOAD,finproc,50,100,DISJOINT,4,WORKLOAD,10000,4,0.49969,10000,1.0,24.732908,56.91,56.9,9.54864,475.145054,9.54864,14.328936,14.328936,9.54864,0.0201,1.0,1.0,49.7605,1.0,0.0,0.0,48.7605,0.0,-3.907221,3664320,183101990,3664320,0.008,40000,1998772,40000,0.0954864,4.75145054,0.0954864,0.0954864,0,1.0,策略间质量恒定（同一 survivor → 同一 artifact → 同一答案）
finproc|s50|r100|DISJOINT|w4|CAP_10PCT,finproc,50,100,DISJOINT,4,CAP_10PCT,10000,4,0.49969,10000,1.0,24.732908,56.91,56.9,9.54864,475.145054,476.744072,476.727982,939.771071,9.54864,1.00337,49.92796,49.92796,49.7605,1.0,48.92796,0.0,48.7605,3.910581,0.00336,3664320,183101990,183101990,0.008,40000,1998772,1998772,0.0954864,4.75145054,4.76744072,0.0954864,1994772,0.1,策略间质量恒定（同一 survivor → 同一 artifact → 同一答案）
finproc|s50|r100|DISJOINT|w4|CELL,finproc,50,100,DISJOINT,4,CELL,10000,4,0.49969,10000,1.0,24.732908,56.91,56.9,9.54864,475.145054,476.744072,476.727982,939.771071,9.54864,1.00337,49.92796,49.92796,49.7605,1.0,48.92796,0.0,48.7605,3.910581,0.00336,3664320,183101990,183101990,0.008,40000,1998772,1998772,0.0954864,4.75145054,4.76744072,0.0954864,0,0.4949,策略间质量恒定（同一 survivor → 同一 artifact → 同一答案）
finproc|s50|r100|OVERLAP|w1|WORKLOAD,finproc,50,100,OVERLAP,1,WORKLOAD,10000,1,0.43707,10000,1.0,33.537408,56.91,56.97,1.92316,83.38177,1.92316,2.748264,2.748264,1.92316,0.02306,1.0,1.0,43.35665,1.0,0.0,0.0,42.35665,0.0,-3.76946,751080,32836177,751080,0.008,10000,437072,10000,0.0192316,0.8338177,0.0192316,0.0192316,0,1.0,策略间质量恒定（同一 survivor → 同一 artifact → 同一答案）
finproc|s50|r100|OVERLAP|w1|CAP_10PCT,finproc,50,100,OVERLAP,1,CAP_10PCT,10000,1,0.43707,10000,1.0,33.537408,56.91,56.97,1.92316,83.38177,83.731428,83.727968,187.18441,1.92316,1.00419,43.53846,43.53846,43.35665,1.0,42.53846,0.0,42.35665,3.773645,0.004185,751080,32836177,32836177,0.008,10000,437072,437072,0.0192316,0.8338177,0.83731428,0.0192316,436072,0.1,策略间质量恒定（同一 survivor → 同一 artifact → 同一答案）
finproc|s50|r100|OVERLAP|w1|CELL,finproc,50,100,OVERLAP,1,CELL,10000,1,0.43707,10000,1.0,33.537408,56.91,56.97,1.92316,83.38177,83.731428,83.727968,187.18441,1.92316,1.00419,43.53846,43.53846,43.35665,1.0,42.53846,0.0,42.35665,3.773645,0.004185,751080,32836177,32836177,0.008,10000,437072,437072,0.0192316,0.8338177,0.83731428,0.0192316,0,0.429,策略间质量恒定（同一 survivor → 同一 artifact → 同一答案）
finproc|s50|r100|OVERLAP|w2|WORKLOAD,finproc,50,100,OVERLAP,2,WORKLOAD,10000,2,0.43726,10000,1.0,33.540697,56.91,56.82,4.49832,195.678976,4.49832,6.467703,6.467703,4.49832,0.02299,1.0,1.0,43.50046,1.0,0.0,0.0,42.50046,0.0,-3.772771,1692160,74005036,1692160,0.008,20000,874512,20000,0.0449832,1.95678976,0.0449832,0.0449832,0,1.0,策略间质量恒定（同一 survivor → 同一 artifact → 同一答案）
finproc|s50|r100|OVERLAP|w2|CAP_10PCT,finproc,50,100,OVERLAP,2,CAP_10PCT,10000,2,0.43726,10000,1.0,33.540697,56.91,56.82,4.49832,195.678976,196.378586,196.371544,439.012753,4.49832,1.00358,43.65598,43.65598,43.50046,1.0,42.65598,0.0,42.50046,3.77634,0.003569,1692160,74005036,74005036,0.008,20000,874512,874512,0.0449832,1.95678976,1.96378586,0.0449832,872512,0.1,策略间质量恒定（同一 survivor → 同一 artifact → 同一答案）
finproc|s50|r100|OVERLAP|w2|CELL,finproc,50,100,OVERLAP,2,CELL,10000,2,0.43726,10000,1.0,33.540697,56.91,56.82,4.49832,195.678976,196.378586,196.371544,439.012753,4.49832,1.00358,43.65598,43.65598,43.50046,1.0,42.65598,0.0,42.50046,3.77634,0.003569,1692160,74005036,74005036,0.008,20000,874512,874512,0.0449832,1.95678976,1.96378586,0.0449832,0,0.4359,策略间质量恒定（同一 survivor → 同一 artifact → 同一答案）
finproc|s50|r100|OVERLAP|w4|WORKLOAD,finproc,50,100,OVERLAP,4,WORKLOAD,10000,4,0.43675,10000,1.0,33.544476,56.91,56.96,9.54864,415.360548,9.54864,13.70677,13.70677,9.54864,0.02299,1.0,1.0,43.49945,1.0,0.0,0.0,42.49945,0.0,-3.772748,3664320,160070088,3664320,0.008,40000,1747016,40000,0.0954864,4.15360548,0.0954864,0.0954864,0,1.0,策略间质量恒定（同一 survivor → 同一 artifact → 同一答案）
finproc|s50|r100|OVERLAP|w4|CAP_10PCT,finproc,50,100,OVERLAP,4,CAP_10PCT,10000,4,0.43675,10000,1.0,33.544476,56.91,56.96,9.54864,415.360548,416.758161,416.744174,932.459994,9.54864,1.00336,43.64581,43.64581,43.49945,1.0,42.64581,0.0,42.49945,3.776107,0.003359,3664320,160070088,160070088,0.008,40000,1747016,1747016,0.0954864,4.15360548,4.16758161,0.0954864,1743016,0.1,策略间质量恒定（同一 survivor → 同一 artifact → 同一答案）
finproc|s50|r100|OVERLAP|w4|CELL,finproc,50,100,OVERLAP,4,CELL,10000,4,0.43675,10000,1.0,33.544476,56.91,56.96,9.54864,415.360548,416.758161,416.744174,932.459994,9.54864,1.00336,43.64581,43.64581,43.49945,1.0,42.64581,0.0,42.49945,3.776107,0.003359,3664320,160070088,160070088,0.008,40000,1747016,1747016,0.0954864,4.15360548,4.16758161,0.0954864,0,0.4393,策略间质量恒定（同一 survivor → 同一 artifact → 同一答案）
finproc|s50|r100|NESTED|w1|WORKLOAD,finproc,50,100,NESTED,1,WORKLOAD,10000,1,0.49964,9897,0.9897,32.938124,56.91,57.07,1.92316,95.319318,1.903548,1.922123,1.941734,1.903548,0.01997,0.9898,1.0,50.07455,1.0103,0.0,0.0103,49.07455,-0.01025,-3.913513,751080,37537929,743401,0.008,10000,499641,9897,0.0192316,0.95319318,0.01903548,0.01903548,0,0.9897,策略间质量恒定（同一 survivor → 同一 artifact → 同一答案）
finproc|s50|r100|NESTED|w1|CAP_10PCT,finproc,50,100,NESTED,1,CAP_10PCT,10000,1,0.49964,9897,0.9897,32.938124,56.91,57.07,1.92316,95.319318,94.815282,94.833857,161.022875,1.903548,0.99471,49.30182,49.80976,50.07455,1.0103,48.80976,0.0103,49.07455,3.897961,-0.005302,751080,37537929,37183378,0.008,10000,499641,494928,0.0192316,0.95319318,0.94815282,0.01903548,493928,0.1,策略间质量恒定（同一 survivor → 同一 artifact → 同一答案）
finproc|s50|r100|NESTED|w1|CELL,finproc,50,100,NESTED,1,CELL,10000,1,0.49964,9897,0.9897,32.938124,56.91,57.07,1.92316,95.319318,95.719031,95.718954,161.907972,1.903548,1.00419,49.77175,50.28454,50.07455,1.0103,49.28454,0.0103,49.07455,3.907447,0.004185,751080,37537929,37537929,0.008,10000,499641,499641,0.0192316,0.95319318,0.95719031,0.01903548,0,0.9897,策略间质量恒定（同一 survivor → 同一 artifact → 同一答案）
finproc|s50|r100|NESTED|w2|WORKLOAD,finproc,50,100,NESTED,2,WORKLOAD,10000,2,0.49964,9897,0.9897,32.938124,56.91,57.07,4.49832,223.606943,4.452298,4.495849,4.541871,4.452298,0.01991,0.98977,1.0,50.22281,1.01034,0.0,0.01034,49.22281,-0.010284,-3.916469,1692160,84569037,1674845,0.008,20000,999282,19794,0.0449832,2.23606943,0.04452298,0.04452298,0,0.9897,策略间质量恒定（同一 survivor → 同一 artifact → 同一答案）
finproc|s50|r100|NESTED|w2|CAP_10PCT,finproc,50,100,NESTED,2,CAP_10PCT,10000,2,0.49964,9897,0.9897,32.938124,56.91,57.07,4.49832,223.606943,222.303326,222.346877,377.541246,4.452298,0.99417,49.41919,49.93002,50.22281,1.01034,48.93002,0.01034,49.22281,3.900339,-0.005847,1692160,84569037,83775752,0.008,20000,999282,989900,0.0449832,2.23606943,2.22303326,0.04452298,987900,0.1,策略间质量恒定（同一 survivor → 同一 artifact → 同一答案）
finproc|s50|r100|NESTED|w2|CELL,finproc,50,100,NESTED,2,CELL,10000,2,0.49964,9897,0.9897,32.938124,56.91,57.07,4.49832,223.606943,224.406369,224.406213,379.600583,4.452298,1.00358,49.88671,50.40237,50.22281,1.01034,49.40237,0.01034,49.22281,3.909755,0.003569,1692160,84569037,84569037,0.008,20000,999282,999282,0.0449832,2.23606943,2.24406369,0.04452298,0,0.9897,策略间质量恒定（同一 survivor → 同一 artifact → 同一答案）
finproc|s50|r100|NESTED|w4|WORKLOAD,finproc,50,100,NESTED,4,WORKLOAD,10000,4,0.49964,9897,0.9897,32.938124,56.91,57.07,9.54864,475.185782,9.450828,9.543362,9.641174,9.450828,0.01989,0.98976,1.0,50.2798,1.01035,0.0,0.01035,49.2798,-0.010296,-3.917603,3664320,183128022,3626806,0.008,40000,1998564,39588,0.0954864,4.75185782,0.09450828,0.09450828,0,0.9897,策略间质量恒定（同一 survivor → 同一 artifact → 同一答案）
finproc|s50|r100|NESTED|w4|CAP_10PCT,finproc,50,100,NESTED,4,CAP_10PCT,10000,4,0.49964,9897,0.9897,32.938124,56.91,57.07,9.54864,475.185782,472.297574,472.390108,802.138158,9.450828,0.99392,49.46229,49.9742,50.2798,1.01035,48.9742,0.01035,49.2798,3.901211,-0.006097,3664320,183128022,181401316,0.008,40000,1998564,1979783,0.0954864,4.75185782,4.72297574,0.09450828,1975783,0.1,策略间质量恒定（同一 survivor → 同一 artifact → 同一答案）
finproc|s50|r100|NESTED|w4|CELL,finproc,50,100,NESTED,4,CELL,10000,4,0.49964,9897,0.9897,32.938124,56.91,57.07,9.54864,475.185782,476.784633,476.784323,806.532373,9.450828,1.00336,49.9322,50.44898,50.2798,1.01035,49.44898,0.01035,49.2798,3.910666,0.003359,3664320,183128022,183128022,0.008,40000,1998564,1998564,0.0954864,4.75185782,4.76784633,0.09450828,0,0.9897,策略间质量恒定（同一 survivor → 同一 artifact → 同一答案）
finproc|s75|r1|DISJOINT|w1|WORKLOAD,finproc,75,1,DISJOINT,1,WORKLOAD,10000,1,0.7464,7464,0.7464,0.0,56.91,56.88,1.91524,1.423178,1.429149,1.423178,1.423178,1.423178,1.0042,0.7462,1.0042,1.0,1.34575,0.0042,0.34575,0.0,-0.292764,0.004187,751080,560403,560403,8e-05,10000,7464,7464,1.91524,1.423178,1.4291492,1.423178,0,0.7464,策略间质量恒定（同一 survivor → 同一 artifact → 同一答案）
finproc|s75|r1|DISJOINT|w1|CAP_10PCT,finproc,75,1,DISJOINT,1,CAP_10PCT,10000,1,0.7464,7464,0.7464,0.0,56.91,56.88,1.91524,1.423178,1.429149,1.423178,1.423178,1.423178,1.0042,0.7462,1.0042,1.0,1.34575,0.0042,0.34575,0.0,-0.292764,0.004187,751080,560403,560403,8e-05,10000,7464,7464,1.91524,1.423178,1.4291492,1.423178,6464,0.1,策略间质量恒定（同一 survivor → 同一 artifact → 同一答案）
finproc|s75|r1|DISJOINT|w1|CELL,finproc,75,1,DISJOINT,1,CELL,10000,1,0.7464,7464,0.7464,0.0,56.91,56.88,1.91524,1.423178,1.429149,1.423178,1.423178,1.423178,1.0042,0.7462,1.0042,1.0,1.34575,0.0042,0.34575,0.0,-0.292764,0.004187,751080,560403,560403,8e-05,10000,7464,7464,1.91524,1.423178,1.4291492,1.423178,0,0.7464,策略间质量恒定（同一 survivor → 同一 artifact → 同一答案）
finproc|s75|r1|DISJOINT|w2|WORKLOAD,finproc,75,1,DISJOINT,2,WORKLOAD,10000,2,0.7502,7502,0.7502,0.0,56.91,56.93,4.4904,3.35649,3.368493,3.35649,3.368493,3.35649,1.00358,0.75015,1.00358,1.0,1.33783,0.00358,0.33783,0.0,-0.287476,0.00357,1692160,1269346,1269346,8e-05,20000,15004,15004,4.4904,3.35649,3.3684932,3.35649,0,0.7502,策略间质量恒定（同一 survivor → 同一 artifact → 同一答案）
finproc|s75|r1|DISJOINT|w2|CAP_10PCT,finproc,75,1,DISJOINT,2,CAP_10PCT,10000,2,0.7502,7502,0.7502,0.0,56.91,56.93,4.4904,3.35649,3.368493,3.35649,3.368493,3.35649,1.00358,0.75015,1.00358,1.0,1.33783,0.00358,0.33783,0.0,-0.287476,0.00357,1692160,1269346,1269346,8e-05,20000,15004,15004,4.4904,3.35649,3.3684932,3.35649,13004,0.1,策略间质量恒定（同一 survivor → 同一 artifact → 同一答案）
finproc|s75|r1|DISJOINT|w2|CELL,finproc,75,1,DISJOINT,2,CELL,10000,2,0.7502,7502,0.7502,0.0,56.91,56.93,4.4904,3.35649,3.368493,3.35649,3.368493,3.35649,1.00358,0.75015,1.00358,1.0,1.33783,0.00358,0.33783,0.0,-0.287476,0.00357,1692160,1269346,1269346,8e-05,20000,15004,15004,4.4904,3.35649,3.3684932,3.35649,0,0.7502,策略间质量恒定（同一 survivor → 同一 artifact → 同一答案）
finproc|s75|r1|DISJOINT|w4|WORKLOAD,finproc,75,1,DISJOINT,4,WORKLOAD,10000,4,0.7499,7499,0.7499,0.0,56.91,56.93,9.54072,7.132514,7.156511,7.132514,7.132514,7.132514,1.00336,0.7501,1.00336,1.0,1.33764,0.00336,0.33764,0.0,-0.287546,0.003359,3664320,2748826,2748826,8e-05,40000,29996,29996,9.54072,7.132514,7.1565108,7.132514,0,0.7499,策略间质量恒定（同一 survivor → 同一 artifact → 同一答案）
finproc|s75|r1|DISJOINT|w4|CAP_10PCT,finproc,75,1,DISJOINT,4,CAP_10PCT,10000,4,0.7499,7499,0.7499,0.0,56.91,56.93,9.54072,7.132514,7.156511,7.132514,7.132514,7.132514,1.00336,0.7501,1.00336,1.0,1.33764,0.00336,0.33764,0.0,-0.287546,0.003359,3664320,2748826,2748826,8e-05,40000,29996,29996,9.54072,7.132514,7.1565108,7.132514,25996,0.1,策略间质量恒定（同一 survivor → 同一 artifact → 同一答案）
finproc|s75|r1|DISJOINT|w4|CELL,finproc,75,1,DISJOINT,4,CELL,10000,4,0.7499,7499,0.7499,0.0,56.91,56.93,9.54072,7.132514,7.156511,7.132514,7.132514,7.132514,1.00336,0.7501,1.00336,1.0,1.33764,0.00336,0.33764,0.0,-0.287546,0.003359,3664320,2748826,2748826,8e-05,40000,29996,29996,9.54072,7.132514,7.1565108,7.132514,0,0.7499,策略间质量恒定（同一 survivor → 同一 artifact → 同一答案）
finproc|s75|r1|OVERLAP|w1|WORKLOAD,finproc,75,1,OVERLAP,1,WORKLOAD,10000,1,0.6064,6064,0.6064,0.0,56.91,56.88,1.91524,1.156224,1.161075,1.156224,1.156224,1.156224,1.0042,0.60623,1.0042,1.0,1.65646,0.0042,0.65646,0.0,-0.500496,0.004187,751080,455276,455276,8e-05,10000,6064,6064,1.91524,1.156224,1.1610752,1.156224,0,0.6064,策略间质量恒定（同一 survivor → 同一 artifact → 同一答案）
finproc|s75|r1|OVERLAP|w1|CAP_10PCT,finproc,75,1,OVERLAP,1,CAP_10PCT,10000,1,0.6064,6064,0.6064,0.0,56.91,56.88,1.91524,1.156224,1.161075,1.156224,1.156224,1.156224,1.0042,0.60623,1.0042,1.0,1.65646,0.0042,0.65646,0.0,-0.500496,0.004187,751080,455276,455276,8e-05,10000,6064,6064,1.91524,1.156224,1.1610752,1.156224,5064,0.1,策略间质量恒定（同一 survivor → 同一 artifact → 同一答案）
finproc|s75|r1|OVERLAP|w1|CELL,finproc,75,1,OVERLAP,1,CELL,10000,1,0.6064,6064,0.6064,0.0,56.91,56.88,1.91524,1.156224,1.161075,1.156224,1.156224,1.156224,1.0042,0.60623,1.0042,1.0,1.65646,0.0042,0.65646,0.0,-0.500496,0.004187,751080,455276,455276,8e-05,10000,6064,6064,1.91524,1.156224,1.1610752,1.156224,0,0.6064,策略间质量恒定（同一 survivor → 同一 artifact → 同一答案）
finproc|s75|r1|OVERLAP|w2|WORKLOAD,finproc,75,1,OVERLAP,2,WORKLOAD,10000,2,0.6032,6032,0.6032,0.0,56.91,56.87,4.4904,2.699348,2.708999,2.699348,2.699348,2.699348,1.00358,0.60329,1.00358,1.0,1.66351,0.00358,0.66351,0.0,-0.505363,0.003569,1692160,1020890,1020890,8e-05,20000,12064,12064,4.4904,2.699348,2.7089992,2.699348,0,0.6032,策略间质量恒定（同一 survivor → 同一 artifact → 同一答案）
finproc|s75|r1|OVERLAP|w2|CAP_10PCT,finproc,75,1,OVERLAP,2,CAP_10PCT,10000,2,0.6032,6032,0.6032,0.0,56.91,56.87,4.4904,2.699348,2.708999,2.699348,2.699348,2.699348,1.00358,0.60329,1.00358,1.0,1.66351,0.00358,0.66351,0.0,-0.505363,0.003569,1692160,1020890,1020890,8e-05,20000,12064,12064,4.4904,2.699348,2.7089992,2.699348,10064,0.1,策略间质量恒定（同一 survivor → 同一 artifact → 同一答案）
finproc|s75|r1|OVERLAP|w2|CELL,finproc,75,1,OVERLAP,2,CELL,10000,2,0.6032,6032,0.6032,0.0,56.91,56.87,4.4904,2.699348,2.708999,2.699348,2.699348,2.699348,1.00358,0.60329,1.00358,1.0,1.66351,0.00358,0.66351,0.0,-0.505363,0.003569,1692160,1020890,1020890,8e-05,20000,12064,12064,4.4904,2.699348,2.7089992,2.699348,0,0.6032,策略间质量恒定（同一 survivor → 同一 artifact → 同一答案）
finproc|s75|r1|OVERLAP|w4|WORKLOAD,finproc,75,1,OVERLAP,4,WORKLOAD,10000,4,0.6044,6044,0.6044,0.0,56.91,56.87,9.54072,5.746896,5.766237,5.746896,5.746896,5.746896,1.00337,0.60438,1.00337,1.0,1.66015,0.00337,0.66015,0.0,-0.503549,0.00336,3664320,2214612,2214612,8e-05,40000,24176,24176,9.54072,5.746896,5.7662368,5.746896,0,0.6044,策略间质量恒定（同一 survivor → 同一 artifact → 同一答案）
finproc|s75|r1|OVERLAP|w4|CAP_10PCT,finproc,75,1,OVERLAP,4,CAP_10PCT,10000,4,0.6044,6044,0.6044,0.0,56.91,56.87,9.54072,5.746896,5.766237,5.746896,5.746896,5.746896,1.00337,0.60438,1.00337,1.0,1.66015,0.00337,0.66015,0.0,-0.503549,0.00336,3664320,2214612,2214612,8e-05,40000,24176,24176,9.54072,5.746896,5.7662368,5.746896,20176,0.1,策略间质量恒定（同一 survivor → 同一 artifact → 同一答案）
finproc|s75|r1|OVERLAP|w4|CELL,finproc,75,1,OVERLAP,4,CELL,10000,4,0.6044,6044,0.6044,0.0,56.91,56.87,9.54072,5.746896,5.766237,5.746896,5.746896,5.746896,1.00337,0.60438,1.00337,1.0,1.66015,0.00337,0.66015,0.0,-0.503549,0.00336,3664320,2214612,2214612,8e-05,40000,24176,24176,9.54072,5.746896,5.7662368,5.746896,0,0.6044,策略间质量恒定（同一 survivor → 同一 artifact → 同一答案）
finproc|s75|r1|NESTED|w1|WORKLOAD,finproc,75,1,NESTED,1,WORKLOAD,10000,1,0.7509,7509,0.7509,0.0,56.91,56.87,1.91524,1.432228,1.438236,1.432228,1.438236,1.432228,1.00419,0.75094,1.00419,1.0,1.33724,0.00419,0.33724,0.0,-0.286426,0.004186,751080,564017,564017,8e-05,10000,7509,7509,1.91524,1.4322285,1.4382357,1.4322285,0,0.7509,策略间质量恒定（同一 survivor → 同一 artifact → 同一答案）
finproc|s75|r1|NESTED|w1|CAP_10PCT,finproc,75,1,NESTED,1,CAP_10PCT,10000,1,0.7509,7509,0.7509,0.0,56.91,56.87,1.91524,1.432228,1.438236,1.432228,1.438236,1.432228,1.00419,0.75094,1.00419,1.0,1.33724,0.00419,0.33724,0.0,-0.286426,0.004186,751080,564017,564017,8e-05,10000,7509,7509,1.91524,1.4322285,1.4382357,1.4322285,6509,0.1,策略间质量恒定（同一 survivor → 同一 artifact → 同一答案）
finproc|s75|r1|NESTED|w1|CELL,finproc,75,1,NESTED,1,CELL,10000,1,0.7509,7509,0.7509,0.0,56.91,56.87,1.91524,1.432228,1.438236,1.432228,1.438236,1.432228,1.00419,0.75094,1.00419,1.0,1.33724,0.00419,0.33724,0.0,-0.286426,0.004186,751080,564017,564017,8e-05,10000,7509,7509,1.91524,1.4322285,1.4382357,1.4322285,0,0.7509,策略间质量恒定（同一 survivor → 同一 artifact → 同一答案）
finproc|s75|r1|NESTED|w2|WORKLOAD,finproc,75,1,NESTED,2,WORKLOAD,10000,2,0.7509,7509,0.7509,0.0,56.91,56.87,4.4904,3.359971,3.371985,3.359971,3.371985,3.359971,1.00358,0.75093,1.00358,1.0,1.33644,0.00358,0.33644,0.0,-0.28644,0.003569,1692160,1270705,1270705,8e-05,20000,15018,15018,4.4904,3.359971,3.3719854,3.359971,0,0.7509,策略间质量恒定（同一 survivor → 同一 artifact → 同一答案）
finproc|s75|r1|NESTED|w2|CAP_10PCT,finproc,75,1,NESTED,2,CAP_10PCT,10000,2,0.7509,7509,0.7509,0.0,56.91,56.87,4.4904,3.359971,3.371985,3.359971,3.371985,3.359971,1.00358,0.75093,1.00358,1.0,1.33644,0.00358,0.33644,0.0,-0.28644,0.003569,1692160,1270705,1270705,8e-05,20000,15018,15018,4.4904,3.359971,3.3719854,3.359971,13018,0.1,策略间质量恒定（同一 survivor → 同一 artifact → 同一答案）
finproc|s75|r1|NESTED|w2|CELL,finproc,75,1,NESTED,2,CELL,10000,2,0.7509,7509,0.7509,0.0,56.91,56.87,4.4904,3.359971,3.371985,3.359971,3.371985,3.359971,1.00358,0.75093,1.00358,1.0,1.33644,0.00358,0.33644,0.0,-0.28644,0.003569,1692160,1270705,1270705,8e-05,20000,15018,15018,4.4904,3.359971,3.3719854,3.359971,0,0.7509,策略间质量恒定（同一 survivor → 同一 artifact → 同一答案）
finproc|s75|r1|NESTED|w4|WORKLOAD,finproc,75,1,NESTED,4,WORKLOAD,10000,4,0.7509,7509,0.7509,0.0,56.91,56.87,9.54072,7.140366,7.164395,7.140366,7.164395,7.140366,1.00337,0.75093,1.00337,1.0,1.33617,0.00337,0.33617,0.0,-0.286445,0.00336,3664320,2751662,2751662,8e-05,40000,30036,30036,9.54072,7.140366,7.1643948,7.140366,0,0.7509,策略间质量恒定（同一 survivor → 同一 artifact → 同一答案）
finproc|s75|r1|NESTED|w4|CAP_10PCT,finproc,75,1,NESTED,4,CAP_10PCT,10000,4,0.7509,7509,0.7509,0.0,56.91,56.87,9.54072,7.140366,7.164395,7.140366,7.164395,7.140366,1.00337,0.75093,1.00337,1.0,1.33617,0.00337,0.33617,0.0,-0.286445,0.00336,3664320,2751662,2751662,8e-05,40000,30036,30036,9.54072,7.140366,7.1643948,7.140366,26036,0.1,策略间质量恒定（同一 survivor → 同一 artifact → 同一答案）
finproc|s75|r1|NESTED|w4|CELL,finproc,75,1,NESTED,4,CELL,10000,4,0.7509,7509,0.7509,0.0,56.91,56.87,9.54072,7.140366,7.164395,7.140366,7.164395,7.140366,1.00337,0.75093,1.00337,1.0,1.33617,0.00337,0.33617,0.0,-0.286445,0.00336,3664320,2751662,2751662,8e-05,40000,30036,30036,9.54072,7.140366,7.1643948,7.140366,0,0.7509,策略间质量恒定（同一 survivor → 同一 artifact → 同一答案）
finproc|s75|r10|DISJOINT|w1|WORKLOAD,finproc,75,10,DISJOINT,1,WORKLOAD,10000,1,0.75105,10000,1.0,3.378696,56.91,56.88,1.91596,14.324025,1.91596,3.338873,3.338873,1.91596,0.13376,1.0,1.0,7.47616,1.0,0.0,0.0,6.47616,0.0,-2.011719,751080,5640736,751080,0.0008,10000,75105,10000,0.191596,1.43240245,0.191596,0.191596,0,1.0,策略间质量恒定（同一 survivor → 同一 artifact → 同一答案）
finproc|s75|r10|DISJOINT|w1|CAP_10PCT,finproc,75,10,DISJOINT,1,CAP_10PCT,10000,1,0.75105,10000,1.0,3.378696,56.91,56.88,1.91596,14.324025,14.384108,14.378137,17.715048,1.91596,1.00419,7.50752,7.50752,7.47616,1.0,6.50752,0.0,6.47616,2.015905,0.004186,751080,5640736,5640736,0.0008,10000,75105,75105,0.191596,1.43240245,1.43841085,0.191596,74105,0.1,策略间质量恒定（同一 survivor → 同一 artifact → 同一答案）
finproc|s75|r10|DISJOINT|w1|CELL,finproc,75,10,DISJOINT,1,CELL,10000,1,0.75105,10000,1.0,3.378696,56.91,56.88,1.91596,14.324025,14.384108,14.378137,17.715048,1.91596,1.00419,7.50752,7.50752,7.47616,1.0,6.50752,0.0,6.47616,2.015905,0.004186,751080,5640736,5640736,0.0008,10000,75105,75105,0.191596,1.43240245,1.43841085,0.191596,0,0.7503,策略间质量恒定（同一 survivor → 同一 artifact → 同一答案）
finproc|s75|r10|DISJOINT|w2|WORKLOAD,finproc,75,10,DISJOINT,2,WORKLOAD,10000,2,0.7527,10000,1.0,3.387817,56.91,56.93,4.49112,33.673082,4.49112,7.84753,4.49112,4.49112,0.13337,1.0,1.0,7.4977,1.0,0.0,0.0,6.4977,0.0,-2.014597,1692160,12733926,1692160,0.0008,20000,150540,20000,0.449112,3.3673082,0.449112,0.449112,0,1.0,策略间质量恒定（同一 survivor → 同一 artifact → 同一答案）
finproc|s75|r10|DISJOINT|w2|CAP_10PCT,finproc,75,10,DISJOINT,2,CAP_10PCT,10000,2,0.7527,10000,1.0,3.387817,56.91,56.93,4.49112,33.673082,33.793514,33.781511,43.782093,4.49112,1.00358,7.52452,7.52452,7.4977,1.0,6.52452,0.0,6.4977,2.018167,0.00357,1692160,12733926,12733926,0.0008,20000,150540,150540,0.449112,3.3673082,3.3793514,0.449112,148540,0.1,策略间质量恒定（同一 survivor → 同一 artifact → 同一答案）
finproc|s75|r10|DISJOINT|w2|CELL,finproc,75,10,DISJOINT,2,CELL,10000,2,0.7527,10000,1.0,3.387817,56.91,56.93,4.49112,33.673082,33.793514,33.781511,43.782093,4.49112,1.00358,7.52452,7.52452,7.4977,1.0,6.52452,0.0,6.4977,2.018167,0.00357,1692160,12733926,12733926,0.0008,20000,150540,150540,0.449112,3.3673082,3.3793514,0.449112,0,0.7527,策略间质量恒定（同一 survivor → 同一 artifact → 同一答案）
finproc|s75|r10|DISJOINT|w4|WORKLOAD,finproc,75,10,DISJOINT,4,WORKLOAD,10000,4,0.75067,10000,1.0,3.382512,56.91,56.93,9.54144,71.38561,9.54144,16.673874,16.673874,9.54144,0.13366,1.0,1.0,7.48164,1.0,0.0,0.0,6.48164,0.0,-2.012452,3664320,27510102,3664320,0.0008,40000,300268,40000,0.954144,7.138561,0.954144,0.954144,0,1.0,策略间质量恒定（同一 survivor → 同一 artifact → 同一答案）
finproc|s75|r10|DISJOINT|w4|CAP_10PCT,finproc,75,10,DISJOINT,4,CAP_10PCT,10000,4,0.75067,10000,1.0,3.382512,56.91,56.93,9.54144,71.38561,71.625824,71.601828,88.313599,9.54144,1.00337,7.50681,7.50681,7.48164,1.0,6.50681,0.0,6.48164,2.015811,0.003359,3664320,27510102,27510102,0.0008,40000,300268,300268,0.954144,7.138561,7.16258244,0.954144,296268,0.1,策略间质量恒定（同一 survivor → 同一 artifact → 同一答案）
finproc|s75|r10|DISJOINT|w4|CELL,finproc,75,10,DISJOINT,4,CELL,10000,4,0.75067,10000,1.0,3.382512,56.91,56.93,9.54144,71.38561,71.625824,71.601828,88.313599,9.54144,1.00337,7.50681,7.50681,7.48164,1.0,6.50681,0.0,6.48164,2.015811,0.003359,3664320,27510102,27510102,0.0008,40000,300268,300268,0.954144,7.138561,7.16258244,0.954144,0,0.7484,策略间质量恒定（同一 survivor → 同一 artifact → 同一答案）
finproc|s75|r10|OVERLAP|w1|WORKLOAD,finproc,75,10,OVERLAP,1,WORKLOAD,10000,1,0.60563,9951,0.9951,3.39889,56.91,56.88,1.91596,11.550484,1.906508,3.055172,3.055172,1.906508,0.16506,0.99507,1.0,6.05845,1.00496,0.0,0.00496,5.05845,-0.004945,-1.801454,751080,4548441,747366,0.0008,10000,60563,9951,0.191596,1.15504835,0.19065083,0.19065083,0,0.9951,策略间质量恒定（同一 survivor → 同一 artifact → 同一答案）
finproc|s75|r10|OVERLAP|w1|CAP_10PCT,finproc,75,10,OVERLAP,1,CAP_10PCT,10000,1,0.60563,9951,0.9951,3.39889,56.91,56.88,1.91596,11.550484,11.598934,11.594083,16.881081,1.906508,1.00419,6.05385,6.08386,6.05845,1.00496,5.08386,0.00496,5.05845,1.800694,0.004186,751080,4548441,4548441,0.0008,10000,60563,60563,0.191596,1.15504835,1.15989339,0.19065083,59563,0.1,策略间质量恒定（同一 survivor → 同一 artifact → 同一答案）
finproc|s75|r10|OVERLAP|w1|CELL,finproc,75,10,OVERLAP,1,CELL,10000,1,0.60563,9951,0.9951,3.39889,56.91,56.88,1.91596,11.550484,11.598934,11.594083,16.881081,1.906508,1.00419,6.05385,6.08386,6.05845,1.00496,5.08386,0.00496,5.05845,1.800694,0.004186,751080,4548441,4548441,0.0008,10000,60563,60563,0.191596,1.15504835,1.15989339,0.19065083,0,0.6065,策略间质量恒定（同一 survivor → 同一 artifact → 同一答案）
finproc|s75|r10|OVERLAP|w2|WORKLOAD,finproc,75,10,OVERLAP,2,WORKLOAD,10000,2,0.60579,9936,0.9936,3.402301,56.91,56.87,4.49112,27.106601,4.462178,7.146309,7.146309,4.462178,0.16462,0.99356,1.0,6.07475,1.00649,0.0,0.00649,5.07475,-0.006465,-1.80414,1692160,10251345,1681228,0.0008,20000,121158,19872,0.449112,2.7106601,0.44621776,0.44621776,0,0.9936,策略间质量恒定（同一 survivor → 同一 artifact → 同一答案）
finproc|s75|r10|OVERLAP|w2|CAP_10PCT,finproc,75,10,OVERLAP,2,CAP_10PCT,10000,2,0.60579,9936,0.9936,3.402301,56.91,56.87,4.49112,27.106601,27.203527,27.193876,39.60659,4.462178,1.00358,6.05718,6.09647,6.07475,1.00649,5.09647,0.00649,5.07475,1.801245,0.003569,1692160,10251345,10251345,0.0008,20000,121158,121158,0.449112,2.7106601,2.72035274,0.44621776,119158,0.1,策略间质量恒定（同一 survivor → 同一 artifact → 同一答案）
finproc|s75|r10|OVERLAP|w2|CELL,finproc,75,10,OVERLAP,2,CELL,10000,2,0.60579,9936,0.9936,3.402301,56.91,56.87,4.49112,27.106601,27.203527,27.193876,39.60659,4.462178,1.00358,6.05718,6.09647,6.07475,1.00649,5.09647,0.00649,5.07475,1.801245,0.003569,1692160,10251345,10251345,0.0008,20000,121158,121158,0.449112,2.7106601,2.72035274,0.44621776,0,0.6022,策略间质量恒定（同一 survivor → 同一 artifact → 同一答案）
finproc|s75|r10|OVERLAP|w4|WORKLOAD,finproc,75,10,OVERLAP,4,WORKLOAD,10000,4,0.6068,9950,0.995,3.401862,56.91,56.87,9.54144,57.68976,9.493772,15.209982,15.209982,9.493772,0.16457,0.995,1.0,6.07659,1.00502,0.0,0.00502,5.07659,-0.005008,-1.804444,3664320,22230360,3646016,0.0008,40000,242720,39800,0.954144,5.768976,0.9493772,0.9493772,0,0.995,策略间质量恒定（同一 survivor → 同一 artifact → 同一答案）
finproc|s75|r10|OVERLAP|w4|CAP_10PCT,finproc,75,10,OVERLAP,4,CAP_10PCT,10000,4,0.6068,9950,0.995,3.401862,56.91,56.87,9.54144,57.68976,57.883936,57.864595,84.15077,9.493772,1.00337,6.06658,6.09704,6.07659,1.00502,5.09704,0.00502,5.07659,1.802795,0.00336,3664320,22230360,22230360,0.0008,40000,242720,242720,0.954144,5.768976,5.7883936,0.9493772,238720,0.1,策略间质量恒定（同一 survivor → 同一 artifact → 同一答案）
finproc|s75|r10|OVERLAP|w4|CELL,finproc,75,10,OVERLAP,4,CELL,10000,4,0.6068,9950,0.995,3.401862,56.91,56.87,9.54144,57.68976,57.883936,57.864595,84.15077,9.493772,1.00337,6.06658,6.09704,6.07659,1.00502,5.09704,0.00502,5.07659,1.802795,0.00336,3664320,22230360,22230360,0.0008,40000,242720,242720,0.954144,5.768976,5.7883936,0.9493772,0,0.6047,策略间质量恒定（同一 survivor → 同一 artifact → 同一答案）
finproc|s75|r10|NESTED|w1|WORKLOAD,finproc,75,10,NESTED,1,WORKLOAD,10000,1,0.68179,10000,1.0,3.237038,56.91,56.85,1.915966,13.005349,1.915966,2.177886,2.177886,1.915966,0.14732,1.0,1.0,6.78788,1.0,0.0,0.0,5.78788,0.0,-1.915139,751080,5121647,751080,0.000806,10000,68179,10000,0.1915966,1.30053495,0.1915966,0.1915966,0,1.0,策略间质量恒定（同一 survivor → 同一 artifact → 同一答案）
finproc|s75|r10|NESTED|w1|CAP_10PCT,finproc,75,10,NESTED,1,CAP_10PCT,10000,1,0.68179,10000,1.0,3.237038,56.91,56.85,1.915966,13.005349,13.059893,13.058795,13.486713,1.915966,1.00419,6.81635,6.81635,6.78788,1.0,5.81635,0.0,5.78788,1.919324,0.004185,751080,5121647,5121647,0.000806,10000,68179,68179,0.1915966,1.30053495,1.30598927,0.1915966,67179,0.1,策略间质量恒定（同一 survivor → 同一 artifact → 同一答案）
finproc|s75|r10|NESTED|w1|CELL,finproc,75,10,NESTED,1,CELL,10000,1,0.68179,10000,1.0,3.237038,56.91,56.85,1.915966,13.005349,13.059893,13.058795,13.486713,1.915966,1.00419,6.81635,6.81635,6.78788,1.0,5.81635,0.0,5.78788,1.919324,0.004185,751080,5121647,5121647,0.000806,10000,68179,68179,0.1915966,1.30053495,1.30598927,0.1915966,0,1.0,策略间质量恒定（同一 survivor → 同一 artifact → 同一答案）
finproc|s75|r10|NESTED|w2|WORKLOAD,finproc,75,10,NESTED,2,WORKLOAD,10000,2,0.68179,10000,1.0,3.237038,56.91,56.85,4.491126,30.509707,4.491126,5.105518,5.105518,4.491126,0.1472,1.0,1.0,6.79333,1.0,0.0,0.0,5.79333,0.0,-1.915941,1692160,11538695,1692160,0.000806,20000,136358,20000,0.4491126,3.0509707,0.4491126,0.4491126,0,1.0,策略间质量恒定（同一 survivor → 同一 artifact → 同一答案）
finproc|s75|r10|NESTED|w2|CAP_10PCT,finproc,75,10,NESTED,2,CAP_10PCT,10000,2,0.68179,10000,1.0,3.237038,56.91,56.85,4.491126,30.509707,30.618793,30.616598,31.620076,4.491126,1.00358,6.81762,6.81762,6.79333,1.0,5.81762,0.0,5.79333,1.919511,0.003569,1692160,11538695,11538695,0.000806,20000,136358,136358,0.4491126,3.0509707,3.06187934,0.4491126,134358,0.1,策略间质量恒定（同一 survivor → 同一 artifact → 同一答案）
finproc|s75|r10|NESTED|w2|CELL,finproc,75,10,NESTED,2,CELL,10000,2,0.68179,10000,1.0,3.237038,56.91,56.85,4.491126,30.509707,30.618793,30.616598,31.620076,4.491126,1.00358,6.81762,6.81762,6.79333,1.0,5.81762,0.0,5.79333,1.919511,0.003569,1692160,11538695,11538695,0.000806,20000,136358,136358,0.4491126,3.0509707,3.06187934,0.4491126,0,1.0,策略间质量恒定（同一 survivor → 同一 artifact → 同一答案）
finproc|s75|r10|NESTED|w4|WORKLOAD,finproc,75,10,NESTED,4,WORKLOAD,10000,4,0.68179,10000,1.0,3.237038,56.91,56.85,9.541446,64.836632,9.541446,10.847062,10.847062,9.541446,0.14716,1.0,1.0,6.79526,1.0,0.0,0.0,5.79526,0.0,-1.916226,3664320,24986402,3664320,0.000806,40000,272716,40000,0.9541446,6.4836632,0.9541446,0.9541446,0,1.0,策略间质量恒定（同一 survivor → 同一 artifact → 同一答案）
finproc|s75|r10|NESTED|w4|CAP_10PCT,finproc,75,10,NESTED,4,CAP_10PCT,10000,4,0.68179,10000,1.0,3.237038,56.91,56.85,9.541446,64.836632,65.054805,65.050414,67.182643,9.541446,1.00336,6.81813,6.81813,6.79526,1.0,5.81813,0.0,5.79526,1.919585,0.003359,3664320,24986402,24986402,0.000806,40000,272716,272716,0.9541446,6.4836632,6.50548048,0.9541446,268716,0.1,策略间质量恒定（同一 survivor → 同一 artifact → 同一答案）
finproc|s75|r10|NESTED|w4|CELL,finproc,75,10,NESTED,4,CELL,10000,4,0.68179,10000,1.0,3.237038,56.91,56.85,9.541446,64.836632,65.054805,65.050414,67.182643,9.541446,1.00336,6.81813,6.81813,6.79526,1.0,5.81813,0.0,5.79526,1.919585,0.003359,3664320,24986402,24986402,0.000806,40000,272716,272716,0.9541446,6.4836632,6.50548048,0.9541446,0,1.0,策略间质量恒定（同一 survivor → 同一 artifact → 同一答案）
finproc|s75|r50|DISJOINT|w1|WORKLOAD,finproc,75,50,DISJOINT,1,WORKLOAD,10000,1,0.74979,10000,1.0,18.369327,56.91,56.88,1.91916,71.503044,1.91916,3.342258,3.342258,1.91916,0.02684,1.0,1.0,37.25747,1.0,0.0,0.0,36.25747,0.0,-3.617852,751080,28157898,751080,0.004,10000,374895,10000,0.0383832,1.43006087,0.0383832,0.0383832,0,1.0,策略间质量恒定（同一 survivor → 同一 artifact → 同一答案）
finproc|s75|r50|DISJOINT|w1|CAP_10PCT,finproc,75,50,DISJOINT,1,CAP_10PCT,10000,1,0.74979,10000,1.0,18.369327,56.91,56.88,1.91916,71.503044,71.80296,71.796988,94.324648,1.91916,1.00419,37.41374,37.41374,37.25747,1.0,36.41374,0.0,36.25747,3.622038,0.004186,751080,28157898,28157898,0.004,10000,374895,374895,0.0383832,1.43006087,1.43605919,0.0383832,373895,0.1,策略间质量恒定（同一 survivor → 同一 artifact → 同一答案）
finproc|s75|r50|DISJOINT|w1|CELL,finproc,75,50,DISJOINT,1,CELL,10000,1,0.74979,10000,1.0,18.369327,56.91,56.88,1.91916,71.503044,71.80296,71.796988,94.324648,1.91916,1.00419,37.41374,37.41374,37.25747,1.0,36.41374,0.0,36.25747,3.622038,0.004186,751080,28157898,28157898,0.004,10000,374895,374895,0.0383832,1.43006087,1.43605919,0.0383832,0,0.7522,策略间质量恒定（同一 survivor → 同一 artifact → 同一答案）
finproc|s75|r50|DISJOINT|w2|WORKLOAD,finproc,75,50,DISJOINT,2,WORKLOAD,10000,2,0.75026,10000,1.0,18.382389,56.91,56.93,4.49432,167.841349,4.49432,7.85073,4.49432,4.49432,0.02678,1.0,1.0,37.34522,1.0,0.0,0.0,36.34522,0.0,-3.620205,1692160,63474035,1692160,0.004,20000,750262,20000,0.0898864,3.35682698,0.0898864,0.0898864,0,1.0,策略间质量恒定（同一 survivor → 同一 artifact → 同一答案）
finproc|s75|r50|DISJOINT|w2|CAP_10PCT,finproc,75,50,DISJOINT,2,CAP_10PCT,10000,2,0.75026,10000,1.0,18.382389,56.91,56.93,4.49432,167.841349,168.441559,168.429555,223.398093,4.49432,1.00358,37.47876,37.47876,37.34522,1.0,36.47876,0.0,36.34522,3.623774,0.00357,1692160,63474035,63474035,0.004,20000,750262,750262,0.0898864,3.35682698,3.36883117,0.0898864,748262,0.1,策略间质量恒定（同一 survivor → 同一 artifact → 同一答案）
finproc|s75|r50|DISJOINT|w2|CELL,finproc,75,50,DISJOINT,2,CELL,10000,2,0.75026,10000,1.0,18.382389,56.91,56.93,4.49432,167.841349,168.441559,168.429555,223.398093,4.49432,1.00358,37.47876,37.47876,37.34522,1.0,36.47876,0.0,36.34522,3.623774,0.00357,1692160,63474035,63474035,0.004,20000,750262,750262,0.0898864,3.35682698,3.36883117,0.0898864,0,0.7501,策略间质量恒定（同一 survivor → 同一 artifact → 同一答案）
finproc|s75|r50|DISJOINT|w4|WORKLOAD,finproc,75,50,DISJOINT,4,WORKLOAD,10000,4,0.75096,10000,1.0,18.399416,56.91,56.93,9.54464,357.036412,9.54464,16.677074,16.677074,9.54464,0.02673,1.0,1.0,37.40701,1.0,0.0,0.0,36.40701,0.0,-3.621858,3664320,137589104,3664320,0.004,40000,1501912,40000,0.1908928,7.14072824,0.1908928,0.1908928,0,1.0,策略间质量恒定（同一 survivor → 同一 artifact → 同一答案）
finproc|s75|r50|DISJOINT|w4|CAP_10PCT,finproc,75,50,DISJOINT,4,CAP_10PCT,10000,4,0.75096,10000,1.0,18.399416,56.91,56.93,9.54464,357.036412,358.237942,358.213945,469.942399,9.54464,1.00337,37.53289,37.53289,37.40701,1.0,36.53289,0.0,36.40701,3.625218,0.00336,3664320,137589104,137589104,0.004,40000,1501912,1501912,0.1908928,7.14072824,7.16475883,0.1908928,1497912,0.1,策略间质量恒定（同一 survivor → 同一 artifact → 同一答案）
finproc|s75|r50|DISJOINT|w4|CELL,finproc,75,50,DISJOINT,4,CELL,10000,4,0.75096,10000,1.0,18.399416,56.91,56.93,9.54464,357.036412,358.237942,358.213945,469.942399,9.54464,1.00337,37.53289,37.53289,37.40701,1.0,36.53289,0.0,36.40701,3.625218,0.00336,3664320,137589104,137589104,0.004,40000,1501912,1501912,0.1908928,7.14072824,7.16475883,0.1908928,0,0.7563,策略间质量恒定（同一 survivor → 同一 artifact → 同一答案）
finproc|s75|r50|OVERLAP|w1|WORKLOAD,finproc,75,50,OVERLAP,1,WORKLOAD,10000,1,0.60471,10000,1.0,18.51466,56.91,56.88,1.91916,57.667907,1.91916,3.075304,3.075304,1.91916,0.03328,1.0,1.0,30.04851,1.0,0.0,0.0,29.04851,0.0,-3.402813,751080,22709265,751080,0.004,10000,302355,10000,0.0383832,1.15335815,0.0383832,0.0383832,0,1.0,策略间质量恒定（同一 survivor → 同一 artifact → 同一答案）
finproc|s75|r50|OVERLAP|w1|CAP_10PCT,finproc,75,50,OVERLAP,1,CAP_10PCT,10000,1,0.60471,10000,1.0,18.51466,56.91,56.88,1.91916,57.667907,57.909791,57.90494,93.490681,1.91916,1.00419,30.17455,30.17455,30.04851,1.0,29.17455,0.0,29.04851,3.406999,0.004186,751080,22709265,22709265,0.004,10000,302355,302355,0.0383832,1.15335815,1.15819583,0.0383832,301355,0.1,策略间质量恒定（同一 survivor → 同一 artifact → 同一答案）
finproc|s75|r50|OVERLAP|w1|CELL,finproc,75,50,OVERLAP,1,CELL,10000,1,0.60471,10000,1.0,18.51466,56.91,56.88,1.91916,57.667907,57.909791,57.90494,93.490681,1.91916,1.00419,30.17455,30.17455,30.04851,1.0,29.17455,0.0,29.04851,3.406999,0.004186,751080,22709265,22709265,0.004,10000,302355,302355,0.0383832,1.15335815,1.15819583,0.0383832,0,0.6035,策略间质量恒定（同一 survivor → 同一 artifact → 同一答案）
finproc|s75|r50|OVERLAP|w2|WORKLOAD,finproc,75,50,OVERLAP,2,WORKLOAD,10000,2,0.60525,10000,1.0,18.510047,56.91,56.87,4.49432,135.398987,4.49432,7.193588,7.193588,4.49432,0.03319,1.0,1.0,30.12669,1.0,0.0,0.0,29.12669,0.0,-3.405412,1692160,51204431,1692160,0.004,20000,605250,20000,0.0898864,2.70797974,0.0898864,0.0898864,0,1.0,策略间质量恒定（同一 survivor → 同一 artifact → 同一答案）
finproc|s75|r50|OVERLAP|w2|CAP_10PCT,finproc,75,50,OVERLAP,2,CAP_10PCT,10000,2,0.60525,10000,1.0,18.510047,56.91,56.87,4.49432,135.398987,135.883187,135.873536,219.22259,4.49432,1.00358,30.23443,30.23443,30.12669,1.0,29.23443,0.0,29.12669,3.408981,0.00357,1692160,51204431,51204431,0.004,20000,605250,605250,0.0898864,2.70797974,2.71766374,0.0898864,603250,0.1,策略间质量恒定（同一 survivor → 同一 artifact → 同一答案）
finproc|s75|r50|OVERLAP|w2|CELL,finproc,75,50,OVERLAP,2,CELL,10000,2,0.60525,10000,1.0,18.510047,56.91,56.87,4.49432,135.398987,135.883187,135.873536,219.22259,4.49432,1.00358,30.23443,30.23443,30.12669,1.0,29.23443,0.0,29.12669,3.408981,0.00357,1692160,51204431,51204431,0.004,20000,605250,605250,0.0898864,2.70797974,2.71766374,0.0898864,0,0.5992,策略间质量恒定（同一 survivor → 同一 artifact → 同一答案）
finproc|s75|r50|OVERLAP|w4|WORKLOAD,finproc,75,50,OVERLAP,4,WORKLOAD,10000,4,0.60554,10000,1.0,18.516197,56.91,56.87,9.54464,287.90012,9.54464,15.291456,15.291456,9.54464,0.03315,1.0,1.0,30.16354,1.0,0.0,0.0,29.16354,0.0,-3.406634,3664320,110945912,3664320,0.004,40000,1211088,40000,0.1908928,5.7580024,0.1908928,0.1908928,0,1.0,策略间质量恒定（同一 survivor → 同一 artifact → 同一答案）
finproc|s75|r50|OVERLAP|w4|CAP_10PCT,finproc,75,50,OVERLAP,4,CAP_10PCT,10000,4,0.60554,10000,1.0,18.516197,56.91,56.87,9.54464,287.90012,288.86899,288.84965,465.77957,9.54464,1.00337,30.26505,30.26505,30.16354,1.0,29.26505,0.0,29.16354,3.409994,0.00336,3664320,110945912,110945912,0.004,40000,1211088,1211088,0.1908928,5.7580024,5.77737981,0.1908928,1207088,0.1,策略间质量恒定（同一 survivor → 同一 artifact → 同一答案）
finproc|s75|r50|OVERLAP|w4|CELL,finproc,75,50,OVERLAP,4,CELL,10000,4,0.60554,10000,1.0,18.516197,56.91,56.87,9.54464,287.90012,288.86899,288.84965,465.77957,9.54464,1.00337,30.26505,30.26505,30.16354,1.0,29.26505,0.0,29.16354,3.409994,0.00336,3664320,110945912,110945912,0.004,40000,1211088,1211088,0.1908928,5.7580024,5.77737981,0.1908928,0,0.6031,策略间质量恒定（同一 survivor → 同一 artifact → 同一答案）
finproc|s75|r50|NESTED|w1|WORKLOAD,finproc,75,50,NESTED,1,WORKLOAD,10000,1,0.66977,10000,1.0,17.671844,56.91,57.13,1.919194,63.879391,1.919194,1.976409,1.976409,1.919194,0.03004,1.0,1.0,33.28449,1.0,0.0,0.0,32.28449,0.0,-3.505091,751080,25156237,751080,0.004034,10000,334886,10000,0.03838388,1.27758782,0.03838388,0.03838388,0,1.0,策略间质量恒定（同一 survivor → 同一 artifact → 同一答案）
finproc|s75|r50|NESTED|w1|CAP_10PCT,finproc,75,50,NESTED,1,CAP_10PCT,10000,1,0.66977,10000,1.0,17.671844,56.91,57.13,1.919194,63.879391,63.901041,63.958256,79.521221,1.919194,1.00034,33.29577,33.29577,33.28449,1.0,32.29577,0.0,32.28449,3.50543,0.000339,751080,25156237,25059622,0.004034,10000,334886,333602,0.03838388,1.27758782,1.27802081,0.03838388,332602,0.1,策略间质量恒定（同一 survivor → 同一 artifact → 同一答案）
finproc|s75|r50|NESTED|w1|CELL,finproc,75,50,NESTED,1,CELL,10000,1,0.66977,10000,1.0,17.671844,56.91,57.13,1.919194,63.879391,64.1473,64.147061,79.710026,1.919194,1.00419,33.42408,33.42408,33.28449,1.0,32.42408,0.0,32.28449,3.509277,0.004185,751080,25156237,25156237,0.004034,10000,334886,334886,0.03838388,1.27758782,1.282946,0.03838388,0,1.0,策略间质量恒定（同一 survivor → 同一 artifact → 同一答案）
finproc|s75|r50|NESTED|w2|WORKLOAD,finproc,75,50,NESTED,2,WORKLOAD,10000,2,0.66977,10000,1.0,17.671844,56.91,57.13,4.494354,149.857224,4.494354,4.628519,4.628519,4.494354,0.02999,1.0,1.0,33.34344,1.0,0.0,0.0,32.34344,0.0,-3.506861,1692160,56675308,1692160,0.004034,20000,669772,20000,0.08988708,2.99714448,0.08988708,0.08988708,0,1.0,策略间质量恒定（同一 survivor → 同一 artifact → 同一答案）
finproc|s75|r50|NESTED|w2|CAP_10PCT,finproc,75,50,NESTED,2,CAP_10PCT,10000,2,0.66977,10000,1.0,17.671844,56.91,57.13,4.494354,149.857224,149.848062,149.982227,186.473297,4.494354,0.99994,33.3414,33.3414,33.34344,1.0,32.3414,0.0,32.34344,3.5068,-6.1e-05,1692160,56675308,56467832,0.004034,20000,669772,667246,0.08988708,2.99714448,2.99696124,0.08988708,665246,0.1,策略间质量恒定（同一 survivor → 同一 artifact → 同一答案）
finproc|s75|r50|NESTED|w2|CELL,finproc,75,50,NESTED,2,CELL,10000,2,0.66977,10000,1.0,17.671844,56.91,57.13,4.494354,149.857224,150.393042,150.392563,186.883633,4.494354,1.00358,33.46266,33.46266,33.34344,1.0,32.46266,0.0,32.34344,3.51043,0.003569,1692160,56675308,56675308,0.004034,20000,669772,669772,0.08988708,2.99714448,3.00786083,0.08988708,0,1.0,策略间质量恒定（同一 survivor → 同一 artifact → 同一答案）
finproc|s75|r50|NESTED|w4|WORKLOAD,finproc,75,50,NESTED,4,WORKLOAD,10000,4,0.66977,10000,1.0,17.671844,56.91,57.13,9.544674,318.46403,9.544674,9.829748,9.829748,9.544674,0.02997,1.0,1.0,33.36563,1.0,0.0,0.0,32.36563,0.0,-3.507526,3664320,122727424,3664320,0.004034,40000,1339544,40000,0.19089348,6.3692806,0.19089348,0.19089348,0,1.0,策略间质量恒定（同一 survivor → 同一 artifact → 同一答案）
finproc|s75|r50|NESTED|w4|CAP_10PCT,finproc,75,50,NESTED,4,CAP_10PCT,10000,4,0.66977,10000,1.0,17.671844,56.91,57.13,9.544674,318.46403,318.315017,318.600091,396.134471,9.544674,0.99953,33.35001,33.35001,33.36563,1.0,32.35001,0.0,32.36563,3.507058,-0.000468,3664320,122727424,122253600,0.004034,40000,1339544,1334504,0.19089348,6.3692806,6.36630034,0.19089348,1330504,0.1,策略间质量恒定（同一 survivor → 同一 artifact → 同一答案）
finproc|s75|r50|NESTED|w4|CELL,finproc,75,50,NESTED,4,CELL,10000,4,0.66977,10000,1.0,17.671844,56.91,57.13,9.544674,318.46403,319.535665,319.534708,397.069088,9.544674,1.00337,33.4779,33.4779,33.36563,1.0,32.4779,0.0,32.36563,3.510886,0.003359,3664320,122727424,122727424,0.004034,40000,1339544,1339544,0.19089348,6.3692806,6.3907133,0.19089348,0,1.0,策略间质量恒定（同一 survivor → 同一 artifact → 同一答案）
finproc|s75|r100|DISJOINT|w1|WORKLOAD,finproc,75,100,DISJOINT,1,WORKLOAD,10000,1,0.74954,10000,1.0,37.10343,56.91,56.88,1.92316,142.961851,1.92316,3.346258,3.346258,1.92316,0.01345,1.0,1.0,74.33695,1.0,0.0,0.0,73.33695,0.0,-4.308608,751080,56298761,751080,0.008,10000,749539,10000,0.0192316,1.42961852,0.0192316,0.0192316,0,1.0,策略间质量恒定（同一 survivor → 同一 artifact → 同一答案）
finproc|s75|r100|DISJOINT|w1|CAP_10PCT,finproc,75,100,DISJOINT,1,CAP_10PCT,10000,1,0.74954,10000,1.0,37.10343,56.91,56.88,1.92316,142.961851,143.561483,143.555511,190.086648,1.92316,1.00419,74.64875,74.64875,74.33695,1.0,73.64875,0.0,73.33695,4.312794,0.004186,751080,56298761,56298761,0.008,10000,749539,749539,0.0192316,1.42961852,1.43561483,0.0192316,748539,0.1,策略间质量恒定（同一 survivor → 同一 artifact → 同一答案）
finproc|s75|r100|DISJOINT|w1|CELL,finproc,75,100,DISJOINT,1,CELL,10000,1,0.74954,10000,1.0,37.10343,56.91,56.88,1.92316,142.961851,143.561483,143.555511,190.086648,1.92316,1.00419,74.64875,74.64875,74.33695,1.0,73.64875,0.0,73.33695,4.312794,0.004186,751080,56298761,56298761,0.008,10000,749539,749539,0.0192316,1.42961852,1.43561483,0.0192316,0,0.7525,策略间质量恒定（同一 survivor → 同一 artifact → 同一答案）
finproc|s75|r100|DISJOINT|w2|WORKLOAD,finproc,75,100,DISJOINT,2,WORKLOAD,10000,2,0.75063,10000,1.0,37.159088,56.91,56.93,4.49832,335.859542,4.49832,7.85473,4.49832,4.49832,0.01339,1.0,1.0,74.66333,1.0,0.0,0.0,73.66333,0.0,-4.312989,1692160,127016436,1692160,0.008,20000,1501260,20000,0.0449832,3.35859542,0.0449832,0.0449832,0,1.0,策略间质量恒定（同一 survivor → 同一 artifact → 同一答案）
finproc|s75|r100|DISJOINT|w2|CAP_10PCT,finproc,75,100,DISJOINT,2,CAP_10PCT,10000,2,0.75063,10000,1.0,37.159088,56.91,56.93,4.49832,335.859542,337.06055,337.048547,447.918093,4.49832,1.00358,74.93032,74.93032,74.66333,1.0,73.93032,0.0,73.66333,4.316559,0.00357,1692160,127016436,127016436,0.008,20000,1501260,1501260,0.0449832,3.35859542,3.3706055,0.0449832,1499260,0.1,策略间质量恒定（同一 survivor → 同一 artifact → 同一答案）
finproc|s75|r100|DISJOINT|w2|CELL,finproc,75,100,DISJOINT,2,CELL,10000,2,0.75063,10000,1.0,37.159088,56.91,56.93,4.49832,335.859542,337.06055,337.048547,447.918093,4.49832,1.00358,74.93032,74.93032,74.66333,1.0,73.93032,0.0,73.66333,4.316559,0.00357,1692160,127016436,127016436,0.008,20000,1501260,1501260,0.0449832,3.35859542,3.3706055,0.0449832,0,0.7514,策略间质量恒定（同一 survivor → 同一 artifact → 同一答案）
finproc|s75|r100|DISJOINT|w4|WORKLOAD,finproc,75,100,DISJOINT,4,WORKLOAD,10000,4,0.7501,10000,1.0,37.130978,56.91,56.93,9.54864,713.24519,9.54864,16.681074,16.681074,9.54864,0.01339,1.0,1.0,74.696,1.0,0.0,0.0,73.696,0.0,-4.313427,3664320,274858022,3664320,0.008,40000,3000388,40000,0.0954864,7.1324519,0.0954864,0.0954864,0,1.0,策略间质量恒定（同一 survivor → 同一 artifact → 同一答案）
finproc|s75|r100|DISJOINT|w4|CAP_10PCT,finproc,75,100,DISJOINT,4,CAP_10PCT,10000,4,0.7501,10000,1.0,37.130978,56.91,56.93,9.54864,713.24519,715.6455,715.621504,946.978399,9.54864,1.00337,74.94737,74.94737,74.696,1.0,73.94737,0.0,73.696,4.316786,0.00336,3664320,274858022,274858022,0.008,40000,3000388,3000388,0.0954864,7.1324519,7.156455,0.0954864,2996388,0.1,策略间质量恒定（同一 survivor → 同一 artifact → 同一答案）
finproc|s75|r100|DISJOINT|w4|CELL,finproc,75,100,DISJOINT,4,CELL,10000,4,0.7501,10000,1.0,37.130978,56.91,56.93,9.54864,713.24519,715.6455,715.621504,946.978399,9.54864,1.00337,74.94737,74.94737,74.696,1.0,73.94737,0.0,73.696,4.316786,0.00336,3664320,274858022,274858022,0.008,40000,3000388,3000388,0.0954864,7.1324519,7.156455,0.0954864,0,0.7535,策略间质量恒定（同一 survivor → 同一 artifact → 同一答案）
finproc|s75|r100|OVERLAP|w1|WORKLOAD,finproc,75,100,OVERLAP,1,WORKLOAD,10000,1,0.60511,10000,1.0,37.400685,56.91,56.88,1.92316,115.408806,1.92316,3.079304,3.079304,1.92316,0.01666,1.0,1.0,60.00999,1.0,0.0,0.0,59.00999,0.0,-4.094511,751080,45446966,751080,0.008,10000,605108,10000,0.0192316,1.15408806,0.0192316,0.0192316,0,1.0,策略间质量恒定（同一 survivor → 同一 artifact → 同一答案）
finproc|s75|r100|OVERLAP|w1|CAP_10PCT,finproc,75,100,OVERLAP,1,CAP_10PCT,10000,1,0.60511,10000,1.0,37.400685,56.91,56.88,1.92316,115.408806,115.892892,115.888041,189.252681,1.92316,1.00419,60.2617,60.2617,60.00999,1.0,59.2617,0.0,59.00999,4.098697,0.004186,751080,45446966,45446966,0.008,10000,605108,605108,0.0192316,1.15408806,1.15892892,0.0192316,604108,0.1,策略间质量恒定（同一 survivor → 同一 artifact → 同一答案）
finproc|s75|r100|OVERLAP|w1|CELL,finproc,75,100,OVERLAP,1,CELL,10000,1,0.60511,10000,1.0,37.400685,56.91,56.88,1.92316,115.408806,115.892892,115.888041,189.252681,1.92316,1.00419,60.2617,60.2617,60.00999,1.0,59.2617,0.0,59.00999,4.098697,0.004186,751080,45446966,45446966,0.008,10000,605108,605108,0.0192316,1.15408806,1.15892892,0.0192316,0,0.6089,策略间质量恒定（同一 survivor → 同一 artifact → 同一答案）
finproc|s75|r100|OVERLAP|w2|WORKLOAD,finproc,75,100,OVERLAP,2,WORKLOAD,10000,2,0.6052,10000,1.0,37.401194,56.91,56.87,4.49832,270.781523,4.49832,7.197588,7.197588,4.49832,0.01661,1.0,1.0,60.19615,1.0,0.0,0.0,59.19615,0.0,-4.097608,1692160,102403307,1692160,0.008,20000,1210402,20000,0.0449832,2.70781523,0.0449832,0.0449832,0,1.0,策略间质量恒定（同一 survivor → 同一 artifact → 同一答案）
finproc|s75|r100|OVERLAP|w2|CAP_10PCT,finproc,75,100,OVERLAP,2,CAP_10PCT,10000,2,0.6052,10000,1.0,37.401194,56.91,56.87,4.49832,270.781523,271.749845,271.740193,443.74259,4.49832,1.00358,60.41141,60.41141,60.19615,1.0,59.41141,0.0,59.19615,4.101178,0.00357,1692160,102403307,102403307,0.008,20000,1210402,1210402,0.0449832,2.70781523,2.71749845,0.0449832,1208402,0.1,策略间质量恒定（同一 survivor → 同一 artifact → 同一答案）
finproc|s75|r100|OVERLAP|w2|CELL,finproc,75,100,OVERLAP,2,CELL,10000,2,0.6052,10000,1.0,37.401194,56.91,56.87,4.49832,270.781523,271.749845,271.740193,443.74259,4.49832,1.00358,60.41141,60.41141,60.19615,1.0,59.41141,0.0,59.19615,4.101178,0.00357,1692160,102403307,102403307,0.008,20000,1210402,1210402,0.0449832,2.70781523,2.71749845,0.0449832,0,0.6032,策略间质量恒定（同一 survivor → 同一 artifact → 同一答案）
finproc|s75|r100|OVERLAP|w4|WORKLOAD,finproc,75,100,OVERLAP,4,WORKLOAD,10000,4,0.60532,10000,1.0,37.403123,56.91,56.87,9.54864,575.597732,9.54864,15.295456,15.295456,9.54864,0.01659,1.0,1.0,60.2806,1.0,0.0,0.0,59.2806,0.0,-4.09901,3664320,221814768,3664320,0.008,40000,2421288,40000,0.0954864,5.75597732,0.0954864,0.0954864,0,1.0,策略间质量恒定（同一 survivor → 同一 artifact → 同一答案）
finproc|s75|r100|OVERLAP|w4|CAP_10PCT,finproc,75,100,OVERLAP,4,CAP_10PCT,10000,4,0.60532,10000,1.0,37.403123,56.91,56.87,9.54864,575.597732,577.534762,577.515422,942.81557,9.54864,1.00337,60.48346,60.48346,60.2806,1.0,59.48346,0.0,59.2806,4.10237,0.00336,3664320,221814768,221814768,0.008,40000,2421288,2421288,0.0954864,5.75597732,5.77534762,0.0954864,2417288,0.1,策略间质量恒定（同一 survivor → 同一 artifact → 同一答案）
finproc|s75|r100|OVERLAP|w4|CELL,finproc,75,100,OVERLAP,4,CELL,10000,4,0.60532,10000,1.0,37.403123,56.91,56.87,9.54864,575.597732,577.534762,577.515422,942.81557,9.54864,1.00337,60.48346,60.48346,60.2806,1.0,59.48346,0.0,59.2806,4.10237,0.00336,3664320,221814768,221814768,0.008,40000,2421288,2421288,0.0954864,5.75597732,5.77534762,0.0954864,0,0.6059,策略间质量恒定（同一 survivor → 同一 artifact → 同一答案）
finproc|s75|r100|NESTED|w1|WORKLOAD,finproc,75,100,NESTED,1,WORKLOAD,10000,1,0.66813,10000,1.0,35.716168,56.91,56.94,1.923226,127.446197,1.923226,1.952613,1.952613,1.923226,0.01509,1.0,1.0,66.26689,1.0,0.0,0.0,65.26689,0.0,-4.19369,751080,50189352,751080,0.008066,10000,668134,10000,0.01923226,1.27446197,0.01923226,0.01923226,0,1.0,策略间质量恒定（同一 survivor → 同一 artifact → 同一答案）
finproc|s75|r100|NESTED|w1|CAP_10PCT,finproc,75,100,NESTED,1,CAP_10PCT,10000,1,0.66813,10000,1.0,35.716168,56.91,56.94,1.923226,127.446197,127.401593,127.43098,167.174959,1.923226,0.99965,66.24369,66.24369,66.26689,1.0,65.24369,0.0,65.26689,4.19334,-0.00035,751080,50189352,49962180,0.008066,10000,668134,665113,0.01923226,1.27446197,1.27401593,0.01923226,664113,0.1,策略间质量恒定（同一 survivor → 同一 artifact → 同一答案）
finproc|s75|r100|NESTED|w1|CELL,finproc,75,100,NESTED,1,CELL,10000,1,0.66813,10000,1.0,35.716168,56.91,56.94,1.923226,127.446197,127.980704,127.980581,167.72456,1.923226,1.00419,66.54481,66.54481,66.26689,1.0,65.54481,0.0,65.26689,4.197876,0.004185,751080,50189352,50189352,0.008066,10000,668134,668134,0.01923226,1.27446197,1.27980704,0.01923226,0,1.0,策略间质量恒定（同一 survivor → 同一 artifact → 同一答案）
finproc|s75|r100|NESTED|w2|WORKLOAD,finproc,75,100,NESTED,2,WORKLOAD,10000,2,0.66813,10000,1.0,35.716168,56.91,56.94,4.498386,298.981172,4.498386,4.567324,4.567324,4.498386,0.01505,1.0,1.0,66.4641,1.0,0.0,0.0,65.4641,0.0,-4.196662,1692160,113073250,1692160,0.008066,20000,1336268,20000,0.04498386,2.98981172,0.04498386,0.04498386,0,1.0,策略间质量恒定（同一 survivor → 同一 artifact → 同一答案）
finproc|s75|r100|NESTED|w2|CAP_10PCT,finproc,75,100,NESTED,2,CAP_10PCT,10000,2,0.66813,10000,1.0,35.716168,56.91,56.94,4.498386,298.981172,298.708861,298.777799,391.966302,4.498386,0.99909,66.40356,66.40356,66.4641,1.0,65.40356,0.0,65.4641,4.195751,-0.000911,1692160,113073250,112566405,0.008066,20000,1336268,1330238,0.04498386,2.98981172,2.98708861,0.04498386,1328238,0.1,策略间质量恒定（同一 survivor → 同一 artifact → 同一答案）
finproc|s75|r100|NESTED|w2|CELL,finproc,75,100,NESTED,2,CELL,10000,2,0.66813,10000,1.0,35.716168,56.91,56.94,4.498386,298.981172,300.050186,300.04994,393.238442,4.498386,1.00358,66.70174,66.70174,66.4641,1.0,65.70174,0.0,65.4641,4.200231,0.003569,1692160,113073250,113073250,0.008066,20000,1336268,1336268,0.04498386,2.98981172,3.00050186,0.04498386,0,1.0,策略间质量恒定（同一 survivor → 同一 artifact → 同一答案）
finproc|s75|r100|NESTED|w4|WORKLOAD,finproc,75,100,NESTED,4,WORKLOAD,10000,4,0.66813,10000,1.0,35.716168,56.91,56.94,9.548706,635.369782,9.548706,9.695206,9.695206,9.548706,0.01503,1.0,1.0,66.53988,1.0,0.0,0.0,65.53988,0.0,-4.197802,3664320,244854252,3664320,0.008066,40000,2672536,40000,0.09548706,6.35369782,0.09548706,0.09548706,0,1.0,策略间质量恒定（同一 survivor → 同一 artifact → 同一答案）
finproc|s75|r100|NESTED|w4|CAP_10PCT,finproc,75,100,NESTED,4,CAP_10PCT,10000,4,0.66813,10000,1.0,35.716168,56.91,56.94,9.548706,635.369782,634.664118,634.810618,832.812327,9.548706,0.99889,66.46598,66.46598,66.53988,1.0,65.46598,0.0,65.53988,4.19669,-0.001111,3664320,244854252,243757478,0.008066,40000,2672536,2660554,0.09548706,6.35369782,6.34664118,0.09548706,2656554,0.1,策略间质量恒定（同一 survivor → 同一 artifact → 同一答案）
finproc|s75|r100|NESTED|w4|CELL,finproc,75,100,NESTED,4,CELL,10000,4,0.66813,10000,1.0,35.716168,56.91,56.94,9.548706,635.369782,637.507811,637.507318,835.509027,9.548706,1.00337,66.76379,66.76379,66.53988,1.0,65.76379,0.0,65.53988,4.201161,0.003359,3664320,244854252,244854252,0.008066,40000,2672536,2672536,0.09548706,6.35369782,6.37507811,0.09548706,0,1.0,策略间质量恒定（同一 survivor → 同一 artifact → 同一答案）
finproc|s100|r1|DISJOINT|w1|WORKLOAD,finproc,100,1,DISJOINT,1,WORKLOAD,10000,1,1.0,10000,1.0,0.0,56.91,56.91,1.915242,1.907242,1.915242,1.907242,1.915242,1.907242,1.00419,1.0,1.00419,1.0,1.00419,0.00419,0.00419,0.0,0.0,0.004186,751080,751080,751080,8.2e-05,10000,10000,10000,1.915242,1.907242,1.915242,1.907242,0,1.0,策略间质量恒定（同一 survivor → 同一 artifact → 同一答案）
finproc|s100|r1|DISJOINT|w1|CAP_10PCT,finproc,100,1,DISJOINT,1,CAP_10PCT,10000,1,1.0,10000,1.0,0.0,56.91,56.91,1.915242,1.907242,1.915242,1.907242,1.915242,1.907242,1.00419,1.0,1.00419,1.0,1.00419,0.00419,0.00419,0.0,0.0,0.004186,751080,751080,751080,8.2e-05,10000,10000,10000,1.915242,1.907242,1.915242,1.907242,9000,0.1,策略间质量恒定（同一 survivor → 同一 artifact → 同一答案）
finproc|s100|r1|DISJOINT|w1|CELL,finproc,100,1,DISJOINT,1,CELL,10000,1,1.0,10000,1.0,0.0,56.91,56.91,1.915242,1.907242,1.915242,1.907242,1.915242,1.907242,1.00419,1.0,1.00419,1.0,1.00419,0.00419,0.00419,0.0,0.0,0.004186,751080,751080,751080,8.2e-05,10000,10000,10000,1.915242,1.907242,1.915242,1.907242,0,1.0,策略间质量恒定（同一 survivor → 同一 artifact → 同一答案）
finproc|s100|r1|DISJOINT|w2|WORKLOAD,finproc,100,1,DISJOINT,2,WORKLOAD,10000,2,1.0,10000,1.0,0.0,56.91,56.91,4.490402,4.474402,4.490402,4.474402,4.490402,4.474402,1.00358,1.0,1.00358,1.0,1.00358,0.00358,0.00358,0.0,0.0,0.00357,1692160,1692160,1692160,8.2e-05,20000,20000,20000,4.490402,4.474402,4.490402,4.474402,0,1.0,策略间质量恒定（同一 survivor → 同一 artifact → 同一答案）
finproc|s100|r1|DISJOINT|w2|CAP_10PCT,finproc,100,1,DISJOINT,2,CAP_10PCT,10000,2,1.0,10000,1.0,0.0,56.91,56.91,4.490402,4.474402,4.490402,4.474402,4.490402,4.474402,1.00358,1.0,1.00358,1.0,1.00358,0.00358,0.00358,0.0,0.0,0.00357,1692160,1692160,1692160,8.2e-05,20000,20000,20000,4.490402,4.474402,4.490402,4.474402,18000,0.1,策略间质量恒定（同一 survivor → 同一 artifact → 同一答案）
finproc|s100|r1|DISJOINT|w2|CELL,finproc,100,1,DISJOINT,2,CELL,10000,2,1.0,10000,1.0,0.0,56.91,56.91,4.490402,4.474402,4.490402,4.474402,4.490402,4.474402,1.00358,1.0,1.00358,1.0,1.00358,0.00358,0.00358,0.0,0.0,0.00357,1692160,1692160,1692160,8.2e-05,20000,20000,20000,4.490402,4.474402,4.490402,4.474402,0,1.0,策略间质量恒定（同一 survivor → 同一 artifact → 同一答案）
finproc|s100|r1|DISJOINT|w4|WORKLOAD,finproc,100,1,DISJOINT,4,WORKLOAD,10000,4,1.0,10000,1.0,0.0,56.91,56.91,9.540722,9.508722,9.540722,9.508722,9.540722,9.508722,1.00337,1.0,1.00337,1.0,1.00337,0.00337,0.00337,0.0,0.0,0.00336,3664320,3664320,3664320,8.2e-05,40000,40000,40000,9.540722,9.508722,9.540722,9.508722,0,1.0,策略间质量恒定（同一 survivor → 同一 artifact → 同一答案）
finproc|s100|r1|DISJOINT|w4|CAP_10PCT,finproc,100,1,DISJOINT,4,CAP_10PCT,10000,4,1.0,10000,1.0,0.0,56.91,56.91,9.540722,9.508722,9.540722,9.508722,9.540722,9.508722,1.00337,1.0,1.00337,1.0,1.00337,0.00337,0.00337,0.0,0.0,0.00336,3664320,3664320,3664320,8.2e-05,40000,40000,40000,9.540722,9.508722,9.540722,9.508722,36000,0.1,策略间质量恒定（同一 survivor → 同一 artifact → 同一答案）
finproc|s100|r1|DISJOINT|w4|CELL,finproc,100,1,DISJOINT,4,CELL,10000,4,1.0,10000,1.0,0.0,56.91,56.91,9.540722,9.508722,9.540722,9.508722,9.540722,9.508722,1.00337,1.0,1.00337,1.0,1.00337,0.00337,0.00337,0.0,0.0,0.00336,3664320,3664320,3664320,8.2e-05,40000,40000,40000,9.540722,9.508722,9.540722,9.508722,0,1.0,策略间质量恒定（同一 survivor → 同一 artifact → 同一答案）
finproc|s100|r1|OVERLAP|w1|WORKLOAD,finproc,100,1,OVERLAP,1,WORKLOAD,10000,1,0.7485,7485,0.7485,0.0,56.91,56.87,1.91524,1.427374,1.433363,1.427374,1.427374,1.427374,1.0042,0.7484,1.0042,1.0,1.34179,0.0042,0.34179,0.0,-0.28982,0.004186,751080,562076,562076,8e-05,10000,7485,7485,1.91524,1.4273745,1.4333625,1.4273745,0,0.7485,策略间质量恒定（同一 survivor → 同一 artifact → 同一答案）
finproc|s100|r1|OVERLAP|w1|CAP_10PCT,finproc,100,1,OVERLAP,1,CAP_10PCT,10000,1,0.7485,7485,0.7485,0.0,56.91,56.87,1.91524,1.427374,1.433363,1.427374,1.427374,1.427374,1.0042,0.7484,1.0042,1.0,1.34179,0.0042,0.34179,0.0,-0.28982,0.004186,751080,562076,562076,8e-05,10000,7485,7485,1.91524,1.4273745,1.4333625,1.4273745,6485,0.1,策略间质量恒定（同一 survivor → 同一 artifact → 同一答案）
finproc|s100|r1|OVERLAP|w1|CELL,finproc,100,1,OVERLAP,1,CELL,10000,1,0.7485,7485,0.7485,0.0,56.91,56.87,1.91524,1.427374,1.433363,1.427374,1.427374,1.427374,1.0042,0.7484,1.0042,1.0,1.34179,0.0042,0.34179,0.0,-0.28982,0.004186,751080,562076,562076,8e-05,10000,7485,7485,1.91524,1.4273745,1.4333625,1.4273745,0,0.7485,策略间质量恒定（同一 survivor → 同一 artifact → 同一答案）
finproc|s100|r1|OVERLAP|w2|WORKLOAD,finproc,100,1,OVERLAP,2,WORKLOAD,10000,2,0.7511,7511,0.7511,0.0,56.91,56.92,4.4904,3.361801,3.373819,3.361801,3.373819,3.361801,1.00357,0.75134,1.00357,1.0,1.33571,0.00357,0.33571,0.0,-0.285897,0.003568,1692160,1271511,1271511,8e-05,20000,15022,15022,4.4904,3.361801,3.3738186,3.361801,0,0.7511,策略间质量恒定（同一 survivor → 同一 artifact → 同一答案）
finproc|s100|r1|OVERLAP|w2|CAP_10PCT,finproc,100,1,OVERLAP,2,CAP_10PCT,10000,2,0.7511,7511,0.7511,0.0,56.91,56.92,4.4904,3.361801,3.373819,3.361801,3.373819,3.361801,1.00357,0.75134,1.00357,1.0,1.33571,0.00357,0.33571,0.0,-0.285897,0.003568,1692160,1271511,1271511,8e-05,20000,15022,15022,4.4904,3.361801,3.3738186,3.361801,13022,0.1,策略间质量恒定（同一 survivor → 同一 artifact → 同一答案）
finproc|s100|r1|OVERLAP|w2|CELL,finproc,100,1,OVERLAP,2,CELL,10000,2,0.7511,7511,0.7511,0.0,56.91,56.92,4.4904,3.361801,3.373819,3.361801,3.373819,3.361801,1.00357,0.75134,1.00357,1.0,1.33571,0.00357,0.33571,0.0,-0.285897,0.003568,1692160,1271511,1271511,8e-05,20000,15022,15022,4.4904,3.361801,3.3738186,3.361801,0,0.7511,策略间质量恒定（同一 survivor → 同一 artifact → 同一答案）
finproc|s100|r1|OVERLAP|w4|WORKLOAD,finproc,100,1,OVERLAP,4,WORKLOAD,10000,4,0.7497,7497,0.7497,0.0,56.91,56.96,9.54072,7.132814,7.156804,7.132814,7.132814,7.132814,1.00336,0.75013,1.00336,1.0,1.33758,0.00336,0.33758,0.0,-0.287505,0.003358,3664320,2749194,2749194,8e-05,40000,29988,29988,9.54072,7.132814,7.1568044,7.132814,0,0.7497,策略间质量恒定（同一 survivor → 同一 artifact → 同一答案）
finproc|s100|r1|OVERLAP|w4|CAP_10PCT,finproc,100,1,OVERLAP,4,CAP_10PCT,10000,4,0.7497,7497,0.7497,0.0,56.91,56.96,9.54072,7.132814,7.156804,7.132814,7.132814,7.132814,1.00336,0.75013,1.00336,1.0,1.33758,0.00336,0.33758,0.0,-0.287505,0.003358,3664320,2749194,2749194,8e-05,40000,29988,29988,9.54072,7.132814,7.1568044,7.132814,25988,0.1,策略间质量恒定（同一 survivor → 同一 artifact → 同一答案）
finproc|s100|r1|OVERLAP|w4|CELL,finproc,100,1,OVERLAP,4,CELL,10000,4,0.7497,7497,0.7497,0.0,56.91,56.96,9.54072,7.132814,7.156804,7.132814,7.132814,7.132814,1.00336,0.75013,1.00336,1.0,1.33758,0.00336,0.33758,0.0,-0.287505,0.003358,3664320,2749194,2749194,8e-05,40000,29988,29988,9.54072,7.132814,7.1568044,7.132814,0,0.7497,策略间质量恒定（同一 survivor → 同一 artifact → 同一答案）
finproc|s100|r1|NESTED|w1|WORKLOAD,finproc,100,1,NESTED,1,WORKLOAD,10000,1,1.0,10000,1.0,0.0,56.91,56.91,1.915242,1.907242,1.915242,1.907242,1.915242,1.907242,1.00419,1.0,1.00419,1.0,1.00419,0.00419,0.00419,0.0,0.0,0.004186,751080,751080,751080,8.2e-05,10000,10000,10000,1.915242,1.907242,1.915242,1.907242,0,1.0,策略间质量恒定（同一 survivor → 同一 artifact → 同一答案）
finproc|s100|r1|NESTED|w1|CAP_10PCT,finproc,100,1,NESTED,1,CAP_10PCT,10000,1,1.0,10000,1.0,0.0,56.91,56.91,1.915242,1.907242,1.915242,1.907242,1.915242,1.907242,1.00419,1.0,1.00419,1.0,1.00419,0.00419,0.00419,0.0,0.0,0.004186,751080,751080,751080,8.2e-05,10000,10000,10000,1.915242,1.907242,1.915242,1.907242,9000,0.1,策略间质量恒定（同一 survivor → 同一 artifact → 同一答案）
finproc|s100|r1|NESTED|w1|CELL,finproc,100,1,NESTED,1,CELL,10000,1,1.0,10000,1.0,0.0,56.91,56.91,1.915242,1.907242,1.915242,1.907242,1.915242,1.907242,1.00419,1.0,1.00419,1.0,1.00419,0.00419,0.00419,0.0,0.0,0.004186,751080,751080,751080,8.2e-05,10000,10000,10000,1.915242,1.907242,1.915242,1.907242,0,1.0,策略间质量恒定（同一 survivor → 同一 artifact → 同一答案）
finproc|s100|r1|NESTED|w2|WORKLOAD,finproc,100,1,NESTED,2,WORKLOAD,10000,2,1.0,10000,1.0,0.0,56.91,56.91,4.490402,4.474402,4.490402,4.474402,4.490402,4.474402,1.00358,1.0,1.00358,1.0,1.00358,0.00358,0.00358,0.0,0.0,0.00357,1692160,1692160,1692160,8.2e-05,20000,20000,20000,4.490402,4.474402,4.490402,4.474402,0,1.0,策略间质量恒定（同一 survivor → 同一 artifact → 同一答案）
finproc|s100|r1|NESTED|w2|CAP_10PCT,finproc,100,1,NESTED,2,CAP_10PCT,10000,2,1.0,10000,1.0,0.0,56.91,56.91,4.490402,4.474402,4.490402,4.474402,4.490402,4.474402,1.00358,1.0,1.00358,1.0,1.00358,0.00358,0.00358,0.0,0.0,0.00357,1692160,1692160,1692160,8.2e-05,20000,20000,20000,4.490402,4.474402,4.490402,4.474402,18000,0.1,策略间质量恒定（同一 survivor → 同一 artifact → 同一答案）
finproc|s100|r1|NESTED|w2|CELL,finproc,100,1,NESTED,2,CELL,10000,2,1.0,10000,1.0,0.0,56.91,56.91,4.490402,4.474402,4.490402,4.474402,4.490402,4.474402,1.00358,1.0,1.00358,1.0,1.00358,0.00358,0.00358,0.0,0.0,0.00357,1692160,1692160,1692160,8.2e-05,20000,20000,20000,4.490402,4.474402,4.490402,4.474402,0,1.0,策略间质量恒定（同一 survivor → 同一 artifact → 同一答案）
finproc|s100|r1|NESTED|w4|WORKLOAD,finproc,100,1,NESTED,4,WORKLOAD,10000,4,1.0,10000,1.0,0.0,56.91,56.91,9.540722,9.508722,9.540722,9.508722,9.540722,9.508722,1.00337,1.0,1.00337,1.0,1.00337,0.00337,0.00337,0.0,0.0,0.00336,3664320,3664320,3664320,8.2e-05,40000,40000,40000,9.540722,9.508722,9.540722,9.508722,0,1.0,策略间质量恒定（同一 survivor → 同一 artifact → 同一答案）
finproc|s100|r1|NESTED|w4|CAP_10PCT,finproc,100,1,NESTED,4,CAP_10PCT,10000,4,1.0,10000,1.0,0.0,56.91,56.91,9.540722,9.508722,9.540722,9.508722,9.540722,9.508722,1.00337,1.0,1.00337,1.0,1.00337,0.00337,0.00337,0.0,0.0,0.00336,3664320,3664320,3664320,8.2e-05,40000,40000,40000,9.540722,9.508722,9.540722,9.508722,36000,0.1,策略间质量恒定（同一 survivor → 同一 artifact → 同一答案）
finproc|s100|r1|NESTED|w4|CELL,finproc,100,1,NESTED,4,CELL,10000,4,1.0,10000,1.0,0.0,56.91,56.91,9.540722,9.508722,9.540722,9.508722,9.540722,9.508722,1.00337,1.0,1.00337,1.0,1.00337,0.00337,0.00337,0.0,0.0,0.00336,3664320,3664320,3664320,8.2e-05,40000,40000,40000,9.540722,9.508722,9.540722,9.508722,0,1.0,策略间质量恒定（同一 survivor → 同一 artifact → 同一答案）
finproc|s100|r10|DISJOINT|w1|WORKLOAD,finproc,100,10,DISJOINT,1,WORKLOAD,10000,1,1.0,10000,1.0,4.5,56.91,56.91,1.91598,19.07242,1.91598,3.82314,1.91598,1.91598,0.10046,1.0,1.0,9.95439,1.0,0.0,0.0,8.95439,0.0,-2.298014,751080,7510800,751080,0.00082,10000,100000,10000,0.191598,1.907242,0.191598,0.191598,0,1.0,策略间质量恒定（同一 survivor → 同一 artifact → 同一答案）
finproc|s100|r10|DISJOINT|w1|CAP_10PCT,finproc,100,10,DISJOINT,1,CAP_10PCT,10000,1,1.0,10000,1.0,4.5,56.91,56.91,1.91598,19.07242,19.15242,19.14442,19.15242,1.91598,1.00419,9.99615,9.99615,9.95439,1.0,8.99615,0.0,8.95439,2.3022,0.004186,751080,7510800,7510800,0.00082,10000,100000,100000,0.191598,1.907242,1.915242,0.191598,99000,0.1,策略间质量恒定（同一 survivor → 同一 artifact → 同一答案）
finproc|s100|r10|DISJOINT|w1|CELL,finproc,100,10,DISJOINT,1,CELL,10000,1,1.0,10000,1.0,4.5,56.91,56.91,1.91598,19.07242,19.15242,19.14442,19.15242,1.91598,1.00419,9.99615,9.99615,9.95439,1.0,8.99615,0.0,8.95439,2.3022,0.004186,751080,7510800,7510800,0.00082,10000,100000,100000,0.191598,1.907242,1.915242,0.191598,0,1.0,策略间质量恒定（同一 survivor → 同一 artifact → 同一答案）
finproc|s100|r10|DISJOINT|w2|WORKLOAD,finproc,100,10,DISJOINT,2,WORKLOAD,10000,2,1.0,10000,1.0,4.5,56.91,56.91,4.49114,44.74402,4.49114,8.96546,4.49114,4.49114,0.10037,1.0,1.0,9.96273,1.0,0.0,0.0,8.96273,0.0,-2.298851,1692160,16921600,1692160,0.00082,20000,200000,20000,0.449114,4.474402,0.449114,0.449114,0,1.0,策略间质量恒定（同一 survivor → 同一 artifact → 同一答案）
finproc|s100|r10|DISJOINT|w2|CAP_10PCT,finproc,100,10,DISJOINT,2,CAP_10PCT,10000,2,1.0,10000,1.0,4.5,56.91,56.91,4.49114,44.74402,44.90402,44.88802,44.90402,4.49114,1.00358,9.99836,9.99836,9.96273,1.0,8.99836,0.0,8.96273,2.302421,0.00357,1692160,16921600,16921600,0.00082,20000,200000,200000,0.449114,4.474402,4.490402,0.449114,198000,0.1,策略间质量恒定（同一 survivor → 同一 artifact → 同一答案）
finproc|s100|r10|DISJOINT|w2|CELL,finproc,100,10,DISJOINT,2,CELL,10000,2,1.0,10000,1.0,4.5,56.91,56.91,4.49114,44.74402,44.90402,44.88802,44.90402,4.49114,1.00358,9.99836,9.99836,9.96273,1.0,8.99836,0.0,8.96273,2.302421,0.00357,1692160,16921600,16921600,0.00082,20000,200000,200000,0.449114,4.474402,4.490402,0.449114,0,1.0,策略间质量恒定（同一 survivor → 同一 artifact → 同一答案）
finproc|s100|r10|DISJOINT|w4|WORKLOAD,finproc,100,10,DISJOINT,4,WORKLOAD,10000,4,1.0,10000,1.0,4.5,56.91,56.91,9.54146,95.08722,9.54146,19.0501,9.54146,9.54146,0.10034,1.0,1.0,9.96569,1.0,0.0,0.0,8.96569,0.0,-2.299148,3664320,36643200,3664320,0.00082,40000,400000,40000,0.954146,9.508722,0.954146,0.954146,0,1.0,策略间质量恒定（同一 survivor → 同一 artifact → 同一答案）
finproc|s100|r10|DISJOINT|w4|CAP_10PCT,finproc,100,10,DISJOINT,4,CAP_10PCT,10000,4,1.0,10000,1.0,4.5,56.91,56.91,9.54146,95.08722,95.40722,95.37522,95.40722,9.54146,1.00337,9.99923,9.99923,9.96569,1.0,8.99923,0.0,8.96569,2.302508,0.00336,3664320,36643200,36643200,0.00082,40000,400000,400000,0.954146,9.508722,9.540722,0.954146,396000,0.1,策略间质量恒定（同一 survivor → 同一 artifact → 同一答案）
finproc|s100|r10|DISJOINT|w4|CELL,finproc,100,10,DISJOINT,4,CELL,10000,4,1.0,10000,1.0,4.5,56.91,56.91,9.54146,95.08722,95.40722,95.37522,95.40722,9.54146,1.00337,9.99923,9.99923,9.96569,1.0,8.99923,0.0,8.96569,2.302508,0.00336,3664320,36643200,36643200,0.00082,40000,400000,400000,0.954146,9.508722,9.540722,0.954146,0,1.0,策略间质量恒定（同一 survivor → 同一 artifact → 同一答案）
finproc|s100|r10|OVERLAP|w1|WORKLOAD,finproc,100,10,OVERLAP,1,WORKLOAD,10000,1,0.7486,9997,0.9997,3.74268,56.91,56.87,1.91596,14.28019,1.915394,3.3423,3.3423,1.915394,0.13413,0.9997,1.0,7.45548,1.0003,0.0,0.0003,6.45548,-0.000295,-2.00895,751080,5623780,750859,0.0008,10000,74860,9997,0.191596,1.428019,0.19153941,0.19153941,0,0.9997,策略间质量恒定（同一 survivor → 同一 artifact → 同一答案）
finproc|s100|r10|OVERLAP|w1|CAP_10PCT,finproc,100,10,OVERLAP,1,CAP_10PCT,10000,1,0.7486,9997,0.9997,3.74268,56.91,56.87,1.91596,14.28019,14.340078,14.33409,17.684201,1.915394,1.00419,7.48454,7.48675,7.45548,1.0003,6.48675,0.0003,6.45548,2.012839,0.004185,751080,5623780,5623780,0.0008,10000,74860,74860,0.191596,1.428019,1.4340078,0.19153941,73860,0.1,策略间质量恒定（同一 survivor → 同一 artifact → 同一答案）
finproc|s100|r10|OVERLAP|w1|CELL,finproc,100,10,OVERLAP,1,CELL,10000,1,0.7486,9997,0.9997,3.74268,56.91,56.87,1.91596,14.28019,14.340078,14.33409,17.684201,1.915394,1.00419,7.48454,7.48675,7.45548,1.0003,6.48675,0.0003,6.45548,2.012839,0.004185,751080,5623780,5623780,0.0008,10000,74860,74860,0.191596,1.428019,1.4340078,0.19153941,0,0.755,策略间质量恒定（同一 survivor → 同一 artifact → 同一答案）
finproc|s100|r10|OVERLAP|w2|WORKLOAD,finproc,100,10,OVERLAP,2,WORKLOAD,10000,2,0.74872,9991,0.9991,3.744804,56.91,56.92,4.49112,33.502288,4.487095,7.848355,4.487095,4.487095,0.13393,0.9991,1.0,7.46637,1.0009,0.0,0.0009,6.46637,-0.000897,-2.010408,1692160,12670220,1690645,0.0008,20000,149744,19982,0.449112,3.3502288,0.44870946,0.44870946,0,0.9991,策略间质量恒定（同一 survivor → 同一 artifact → 同一答案）
finproc|s100|r10|OVERLAP|w2|CAP_10PCT,finproc,100,10,OVERLAP,2,CAP_10PCT,10000,2,0.74872,9991,0.9991,3.744804,56.91,56.92,4.49112,33.502288,33.622083,33.610066,43.787419,4.487095,1.00358,7.48635,7.49306,7.46637,1.0009,6.49306,0.0009,6.46637,2.013081,0.003569,1692160,12670220,12670220,0.0008,20000,149744,149744,0.449112,3.3502288,3.36220832,0.44870946,147744,0.1,策略间质量恒定（同一 survivor → 同一 artifact → 同一答案）
finproc|s100|r10|OVERLAP|w2|CELL,finproc,100,10,OVERLAP,2,CELL,10000,2,0.74872,9991,0.9991,3.744804,56.91,56.92,4.49112,33.502288,33.622083,33.610066,43.787419,4.487095,1.00358,7.48635,7.49306,7.46637,1.0009,6.49306,0.0009,6.46637,2.013081,0.003569,1692160,12670220,12670220,0.0008,20000,149744,149744,0.449112,3.3502288,3.36220832,0.44870946,0,0.7449,策略间质量恒定（同一 survivor → 同一 artifact → 同一答案）
finproc|s100|r10|OVERLAP|w4|WORKLOAD,finproc,100,10,OVERLAP,4,WORKLOAD,10000,4,0.74914,9997,0.9997,3.744667,56.91,56.96,9.54144,71.244828,9.538612,16.66936,16.66936,9.538612,0.13388,0.9997,1.0,7.4691,1.0003,0.0,0.0003,6.4691,-0.000296,-2.010774,3664320,27456388,3663238,0.0008,40000,299656,39988,0.954144,7.1244828,0.95386124,0.95386124,0,0.9997,策略间质量恒定（同一 survivor → 同一 artifact → 同一答案）
finproc|s100|r10|OVERLAP|w4|CAP_10PCT,finproc,100,10,OVERLAP,4,CAP_10PCT,10000,4,0.74914,9997,0.9997,3.744667,56.91,56.96,9.54144,71.244828,71.484553,71.460562,88.209839,9.538612,1.00336,7.49201,7.49423,7.4691,1.0003,6.49423,0.0003,6.4691,2.013837,0.003359,3664320,27456388,27456388,0.0008,40000,299656,299656,0.954144,7.1244828,7.14845528,0.95386124,295656,0.1,策略间质量恒定（同一 survivor → 同一 artifact → 同一答案）
finproc|s100|r10|OVERLAP|w4|CELL,finproc,100,10,OVERLAP,4,CELL,10000,4,0.74914,9997,0.9997,3.744667,56.91,56.96,9.54144,71.244828,71.484553,71.460562,88.209839,9.538612,1.00336,7.49201,7.49423,7.4691,1.0003,6.49423,0.0003,6.4691,2.013837,0.003359,3664320,27456388,27456388,0.0008,40000,299656,299656,0.954144,7.1244828,7.14845528,0.95386124,0,0.7459,策略间质量恒定（同一 survivor → 同一 artifact → 同一答案）
finproc|s100|r10|NESTED|w1|WORKLOAD,finproc,100,10,NESTED,1,WORKLOAD,10000,1,0.77228,10000,1.0,3.525612,56.91,56.87,1.91597,14.730756,1.91597,2.264826,2.264826,1.91597,0.13007,1.0,1.0,7.68841,1.0,0.0,0.0,6.68841,0.0,-2.039714,751080,5801106,751080,0.00081,10000,77228,10000,0.191597,1.4730756,0.191597,0.191597,0,1.0,策略间质量恒定（同一 survivor → 同一 artifact → 同一答案）
finproc|s100|r10|NESTED|w1|CAP_10PCT,finproc,100,10,NESTED,1,CAP_10PCT,10000,1,0.77228,10000,1.0,3.525612,56.91,56.87,1.91597,14.730756,14.792538,14.791076,14.791076,1.91597,1.00419,7.72065,7.72065,7.68841,1.0,6.72065,0.0,6.68841,2.043899,0.004185,751080,5801106,5801106,0.00081,10000,77228,77228,0.191597,1.4730756,1.47925384,0.191597,76228,0.1,策略间质量恒定（同一 survivor → 同一 artifact → 同一答案）
finproc|s100|r10|NESTED|w1|CELL,finproc,100,10,NESTED,1,CELL,10000,1,0.77228,10000,1.0,3.525612,56.91,56.87,1.91597,14.730756,14.792538,14.791076,14.791076,1.91597,1.00419,7.72065,7.72065,7.68841,1.0,6.72065,0.0,6.68841,2.043899,0.004185,751080,5801106,5801106,0.00081,10000,77228,77228,0.191597,1.4730756,1.47925384,0.191597,0,1.0,策略间质量恒定（同一 survivor → 同一 artifact → 同一答案）
finproc|s100|r10|NESTED|w2|WORKLOAD,finproc,100,10,NESTED,2,WORKLOAD,10000,2,0.77228,10000,1.0,3.525612,56.91,56.87,4.49113,34.55775,4.49113,5.30949,5.30949,4.49113,0.12996,1.0,1.0,7.69467,1.0,0.0,0.0,6.69467,0.0,-2.040527,1692160,13069544,1692160,0.00081,20000,154456,20000,0.449113,3.455775,0.449113,0.449113,0,1.0,策略间质量恒定（同一 survivor → 同一 artifact → 同一答案）
finproc|s100|r10|NESTED|w2|CAP_10PCT,finproc,100,10,NESTED,2,CAP_10PCT,10000,2,0.77228,10000,1.0,3.525612,56.91,56.87,4.49113,34.55775,34.681315,34.67839,34.67839,4.49113,1.00358,7.72218,7.72218,7.69467,1.0,6.72218,0.0,6.69467,2.044097,0.003569,1692160,13069544,13069544,0.00081,20000,154456,154456,0.449113,3.455775,3.46813148,0.449113,152456,0.1,策略间质量恒定（同一 survivor → 同一 artifact → 同一答案）
finproc|s100|r10|NESTED|w2|CELL,finproc,100,10,NESTED,2,CELL,10000,2,0.77228,10000,1.0,3.525612,56.91,56.87,4.49113,34.55775,34.681315,34.67839,34.67839,4.49113,1.00358,7.72218,7.72218,7.69467,1.0,6.72218,0.0,6.69467,2.044097,0.003569,1692160,13069544,13069544,0.00081,20000,154456,154456,0.449113,3.455775,3.46813148,0.449113,0,1.0,策略间质量恒定（同一 survivor → 同一 artifact → 同一答案）
finproc|s100|r10|NESTED|w4|WORKLOAD,finproc,100,10,NESTED,4,WORKLOAD,10000,4,0.77228,10000,1.0,3.525612,56.91,56.87,9.54145,73.439458,9.54145,11.280538,11.280538,9.54145,0.12992,1.0,1.0,7.69689,1.0,0.0,0.0,6.69689,0.0,-2.040816,3664320,28301472,3664320,0.00081,40000,308912,40000,0.954145,7.3439458,0.954145,0.954145,0,1.0,策略间质量恒定（同一 survivor → 同一 artifact → 同一答案）
finproc|s100|r10|NESTED|w4|CAP_10PCT,finproc,100,10,NESTED,4,CAP_10PCT,10000,4,0.77228,10000,1.0,3.525612,56.91,56.87,9.54145,73.439458,73.686588,73.680738,73.680738,9.54145,1.00337,7.72279,7.72279,7.69689,1.0,6.72279,0.0,6.69689,2.044175,0.003359,3664320,28301472,28301472,0.00081,40000,308912,308912,0.954145,7.3439458,7.36865876,0.954145,304912,0.1,策略间质量恒定（同一 survivor → 同一 artifact → 同一答案）
finproc|s100|r10|NESTED|w4|CELL,finproc,100,10,NESTED,4,CELL,10000,4,0.77228,10000,1.0,3.525612,56.91,56.87,9.54145,73.439458,73.686588,73.680738,73.680738,9.54145,1.00337,7.72279,7.72279,7.69689,1.0,6.72279,0.0,6.69689,2.044175,0.003359,3664320,28301472,28301472,0.00081,40000,308912,308912,0.954145,7.3439458,7.36865876,0.954145,0,1.0,策略间质量恒定（同一 survivor → 同一 artifact → 同一答案）
finproc|s100|r50|DISJOINT|w1|WORKLOAD,finproc,100,50,DISJOINT,1,WORKLOAD,10000,1,1.0,10000,1.0,24.5,56.91,56.91,1.91926,95.3621,1.91926,3.82642,1.91926,1.91926,0.02013,1.0,1.0,49.68691,1.0,0.0,0.0,48.68691,0.0,-3.905742,751080,37554000,751080,0.0041,10000,500000,10000,0.0383852,1.907242,0.0383852,0.0383852,0,1.0,策略间质量恒定（同一 survivor → 同一 artifact → 同一答案）
finproc|s100|r50|DISJOINT|w1|CAP_10PCT,finproc,100,50,DISJOINT,1,CAP_10PCT,10000,1,1.0,10000,1.0,24.5,56.91,56.91,1.91926,95.3621,95.7621,95.7541,95.7621,1.91926,1.00419,49.89532,49.89532,49.68691,1.0,48.89532,0.0,48.68691,3.909927,0.004186,751080,37554000,37554000,0.0041,10000,500000,500000,0.0383852,1.907242,1.915242,0.0383852,499000,0.1,策略间质量恒定（同一 survivor → 同一 artifact → 同一答案）
finproc|s100|r50|DISJOINT|w1|CELL,finproc,100,50,DISJOINT,1,CELL,10000,1,1.0,10000,1.0,24.5,56.91,56.91,1.91926,95.3621,95.7621,95.7541,95.7621,1.91926,1.00419,49.89532,49.89532,49.68691,1.0,48.89532,0.0,48.68691,3.909927,0.004186,751080,37554000,37554000,0.0041,10000,500000,500000,0.0383852,1.907242,1.915242,0.0383852,0,1.0,策略间质量恒定（同一 survivor → 同一 artifact → 同一答案）
finproc|s100|r50|DISJOINT|w2|WORKLOAD,finproc,100,50,DISJOINT,2,WORKLOAD,10000,2,1.0,10000,1.0,24.5,56.91,56.91,4.49442,223.7201,4.49442,8.96874,4.49442,4.49442,0.02009,1.0,1.0,49.7773,1.0,0.0,0.0,48.7773,0.0,-3.907559,1692160,84608000,1692160,0.0041,20000,1000000,20000,0.0898884,4.474402,0.0898884,0.0898884,0,1.0,策略间质量恒定（同一 survivor → 同一 artifact → 同一答案）
finproc|s100|r50|DISJOINT|w2|CAP_10PCT,finproc,100,50,DISJOINT,2,CAP_10PCT,10000,2,1.0,10000,1.0,24.5,56.91,56.91,4.49442,223.7201,224.5201,224.5041,224.5201,4.49442,1.00358,49.9553,49.9553,49.7773,1.0,48.9553,0.0,48.7773,3.911129,0.00357,1692160,84608000,84608000,0.0041,20000,1000000,1000000,0.0898884,4.474402,4.490402,0.0898884,998000,0.1,策略间质量恒定（同一 survivor → 同一 artifact → 同一答案）
finproc|s100|r50|DISJOINT|w2|CELL,finproc,100,50,DISJOINT,2,CELL,10000,2,1.0,10000,1.0,24.5,56.91,56.91,4.49442,223.7201,224.5201,224.5041,224.5201,4.49442,1.00358,49.9553,49.9553,49.7773,1.0,48.9553,0.0,48.7773,3.911129,0.00357,1692160,84608000,84608000,0.0041,20000,1000000,1000000,0.0898884,4.474402,4.490402,0.0898884,0,1.0,策略间质量恒定（同一 survivor → 同一 artifact → 同一答案）
finproc|s100|r50|DISJOINT|w4|WORKLOAD,finproc,100,50,DISJOINT,4,WORKLOAD,10000,4,1.0,10000,1.0,24.5,56.91,56.91,9.54474,475.4361,9.54474,19.05338,9.54474,9.54474,0.02008,1.0,1.0,49.81132,1.0,0.0,0.0,48.81132,0.0,-3.908242,3664320,183216000,3664320,0.0041,40000,2000000,40000,0.1908948,9.508722,0.1908948,0.1908948,0,1.0,策略间质量恒定（同一 survivor → 同一 artifact → 同一答案）
finproc|s100|r50|DISJOINT|w4|CAP_10PCT,finproc,100,50,DISJOINT,4,CAP_10PCT,10000,4,1.0,10000,1.0,24.5,56.91,56.91,9.54474,475.4361,477.0361,477.0041,477.0361,9.54474,1.00337,49.97895,49.97895,49.81132,1.0,48.97895,0.0,48.81132,3.911602,0.00336,3664320,183216000,183216000,0.0041,40000,2000000,2000000,0.1908948,9.508722,9.540722,0.1908948,1996000,0.1,策略间质量恒定（同一 survivor → 同一 artifact → 同一答案）
finproc|s100|r50|DISJOINT|w4|CELL,finproc,100,50,DISJOINT,4,CELL,10000,4,1.0,10000,1.0,24.5,56.91,56.91,9.54474,475.4361,477.0361,477.0041,477.0361,9.54474,1.00337,49.97895,49.97895,49.81132,1.0,48.97895,0.0,48.81132,3.911602,0.00336,3664320,183216000,183216000,0.0041,40000,2000000,2000000,0.1908948,9.508722,9.540722,0.1908948,0,1.0,策略间质量恒定（同一 survivor → 同一 artifact → 同一答案）
finproc|s100|r50|OVERLAP|w1|WORKLOAD,finproc,100,50,OVERLAP,1,WORKLOAD,10000,1,0.74927,10000,1.0,20.387323,56.91,56.87,1.91916,71.464958,1.91916,3.346455,3.346455,1.91916,0.02685,1.0,1.0,37.23762,1.0,0.0,0.0,36.23762,0.0,-3.61732,751080,28144100,751080,0.004,10000,374636,10000,0.0383832,1.42929916,0.0383832,0.0383832,0,1.0,策略间质量恒定（同一 survivor → 同一 artifact → 同一答案）
finproc|s100|r50|OVERLAP|w1|CAP_10PCT,finproc,100,50,OVERLAP,1,CAP_10PCT,10000,1,0.74927,10000,1.0,20.387323,56.91,56.87,1.91916,71.464958,71.764667,71.758679,94.293801,1.91916,1.00419,37.39379,37.39379,37.23762,1.0,36.39379,0.0,36.23762,3.621505,0.004185,751080,28144100,28144100,0.004,10000,374636,374636,0.0383832,1.42929916,1.43529334,0.0383832,373636,0.1,策略间质量恒定（同一 survivor → 同一 artifact → 同一答案）
finproc|s100|r50|OVERLAP|w1|CELL,finproc,100,50,OVERLAP,1,CELL,10000,1,0.74927,10000,1.0,20.387323,56.91,56.87,1.91916,71.464958,71.764667,71.758679,94.293801,1.91916,1.00419,37.39379,37.39379,37.23762,1.0,36.39379,0.0,36.23762,3.621505,0.004185,751080,28144100,28144100,0.004,10000,374636,374636,0.0383832,1.42929916,1.43529334,0.0383832,0,0.7483,策略间质量恒定（同一 survivor → 同一 artifact → 同一答案）
finproc|s100|r50|OVERLAP|w2|WORKLOAD,finproc,100,50,OVERLAP,2,WORKLOAD,10000,2,0.74888,10000,1.0,20.387184,56.91,56.92,4.49432,167.56004,4.49432,7.856041,4.49432,4.49432,0.02682,1.0,1.0,37.28262,1.0,0.0,0.0,36.28262,0.0,-3.618527,1692160,63371040,1692160,0.004,20000,748880,20000,0.0898864,3.3512008,0.0898864,0.0898864,0,1.0,策略间质量恒定（同一 survivor → 同一 artifact → 同一答案）
finproc|s100|r50|OVERLAP|w2|CAP_10PCT,finproc,100,50,OVERLAP,2,CAP_10PCT,10000,2,0.74888,10000,1.0,20.387184,56.91,56.92,4.49432,167.56004,168.159144,168.147126,223.403419,4.49432,1.00358,37.41593,37.41593,37.28262,1.0,36.41593,0.0,36.28262,3.622096,0.003569,1692160,63371040,63371040,0.004,20000,748880,748880,0.0898864,3.3512008,3.36318288,0.0898864,746880,0.1,策略间质量恒定（同一 survivor → 同一 artifact → 同一答案）
finproc|s100|r50|OVERLAP|w2|CELL,finproc,100,50,OVERLAP,2,CELL,10000,2,0.74888,10000,1.0,20.387184,56.91,56.92,4.49432,167.56004,168.159144,168.147126,223.403419,4.49432,1.00358,37.41593,37.41593,37.28262,1.0,36.41593,0.0,36.28262,3.622096,0.003569,1692160,63371040,63371040,0.004,20000,748880,748880,0.0898864,3.3512008,3.36318288,0.0898864,0,0.742,策略间质量恒定（同一 survivor → 同一 artifact → 同一答案）
finproc|s100|r50|OVERLAP|w4|WORKLOAD,finproc,100,50,OVERLAP,4,WORKLOAD,10000,4,0.74869,10000,1.0,20.385794,56.91,56.96,9.54464,355.997286,9.54464,16.677374,16.677374,9.54464,0.02681,1.0,1.0,37.29814,1.0,0.0,0.0,36.29814,0.0,-3.618943,3664320,137193038,3664320,0.004,40000,1497380,40000,0.1908928,7.11994572,0.1908928,0.1908928,0,1.0,策略间质量恒定（同一 survivor → 同一 artifact → 同一答案）
finproc|s100|r50|OVERLAP|w4|CAP_10PCT,finproc,100,50,OVERLAP,4,CAP_10PCT,10000,4,0.74869,10000,1.0,20.385794,56.91,56.96,9.54464,355.997286,357.19519,357.1712,469.838639,9.54464,1.00336,37.42364,37.42364,37.29814,1.0,36.42364,0.0,36.29814,3.622303,0.003359,3664320,137193038,137193038,0.004,40000,1497380,1497380,0.1908928,7.11994572,7.1439038,0.1908928,1493380,0.1,策略间质量恒定（同一 survivor → 同一 artifact → 同一答案）
finproc|s100|r50|OVERLAP|w4|CELL,finproc,100,50,OVERLAP,4,CELL,10000,4,0.74869,10000,1.0,20.385794,56.91,56.96,9.54464,355.997286,357.19519,357.1712,469.838639,9.54464,1.00336,37.42364,37.42364,37.29814,1.0,36.42364,0.0,36.29814,3.622303,0.003359,3664320,137193038,137193038,0.004,40000,1497380,1497380,0.1908928,7.11994572,7.1439038,0.1908928,0,0.7546,策略间质量恒定（同一 survivor → 同一 artifact → 同一答案）
finproc|s100|r50|NESTED|w1|WORKLOAD,finproc,100,50,NESTED,1,WORKLOAD,10000,1,0.75471,10000,1.0,19.081912,56.91,56.94,1.91921,71.977267,1.91921,1.995545,1.995545,1.91921,0.02666,1.0,1.0,37.50359,1.0,0.0,0.0,36.50359,0.0,-3.624437,751080,28345170,751080,0.00405,10000,377355,10000,0.0383842,1.43954535,0.0383842,0.0383842,0,1.0,策略间质量恒定（同一 survivor → 同一 artifact → 同一答案）
finproc|s100|r50|NESTED|w1|CAP_10PCT,finproc,100,50,NESTED,1,CAP_10PCT,10000,1,0.75471,10000,1.0,19.081912,56.91,56.94,1.91921,71.977267,72.118334,72.19467,81.807118,1.91921,1.00196,37.57709,37.57709,37.50359,1.0,36.57709,0.0,36.50359,3.626395,0.001958,751080,28345170,28282066,0.00405,10000,377355,376517,0.0383842,1.43954535,1.44236668,0.0383842,375517,0.1,策略间质量恒定（同一 survivor → 同一 artifact → 同一答案）
finproc|s100|r50|NESTED|w1|CELL,finproc,100,50,NESTED,1,CELL,10000,1,0.75471,10000,1.0,19.081912,56.91,56.94,1.91921,71.977267,72.279151,72.278832,81.891281,1.91921,1.00419,37.66089,37.66089,37.50359,1.0,36.66089,0.0,36.50359,3.628622,0.004185,751080,28345170,28345170,0.00405,10000,377355,377355,0.0383842,1.43954535,1.44558303,0.0383842,0,1.0,策略间质量恒定（同一 survivor → 同一 artifact → 同一答案）
finproc|s100|r50|NESTED|w2|WORKLOAD,finproc,100,50,NESTED,2,WORKLOAD,10000,2,0.75471,10000,1.0,19.081912,56.91,56.94,4.49437,168.855915,4.49437,4.673375,4.673375,4.49437,0.02662,1.0,1.0,37.57054,1.0,0.0,0.0,36.57054,0.0,-3.62622,1692160,63860085,1692160,0.00405,20000,754710,20000,0.0898874,3.3771183,0.0898874,0.0898874,0,1.0,策略间质量恒定（同一 survivor → 同一 artifact → 同一答案）
finproc|s100|r50|NESTED|w2|CAP_10PCT,finproc,100,50,NESTED,2,CAP_10PCT,10000,2,0.75471,10000,1.0,19.081912,56.91,56.94,4.49437,168.855915,169.120699,169.299704,191.838527,4.49437,1.00157,37.62946,37.62946,37.57054,1.0,36.62946,0.0,36.57054,3.627787,0.001567,1692160,63860085,63729960,0.00405,20000,754710,753087,0.0898874,3.3771183,3.38241398,0.0898874,751087,0.1,策略间质量恒定（同一 survivor → 同一 artifact → 同一答案）
finproc|s100|r50|NESTED|w2|CELL,finproc,100,50,NESTED,2,CELL,10000,2,0.75471,10000,1.0,19.081912,56.91,56.94,4.49437,168.855915,169.459683,169.459045,191.997867,4.49437,1.00358,37.70488,37.70488,37.57054,1.0,36.70488,0.0,36.57054,3.62979,0.003569,1692160,63860085,63860085,0.00405,20000,754710,754710,0.0898874,3.3771183,3.38919366,0.0898874,0,1.0,策略间质量恒定（同一 survivor → 同一 artifact → 同一答案）
finproc|s100|r50|NESTED|w4|WORKLOAD,finproc,100,50,NESTED,4,WORKLOAD,10000,4,0.75471,10000,1.0,19.081912,56.91,56.94,9.54469,358.83966,9.54469,9.925044,9.925044,9.54469,0.0266,1.0,1.0,37.59574,1.0,0.0,0.0,36.59574,0.0,-3.626891,3664320,138286110,3664320,0.00405,40000,1509420,40000,0.1908938,7.1767932,0.1908938,0.1908938,0,1.0,策略间质量恒定（同一 survivor → 同一 artifact → 同一答案）
finproc|s100|r50|NESTED|w4|CAP_10PCT,finproc,100,50,NESTED,4,CAP_10PCT,10000,4,0.75471,10000,1.0,19.081912,56.91,56.94,9.54469,358.83966,359.250935,359.631289,407.52075,9.54469,1.00115,37.63883,37.63883,37.59574,1.0,36.63883,0.0,36.59574,3.628036,0.001145,3664320,138286110,137977486,0.00405,40000,1509420,1506173,0.1908938,7.1767932,7.1850187,0.1908938,1502173,0.1,策略间质量恒定（同一 survivor → 同一 artifact → 同一答案）
finproc|s100|r50|NESTED|w4|CELL,finproc,100,50,NESTED,4,CELL,10000,4,0.75471,10000,1.0,19.081912,56.91,56.94,9.54469,358.83966,360.047196,360.045919,407.93538,9.54469,1.00337,37.72225,37.72225,37.59574,1.0,36.72225,0.0,36.59574,3.63025,0.003359,3664320,138286110,138286110,0.00405,40000,1509420,1509420,0.1908938,7.1767932,7.20094392,0.1908938,0,1.0,策略间质量恒定（同一 survivor → 同一 artifact → 同一答案）
finproc|s100|r100|DISJOINT|w1|WORKLOAD,finproc,100,100,DISJOINT,1,WORKLOAD,10000,1,1.0,10000,1.0,49.5,56.91,56.91,1.92336,190.7242,1.92336,3.83052,1.92336,1.92336,0.01008,1.0,1.0,99.16199,1.0,0.0,0.0,98.16199,0.0,-4.596755,751080,75108000,751080,0.0082,10000,1000000,10000,0.0192336,1.907242,0.0192336,0.0192336,0,1.0,策略间质量恒定（同一 survivor → 同一 artifact → 同一答案）
finproc|s100|r100|DISJOINT|w1|CAP_10PCT,finproc,100,100,DISJOINT,1,CAP_10PCT,10000,1,1.0,10000,1.0,49.5,56.91,56.91,1.92336,190.7242,191.5242,191.5162,191.5242,1.92336,1.00419,99.57793,99.57793,99.16199,1.0,98.57793,0.0,98.16199,4.600941,0.004186,751080,75108000,75108000,0.0082,10000,1000000,1000000,0.0192336,1.907242,1.915242,0.0192336,999000,0.1,策略间质量恒定（同一 survivor → 同一 artifact → 同一答案）
finproc|s100|r100|DISJOINT|w1|CELL,finproc,100,100,DISJOINT,1,CELL,10000,1,1.0,10000,1.0,49.5,56.91,56.91,1.92336,190.7242,191.5242,191.5162,191.5242,1.92336,1.00419,99.57793,99.57793,99.16199,1.0,98.57793,0.0,98.16199,4.600941,0.004186,751080,75108000,75108000,0.0082,10000,1000000,1000000,0.0192336,1.907242,1.915242,0.0192336,0,1.0,策略间质量恒定（同一 survivor → 同一 artifact → 同一答案）
finproc|s100|r100|DISJOINT|w2|WORKLOAD,finproc,100,100,DISJOINT,2,WORKLOAD,10000,2,1.0,10000,1.0,49.5,56.91,56.91,4.49852,447.4402,4.49852,8.97284,4.49852,4.49852,0.01005,1.0,1.0,99.46387,1.0,0.0,0.0,98.46387,0.0,-4.599794,1692160,169216000,1692160,0.0082,20000,2000000,20000,0.0449852,4.474402,0.0449852,0.0449852,0,1.0,策略间质量恒定（同一 survivor → 同一 artifact → 同一答案）
finproc|s100|r100|DISJOINT|w2|CAP_10PCT,finproc,100,100,DISJOINT,2,CAP_10PCT,10000,2,1.0,10000,1.0,49.5,56.91,56.91,4.49852,447.4402,449.0402,449.0242,449.0402,4.49852,1.00358,99.81954,99.81954,99.46387,1.0,98.81954,0.0,98.46387,4.603364,0.00357,1692160,169216000,169216000,0.0082,20000,2000000,2000000,0.0449852,4.474402,4.490402,0.0449852,1998000,0.1,策略间质量恒定（同一 survivor → 同一 artifact → 同一答案）
finproc|s100|r100|DISJOINT|w2|CELL,finproc,100,100,DISJOINT,2,CELL,10000,2,1.0,10000,1.0,49.5,56.91,56.91,4.49852,447.4402,449.0402,449.0242,449.0402,4.49852,1.00358,99.81954,99.81954,99.46387,1.0,98.81954,0.0,98.46387,4.603364,0.00357,1692160,169216000,169216000,0.0082,20000,2000000,2000000,0.0449852,4.474402,4.490402,0.0449852,0,1.0,策略间质量恒定（同一 survivor → 同一 artifact → 同一答案）
finproc|s100|r100|DISJOINT|w4|WORKLOAD,finproc,100,100,DISJOINT,4,WORKLOAD,10000,4,1.0,10000,1.0,49.5,56.91,56.91,9.54884,950.8722,9.54884,19.05748,9.54884,9.54884,0.01004,1.0,1.0,99.57987,1.0,0.0,0.0,98.57987,0.0,-4.60096,3664320,366432000,3664320,0.0082,40000,4000000,40000,0.0954884,9.508722,0.0954884,0.0954884,0,1.0,策略间质量恒定（同一 survivor → 同一 artifact → 同一答案）
finproc|s100|r100|DISJOINT|w4|CAP_10PCT,finproc,100,100,DISJOINT,4,CAP_10PCT,10000,4,1.0,10000,1.0,49.5,56.91,56.91,9.54884,950.8722,954.0722,954.0402,954.0722,9.54884,1.00337,99.91498,99.91498,99.57987,1.0,98.91498,0.0,98.57987,4.60432,0.00336,3664320,366432000,366432000,0.0082,40000,4000000,4000000,0.0954884,9.508722,9.540722,0.0954884,3996000,0.1,策略间质量恒定（同一 survivor → 同一 artifact → 同一答案）
finproc|s100|r100|DISJOINT|w4|CELL,finproc,100,100,DISJOINT,4,CELL,10000,4,1.0,10000,1.0,49.5,56.91,56.91,9.54884,950.8722,954.0722,954.0402,954.0722,9.54884,1.00337,99.91498,99.91498,99.57987,1.0,98.91498,0.0,98.57987,4.60432,0.00336,3664320,366432000,366432000,0.0082,40000,4000000,4000000,0.0954884,9.508722,9.540722,0.0954884,0,1.0,策略间质量恒定（同一 survivor → 同一 artifact → 同一答案）
finproc|s100|r100|OVERLAP|w1|WORKLOAD,finproc,100,100,OVERLAP,1,WORKLOAD,10000,1,0.74886,10000,1.0,41.190505,56.91,56.87,1.92316,142.850817,1.92316,3.350455,3.350455,1.92316,0.01346,1.0,1.0,74.27922,1.0,0.0,0.0,73.27922,0.0,-4.307831,751080,56257034,751080,0.008,10000,748858,10000,0.0192316,1.42850817,0.0192316,0.0192316,0,1.0,策略间质量恒定（同一 survivor → 同一 artifact → 同一答案）
finproc|s100|r100|OVERLAP|w1|CAP_10PCT,finproc,100,100,OVERLAP,1,CAP_10PCT,10000,1,0.74886,10000,1.0,41.190505,56.91,56.87,1.92316,142.850817,143.449903,143.443915,190.055801,1.92316,1.00419,74.59073,74.59073,74.27922,1.0,73.59073,0.0,73.27922,4.312016,0.004185,751080,56257034,56257034,0.008,10000,748858,748858,0.0192316,1.42850817,1.43449903,0.0192316,747858,0.1,策略间质量恒定（同一 survivor → 同一 artifact → 同一答案）
finproc|s100|r100|OVERLAP|w1|CELL,finproc,100,100,OVERLAP,1,CELL,10000,1,0.74886,10000,1.0,41.190505,56.91,56.87,1.92316,142.850817,143.449903,143.443915,190.055801,1.92316,1.00419,74.59073,74.59073,74.27922,1.0,73.59073,0.0,73.27922,4.312016,0.004185,751080,56257034,56257034,0.008,10000,748858,748858,0.0192316,1.42850817,1.43449903,0.0192316,0,0.746,策略间质量恒定（同一 survivor → 同一 artifact → 同一答案）
finproc|s100|r100|OVERLAP|w2|WORKLOAD,finproc,100,100,OVERLAP,2,WORKLOAD,10000,2,0.74928,10000,1.0,41.193491,56.91,56.92,4.49832,335.297389,4.49832,7.860041,4.49832,4.49832,0.01342,1.0,1.0,74.53836,1.0,0.0,0.0,73.53836,0.0,-4.311314,1692160,126809207,1692160,0.008,20000,1498550,20000,0.0449832,3.35297389,0.0449832,0.0449832,0,1.0,策略间质量恒定（同一 survivor → 同一 artifact → 同一答案）
finproc|s100|r100|OVERLAP|w2|CAP_10PCT,finproc,100,100,OVERLAP,2,CAP_10PCT,10000,2,0.74928,10000,1.0,41.193491,56.91,56.92,4.49832,335.297389,336.496229,336.484211,447.923419,4.49832,1.00358,74.80487,74.80487,74.53836,1.0,73.80487,0.0,73.53836,4.314883,0.003569,1692160,126809207,126809207,0.008,20000,1498550,1498550,0.0449832,3.35297389,3.36496229,0.0449832,1496550,0.1,策略间质量恒定（同一 survivor → 同一 artifact → 同一答案）
finproc|s100|r100|OVERLAP|w2|CELL,finproc,100,100,OVERLAP,2,CELL,10000,2,0.74928,10000,1.0,41.193491,56.91,56.92,4.49832,335.297389,336.496229,336.484211,447.923419,4.49832,1.00358,74.80487,74.80487,74.53836,1.0,73.80487,0.0,73.53836,4.314883,0.003569,1692160,126809207,126809207,0.008,20000,1498550,1498550,0.0449832,3.35297389,3.36496229,0.0449832,0,0.7468,策略间质量恒定（同一 survivor → 同一 artifact → 同一答案）
finproc|s100|r100|OVERLAP|w4|WORKLOAD,finproc,100,100,OVERLAP,4,WORKLOAD,10000,4,0.74901,10000,1.0,41.194166,56.91,56.96,9.54864,712.298432,9.54864,16.681374,16.681374,9.54864,0.01341,1.0,1.0,74.59685,1.0,0.0,0.0,73.59685,0.0,-4.312098,3664320,274503344,3664320,0.008,40000,2996032,40000,0.0954864,7.12298432,0.0954864,0.0954864,0,1.0,策略间质量恒定（同一 survivor → 同一 artifact → 同一答案）
finproc|s100|r100|OVERLAP|w4|CAP_10PCT,finproc,100,100,OVERLAP,4,CAP_10PCT,10000,4,0.74901,10000,1.0,41.194166,56.91,56.96,9.54864,712.298432,714.695258,714.671267,946.874639,9.54864,1.00336,74.84786,74.84786,74.59685,1.0,73.84786,0.0,73.59685,4.315458,0.003359,3664320,274503344,274503344,0.008,40000,2996032,2996032,0.0954864,7.12298432,7.14695258,0.0954864,2992032,0.1,策略间质量恒定（同一 survivor → 同一 artifact → 同一答案）
finproc|s100|r100|OVERLAP|w4|CELL,finproc,100,100,OVERLAP,4,CELL,10000,4,0.74901,10000,1.0,41.194166,56.91,56.96,9.54864,712.298432,714.695258,714.671267,946.874639,9.54864,1.00336,74.84786,74.84786,74.59685,1.0,73.84786,0.0,73.59685,4.315458,0.003359,3664320,274503344,274503344,0.008,40000,2996032,2996032,0.0954864,7.12298432,7.14695258,0.0954864,0,0.7534,策略间质量恒定（同一 survivor → 同一 artifact → 同一答案）
finproc|s100|r100|NESTED|w1|WORKLOAD,finproc,100,100,NESTED,1,WORKLOAD,10000,1,0.75227,10000,1.0,38.516987,56.91,57.32,1.92326,143.488366,1.92326,1.962711,1.962711,1.92326,0.0134,1.0,1.0,74.60685,1.0,0.0,0.0,73.60685,0.0,-4.312232,751080,56506706,751080,0.0081,10000,752268,10000,0.0192326,1.43488366,0.0192326,0.0192326,0,1.0,策略间质量恒定（同一 survivor → 同一 artifact → 同一答案）
finproc|s100|r100|NESTED|w1|CAP_10PCT,finproc,100,100,NESTED,1,CAP_10PCT,10000,1,0.75227,10000,1.0,38.516987,56.91,57.32,1.92326,143.488366,143.687153,143.726604,171.15101,1.92326,1.00139,74.71021,74.71021,74.60685,1.0,73.71021,0.0,73.60685,4.313617,0.001384,751080,56506706,56348578,0.0081,10000,752268,750167,0.0192326,1.43488366,1.43687153,0.0192326,749167,0.1,策略间质量恒定（同一 survivor → 同一 artifact → 同一答案）
finproc|s100|r100|NESTED|w1|CELL,finproc,100,100,NESTED,1,CELL,10000,1,0.75227,10000,1.0,38.516987,56.91,57.32,1.92326,143.488366,144.09018,144.090016,171.514422,1.92326,1.00419,74.91976,74.91976,74.60685,1.0,73.91976,0.0,73.60685,4.316418,0.004185,751080,56506706,56506706,0.0081,10000,752268,752268,0.0192326,1.43488366,1.4409018,0.0192326,0,1.0,策略间质量恒定（同一 survivor → 同一 artifact → 同一答案）
finproc|s100|r100|NESTED|w2|WORKLOAD,finproc,100,100,NESTED,2,WORKLOAD,10000,2,0.75227,10000,1.0,38.516987,56.91,57.32,4.49842,336.61832,4.49842,4.590918,4.590918,4.49842,0.01336,1.0,1.0,74.83034,1.0,0.0,0.0,73.83034,0.0,-4.315223,1692160,127306504,1692160,0.0081,20000,1504536,20000,0.0449842,3.3661832,0.0449842,0.0449842,0,1.0,策略间质量恒定（同一 survivor → 同一 artifact → 同一答案）
finproc|s100|r100|NESTED|w2|CAP_10PCT,finproc,100,100,NESTED,2,CAP_10PCT,10000,2,0.75227,10000,1.0,38.516987,56.91,57.32,4.49842,336.61832,336.879817,336.972315,401.274967,4.49842,1.00078,74.88848,74.88848,74.83034,1.0,73.88848,0.0,73.83034,4.316,0.000777,1692160,127306504,126950992,0.0081,20000,1504536,1500330,0.0449842,3.3661832,3.36879817,0.0449842,1498330,0.1,策略间质量恒定（同一 survivor → 同一 artifact → 同一答案）
finproc|s100|r100|NESTED|w2|CELL,finproc,100,100,NESTED,2,CELL,10000,2,0.75227,10000,1.0,38.516987,56.91,57.32,4.49842,336.61832,337.821949,337.821619,402.124271,4.49842,1.00358,75.09791,75.09791,74.83034,1.0,74.09791,0.0,73.83034,4.318793,0.003569,1692160,127306504,127306504,0.0081,20000,1504536,1504536,0.0449842,3.3661832,3.37821949,0.0449842,0,1.0,策略间质量恒定（同一 survivor → 同一 artifact → 同一答案）
finproc|s100|r100|NESTED|w4|WORKLOAD,finproc,100,100,NESTED,4,WORKLOAD,10000,4,0.75227,10000,1.0,38.516987,56.91,57.32,9.54874,715.355548,9.54874,9.745272,9.745272,9.54874,0.01335,1.0,1.0,74.91622,1.0,0.0,0.0,73.91622,0.0,-4.31637,3664320,275676512,3664320,0.0081,40000,3009072,40000,0.0954874,7.15355548,0.0954874,0.0954874,0,1.0,策略间质量恒定（同一 survivor → 同一 artifact → 同一答案）
finproc|s100|r100|NESTED|w4|CAP_10PCT,finproc,100,100,NESTED,4,CAP_10PCT,10000,4,0.75227,10000,1.0,38.516987,56.91,57.32,9.54874,715.355548,715.754922,715.951454,852.578198,9.54874,1.00056,74.95805,74.95805,74.91622,1.0,73.95805,0.0,73.91622,4.316929,0.000558,3664320,275676512,274903430,0.0081,40000,3009072,3000672,0.0954874,7.15355548,7.15754922,0.0954874,2996672,0.1,策略间质量恒定（同一 survivor → 同一 artifact → 同一答案）
finproc|s100|r100|NESTED|w4|CELL,finproc,100,100,NESTED,4,CELL,10000,4,0.75227,10000,1.0,38.516987,56.91,57.32,9.54874,715.355548,717.762806,717.762146,854.38889,9.54874,1.00337,75.16833,75.16833,74.91622,1.0,74.16833,0.0,73.91622,4.31973,0.003359,3664320,275676512,275676512,0.0081,40000,3009072,3009072,0.0954874,7.15355548,7.17762806,0.0954874,0,1.0,策略间质量恒定（同一 survivor → 同一 artifact → 同一答案）
