cell,domain,s,reuse,pattern,breadth,realized_selectivity,union_share,n_queries,A,B,C,CBO,D,O,D_plus,optimal,regret_D,regret_CBO,regret_D_plus,regret_C,regret_A,regret_B,C_over_A,C_over_B,D_over_CBO,D_over_O,A_over_O,B_over_O,union_rows,semantic_rows_A,semantic_rows_B,semantic_rows_C,semantic_rows_D,tokens_A,tokens_D,switches_D,plan_hist_D,p95_A,p95_D
ecom|s1|r1|PRED_SHARED|c1,ecom,1,1,PRED_SHARED,1,0.0103,0.0103,1,2.595764,0.026603,0.026686,0.026603,0.026603,0.026603,0.026603,B,0.0,0.0,0.0,0.0031,96.57227,0.0,0.0103,1.0031,1.0,1.0,97.5723,1.0,103,10000,103,103,103,1058958,10856,,"{""EAGER"": 0, ""LATE_PERSIST"": 0, ""PER_QUERY"": 0}",13.4,2151.55
ecom|s1|r1|PRED_SHARED|c2,ecom,1,1,PRED_SHARED,2,0.0103,0.0103,1,5.194296,0.053197,0.053362,0.053197,0.053197,0.053197,0.053197,B,0.0,0.0,0.0,0.0031,96.64265,0.0,0.0103,1.0031,1.0,1.0,97.6426,1.0,206,20000,206,206,206,2011724,20625,0,"{""EAGER"": 0, ""LATE_PERSIST"": 0, ""PER_QUERY"": 1}",13.4,4379.1
ecom|s1|r1|PRED_SHARED|c4,ecom,1,1,PRED_SHARED,4,0.0103,0.0103,1,9.73136,0.099586,0.099916,0.099586,0.099586,0.099586,0.099586,B,0.0,0.0,0.0,0.00331,96.71815,0.0,0.0103,1.0033,1.0,1.0,97.7182,1.0,412,40000,412,412,412,3727256,38206,,"{""EAGER"": 0, ""LATE_PERSIST"": 0, ""PER_QUERY"": 0}",13.4,8216.2
ecom|s1|r1|PRED_DISTINCT|c1,ecom,1,1,PRED_DISTINCT,1,0.0082,0.0082,1,2.595764,0.021327,0.021393,0.021327,0.021327,0.021327,0.021327,B,0.0,0.0,0.0,0.00308,120.71257,0.0,0.0082,1.0031,1.0,1.0,121.7126,1.0,82,10000,82,82,82,1058958,8715,,"{""EAGER"": 0, ""LATE_PERSIST"": 0, ""PER_QUERY"": 0}",13.4,1724.95
ecom|s1|r1|PRED_DISTINCT|c2,ecom,1,1,PRED_DISTINCT,2,0.0082,0.0082,1,5.194296,0.04265,0.042781,0.04265,0.04265,0.04265,0.04265,B,0.0,0.0,0.0,0.00308,120.78889,0.0,0.0082,1.0031,1.0,1.0,121.7889,1.0,164,20000,164,164,164,2011724,16568,0,"{""EAGER"": 0, ""LATE_PERSIST"": 0, ""PER_QUERY"": 1}",13.4,3509.7
ecom|s1|r1|PRED_DISTINCT|c4,ecom,1,1,PRED_DISTINCT,4,0.0082,0.0082,1,9.73136,0.079884,0.080146,0.079884,0.079884,0.079884,0.079884,B,0.0,0.0,0.0,0.00328,120.81864,0.0,0.0082,1.0033,1.0,1.0,121.8186,1.0,328,40000,328,328,328,3727256,30716,,"{""EAGER"": 0, ""LATE_PERSIST"": 0, ""PER_QUERY"": 0}",13.4,6587.2
ecom|s1|r1|PRED_NESTED|c1,ecom,1,1,PRED_NESTED,1,0.0103,0.0103,1,2.595764,0.026603,0.026686,0.026603,0.026603,0.026603,0.026603,B,0.0,0.0,0.0,0.0031,96.57227,0.0,0.0103,1.0031,1.0,1.0,97.5723,1.0,103,10000,103,103,103,1058958,10856,,"{""EAGER"": 0, ""LATE_PERSIST"": 0, ""PER_QUERY"": 0}",13.4,2151.55
ecom|s1|r1|PRED_NESTED|c2,ecom,1,1,PRED_NESTED,2,0.0103,0.0103,1,5.194296,0.053197,0.053362,0.053197,0.053197,0.053197,0.053197,B,0.0,0.0,0.0,0.0031,96.64265,0.0,0.0103,1.0031,1.0,1.0,97.6426,1.0,206,20000,206,206,206,2011724,20625,0,"{""EAGER"": 0, ""LATE_PERSIST"": 0, ""PER_QUERY"": 1}",13.4,4379.1
ecom|s1|r1|PRED_NESTED|c4,ecom,1,1,PRED_NESTED,4,0.0103,0.0103,1,9.73136,0.099586,0.099916,0.099586,0.099586,0.099586,0.099586,B,0.0,0.0,0.0,0.00331,96.71815,0.0,0.0103,1.0033,1.0,1.0,97.7182,1.0,412,40000,412,412,412,3727256,38206,,"{""EAGER"": 0, ""LATE_PERSIST"": 0, ""PER_QUERY"": 0}",13.4,8216.2
ecom|s1|r1|PRED_OVERLAP|c1,ecom,1,1,PRED_OVERLAP,1,0.0097,0.0097,1,2.595764,0.025073,0.02515,0.025073,0.025073,0.025073,0.025073,B,0.0,0.0,0.0,0.0031,102.53032,0.0,0.0097,1.0031,1.0,1.0,103.5303,1.0,97,10000,97,97,97,1058958,10204,,"{""EAGER"": 0, ""LATE_PERSIST"": 0, ""PER_QUERY"": 0}",13.4,2030.05
ecom|s1|r1|PRED_OVERLAP|c2,ecom,1,1,PRED_OVERLAP,2,0.0097,0.0097,1,5.194296,0.050051,0.050206,0.050051,0.050051,0.050051,0.050051,B,0.0,0.0,0.0,0.0031,102.78006,0.0,0.0097,1.0031,1.0,1.0,103.7801,1.0,194,20000,194,194,194,2011724,19371,0,"{""EAGER"": 0, ""LATE_PERSIST"": 0, ""PER_QUERY"": 1}",13.4,4122.9
ecom|s1|r1|PRED_OVERLAP|c4,ecom,1,1,PRED_OVERLAP,4,0.0097,0.0097,1,9.73136,0.093606,0.093916,0.093606,0.093606,0.093606,0.093606,B,0.0,0.0,0.0,0.00332,102.96086,0.0,0.0097,1.0033,1.0,1.0,103.9609,1.0,388,40000,388,388,388,3727256,35862,,"{""EAGER"": 0, ""LATE_PERSIST"": 0, ""PER_QUERY"": 0}",13.4,7726.6
ecom|s1|r1|PRED_MUTEX|c1,ecom,1,1,PRED_MUTEX,1,0.01,0.01,1,2.595764,0.02585,0.02593,0.02585,0.02585,0.02585,0.02585,B,0.0,0.0,0.0,0.00309,99.4164,0.0,0.01,1.0031,1.0,1.0,100.4164,1.0,100,10000,100,100,100,1058958,10532,,"{""EAGER"": 0, ""LATE_PERSIST"": 0, ""PER_QUERY"": 0}",13.4,2092.0
ecom|s1|r1|PRED_MUTEX|c2,ecom,1,1,PRED_MUTEX,2,0.01,0.01,1,5.194296,0.051636,0.051796,0.051636,0.051636,0.051636,0.051636,B,0.0,0.0,0.0,0.0031,99.59447,0.0,0.01,1.0031,1.0,1.0,100.5945,1.0,200,20000,200,200,200,2011724,20000,0,"{""EAGER"": 0, ""LATE_PERSIST"": 0, ""PER_QUERY"": 1}",13.4,4252.2
ecom|s1|r1|PRED_MUTEX|c4,ecom,1,1,PRED_MUTEX,4,0.01,0.01,1,9.73136,0.096608,0.096928,0.096608,0.096608,0.096608,0.096608,B,0.0,0.0,0.0,0.00331,99.73037,0.0,0.01,1.0033,1.0,1.0,100.7304,1.0,400,40000,400,400,400,3727256,37036,,"{""EAGER"": 0, ""LATE_PERSIST"": 0, ""PER_QUERY"": 0}",13.4,7972.6
ecom|s1|r10|PRED_SHARED|c1,ecom,1,10,PRED_SHARED,1,0.0103,0.0103,10,2.596484,0.266035,0.027406,0.053929,0.053929,0.027406,0.053929,C,0.9678,0.9678,0.9678,0.0,93.74179,8.70722,0.0106,0.103,1.0,1.9678,94.7418,9.7072,103,10000,1030,103,206,1058958,21712,,"{""EAGER"": 0, ""LATE_PERSIST"": 0, ""PER_QUERY"": 0}",13.4,2151.55
ecom|s1|r10|PRED_SHARED|c2,ecom,1,10,PRED_SHARED,2,0.0103,0.0103,10,5.195016,0.53197,0.054082,0.107199,0.107199,0.054082,0.107199,C,0.98216,0.98216,0.98216,0.0,95.05849,8.8364,0.0104,0.1017,1.0,1.9822,96.0585,9.8364,206,20000,2060,206,412,2011724,41250,1,"{""EAGER"": 0, ""LATE_PERSIST"": 9, ""PER_QUERY"": 1}",13.4,4379.1
ecom|s1|r10|PRED_SHARED|c4,ecom,1,10,PRED_SHARED,4,0.0103,0.0103,10,9.73208,0.99586,0.100636,0.200142,0.200142,0.100636,0.200142,C,0.98878,0.98878,0.98878,0.0,95.70614,8.8957,0.0103,0.1011,1.0,1.9888,96.7061,9.8957,412,40000,4120,412,824,3727256,76412,,"{""EAGER"": 0, ""LATE_PERSIST"": 0, ""PER_QUERY"": 0}",13.4,8216.2
ecom|s1|r10|PRED_DISTINCT|c1,ecom,1,10,PRED_DISTINCT,1,0.00944,0.0899,10,2.596484,0.245122,0.234155,0.239622,0.239622,0.234155,0.239622,C,0.02335,0.02335,0.02335,0.0,10.08875,0.04684,0.0902,0.9553,1.0,1.0233,11.0888,1.0468,899,10000,944,899,921,1058958,97589,,"{""EAGER"": 0, ""LATE_PERSIST"": 0, ""PER_QUERY"": 0}",13.4,2349.55
ecom|s1|r10|PRED_DISTINCT|c2,ecom,1,10,PRED_DISTINCT,2,0.00944,0.0899,10,5.195016,0.489812,0.467895,0.478809,0.478809,0.467895,0.478809,C,0.02333,0.02333,0.02333,0.0,10.10294,0.04684,0.0901,0.9553,1.0,1.0233,11.1029,1.0468,1798,20000,1888,1798,1842,2011724,185415,5,"{""EAGER"": 0, ""LATE_PERSIST"": 6, ""PER_QUERY"": 4}",13.4,4775.7
ecom|s1|r10|PRED_DISTINCT|c4,ecom,1,10,PRED_DISTINCT,4,0.00944,0.0899,10,9.73208,0.916888,0.876043,0.896399,0.896399,0.876043,0.896399,C,0.02324,0.02324,0.02324,0.0,10.10914,0.04662,0.09,0.9555,1.0,1.0232,11.1091,1.0466,3596,40000,3776,3596,3684,3727256,343568,,"{""EAGER"": 0, ""LATE_PERSIST"": 0, ""PER_QUERY"": 0}",13.4,8956.0
ecom|s1|r10|PRED_NESTED|c1,ecom,1,10,PRED_NESTED,1,0.01036,0.0191,10,2.596484,0.268394,0.050396,0.055346,0.055346,0.050396,0.055346,C,0.09821,0.09821,0.09821,0.0,50.52132,4.32567,0.0194,0.1878,1.0,1.0982,51.5213,5.3257,191,10000,1036,191,210,1058958,22248,,"{""EAGER"": 0, ""LATE_PERSIST"": 0, ""PER_QUERY"": 0}",13.4,787.9
ecom|s1|r10|PRED_NESTED|c2,ecom,1,10,PRED_NESTED,2,0.01036,0.0191,10,5.195016,0.53634,0.100019,0.109904,0.109904,0.100019,0.109904,C,0.09883,0.09883,0.09883,0.0,50.9405,4.3624,0.0193,0.1865,1.0,1.0988,51.9405,5.3624,382,20000,2072,382,420,2011724,42258,1,"{""EAGER"": 0, ""LATE_PERSIST"": 9, ""PER_QUERY"": 1}",13.4,1589.4
ecom|s1|r10|PRED_NESTED|c4,ecom,1,10,PRED_NESTED,4,0.01036,0.0191,10,9.73208,1.003856,0.186657,0.205159,0.205159,0.186657,0.205159,C,0.09912,0.09912,0.09912,0.0,51.13879,4.37807,0.0192,0.1859,1.0,1.0991,52.1388,5.3781,764,40000,4144,764,840,3727256,78288,,"{""EAGER"": 0, ""LATE_PERSIST"": 0, ""PER_QUERY"": 0}",13.4,2970.4
ecom|s1|r10|PRED_OVERLAP|c1,ecom,1,10,PRED_OVERLAP,1,0.00979,0.0515,10,2.596484,0.253908,0.134083,0.147783,0.147783,0.134083,0.147783,C,0.10217,0.10217,0.10217,0.0,18.36468,0.89365,0.0516,0.5281,1.0,1.1022,19.3647,1.8937,515,10000,979,515,568,1058958,59981,,"{""EAGER"": 0, ""LATE_PERSIST"": 0, ""PER_QUERY"": 0}",13.4,2046.6
ecom|s1|r10|PRED_OVERLAP|c2,ecom,1,10,PRED_OVERLAP,2,0.00979,0.0515,10,5.195016,0.507097,0.267597,0.294986,0.294986,0.267597,0.294986,C,0.10235,0.10235,0.10235,0.0,18.41358,0.895,0.0515,0.5277,1.0,1.1024,19.4136,1.895,1030,20000,1958,1030,1136,2011724,113940,1,"{""EAGER"": 0, ""LATE_PERSIST"": 9, ""PER_QUERY"": 1}",13.4,4165.0
ecom|s1|r10|PRED_OVERLAP|c4,ecom,1,10,PRED_OVERLAP,4,0.00979,0.0515,10,9.73208,0.948862,0.500634,0.551903,0.551903,0.500634,0.551903,C,0.10241,0.10241,0.10241,0.0,18.43951,0.89532,0.0514,0.5276,1.0,1.1024,19.4395,1.8953,2060,40000,3916,2060,2272,3727256,211066,,"{""EAGER"": 0, ""LATE_PERSIST"": 0, ""PER_QUERY"": 0}",13.4,7813.8
ecom|s1|r10|PRED_MUTEX|c1,ecom,1,10,PRED_MUTEX,1,0.01,0.1,10,2.596484,0.259284,0.260084,0.259284,0.259284,0.259284,0.259284,B,0.0,0.0,0.0,0.00309,9.01405,0.0,0.1002,1.0031,1.0,1.0,10.0141,1.0,1000,10000,1000,1000,1000,1058958,105800,,"{""EAGER"": 0, ""LATE_PERSIST"": 0, ""PER_QUERY"": 0}",13.4,2109.7
ecom|s1|r10|PRED_MUTEX|c2,ecom,1,10,PRED_MUTEX,2,0.01,0.1,10,5.195016,0.518192,0.519792,0.518192,0.518192,0.518192,0.518192,B,0.0,0.0,0.0,0.00309,9.02527,0.0,0.1001,1.0031,1.0,1.0,10.0253,1.0,2000,20000,2000,2000,2000,2011724,201004,0,"{""EAGER"": 0, ""LATE_PERSIST"": 0, ""PER_QUERY"": 10}",13.4,4287.6
ecom|s1|r10|PRED_MUTEX|c4,ecom,1,10,PRED_MUTEX,4,0.01,0.1,10,9.73208,0.970008,0.973208,0.970008,0.970008,0.970008,0.970008,B,0.0,0.0,0.0,0.0033,9.03299,0.0,0.1,1.0033,1.0,1.0,10.033,1.0,4000,40000,4000,4000,4000,3727256,372412,,"{""EAGER"": 0, ""LATE_PERSIST"": 0, ""PER_QUERY"": 0}",13.4,8043.4
ecom|s1|r50|PRED_SHARED|c1,ecom,1,50,PRED_SHARED,1,0.0103,0.0103,50,2.599684,1.330175,0.030606,0.057129,0.057129,0.030606,0.057129,C,0.86661,0.86661,0.86661,0.0,83.94062,42.46139,0.0118,0.023,1.0,1.8666,84.9406,43.4614,103,10000,5150,103,206,1058958,21712,,"{""EAGER"": 0, ""LATE_PERSIST"": 0, ""PER_QUERY"": 0}",13.4,13.4
ecom|s1|r50|PRED_SHARED|c2,ecom,1,50,PRED_SHARED,2,0.0103,0.0103,50,5.198216,2.65985,0.057282,0.110399,0.110399,0.057282,0.110399,C,0.92729,0.92729,0.92729,0.0,89.74813,45.43447,0.011,0.0215,1.0,1.9273,90.7481,46.4345,206,20000,10300,206,412,2011724,41250,1,"{""EAGER"": 0, ""LATE_PERSIST"": 49, ""PER_QUERY"": 1}",13.4,13.4
ecom|s1|r50|PRED_SHARED|c4,ecom,1,50,PRED_SHARED,4,0.0103,0.0103,50,9.73528,4.9793,0.103836,0.203342,0.203342,0.103836,0.203342,C,0.9583,0.9583,0.9583,0.0,92.75667,46.95369,0.0107,0.0209,1.0,1.9583,93.7567,47.9537,412,40000,20600,412,824,3727256,76412,,"{""EAGER"": 0, ""LATE_PERSIST"": 0, ""PER_QUERY"": 0}",13.4,13.4
ecom|s1|r50|PRED_DISTINCT|c1,ecom,1,50,PRED_DISTINCT,1,0.00989,0.3917,50,2.599684,1.283837,1.020954,1.069729,1.069729,1.020954,1.069729,C,0.04777,0.04777,0.04777,0.0,1.54633,0.25749,0.3927,0.7952,1.0,1.0478,2.5463,1.2575,3917,10000,4943,3917,4106,1058958,435089,,"{""EAGER"": 0, ""LATE_PERSIST"": 0, ""PER_QUERY"": 0}",13.4,2114.25
ecom|s1|r50|PRED_DISTINCT|c2,ecom,1,50,PRED_DISTINCT,2,0.00989,0.3917,50,5.198216,2.565189,2.039122,2.136749,2.136749,2.039122,2.136749,C,0.04788,0.04788,0.04788,0.0,1.54924,0.25799,0.3923,0.7949,1.0,1.0479,2.5492,1.258,7834,20000,9886,7834,8212,2011724,826596,13,"{""EAGER"": 0, ""LATE_PERSIST"": 42, ""PER_QUERY"": 8}",13.4,4302.1
ecom|s1|r50|PRED_DISTINCT|c4,ecom,1,50,PRED_DISTINCT,4,0.00989,0.3917,50,9.73528,4.801654,3.816936,4.086466,4.086466,3.816936,4.086466,C,0.07061,0.07061,0.07061,0.0,1.55055,0.25799,0.3921,0.7949,1.0,1.0706,2.5505,1.258,15668,40000,19772,15668,16784,3727256,1565262,,"{""EAGER"": 0, ""LATE_PERSIST"": 0, ""PER_QUERY"": 0}",13.4,8119.8
ecom|s1|r50|PRED_NESTED|c1,ecom,1,50,PRED_NESTED,1,0.01036,0.0212,50,2.599684,1.341391,0.059038,0.060573,0.060573,0.059038,0.060573,C,0.026,0.026,0.026,0.0,43.03438,21.72096,0.0227,0.044,1.0,1.026,44.0344,22.721,212,10000,5178,212,218,1058958,23071,,"{""EAGER"": 0, ""LATE_PERSIST"": 0, ""PER_QUERY"": 0}",13.4,304.65
ecom|s1|r50|PRED_NESTED|c2,ecom,1,50,PRED_NESTED,2,0.01036,0.0212,50,5.198216,2.680486,0.114107,0.117177,0.117177,0.114107,0.117177,C,0.0269,0.0269,0.0269,0.0,44.55555,22.49095,0.022,0.0426,1.0,1.0269,45.5555,23.4909,424,20000,10356,424,436,2011724,43822,1,"{""EAGER"": 0, ""LATE_PERSIST"": 49, ""PER_QUERY"": 1}",13.4,609.1
ecom|s1|r50|PRED_NESTED|c4,ecom,1,50,PRED_NESTED,4,0.01036,0.0212,50,9.73528,5.016928,0.210254,0.215998,0.215998,0.210254,0.215998,C,0.02732,0.02732,0.02732,0.0,45.30238,22.86123,0.0216,0.0419,1.0,1.0273,46.3024,23.8612,848,40000,20712,848,872,3727256,81182,,"{""EAGER"": 0, ""LATE_PERSIST"": 0, ""PER_QUERY"": 0}",13.4,1134.0
ecom|s1|r50|PRED_OVERLAP|c1,ecom,1,50,PRED_OVERLAP,1,0.00978,0.2177,50,2.599684,1.268918,0.568406,0.583939,0.583939,0.568406,0.583939,C,0.02733,0.02733,0.02733,0.0,3.57364,1.23241,0.2186,0.4479,1.0,1.0273,4.5736,2.2324,2177,10000,4888,2177,2237,1058958,236606,,"{""EAGER"": 0, ""LATE_PERSIST"": 0, ""PER_QUERY"": 0}",13.4,1260.75
ecom|s1|r50|PRED_OVERLAP|c2,ecom,1,50,PRED_OVERLAP,2,0.00978,0.2177,50,5.198216,2.533924,1.133558,1.164623,1.164623,1.133558,1.164623,C,0.0274,0.0274,0.0274,0.0,3.58575,1.23537,0.2181,0.4474,1.0,1.0274,4.5858,2.2354,4354,20000,9776,4354,4474,2011724,449475,1,"{""EAGER"": 0, ""LATE_PERSIST"": 49, ""PER_QUERY"": 1}",13.4,2551.9
ecom|s1|r50|PRED_OVERLAP|c4,ecom,1,50,PRED_OVERLAP,4,0.00978,0.2177,50,9.73528,4.741328,2.12018,2.17835,2.17835,2.12018,2.17835,C,0.02744,0.02744,0.02744,0.0,3.59172,1.23629,0.2178,0.4472,1.0,1.0274,4.5917,2.2363,8708,40000,19552,8708,8948,3727256,832710,,"{""EAGER"": 0, ""LATE_PERSIST"": 0, ""PER_QUERY"": 0}",13.4,4780.2
ecom|s1|r50|PRED_MUTEX|c1,ecom,1,50,PRED_MUTEX,1,0.01,0.5,50,2.599684,1.29779,1.30179,1.29779,1.29779,1.29779,1.29779,B,0.0,0.0,0.0,0.00308,1.00316,0.0,0.5007,1.0031,1.0,1.0,2.0032,1.0,5000,10000,5000,5000,5000,1058958,529517,,"{""EAGER"": 0, ""LATE_PERSIST"": 0, ""PER_QUERY"": 0}",13.4,2117.35
ecom|s1|r50|PRED_MUTEX|c2,ecom,1,50,PRED_MUTEX,2,0.01,0.5,50,5.198216,2.593196,2.601196,2.593196,2.593196,2.593196,2.593196,B,0.0,0.0,0.0,0.00308,1.00456,0.0,0.5004,1.0031,1.0,1.0,2.0046,1.0,10000,20000,10000,10000,10000,2011724,1005970,0,"{""EAGER"": 0, ""LATE_PERSIST"": 0, ""PER_QUERY"": 50}",13.4,4298.1
ecom|s1|r50|PRED_MUTEX|c4,ecom,1,50,PRED_MUTEX,4,0.01,0.5,50,9.73528,4.854008,4.870008,4.854008,4.854008,4.854008,4.854008,B,0.0,0.0,0.0,0.0033,1.00562,0.0,0.5002,1.0033,1.0,1.0,2.0056,1.0,20000,40000,20000,20000,20000,3727256,1863876,,"{""EAGER"": 0, ""LATE_PERSIST"": 0, ""PER_QUERY"": 0}",13.4,8061.4
ecom|s1|r100|PRED_SHARED|c1,ecom,1,100,PRED_SHARED,1,0.0103,0.0103,100,2.603684,2.66035,0.034606,0.061129,0.061129,0.034606,0.061129,C,0.76644,0.76644,0.76644,0.0,74.23815,75.87562,0.0133,0.013,1.0,1.7664,75.2382,76.8756,103,10000,10300,103,206,1058958,21712,,"{""EAGER"": 0, ""LATE_PERSIST"": 0, ""PER_QUERY"": 0}",13.4,13.4
ecom|s1|r100|PRED_SHARED|c2,ecom,1,100,PRED_SHARED,2,0.0103,0.0103,100,5.202216,5.3197,0.061282,0.114399,0.114399,0.061282,0.114399,C,0.86677,0.86677,0.86677,0.0,83.89007,85.80718,0.0118,0.0115,1.0,1.8668,84.8901,86.8072,206,20000,20600,206,412,2011724,41250,1,"{""EAGER"": 0, ""LATE_PERSIST"": 99, ""PER_QUERY"": 1}",13.4,13.4
ecom|s1|r100|PRED_SHARED|c4,ecom,1,100,PRED_SHARED,4,0.0103,0.0103,100,9.73928,9.9586,0.107836,0.207342,0.207342,0.107836,0.207342,C,0.92276,0.92276,0.92276,0.0,89.316,91.34984,0.0111,0.0108,1.0,1.9228,90.316,92.3498,412,40000,41200,412,824,3727256,76412,,"{""EAGER"": 0, ""LATE_PERSIST"": 0, ""PER_QUERY"": 0}",13.4,13.4
ecom|s1|r100|PRED_DISTINCT|c1,ecom,1,100,PRED_DISTINCT,1,0.0099,0.6295,100,2.603684,2.571438,1.642117,1.750034,1.750034,1.642117,1.750034,C,0.06572,0.06572,0.06572,0.0,0.58556,0.56593,0.6307,0.6386,1.0,1.0657,1.5856,1.5659,6295,10000,9904,6295,6713,1058958,711037,,"{""EAGER"": 0, ""LATE_PERSIST"": 0, ""PER_QUERY"": 0}",13.4,2048.25
ecom|s1|r100|PRED_DISTINCT|c2,ecom,1,100,PRED_DISTINCT,2,0.0099,0.6295,100,5.202216,5.1377,3.278069,3.494049,3.494049,3.278069,3.494049,C,0.06589,0.06589,0.06589,0.0,0.58698,0.56729,0.6301,0.638,1.0,1.0659,1.587,1.5673,12590,20000,19808,12590,13426,2011724,1350799,19,"{""EAGER"": 0, ""LATE_PERSIST"": 88, ""PER_QUERY"": 12}",13.4,4163.5
ecom|s1|r100|PRED_DISTINCT|c4,ecom,1,100,PRED_DISTINCT,4,0.0099,0.6295,100,9.73928,9.61656,6.134502,6.768098,6.768098,6.134502,6.768098,C,0.10328,0.10328,0.10328,0.0,0.58762,0.56762,0.6299,0.6379,1.0,1.1033,1.5876,1.5676,25180,40000,39616,25180,27800,3727256,2591258,,"{""EAGER"": 0, ""LATE_PERSIST"": 0, ""PER_QUERY"": 0}",13.4,7968.4
ecom|s1|r100|PRED_NESTED|c1,ecom,1,100,PRED_NESTED,1,0.01035,0.0212,100,2.603684,2.680814,0.063038,0.064573,0.064573,0.063038,0.064573,C,0.02435,0.02435,0.02435,0.0,40.30367,41.52723,0.0242,0.0235,1.0,1.0244,41.3037,42.5272,212,10000,10349,212,218,1058958,23071,,"{""EAGER"": 0, ""LATE_PERSIST"": 0, ""PER_QUERY"": 0}",13.4,284.35
ecom|s1|r100|PRED_NESTED|c2,ecom,1,100,PRED_NESTED,2,0.01035,0.0212,100,5.202216,5.357063,0.118107,0.121177,0.121177,0.118107,0.121177,C,0.02599,0.02599,0.02599,0.0,43.04656,44.35763,0.0227,0.022,1.0,1.026,44.0466,45.3576,424,20000,20698,424,436,2011724,43822,1,"{""EAGER"": 0, ""LATE_PERSIST"": 99, ""PER_QUERY"": 1}",13.4,566.7
ecom|s1|r100|PRED_NESTED|c4,ecom,1,100,PRED_NESTED,4,0.01035,0.0212,100,9.73928,10.026526,0.214254,0.219998,0.219998,0.214254,0.219998,C,0.02681,0.02681,0.02681,0.0,44.45662,45.79729,0.022,0.0214,1.0,1.0268,45.4566,46.7973,848,40000,41396,848,872,3727256,81182,,"{""EAGER"": 0, ""LATE_PERSIST"": 0, ""PER_QUERY"": 0}",13.4,1053.4
ecom|s1|r100|PRED_OVERLAP|c1,ecom,1,100,PRED_OVERLAP,1,0.00984,0.3911,100,2.603684,2.556359,1.02284,1.039651,1.039651,1.02284,1.039651,C,0.01644,0.01644,0.01644,0.0,1.54554,1.49927,0.3928,0.4001,1.0,1.0164,2.5455,2.4993,3911,10000,9842,3911,3976,1058958,420896,,"{""EAGER"": 0, ""LATE_PERSIST"": 0, ""PER_QUERY"": 0}",13.4,1120.05
ecom|s1|r100|PRED_OVERLAP|c2,ecom,1,100,PRED_OVERLAP,2,0.00984,0.3911,100,5.202216,5.104558,2.038859,2.07247,2.07247,2.038859,2.07247,C,0.01649,0.01649,0.01649,0.0,1.55153,1.50364,0.3919,0.3994,1.0,1.0165,2.5515,2.5036,7822,20000,19684,7822,7952,2011724,799576,1,"{""EAGER"": 0, ""LATE_PERSIST"": 99, ""PER_QUERY"": 1}",13.4,2269.3
ecom|s1|r100|PRED_OVERLAP|c4,ecom,1,100,PRED_OVERLAP,4,0.00984,0.3911,100,9.73928,9.551384,3.812769,3.875693,3.875693,3.812769,3.875693,C,0.0165,0.0165,0.0165,0.0,1.55438,1.5051,0.3915,0.3992,1.0,1.0165,2.5544,2.5051,15644,40000,39368,15644,15904,3727256,1481392,,"{""EAGER"": 0, ""LATE_PERSIST"": 0, ""PER_QUERY"": 0}",13.4,4249.8
ecom|s1|r100|PRED_MUTEX|c1,ecom,1,100,PRED_MUTEX,1,0.01,1.0,100,2.603684,2.595684,2.603684,2.595684,2.595684,2.595684,2.595684,B,0.0,0.0,0.0,0.00308,0.00308,0.0,1.0,1.0031,1.0,1.0,1.0031,1.0,10000,10000,10000,10000,10000,1058958,1058958,,"{""EAGER"": 0, ""LATE_PERSIST"": 0, ""PER_QUERY"": 0}",13.4,2118.4
ecom|s1|r100|PRED_MUTEX|c2,ecom,1,100,PRED_MUTEX,2,0.01,1.0,100,5.202216,5.186216,5.202216,5.186216,5.186216,5.186216,5.186216,B,0.0,0.0,0.0,0.00309,0.00309,0.0,1.0,1.0031,1.0,1.0,1.0031,1.0,20000,20000,20000,20000,20000,2011724,2011724,0,"{""EAGER"": 0, ""LATE_PERSIST"": 0, ""PER_QUERY"": 100}",13.4,4298.1
ecom|s1|r100|PRED_MUTEX|c4,ecom,1,100,PRED_MUTEX,4,0.01,1.0,100,9.73928,9.70728,9.73928,9.70728,9.70728,9.70728,9.70728,B,0.0,0.0,0.0,0.0033,0.0033,0.0,1.0,1.0033,1.0,1.0,1.0033,1.0,40000,40000,40000,40000,40000,3727256,3727256,,"{""EAGER"": 0, ""LATE_PERSIST"": 0, ""PER_QUERY"": 0}",13.4,8060.8
ecom|s5|r1|PRED_SHARED|c1,ecom,5,1,PRED_SHARED,1,0.0531,0.0531,1,2.595764,0.137579,0.138004,0.137579,0.137579,0.137579,0.137579,B,0.0,0.0,0.0,0.00309,17.86737,0.0,0.0532,1.0031,1.0,1.0,18.8674,1.0,531,10000,531,531,531,1058958,56273,,"{""EAGER"": 0, ""LATE_PERSIST"": 0, ""PER_QUERY"": 0}",13.4,11099.0
ecom|s5|r1|PRED_SHARED|c2,ecom,5,1,PRED_SHARED,2,0.0531,0.0531,1,5.194296,0.275217,0.276067,0.275217,0.275217,0.275217,0.275217,B,0.0,0.0,0.0,0.00309,17.87346,0.0,0.0531,1.0031,1.0,1.0,18.8735,1.0,1062,20000,1062,1062,1062,2011724,106905,,"{""EAGER"": 0, ""LATE_PERSIST"": 0, ""PER_QUERY"": 0}",13.4,22623.2
ecom|s5|r1|PRED_SHARED|c4,ecom,5,1,PRED_SHARED,4,0.0531,0.0531,1,9.73136,0.515446,0.517145,0.515446,0.515446,0.515446,0.515446,B,0.0,0.0,0.0,0.0033,17.87949,0.0,0.0531,1.0033,1.0,1.0,18.8795,1.0,2124,40000,2124,2124,2124,3727256,198080,,"{""EAGER"": 0, ""LATE_PERSIST"": 0, ""PER_QUERY"": 0}",13.4,42485.6
ecom|s5|r1|PRED_DISTINCT|c1,ecom,5,1,PRED_DISTINCT,1,0.049,0.049,1,2.595764,0.127351,0.127743,0.127351,0.127351,0.127351,0.127351,B,0.0,0.0,0.0,0.00308,19.38275,0.0,0.0492,1.0031,1.0,1.0,20.3828,1.0,490,10000,490,490,490,1058958,52045,,"{""EAGER"": 0, ""LATE_PERSIST"": 0, ""PER_QUERY"": 0}",13.4,10277.95
ecom|s5|r1|PRED_DISTINCT|c2,ecom,5,1,PRED_DISTINCT,2,0.049,0.049,1,5.194296,0.254518,0.255302,0.254518,0.254518,0.254518,0.254518,B,0.0,0.0,0.0,0.00308,19.40836,0.0,0.0492,1.0031,1.0,1.0,20.4084,1.0,980,20000,980,980,980,2011724,98846,,"{""EAGER"": 0, ""LATE_PERSIST"": 0, ""PER_QUERY"": 0}",13.4,20924.1
ecom|s5|r1|PRED_DISTINCT|c4,ecom,5,1,PRED_DISTINCT,4,0.049,0.049,1,9.73136,0.476512,0.47808,0.476512,0.476512,0.476512,0.476512,B,0.0,0.0,0.0,0.00329,19.42207,0.0,0.0491,1.0033,1.0,1.0,20.4221,1.0,1960,40000,1960,1960,1960,3727256,183138,,"{""EAGER"": 0, ""LATE_PERSIST"": 0, ""PER_QUERY"": 0}",13.4,39276.4
ecom|s5|r1|PRED_NESTED|c1,ecom,5,1,PRED_NESTED,1,0.0531,0.0531,1,2.595764,0.137579,0.138004,0.137579,0.137579,0.137579,0.137579,B,0.0,0.0,0.0,0.00309,17.86737,0.0,0.0532,1.0031,1.0,1.0,18.8674,1.0,531,10000,531,531,531,1058958,56273,,"{""EAGER"": 0, ""LATE_PERSIST"": 0, ""PER_QUERY"": 0}",13.4,11099.0
ecom|s5|r1|PRED_NESTED|c2,ecom,5,1,PRED_NESTED,2,0.0531,0.0531,1,5.194296,0.275217,0.276067,0.275217,0.275217,0.275217,0.275217,B,0.0,0.0,0.0,0.00309,17.87346,0.0,0.0531,1.0031,1.0,1.0,18.8735,1.0,1062,20000,1062,1062,1062,2011724,106905,,"{""EAGER"": 0, ""LATE_PERSIST"": 0, ""PER_QUERY"": 0}",13.4,22623.2
ecom|s5|r1|PRED_NESTED|c4,ecom,5,1,PRED_NESTED,4,0.0531,0.0531,1,9.73136,0.515446,0.517145,0.515446,0.515446,0.515446,0.515446,B,0.0,0.0,0.0,0.0033,17.87949,0.0,0.0531,1.0033,1.0,1.0,18.8795,1.0,2124,40000,2124,2124,2124,3727256,198080,,"{""EAGER"": 0, ""LATE_PERSIST"": 0, ""PER_QUERY"": 0}",13.4,42485.6
ecom|s5|r1|PRED_OVERLAP|c1,ecom,5,1,PRED_OVERLAP,1,0.0509,0.0509,1,2.595764,0.132011,0.132418,0.132011,0.132011,0.132011,0.132011,B,0.0,0.0,0.0,0.00308,18.66331,0.0,0.051,1.0031,1.0,1.0,19.6633,1.0,509,10000,509,509,509,1058958,53974,,"{""EAGER"": 0, ""LATE_PERSIST"": 0, ""PER_QUERY"": 0}",13.4,10651.65
ecom|s5|r1|PRED_OVERLAP|c2,ecom,5,1,PRED_OVERLAP,2,0.0509,0.0509,1,5.194296,0.263979,0.264793,0.263979,0.263979,0.263979,0.263979,B,0.0,0.0,0.0,0.00309,18.67693,0.0,0.051,1.0031,1.0,1.0,19.6769,1.0,1018,20000,1018,1018,1018,2011724,102525,,"{""EAGER"": 0, ""LATE_PERSIST"": 0, ""PER_QUERY"": 0}",13.4,21700.9
ecom|s5|r1|PRED_OVERLAP|c4,ecom,5,1,PRED_OVERLAP,4,0.0509,0.0509,1,9.73136,0.494322,0.495951,0.494322,0.494322,0.494322,0.494322,B,0.0,0.0,0.0,0.0033,18.68628,0.0,0.051,1.0033,1.0,1.0,19.6863,1.0,2036,40000,2036,2036,2036,3727256,189956,,"{""EAGER"": 0, ""LATE_PERSIST"": 0, ""PER_QUERY"": 0}",13.4,40745.4
ecom|s5|r1|PRED_MUTEX|c1,ecom,5,1,PRED_MUTEX,1,0.05,0.05,1,2.595764,0.129454,0.129854,0.129454,0.129454,0.129454,0.129454,B,0.0,0.0,0.0,0.00309,19.05163,0.0,0.05,1.0031,1.0,1.0,20.0516,1.0,500,10000,500,500,500,1058958,52938,,"{""EAGER"": 0, ""LATE_PERSIST"": 0, ""PER_QUERY"": 0}",13.4,10444.5
ecom|s5|r1|PRED_MUTEX|c2,ecom,5,1,PRED_MUTEX,2,0.05,0.05,1,5.194296,0.258956,0.259756,0.258956,0.258956,0.258956,0.258956,B,0.0,0.0,0.0,0.00309,19.0586,0.0,0.05,1.0031,1.0,1.0,20.0586,1.0,1000,20000,1000,1000,1000,2011724,100564,,"{""EAGER"": 0, ""LATE_PERSIST"": 0, ""PER_QUERY"": 0}",13.4,21288.4
ecom|s5|r1|PRED_MUTEX|c4,ecom,5,1,PRED_MUTEX,4,0.05,0.05,1,9.73136,0.48496,0.48656,0.48496,0.48496,0.48496,0.48496,B,0.0,0.0,0.0,0.0033,19.06631,0.0,0.05,1.0033,1.0,1.0,20.0663,1.0,2000,40000,2000,2000,2000,3727256,186316,,"{""EAGER"": 0, ""LATE_PERSIST"": 0, ""PER_QUERY"": 0}",13.4,39976.2
ecom|s5|r10|PRED_SHARED|c1,ecom,5,10,PRED_SHARED,1,0.0531,0.0531,10,2.596484,1.375795,0.138724,0.276224,0.276224,0.138724,0.276224,C,0.99117,0.99117,0.99117,0.0,17.71687,8.91748,0.0534,0.1008,1.0,1.9912,18.7169,9.9175,531,10000,5310,531,1062,1058958,112546,,"{""EAGER"": 0, ""LATE_PERSIST"": 0, ""PER_QUERY"": 0}",13.4,11099.0
ecom|s5|r10|PRED_SHARED|c2,ecom,5,10,PRED_SHARED,2,0.0531,0.0531,10,5.195016,2.75217,0.276787,0.551924,0.551924,0.276787,0.551924,C,0.99404,0.99404,0.99404,0.0,17.76903,8.94329,0.0533,0.1006,1.0,1.994,18.769,9.9433,1062,20000,10620,1062,2124,2011724,213810,,"{""EAGER"": 0, ""LATE_PERSIST"": 0, ""PER_QUERY"": 0}",13.4,22623.2
ecom|s5|r10|PRED_SHARED|c4,ecom,5,10,PRED_SHARED,4,0.0531,0.0531,10,9.73208,5.15446,0.517865,1.033231,1.033231,0.517865,1.033231,C,0.99517,0.99517,0.99517,0.0,17.79269,8.95329,0.0532,0.1005,1.0,1.9952,18.7927,9.9533,2124,40000,21240,2124,4248,3727256,396160,,"{""EAGER"": 0, ""LATE_PERSIST"": 0, ""PER_QUERY"": 0}",13.4,42485.6
ecom|s5|r10|PRED_DISTINCT|c1,ecom,5,10,PRED_DISTINCT,1,0.0504,0.4007,10,2.596484,1.305392,1.041169,1.092999,1.092999,1.041169,1.092999,C,0.04978,0.04978,0.04978,0.0,1.49382,0.25378,0.401,0.7976,1.0,1.0498,2.4938,1.2538,4007,10000,5040,4007,4207,1058958,445653,,"{""EAGER"": 0, ""LATE_PERSIST"": 0, ""PER_QUERY"": 0}",13.4,10957.1
ecom|s5|r10|PRED_DISTINCT|c2,ecom,5,10,PRED_DISTINCT,2,0.0504,0.4007,10,5.195016,2.611136,2.082416,2.185964,2.185964,2.082416,2.185964,C,0.04972,0.04972,0.04972,0.0,1.49471,0.2539,0.4008,0.7975,1.0,1.0497,2.4947,1.2539,8014,20000,10080,8014,8414,2011724,846559,,"{""EAGER"": 0, ""LATE_PERSIST"": 0, ""PER_QUERY"": 0}",13.4,22337.0
ecom|s5|r10|PRED_DISTINCT|c4,ecom,5,10,PRED_DISTINCT,4,0.0504,0.4007,10,9.73208,4.889984,3.900448,4.094232,4.094232,3.900448,4.094232,C,0.04968,0.04968,0.04968,0.0,1.49512,0.2537,0.4008,0.7976,1.0,1.0497,2.4951,1.2537,16028,40000,20160,16028,16828,3727256,1568438,,"{""EAGER"": 0, ""LATE_PERSIST"": 0, ""PER_QUERY"": 0}",13.4,41946.8
ecom|s5|r10|PRED_NESTED|c1,ecom,5,10,PRED_NESTED,1,0.05191,0.0926,10,2.596484,1.343595,0.241068,0.264006,0.264006,0.241068,0.264006,C,0.09515,0.09515,0.09515,0.0,9.77076,4.57352,0.0928,0.1794,1.0,1.0952,10.7708,5.5735,926,10000,5191,926,1015,1058958,107459,,"{""EAGER"": 0, ""LATE_PERSIST"": 0, ""PER_QUERY"": 0}",13.4,4000.35
ecom|s5|r10|PRED_NESTED|c2,ecom,5,10,PRED_NESTED,2,0.05191,0.0926,10,5.195016,2.688345,0.481752,0.527703,0.527703,0.481752,0.527703,C,0.09538,0.09538,0.09538,0.0,9.7836,4.58036,0.0927,0.1792,1.0,1.0954,10.7836,5.5804,1852,20000,10382,1852,2030,2011724,204173,,"{""EAGER"": 0, ""LATE_PERSIST"": 0, ""PER_QUERY"": 0}",13.4,8142.7
ecom|s5|r10|PRED_NESTED|c4,ecom,5,10,PRED_NESTED,4,0.05191,0.0926,10,9.73208,5.035238,0.902003,0.988105,0.988105,0.902003,0.988105,C,0.09546,0.09546,0.09546,0.0,9.78941,4.58228,0.0927,0.1791,1.0,1.0955,10.7894,5.5823,3704,40000,20764,3704,4060,3727256,378316,,"{""EAGER"": 0, ""LATE_PERSIST"": 0, ""PER_QUERY"": 0}",13.4,15281.4
ecom|s5|r10|PRED_OVERLAP|c1,ecom,5,10,PRED_OVERLAP,1,0.0513,0.2429,10,2.596484,1.328685,0.631396,0.715327,0.715327,0.631396,0.715327,C,0.13293,0.13293,0.13293,0.0,3.11229,1.10436,0.2432,0.4752,1.0,1.1329,4.1123,2.1044,2429,10000,5130,2429,2754,1058958,291721,,"{""EAGER"": 0, ""LATE_PERSIST"": 0, ""PER_QUERY"": 0}",13.4,10651.65
ecom|s5|r10|PRED_OVERLAP|c2,ecom,5,10,PRED_OVERLAP,2,0.0513,0.2429,10,5.195016,2.657806,1.262845,1.430766,1.430766,1.262845,1.430766,C,0.13297,0.13297,0.13297,0.0,3.11374,1.10462,0.2431,0.4751,1.0,1.133,4.1137,2.1046,4858,20000,10260,4858,5508,2011724,554218,,"{""EAGER"": 0, ""LATE_PERSIST"": 0, ""PER_QUERY"": 0}",13.4,21700.9
ecom|s5|r10|PRED_OVERLAP|c4,ecom,5,10,PRED_OVERLAP,4,0.0513,0.2429,10,9.73208,4.977468,2.365431,2.67988,2.67988,2.365431,2.67988,C,0.13294,0.13294,0.13294,0.0,3.11429,1.10425,0.2431,0.4752,1.0,1.1329,4.1143,2.1043,9716,40000,20520,9716,11016,3727256,1026886,,"{""EAGER"": 0, ""LATE_PERSIST"": 0, ""PER_QUERY"": 0}",13.4,40745.4
ecom|s5|r10|PRED_MUTEX|c1,ecom,5,10,PRED_MUTEX,1,0.05,0.5,10,2.596484,1.294624,1.298624,1.294624,1.294624,1.294624,1.294624,B,0.0,0.0,0.0,0.00309,1.00559,0.0,0.5001,1.0031,1.0,1.0,2.0056,1.0,5000,10000,5000,5000,5000,1058958,529502,,"{""EAGER"": 0, ""LATE_PERSIST"": 0, ""PER_QUERY"": 0}",13.4,10462.5
ecom|s5|r10|PRED_MUTEX|c2,ecom,5,10,PRED_MUTEX,2,0.05,0.5,10,5.195016,2.589968,2.597968,2.589968,2.589968,2.589968,2.589968,B,0.0,0.0,0.0,0.00309,1.00582,0.0,0.5001,1.0031,1.0,1.0,2.0058,1.0,10000,20000,10000,10000,10000,2011724,1005924,,"{""EAGER"": 0, ""LATE_PERSIST"": 0, ""PER_QUERY"": 0}",13.4,21329.2
ecom|s5|r10|PRED_MUTEX|c4,ecom,5,10,PRED_MUTEX,4,0.05,0.5,10,9.73208,4.850656,4.866656,4.850656,4.850656,4.850656,4.850656,B,0.0,0.0,0.0,0.0033,1.00634,0.0,0.5001,1.0033,1.0,1.0,2.0063,1.0,20000,40000,20000,20000,20000,3727256,1863768,,"{""EAGER"": 0, ""LATE_PERSIST"": 0, ""PER_QUERY"": 0}",13.4,40062.6
ecom|s5|r50|PRED_SHARED|c1,ecom,5,50,PRED_SHARED,1,0.0531,0.0531,50,2.599684,6.878975,0.141924,0.279424,2.737183,0.141924,2.599684,C,18.28622,0.96882,17.3174,0.0,17.3174,47.46932,0.0546,0.0206,9.7958,19.2862,18.3174,48.4693,531,10000,26550,531,10531,1058958,1115231,,"{""EAGER"": 0, ""LATE_PERSIST"": 0, ""PER_QUERY"": 0}",13.4,11099.0
ecom|s5|r50|PRED_SHARED|c2,ecom,5,50,PRED_SHARED,2,0.0531,0.0531,50,5.198216,13.76085,0.279987,0.555124,5.473353,0.279987,5.198216,C,18.54862,0.98268,17.56595,0.0,17.56595,48.14824,0.0539,0.0203,9.8597,19.5486,18.5659,49.1482,1062,20000,53100,1062,21062,2011724,2118629,,"{""EAGER"": 0, ""LATE_PERSIST"": 0, ""PER_QUERY"": 0}",13.4,22623.2
ecom|s5|r50|PRED_SHARED|c4,ecom,5,50,PRED_SHARED,4,0.0531,0.0531,50,9.73528,25.7723,0.521065,1.036431,10.250646,0.521065,9.73528,C,18.67248,0.98906,17.68342,0.0,17.68342,48.4608,0.0535,0.0202,9.8903,19.6725,18.6834,49.4608,2124,40000,106200,2124,42124,3727256,3925336,,"{""EAGER"": 0, ""LATE_PERSIST"": 0, ""PER_QUERY"": 0}",13.4,42485.6
ecom|s5|r50|PRED_DISTINCT|c1,ecom,5,50,PRED_DISTINCT,1,0.05026,0.9265,50,2.599684,6.50432,2.408681,2.527584,2.527584,2.408681,2.599684,C,0.04936,0.04936,0.0793,0.0,0.0793,1.70037,0.9265,0.3703,1.0,1.0494,1.0793,2.7004,9265,10000,25131,9265,9723,1058958,1029692,,"{""EAGER"": 0, ""LATE_PERSIST"": 0, ""PER_QUERY"": 0}",13.4,9462.9
ecom|s5|r50|PRED_DISTINCT|c2,ecom,5,50,PRED_DISTINCT,2,0.05026,0.9265,50,5.198216,13.012733,4.816107,5.05385,5.05385,4.816107,5.198216,C,0.04936,0.04936,0.07934,0.0,0.07934,1.70192,0.9265,0.3701,1.0,1.0494,1.0793,2.7019,18530,20000,50262,18530,19446,2011724,1956119,,"{""EAGER"": 0, ""LATE_PERSIST"": 0, ""PER_QUERY"": 0}",13.4,19279.6
ecom|s5|r50|PRED_DISTINCT|c4,ecom,5,50,PRED_DISTINCT,4,0.05026,0.9265,50,9.73528,24.370914,9.01947,9.464664,9.464664,9.01947,9.73528,C,0.04936,0.04936,0.07936,0.0,0.07936,1.70203,0.9265,0.3701,1.0,1.0494,1.0794,2.702,37060,40000,100524,37060,38892,3727256,3624236,,"{""EAGER"": 0, ""LATE_PERSIST"": 0, ""PER_QUERY"": 0}",13.4,36201.0
ecom|s5|r50|PRED_NESTED|c1,ecom,5,50,PRED_NESTED,1,0.05171,0.099,50,2.599684,6.691992,0.260833,0.265782,2.604633,0.260833,2.604633,C,8.98583,0.01898,8.98583,0.0,8.96685,24.65623,0.1003,0.039,9.7999,9.9858,9.9669,25.6562,990,10000,25857,990,10019,1058958,1060980,,"{""EAGER"": 0, ""LATE_PERSIST"": 0, ""PER_QUERY"": 0}",13.4,642.35
ecom|s5|r50|PRED_NESTED|c2,ecom,5,50,PRED_NESTED,2,0.05171,0.099,50,5.198216,13.389951,0.518122,0.528007,5.208101,0.518122,5.208101,C,9.05188,0.01908,9.05188,0.0,9.0328,24.84324,0.0997,0.0387,9.8637,10.0519,10.0328,25.8432,1980,20000,51714,1980,20038,2011724,2015563,,"{""EAGER"": 0, ""LATE_PERSIST"": 0, ""PER_QUERY"": 0}",13.4,1295.3
ecom|s5|r50|PRED_NESTED|c4,ecom,5,50,PRED_NESTED,4,0.05171,0.099,50,9.73528,25.079306,0.96736,0.985862,9.753782,0.96736,9.753782,C,9.08289,0.01913,9.08289,0.0,9.06376,24.92551,0.0994,0.0386,9.8937,10.0829,10.0638,25.9255,3960,40000,103428,3960,40076,3727256,3734368,,"{""EAGER"": 0, ""LATE_PERSIST"": 0, ""PER_QUERY"": 0}",13.4,2421.2
ecom|s5|r50|PRED_OVERLAP|c1,ecom,5,50,PRED_OVERLAP,1,0.05161,0.7244,50,2.599684,6.683037,1.883973,1.997158,1.997158,1.883973,2.599684,C,0.06008,0.06008,0.37989,0.0,0.37989,2.54731,0.7247,0.2819,1.0,1.0601,1.3799,3.5473,7244,10000,25806,7244,7681,1058958,813318,,"{""EAGER"": 0, ""LATE_PERSIST"": 0, ""PER_QUERY"": 0}",13.4,5154.05
ecom|s5|r50|PRED_OVERLAP|c2,ecom,5,50,PRED_OVERLAP,2,0.05161,0.7244,50,5.198216,13.367414,3.76615,3.99257,3.99257,3.76615,5.198216,C,0.06012,0.06012,0.38025,0.0,0.38025,2.54936,0.7245,0.2817,1.0,1.0601,1.3802,3.5494,14488,20000,51612,14488,15362,2011724,1545081,,"{""EAGER"": 0, ""LATE_PERSIST"": 0, ""PER_QUERY"": 0}",13.4,10495.1
ecom|s5|r50|PRED_OVERLAP|c4,ecom,5,50,PRED_OVERLAP,4,0.05161,0.7244,50,9.73528,25.032972,7.052401,7.476448,7.476448,7.052401,9.73528,C,0.06013,0.06013,0.38042,0.0,0.38042,2.54957,0.7244,0.2817,1.0,1.0601,1.3804,3.5496,28976,40000,103224,28976,30724,3727256,2862668,,"{""EAGER"": 0, ""LATE_PERSIST"": 0, ""PER_QUERY"": 0}",13.4,19701.2
ecom|s5|r50|PRED_MUTEX|c1,ecom,5,50,PRED_MUTEX,1,0.02,1.0,50,2.599684,2.591684,2.599684,2.591684,2.591684,2.591684,2.591684,B,0.0,0.0,0.0,0.00309,0.00309,0.0,1.0,1.0031,1.0,1.0,1.0031,1.0,10000,10000,10000,10000,10000,1058958,1058958,,"{""EAGER"": 0, ""LATE_PERSIST"": 0, ""PER_QUERY"": 0}",13.4,4205.4
ecom|s5|r50|PRED_MUTEX|c2,ecom,5,50,PRED_MUTEX,2,0.02,1.0,50,5.198216,5.182216,5.198216,5.182216,5.182216,5.182216,5.182216,B,0.0,0.0,0.0,0.00309,0.00309,0.0,1.0,1.0031,1.0,1.0,1.0031,1.0,20000,20000,20000,20000,20000,2011724,2011724,,"{""EAGER"": 0, ""LATE_PERSIST"": 0, ""PER_QUERY"": 0}",13.4,8558.8
ecom|s5|r50|PRED_MUTEX|c4,ecom,5,50,PRED_MUTEX,4,0.02,1.0,50,9.73528,9.70328,9.73528,9.70328,9.70328,9.70328,9.70328,B,0.0,0.0,0.0,0.0033,0.0033,0.0,1.0,1.0033,1.0,1.0,1.0033,1.0,40000,40000,40000,40000,40000,3727256,3727256,,"{""EAGER"": 0, ""LATE_PERSIST"": 0, ""PER_QUERY"": 0}",13.4,16068.6
ecom|s5|r100|PRED_SHARED|c1,ecom,5,100,PRED_SHARED,1,0.0531,0.0531,100,2.603684,13.75795,0.145924,0.283424,2.741183,0.145924,2.603684,C,17.78497,0.94227,16.8427,0.0,16.8427,93.28142,0.056,0.0106,9.6717,18.785,17.8427,94.2814,531,10000,53100,531,10531,1058958,1115231,,"{""EAGER"": 0, ""LATE_PERSIST"": 0, ""PER_QUERY"": 0}",13.4,13.4
ecom|s5|r100|PRED_SHARED|c2,ecom,5,100,PRED_SHARED,2,0.0531,0.0531,100,5.202216,27.5217,0.283987,0.559124,5.477353,0.283987,5.202216,C,18.28736,0.96884,17.31853,0.0,17.31853,95.91197,0.0546,0.0103,9.7963,19.2874,18.3185,96.912,1062,20000,106200,1062,21062,2011724,2118629,,"{""EAGER"": 0, ""LATE_PERSIST"": 0, ""PER_QUERY"": 0}",13.4,13.4
ecom|s5|r100|PRED_SHARED|c4,ecom,5,100,PRED_SHARED,4,0.0531,0.0531,100,9.73928,51.5446,0.525065,1.040431,10.254646,0.525065,9.73928,C,18.53023,0.98153,17.54871,0.0,17.54871,97.168,0.0539,0.0102,9.8562,19.5302,18.5487,98.168,2124,40000,212400,2124,42124,3727256,3925336,,"{""EAGER"": 0, ""LATE_PERSIST"": 0, ""PER_QUERY"": 0}",13.4,13.4
ecom|s5|r100|PRED_DISTINCT|c1,ecom,5,100,PRED_DISTINCT,1,0.05031,0.9941,100,2.603684,13.024221,2.588343,2.715614,2.715614,2.588343,2.603684,C,0.04917,0.04917,0.00593,0.0,0.00593,4.03188,0.9941,0.1987,1.0,1.0492,1.0059,5.0319,9941,10000,50309,9941,10431,1058958,1104739,,"{""EAGER"": 0, ""LATE_PERSIST"": 0, ""PER_QUERY"": 0}",13.4,8571.5
ecom|s5|r100|PRED_DISTINCT|c2,ecom,5,100,PRED_DISTINCT,2,0.05031,0.9941,100,5.202216,26.055443,5.171509,5.425947,5.425947,5.171509,5.202216,C,0.0492,0.0492,0.00594,0.0,0.00594,4.03827,0.9941,0.1985,1.0,1.0492,1.0059,5.0383,19882,20000,100618,19882,20862,2011724,2098667,,"{""EAGER"": 0, ""LATE_PERSIST"": 0, ""PER_QUERY"": 0}",13.4,17474.6
ecom|s5|r100|PRED_DISTINCT|c4,ecom,5,100,PRED_DISTINCT,4,0.05031,0.9941,100,9.73928,48.797494,9.681733,10.158165,10.158165,9.681733,9.73928,C,0.04921,0.04921,0.00594,0.0,0.00594,4.04016,0.9941,0.1984,1.0,1.0492,1.0059,5.0402,39764,40000,201236,39764,41724,3727256,3888334,,"{""EAGER"": 0, ""LATE_PERSIST"": 0, ""PER_QUERY"": 0}",13.4,32814.8
ecom|s5|r100|PRED_NESTED|c1,ecom,5,100,PRED_NESTED,1,0.05174,0.1008,100,2.603684,13.391809,0.269534,0.271069,2.605219,0.269534,2.605219,C,8.66563,0.0057,8.66563,0.0,8.65993,48.68497,0.1035,0.0201,9.6109,9.6656,9.6599,49.685,1008,10000,51742,1008,10006,1058958,1059584,,"{""EAGER"": 0, ""LATE_PERSIST"": 0, ""PER_QUERY"": 0}",13.4,308.55
ecom|s5|r100|PRED_NESTED|c2,ecom,5,100,PRED_NESTED,2,0.05174,0.1008,100,5.202216,26.795458,0.531513,0.534583,5.205286,0.531513,5.205286,C,8.79334,0.00578,8.79334,0.0,8.78756,49.41357,0.1022,0.0198,9.7371,9.7933,9.7876,50.4136,2016,20000,103484,2016,20012,2011724,2012912,,"{""EAGER"": 0, ""LATE_PERSIST"": 0, ""PER_QUERY"": 0}",13.4,612.1
ecom|s5|r100|PRED_NESTED|c4,ecom,5,100,PRED_NESTED,4,0.05174,0.1008,100,9.73928,50.187784,0.988942,0.994686,9.745024,0.988942,9.745024,C,8.85399,0.00581,8.85399,0.0,8.84819,49.74899,0.1015,0.0197,9.7971,9.854,9.8482,50.749,4032,40000,206968,4032,40024,3727256,3729454,,"{""EAGER"": 0, ""LATE_PERSIST"": 0, ""PER_QUERY"": 0}",13.4,1135.2
ecom|s5|r100|PRED_OVERLAP|c1,ecom,5,100,PRED_OVERLAP,1,0.05158,0.9264,100,2.603684,13.359547,2.412865,2.540583,2.540583,2.412865,2.603684,C,0.05293,0.05293,0.07908,0.0,0.07908,4.5368,0.9267,0.1806,1.0,1.0529,1.0791,5.5368,9264,10000,51585,9264,9757,1058958,1033377,,"{""EAGER"": 0, ""LATE_PERSIST"": 0, ""PER_QUERY"": 0}",13.4,4659.7
ecom|s5|r100|PRED_OVERLAP|c2,ecom,5,100,PRED_OVERLAP,2,0.05158,0.9264,100,5.202216,26.721131,4.820334,5.075828,5.075828,4.820334,5.202216,C,0.053,0.053,0.07922,0.0,0.07922,4.54342,0.9266,0.1804,1.0,1.053,1.0792,5.5434,18528,20000,103170,18528,19514,2011724,1963123,,"{""EAGER"": 0, ""LATE_PERSIST"": 0, ""PER_QUERY"": 0}",13.4,9497.4
ecom|s5|r100|PRED_OVERLAP|c4,ecom,5,100,PRED_OVERLAP,4,0.05158,0.9264,100,9.73928,50.03969,9.023849,9.502356,9.502356,9.023849,9.73928,C,0.05303,0.05303,0.07928,0.0,0.07928,4.54527,0.9265,0.1803,1.0,1.053,1.0793,5.5453,37056,40000,206340,37056,39028,3727256,3637232,,"{""EAGER"": 0, ""LATE_PERSIST"": 0, ""PER_QUERY"": 0}",13.4,17834.8
ecom|s5|r100|PRED_MUTEX|c1,ecom,5,100,PRED_MUTEX,1,0.01,1.0,100,2.603684,2.595684,2.603684,2.595684,2.595684,2.595684,2.595684,B,0.0,0.0,0.0,0.00308,0.00308,0.0,1.0,1.0031,1.0,1.0,1.0031,1.0,10000,10000,10000,10000,10000,1058958,1058958,,"{""EAGER"": 0, ""LATE_PERSIST"": 0, ""PER_QUERY"": 0}",13.4,2111.5
ecom|s5|r100|PRED_MUTEX|c2,ecom,5,100,PRED_MUTEX,2,0.01,1.0,100,5.202216,5.186216,5.202216,5.186216,5.186216,5.186216,5.186216,B,0.0,0.0,0.0,0.00309,0.00309,0.0,1.0,1.0031,1.0,1.0,1.0031,1.0,20000,20000,20000,20000,20000,2011724,2011724,,"{""EAGER"": 0, ""LATE_PERSIST"": 0, ""PER_QUERY"": 0}",13.4,4291.2
ecom|s5|r100|PRED_MUTEX|c4,ecom,5,100,PRED_MUTEX,4,0.01,1.0,100,9.73928,9.70728,9.73928,9.70728,9.70728,9.70728,9.70728,B,0.0,0.0,0.0,0.0033,0.0033,0.0,1.0,1.0033,1.0,1.0,1.0033,1.0,40000,40000,40000,40000,40000,3727256,3727256,,"{""EAGER"": 0, ""LATE_PERSIST"": 0, ""PER_QUERY"": 0}",13.4,8051.2
ecom|s10|r1|PRED_SHARED|c1,ecom,10,1,PRED_SHARED,1,0.1019,0.1019,1,2.595764,0.263624,0.264439,0.263624,0.263624,0.263624,0.263624,B,0.0,0.0,0.0,0.00309,8.84648,0.0,0.1019,1.0031,1.0,1.0,9.8465,1.0,1019,10000,1019,1019,1019,1058958,107889,,"{""EAGER"": 0, ""LATE_PERSIST"": 0, ""PER_QUERY"": 0}",13.4,21258.3
ecom|s10|r1|PRED_SHARED|c2,ecom,10,1,PRED_SHARED,2,0.1019,0.1019,1,5.194296,0.527613,0.529243,0.527613,0.527613,0.527613,0.527613,B,0.0,0.0,0.0,0.00309,8.8449,0.0,0.1019,1.0031,1.0,1.0,9.8449,1.0,2038,20000,2038,2038,2038,2011724,204983,0,"{""EAGER"": 0, ""LATE_PERSIST"": 0, ""PER_QUERY"": 1}",13.4,43363.0
ecom|s10|r1|PRED_SHARED|c4,ecom,10,1,PRED_SHARED,4,0.1019,0.1019,1,9.73136,0.988338,0.991599,0.988338,0.988338,0.988338,0.988338,B,0.0,0.0,0.0,0.0033,8.84619,0.0,0.1019,1.0033,1.0,1.0,9.8462,1.0,4076,40000,4076,4076,4076,3727256,379810,,"{""EAGER"": 0, ""LATE_PERSIST"": 0, ""PER_QUERY"": 0}",13.4,81458.4
ecom|s10|r1|PRED_DISTINCT|c1,ecom,10,1,PRED_DISTINCT,1,0.0982,0.0982,1,2.595764,0.254077,0.254863,0.254077,0.254077,0.254077,0.254077,B,0.0,0.0,0.0,0.00309,9.21645,0.0,0.0982,1.0031,1.0,1.0,10.2164,1.0,982,10000,982,982,982,1058958,103957,,"{""EAGER"": 0, ""LATE_PERSIST"": 0, ""PER_QUERY"": 0}",13.4,20490.55
ecom|s10|r1|PRED_DISTINCT|c2,ecom,10,1,PRED_DISTINCT,2,0.0982,0.0982,1,5.194296,0.508426,0.509997,0.508426,0.508426,0.508426,0.508426,B,0.0,0.0,0.0,0.00309,9.21642,0.0,0.0982,1.0031,1.0,1.0,10.2164,1.0,1964,20000,1964,1964,1964,2011724,197498,0,"{""EAGER"": 0, ""LATE_PERSIST"": 0, ""PER_QUERY"": 1}",13.4,41788.5
ecom|s10|r1|PRED_DISTINCT|c4,ecom,10,1,PRED_DISTINCT,4,0.0982,0.0982,1,9.73136,0.952312,0.955454,0.952312,0.952312,0.952312,0.952312,B,0.0,0.0,0.0,0.0033,9.21867,0.0,0.0982,1.0033,1.0,1.0,10.2187,1.0,3928,40000,3928,3928,3928,3727256,365922,,"{""EAGER"": 0, ""LATE_PERSIST"": 0, ""PER_QUERY"": 0}",13.4,78492.4
ecom|s10|r1|PRED_NESTED|c1,ecom,10,1,PRED_NESTED,1,0.1019,0.1019,1,2.595764,0.263624,0.264439,0.263624,0.263624,0.263624,0.263624,B,0.0,0.0,0.0,0.00309,8.84648,0.0,0.1019,1.0031,1.0,1.0,9.8465,1.0,1019,10000,1019,1019,1019,1058958,107889,,"{""EAGER"": 0, ""LATE_PERSIST"": 0, ""PER_QUERY"": 0}",13.4,21258.3
ecom|s10|r1|PRED_NESTED|c2,ecom,10,1,PRED_NESTED,2,0.1019,0.1019,1,5.194296,0.527613,0.529243,0.527613,0.527613,0.527613,0.527613,B,0.0,0.0,0.0,0.00309,8.8449,0.0,0.1019,1.0031,1.0,1.0,9.8449,1.0,2038,20000,2038,2038,2038,2011724,204983,0,"{""EAGER"": 0, ""LATE_PERSIST"": 0, ""PER_QUERY"": 1}",13.4,43363.0
ecom|s10|r1|PRED_NESTED|c4,ecom,10,1,PRED_NESTED,4,0.1019,0.1019,1,9.73136,0.988338,0.991599,0.988338,0.988338,0.988338,0.988338,B,0.0,0.0,0.0,0.0033,8.84619,0.0,0.1019,1.0033,1.0,1.0,9.8462,1.0,4076,40000,4076,4076,4076,3727256,379810,,"{""EAGER"": 0, ""LATE_PERSIST"": 0, ""PER_QUERY"": 0}",13.4,81458.4
ecom|s10|r1|PRED_OVERLAP|c1,ecom,10,1,PRED_OVERLAP,1,0.0981,0.0981,1,2.595764,0.254163,0.254947,0.254163,0.254163,0.254163,0.254163,B,0.0,0.0,0.0,0.00309,9.21301,0.0,0.0982,1.0031,1.0,1.0,10.213,1.0,981,10000,981,981,981,1058958,103952,,"{""EAGER"": 0, ""LATE_PERSIST"": 0, ""PER_QUERY"": 0}",13.4,20500.85
ecom|s10|r1|PRED_OVERLAP|c2,ecom,10,1,PRED_OVERLAP,2,0.0981,0.0981,1,5.194296,0.508383,0.509953,0.508383,0.508383,0.508383,0.508383,B,0.0,0.0,0.0,0.00309,9.21729,0.0,0.0982,1.0031,1.0,1.0,10.2173,1.0,1962,20000,1962,1962,1962,2011724,197463,0,"{""EAGER"": 0, ""LATE_PERSIST"": 0, ""PER_QUERY"": 1}",13.4,41786.9
ecom|s10|r1|PRED_OVERLAP|c4,ecom,10,1,PRED_OVERLAP,4,0.0981,0.0981,1,9.73136,0.952078,0.955217,0.952078,0.952078,0.952078,0.952078,B,0.0,0.0,0.0,0.0033,9.22118,0.0,0.0982,1.0033,1.0,1.0,10.2212,1.0,3924,40000,3924,3924,3924,3727256,365846,,"{""EAGER"": 0, ""LATE_PERSIST"": 0, ""PER_QUERY"": 0}",13.4,78473.0
ecom|s10|r1|PRED_MUTEX|c1,ecom,10,1,PRED_MUTEX,1,0.1,0.1,1,2.595764,0.258796,0.259596,0.258796,0.258796,0.258796,0.258796,B,0.0,0.0,0.0,0.00309,9.03016,0.0,0.1,1.0031,1.0,1.0,10.0302,1.0,1000,10000,1000,1000,1000,1058958,105908,,"{""EAGER"": 0, ""LATE_PERSIST"": 0, ""PER_QUERY"": 0}",13.4,20869.6
ecom|s10|r1|PRED_MUTEX|c2,ecom,10,1,PRED_MUTEX,2,0.1,0.1,1,5.194296,0.517912,0.519512,0.517912,0.517912,0.517912,0.517912,B,0.0,0.0,0.0,0.00309,9.0293,0.0,0.1,1.0031,1.0,1.0,10.0293,1.0,2000,20000,2000,2000,2000,2011724,201216,0,"{""EAGER"": 0, ""LATE_PERSIST"": 0, ""PER_QUERY"": 1}",13.4,42565.8
ecom|s10|r1|PRED_MUTEX|c4,ecom,10,1,PRED_MUTEX,4,0.1,0.1,1,9.73136,0.970144,0.973344,0.970144,0.970144,0.970144,0.970144,B,0.0,0.0,0.0,0.0033,9.03084,0.0,0.1,1.0033,1.0,1.0,10.0308,1.0,4000,40000,4000,4000,4000,3727256,372832,,"{""EAGER"": 0, ""LATE_PERSIST"": 0, ""PER_QUERY"": 0}",13.4,79958.2
ecom|s10|r10|PRED_SHARED|c1,ecom,10,10,PRED_SHARED,1,0.1019,0.1019,10,2.596484,2.636235,0.265159,0.528702,0.528702,0.265159,0.528702,C,0.99391,0.99391,0.99391,0.0,8.79219,8.9421,0.1021,0.1006,1.0,1.9939,9.7922,9.9421,1019,10000,10190,1019,2038,1058958,215778,,"{""EAGER"": 0, ""LATE_PERSIST"": 0, ""PER_QUERY"": 0}",13.4,21258.3
ecom|s10|r10|PRED_SHARED|c2,ecom,10,10,PRED_SHARED,2,0.1019,0.1019,10,5.195016,5.27613,0.529963,1.057496,1.057496,0.529963,1.057496,C,0.99541,0.99541,0.99541,0.0,8.80259,8.95565,0.102,0.1004,1.0,1.9954,9.8026,9.9556,2038,20000,20380,2038,4076,2011724,409966,1,"{""EAGER"": 0, ""LATE_PERSIST"": 9, ""PER_QUERY"": 1}",13.4,43363.0
ecom|s10|r10|PRED_SHARED|c4,ecom,10,10,PRED_SHARED,4,0.1019,0.1019,10,9.73208,9.88338,0.992319,1.980577,1.980577,0.992319,1.980577,C,0.99591,0.99591,0.99591,0.0,8.80741,8.95988,0.102,0.1004,1.0,1.9959,9.8074,9.9599,4076,40000,40760,4076,8152,3727256,759620,,"{""EAGER"": 0, ""LATE_PERSIST"": 0, ""PER_QUERY"": 0}",13.4,81458.4
ecom|s10|r10|PRED_DISTINCT|c1,ecom,10,10,PRED_DISTINCT,1,0.10065,0.6549,10,2.596484,2.605001,1.70063,1.852334,1.852334,1.70063,1.852334,C,0.08921,0.08921,0.08921,0.0,0.52678,0.53179,0.655,0.6528,1.0,1.0892,1.5268,1.5318,6549,10000,10065,6549,7137,1058958,755729,,"{""EAGER"": 0, ""LATE_PERSIST"": 0, ""PER_QUERY"": 0}",13.4,20976.15
ecom|s10|r10|PRED_DISTINCT|c2,ecom,10,10,PRED_DISTINCT,2,0.10065,0.6549,10,5.195016,5.212531,3.402469,3.706083,3.706083,3.402469,3.706083,C,0.08923,0.08923,0.08923,0.0,0.52684,0.53198,0.6549,0.6527,1.0,1.0892,1.5268,1.532,13098,20000,20130,13098,14274,2011724,1435699,1,"{""EAGER"": 0, ""LATE_PERSIST"": 9, ""PER_QUERY"": 1}",13.4,42797.5
ecom|s10|r10|PRED_DISTINCT|c4,ecom,10,10,PRED_DISTINCT,4,0.10065,0.6549,10,9.73208,9.763302,6.373915,6.942538,6.942538,6.373915,6.942538,C,0.08921,0.08921,0.08921,0.0,0.52686,0.53176,0.6549,0.6528,1.0,1.0892,1.5269,1.5318,26196,40000,40260,26196,28548,3727256,2660036,,"{""EAGER"": 0, ""LATE_PERSIST"": 0, ""PER_QUERY"": 0}",13.4,80398.2
ecom|s10|r10|PRED_NESTED|c1,ecom,10,10,PRED_NESTED,1,0.10346,0.1867,10,2.596484,2.677291,0.485177,0.534621,0.534621,0.485177,0.534621,C,0.10191,0.10191,0.10191,0.0,4.35162,4.51817,0.1869,0.1812,1.0,1.1019,5.3516,5.5182,1867,10000,10346,1867,2058,1058958,217897,,"{""EAGER"": 0, ""LATE_PERSIST"": 0, ""PER_QUERY"": 0}",13.4,7904.3
ecom|s10|r10|PRED_NESTED|c2,ecom,10,10,PRED_NESTED,2,0.10346,0.1867,10,5.195016,5.35787,0.970332,1.069245,1.069245,0.970332,1.069245,C,0.10194,0.10194,0.10194,0.0,4.35385,4.52169,0.1868,0.1811,1.0,1.1019,5.3539,5.5217,3734,20000,20692,3734,4116,2011724,413976,1,"{""EAGER"": 0, ""LATE_PERSIST"": 9, ""PER_QUERY"": 1}",13.4,16104.8
ecom|s10|r10|PRED_NESTED|c4,ecom,10,10,PRED_NESTED,4,0.10346,0.1867,10,9.73208,10.036192,1.81742,2.002666,2.002666,1.81742,2.002666,C,0.10193,0.10193,0.10193,0.0,4.35489,4.52222,0.1867,0.1811,1.0,1.1019,5.3549,5.5222,7468,40000,41384,7468,8232,3727256,767032,,"{""EAGER"": 0, ""LATE_PERSIST"": 0, ""PER_QUERY"": 0}",13.4,30237.8
ecom|s10|r10|PRED_OVERLAP|c1,ecom,10,10,PRED_OVERLAP,1,0.10097,0.4414,10,2.596484,2.614848,1.146562,1.328125,1.328125,1.146562,1.328125,C,0.15835,0.15835,0.15835,0.0,1.26458,1.2806,0.4416,0.4385,1.0,1.1584,2.2646,2.2806,4414,10000,10097,4414,5115,1058958,541858,,"{""EAGER"": 0, ""LATE_PERSIST"": 0, ""PER_QUERY"": 0}",13.4,20961.2
ecom|s10|r10|PRED_OVERLAP|c2,ecom,10,10,PRED_OVERLAP,2,0.10097,0.4414,10,5.195016,5.231539,2.293672,2.656883,2.656883,2.293672,2.656883,C,0.15835,0.15835,0.15835,0.0,1.26493,1.28086,0.4415,0.4384,1.0,1.1584,2.2649,2.2809,8828,20000,20194,8828,10230,2011724,1029395,1,"{""EAGER"": 0, ""LATE_PERSIST"": 9, ""PER_QUERY"": 1}",13.4,42749.6
ecom|s10|r10|PRED_OVERLAP|c4,ecom,10,10,PRED_OVERLAP,4,0.10097,0.4414,10,9.73208,9.798518,4.296569,4.976811,4.976811,4.296569,4.976811,C,0.15832,0.15832,0.15832,0.0,1.26508,1.28054,0.4415,0.4385,1.0,1.1583,2.2651,2.2805,17656,40000,40388,17656,20460,3727256,1907284,,"{""EAGER"": 0, ""LATE_PERSIST"": 0, ""PER_QUERY"": 0}",13.4,80296.4
ecom|s10|r10|PRED_MUTEX|c1,ecom,10,10,PRED_MUTEX,1,0.1,1.0,10,2.596484,2.588484,2.596484,2.588484,2.588484,2.588484,2.588484,B,0.0,0.0,0.0,0.00309,0.00309,0.0,1.0,1.0031,1.0,1.0,1.0031,1.0,10000,10000,10000,10000,10000,1058958,1058958,,"{""EAGER"": 0, ""LATE_PERSIST"": 0, ""PER_QUERY"": 0}",13.4,20942.95
ecom|s10|r10|PRED_MUTEX|c2,ecom,10,10,PRED_MUTEX,2,0.1,1.0,10,5.195016,5.179016,5.195016,5.179016,5.179016,5.179016,5.179016,B,0.0,0.0,0.0,0.00309,0.00309,0.0,1.0,1.0031,1.0,1.0,1.0031,1.0,20000,20000,20000,20000,20000,2011724,2011724,0,"{""EAGER"": 0, ""LATE_PERSIST"": 0, ""PER_QUERY"": 10}",13.4,42663.3
ecom|s10|r10|PRED_MUTEX|c4,ecom,10,10,PRED_MUTEX,4,0.1,1.0,10,9.73208,9.70008,9.73208,9.70008,9.70008,9.70008,9.70008,B,0.0,0.0,0.0,0.0033,0.0033,0.0,1.0,1.0033,1.0,1.0,1.0033,1.0,40000,40000,40000,40000,40000,3727256,3727256,,"{""EAGER"": 0, ""LATE_PERSIST"": 0, ""PER_QUERY"": 0}",13.4,80104.0
ecom|s10|r50|PRED_SHARED|c1,ecom,10,50,PRED_SHARED,1,0.1019,0.1019,50,2.599684,13.181175,0.268359,0.531902,2.863227,0.268359,2.599684,C,9.6694,0.98206,8.68735,0.0,8.68735,48.11775,0.1032,0.0204,5.383,10.6694,9.6873,49.1177,1019,10000,50950,1019,11019,1058958,1166847,,"{""EAGER"": 0, ""LATE_PERSIST"": 0, ""PER_QUERY"": 0}",13.4,21258.3
ecom|s10|r50|PRED_SHARED|c2,ecom,10,50,PRED_SHARED,2,0.1019,0.1019,50,5.198216,26.38065,0.533163,1.060696,5.725749,0.533163,5.198216,C,9.7392,0.98944,8.74976,0.0,8.74976,48.47948,0.1026,0.0202,5.3981,10.7392,9.7498,49.4795,2038,20000,101900,2038,22038,2011724,2216707,3,"{""EAGER"": 1, ""LATE_PERSIST"": 48, ""PER_QUERY"": 1}",13.4,43363.0
ecom|s10|r50|PRED_SHARED|c4,ecom,10,50,PRED_SHARED,4,0.1019,0.1019,50,9.73528,49.4169,0.995519,1.983777,10.723538,0.995519,9.73528,C,9.77181,0.99271,8.7791,0.0,8.7791,48.63934,0.1023,0.0201,5.4056,10.7718,9.7791,49.6393,4076,40000,203800,4076,44076,3727256,4107066,,"{""EAGER"": 0, ""LATE_PERSIST"": 0, ""PER_QUERY"": 0}",13.4,81458.4
ecom|s10|r50|PRED_DISTINCT|c1,ecom,10,50,PRED_DISTINCT,1,0.1005,0.9945,50,2.599684,13.010309,2.585552,2.836627,2.836627,2.585552,2.599684,C,0.09711,0.09711,0.00547,0.0,0.00547,4.03193,0.9946,0.1987,1.0,1.0971,1.0055,5.0319,9945,10000,50251,9945,10916,1058958,1155943,,"{""EAGER"": 0, ""LATE_PERSIST"": 0, ""PER_QUERY"": 0}",13.4,18880.0
ecom|s10|r50|PRED_DISTINCT|c2,ecom,10,50,PRED_DISTINCT,2,0.1005,0.9945,50,5.198216,26.030621,5.169859,5.67237,5.67237,5.169859,5.198216,C,0.0972,0.0972,0.00549,0.0,0.00549,4.03507,0.9945,0.1986,1.0,1.0972,1.0055,5.0351,19890,20000,100502,19890,21832,2011724,2195968,1,"{""EAGER"": 0, ""LATE_PERSIST"": 49, ""PER_QUERY"": 1}",13.4,38484.6
ecom|s10|r50|PRED_DISTINCT|c4,ecom,10,50,PRED_DISTINCT,4,0.1005,0.9945,50,9.73528,48.754678,9.682102,10.623401,10.623401,9.682102,9.73528,C,0.09722,0.09722,0.00549,0.0,0.00549,4.03555,0.9945,0.1986,1.0,1.0972,1.0055,5.0355,39780,40000,201004,39780,43664,3727256,4068614,,"{""EAGER"": 0, ""LATE_PERSIST"": 0, ""PER_QUERY"": 0}",13.4,72269.8
ecom|s10|r50|PRED_NESTED|c1,ecom,10,50,PRED_NESTED,1,0.10341,0.2019,50,2.599684,13.379025,0.527805,0.537401,2.609281,0.527805,2.609281,C,3.94365,0.01818,3.94365,0.0,3.92547,24.34844,0.203,0.0395,4.8554,4.9436,4.9255,25.3484,2019,10000,51703,2019,10037,1058958,1062875,,"{""EAGER"": 0, ""LATE_PERSIST"": 0, ""PER_QUERY"": 0}",13.4,1044.55
ecom|s10|r50|PRED_NESTED|c2,ecom,10,50,PRED_NESTED,2,0.10341,0.2019,50,5.198216,26.774665,1.052503,1.07167,5.217383,1.052503,5.217383,C,3.95712,0.01821,3.95712,0.0,3.93891,24.43903,0.2025,0.0393,4.8685,4.9571,4.9389,25.439,4038,20000,103406,4038,20074,2011724,2019159,3,"{""EAGER"": 1, ""LATE_PERSIST"": 48, ""PER_QUERY"": 1}",13.4,2111.1
ecom|s10|r50|PRED_NESTED|c4,ecom,10,50,PRED_NESTED,4,0.10341,0.2019,50,9.73528,50.153546,1.968647,2.004513,9.771146,1.968647,9.771146,C,3.96338,0.01822,3.96338,0.0,3.94516,24.47615,0.2022,0.0393,4.8746,4.9634,4.9452,25.4762,8076,40000,206812,8076,40148,3727256,3741024,,"{""EAGER"": 0, ""LATE_PERSIST"": 0, ""PER_QUERY"": 0}",13.4,3950.2
ecom|s10|r50|PRED_OVERLAP|c1,ecom,10,50,PRED_OVERLAP,1,0.10072,0.9296,50,2.599684,13.038873,2.416523,2.659751,2.659751,2.416523,2.599684,C,0.10065,0.10065,0.0758,0.0,0.0758,4.39572,0.9295,0.1853,1.0,1.1007,1.0758,5.3957,9296,10000,50358,9296,10235,1058958,1083795,,"{""EAGER"": 0, ""LATE_PERSIST"": 0, ""PER_QUERY"": 0}",13.4,10109.0
ecom|s10|r50|PRED_OVERLAP|c2,ecom,10,50,PRED_OVERLAP,2,0.10072,0.9296,50,5.198216,26.087162,4.831934,5.318491,5.318491,4.831934,5.198216,C,0.1007,0.1007,0.0758,0.0,0.0758,4.39891,0.9295,0.1852,1.0,1.1007,1.0758,5.3989,18592,20000,100716,18592,20470,2011724,2058915,1,"{""EAGER"": 0, ""LATE_PERSIST"": 49, ""PER_QUERY"": 1}",13.4,20598.8
ecom|s10|r50|PRED_OVERLAP|c4,ecom,10,50,PRED_OVERLAP,4,0.10072,0.9296,50,9.73528,48.860112,9.049219,9.960463,9.960463,9.049219,9.73528,C,0.1007,0.1007,0.07581,0.0,0.07581,4.39937,0.9295,0.1852,1.0,1.1007,1.0758,5.3994,37184,40000,201432,37184,40940,3727256,3814690,,"{""EAGER"": 0, ""LATE_PERSIST"": 0, ""PER_QUERY"": 0}",13.4,38680.4
ecom|s10|r50|PRED_MUTEX|c1,ecom,10,50,PRED_MUTEX,1,0.02,1.0,50,2.599684,2.591684,2.599684,2.591684,2.591684,2.591684,2.591684,B,0.0,0.0,0.0,0.00309,0.00309,0.0,1.0,1.0031,1.0,1.0,1.0031,1.0,10000,10000,10000,10000,10000,1058958,1058958,,"{""EAGER"": 0, ""LATE_PERSIST"": 0, ""PER_QUERY"": 0}",13.4,4202.4
ecom|s10|r50|PRED_MUTEX|c2,ecom,10,50,PRED_MUTEX,2,0.02,1.0,50,5.198216,5.182216,5.198216,5.182216,5.182216,5.182216,5.182216,B,0.0,0.0,0.0,0.00309,0.00309,0.0,1.0,1.0031,1.0,1.0,1.0031,1.0,20000,20000,20000,20000,20000,2011724,2011724,0,"{""EAGER"": 0, ""LATE_PERSIST"": 0, ""PER_QUERY"": 50}",13.4,8554.0
ecom|s10|r50|PRED_MUTEX|c4,ecom,10,50,PRED_MUTEX,4,0.02,1.0,50,9.73528,9.70328,9.73528,9.70328,9.70328,9.70328,9.70328,B,0.0,0.0,0.0,0.0033,0.0033,0.0,1.0,1.0033,1.0,1.0,1.0033,1.0,40000,40000,40000,40000,40000,3727256,3727256,,"{""EAGER"": 0, ""LATE_PERSIST"": 0, ""PER_QUERY"": 0}",13.4,16057.8
ecom|s10|r100|PRED_SHARED|c1,ecom,10,100,PRED_SHARED,1,0.1019,0.1019,100,2.603684,26.36235,0.272359,0.535902,2.867227,0.272359,2.603684,C,9.52739,0.96763,8.55976,0.0,8.55976,95.79276,0.1046,0.0103,5.3503,10.5274,9.5598,96.7928,1019,10000,101900,1019,11019,1058958,1166847,,"{""EAGER"": 0, ""LATE_PERSIST"": 0, ""PER_QUERY"": 0}",13.4,13.4
ecom|s10|r100|PRED_SHARED|c2,ecom,10,100,PRED_SHARED,2,0.1019,0.1019,100,5.202216,52.7613,0.537163,1.064696,5.729749,0.537163,5.202216,C,9.66668,0.98207,8.68461,0.0,8.68461,97.22207,0.1033,0.0102,5.3816,10.6667,9.6846,98.2221,2038,20000,203800,2038,22038,2011724,2216707,3,"{""EAGER"": 1, ""LATE_PERSIST"": 98, ""PER_QUERY"": 1}",13.4,13.4
ecom|s10|r100|PRED_SHARED|c4,ecom,10,100,PRED_SHARED,4,0.1019,0.1019,100,9.73928,98.8338,0.999519,1.987777,10.727538,0.999519,9.73928,C,9.7327,0.98873,8.74397,0.0,8.74397,97.88138,0.1026,0.0101,5.3968,10.7327,9.744,98.8814,4076,40000,407600,4076,44076,3727256,4107066,,"{""EAGER"": 0, ""LATE_PERSIST"": 0, ""PER_QUERY"": 0}",13.4,13.4
ecom|s10|r100|PRED_DISTINCT|c1,ecom,10,100,PRED_DISTINCT,1,0.10061,1.0,100,2.603684,26.045282,2.603684,2.857681,2.857681,2.603684,2.603684,A,0.09755,0.09755,0.0,0.0,0.0,9.00324,1.0,0.1,1.0,1.0976,1.0,10.0032,10000,10000,100611,10000,10982,1058958,1162915,,"{""EAGER"": 0, ""LATE_PERSIST"": 0, ""PER_QUERY"": 0}",13.4,14148.8
ecom|s10|r100|PRED_DISTINCT|c2,ecom,10,100,PRED_DISTINCT,2,0.10061,1.0,100,5.202216,52.111525,5.202216,5.710562,5.710562,5.202216,5.202216,A,0.09772,0.09772,0.0,0.0,0.0,9.01718,1.0,0.0998,1.0,1.0977,1.0,10.0172,20000,20000,201222,20000,21964,2011724,2209222,1,"{""EAGER"": 0, ""LATE_PERSIST"": 99, ""PER_QUERY"": 1}",13.4,28853.0
ecom|s10|r100|PRED_DISTINCT|c4,ecom,10,100,PRED_DISTINCT,4,0.10061,1.0,100,9.73928,97.603686,9.73928,10.691512,10.691512,9.73928,9.73928,A,0.09777,0.09777,0.0,0.0,0.0,9.02165,1.0,0.0998,1.0,1.0978,1.0,10.0217,40000,40000,402444,40000,43928,3727256,4093178,,"{""EAGER"": 0, ""LATE_PERSIST"": 0, ""PER_QUERY"": 0}",13.4,54193.4
ecom|s10|r100|PRED_NESTED|c1,ecom,10,100,PRED_NESTED,1,0.10344,0.2037,100,2.603684,26.766244,0.53653,0.54148,2.608633,0.53653,2.608633,C,3.86205,0.00923,3.86205,0.0,3.85282,48.88768,0.2061,0.02,4.8176,4.862,4.8528,49.8877,2037,10000,103436,2037,10019,1058958,1060980,,"{""EAGER"": 0, ""LATE_PERSIST"": 0, ""PER_QUERY"": 0}",13.4,540.85
ecom|s10|r100|PRED_NESTED|c2,ecom,10,100,PRED_NESTED,2,0.10344,0.2037,100,5.202216,53.565488,1.06593,1.075815,5.212101,1.06593,5.212101,C,3.88972,0.00927,3.88972,0.0,3.88045,49.25234,0.2049,0.0199,4.8448,4.8897,4.8804,50.2523,4074,20000,206872,4074,20038,2011724,2015563,3,"{""EAGER"": 1, ""LATE_PERSIST"": 98, ""PER_QUERY"": 1}",13.4,1085.7
ecom|s10|r100|PRED_NESTED|c4,ecom,10,100,PRED_NESTED,4,0.10344,0.2037,100,9.73928,100.3372,1.990288,2.00879,9.757782,1.990288,9.757782,C,3.9027,0.0093,3.9027,0.0,3.8934,49.4134,0.2044,0.0198,4.8575,4.9027,4.8934,50.4134,8148,40000,413744,8148,40076,3727256,3734368,,"{""EAGER"": 0, ""LATE_PERSIST"": 0, ""PER_QUERY"": 0}",13.4,2025.4
ecom|s10|r100|PRED_OVERLAP|c1,ecom,10,100,PRED_OVERLAP,1,0.10038,0.9946,100,2.603684,25.98972,2.58949,2.843064,2.843064,2.58949,2.603684,C,0.09792,0.09792,0.00548,0.0,0.00548,9.03662,0.9945,0.0996,1.0,1.0979,1.0055,10.0366,9946,10000,100380,9946,10925,1058958,1156919,,"{""EAGER"": 0, ""LATE_PERSIST"": 0, ""PER_QUERY"": 0}",13.4,8208.85
ecom|s10|r100|PRED_OVERLAP|c2,ecom,10,100,PRED_OVERLAP,2,0.10038,0.9946,100,5.202216,51.998512,5.173876,5.681165,5.681165,5.173876,5.202216,C,0.09805,0.09805,0.00548,0.0,0.00548,9.05021,0.9946,0.0995,1.0,1.098,1.0055,10.0502,19892,20000,200760,19892,21850,2011724,2197811,1,"{""EAGER"": 0, ""LATE_PERSIST"": 99, ""PER_QUERY"": 1}",13.4,16729.5
ecom|s10|r100|PRED_OVERLAP|c4,ecom,10,100,PRED_OVERLAP,4,0.10038,0.9946,100,9.73928,97.391016,9.686211,10.636319,10.636319,9.686211,9.73928,C,0.09809,0.09809,0.00548,0.0,0.00548,9.0546,0.9946,0.0995,1.0,1.0981,1.0055,10.0546,39784,40000,401520,39784,43700,3727256,4072020,,"{""EAGER"": 0, ""LATE_PERSIST"": 0, ""PER_QUERY"": 0}",13.4,31406.8
ecom|s10|r100|PRED_MUTEX|c1,ecom,10,100,PRED_MUTEX,1,0.01,1.0,100,2.603684,2.595684,2.603684,2.595684,2.595684,2.595684,2.595684,B,0.0,0.0,0.0,0.00308,0.00308,0.0,1.0,1.0031,1.0,1.0,1.0031,1.0,10000,10000,10000,10000,10000,1058958,1058958,,"{""EAGER"": 0, ""LATE_PERSIST"": 0, ""PER_QUERY"": 0}",13.4,2116.75
ecom|s10|r100|PRED_MUTEX|c2,ecom,10,100,PRED_MUTEX,2,0.01,1.0,100,5.202216,5.186216,5.202216,5.186216,5.186216,5.186216,5.186216,B,0.0,0.0,0.0,0.00309,0.00309,0.0,1.0,1.0031,1.0,1.0,1.0031,1.0,20000,20000,20000,20000,20000,2011724,2011724,0,"{""EAGER"": 0, ""LATE_PERSIST"": 0, ""PER_QUERY"": 100}",13.4,4296.3
ecom|s10|r100|PRED_MUTEX|c4,ecom,10,100,PRED_MUTEX,4,0.01,1.0,100,9.73928,9.70728,9.73928,9.70728,9.70728,9.70728,9.70728,B,0.0,0.0,0.0,0.0033,0.0033,0.0,1.0,1.0033,1.0,1.0,1.0033,1.0,40000,40000,40000,40000,40000,3727256,3727256,,"{""EAGER"": 0, ""LATE_PERSIST"": 0, ""PER_QUERY"": 0}",13.4,8060.8
ecom|s25|r1|PRED_SHARED|c1,ecom,25,1,PRED_SHARED,1,0.2511,0.2511,1,2.595764,0.649582,0.65159,0.649582,0.649582,0.649582,0.649582,B,0.0,0.0,0.0,0.00309,2.99606,0.0,0.251,1.0031,1.0,1.0,3.9961,1.0,2511,10000,2511,2511,2511,1058958,265875,,"{""EAGER"": 0, ""LATE_PERSIST"": 0, ""PER_QUERY"": 0}",13.4,52372.7
ecom|s25|r1|PRED_SHARED|c2,ecom,25,1,PRED_SHARED,2,0.2511,0.2511,1,5.194296,1.300109,1.304127,1.300109,1.300109,1.300109,1.300109,B,0.0,0.0,0.0,0.00309,2.99528,0.0,0.2511,1.0031,1.0,1.0,3.9953,1.0,5022,20000,5022,5022,5022,2011724,505137,,"{""EAGER"": 0, ""LATE_PERSIST"": 0, ""PER_QUERY"": 0}",13.4,106843.4
ecom|s25|r1|PRED_SHARED|c4,ecom,25,1,PRED_SHARED,4,0.2511,0.2511,1,9.73136,2.435438,2.443473,2.435438,2.435438,2.435438,2.435438,B,0.0,0.0,0.0,0.0033,2.99573,0.0,0.2511,1.0033,1.0,1.0,3.9957,1.0,10044,40000,10044,10044,10044,3727256,935952,,"{""EAGER"": 0, ""LATE_PERSIST"": 0, ""PER_QUERY"": 0}",13.4,200718.8
ecom|s25|r1|PRED_DISTINCT|c1,ecom,25,1,PRED_DISTINCT,1,0.2537,0.2537,1,2.595764,0.655706,0.657736,0.655706,0.655706,0.655706,0.655706,B,0.0,0.0,0.0,0.0031,2.95873,0.0,0.2534,1.0031,1.0,1.0,3.9587,1.0,2537,10000,2537,2537,2537,1058958,268227,,"{""EAGER"": 0, ""LATE_PERSIST"": 0, ""PER_QUERY"": 0}",13.4,52877.4
ecom|s25|r1|PRED_DISTINCT|c2,ecom,25,1,PRED_DISTINCT,2,0.2537,0.2537,1,5.194296,1.312067,1.316126,1.312067,1.312067,1.312067,1.312067,B,0.0,0.0,0.0,0.00309,2.95886,0.0,0.2534,1.0031,1.0,1.0,3.9589,1.0,5074,20000,5074,5074,5074,2011724,509515,,"{""EAGER"": 0, ""LATE_PERSIST"": 0, ""PER_QUERY"": 0}",13.4,107844.4
ecom|s25|r1|PRED_DISTINCT|c4,ecom,25,1,PRED_DISTINCT,4,0.2537,0.2537,1,9.73136,2.457346,2.465464,2.457346,2.457346,2.457346,2.457346,B,0.0,0.0,0.0,0.0033,2.96011,0.0,0.2534,1.0033,1.0,1.0,3.9601,1.0,10148,40000,10148,10148,10148,3727256,943888,,"{""EAGER"": 0, ""LATE_PERSIST"": 0, ""PER_QUERY"": 0}",13.4,202556.4
ecom|s25|r1|PRED_NESTED|c1,ecom,25,1,PRED_NESTED,1,0.2511,0.2511,1,2.595764,0.649582,0.65159,0.649582,0.649582,0.649582,0.649582,B,0.0,0.0,0.0,0.00309,2.99606,0.0,0.251,1.0031,1.0,1.0,3.9961,1.0,2511,10000,2511,2511,2511,1058958,265875,,"{""EAGER"": 0, ""LATE_PERSIST"": 0, ""PER_QUERY"": 0}",13.4,52372.7
ecom|s25|r1|PRED_NESTED|c2,ecom,25,1,PRED_NESTED,2,0.2511,0.2511,1,5.194296,1.300109,1.304127,1.300109,1.300109,1.300109,1.300109,B,0.0,0.0,0.0,0.00309,2.99528,0.0,0.2511,1.0031,1.0,1.0,3.9953,1.0,5022,20000,5022,5022,5022,2011724,505137,,"{""EAGER"": 0, ""LATE_PERSIST"": 0, ""PER_QUERY"": 0}",13.4,106843.4
ecom|s25|r1|PRED_NESTED|c4,ecom,25,1,PRED_NESTED,4,0.2511,0.2511,1,9.73136,2.435438,2.443473,2.435438,2.435438,2.435438,2.435438,B,0.0,0.0,0.0,0.0033,2.99573,0.0,0.2511,1.0033,1.0,1.0,3.9957,1.0,10044,40000,10044,10044,10044,3727256,935952,,"{""EAGER"": 0, ""LATE_PERSIST"": 0, ""PER_QUERY"": 0}",13.4,200718.8
ecom|s25|r1|PRED_OVERLAP|c1,ecom,25,1,PRED_OVERLAP,1,0.2389,0.2389,1,2.595764,0.618942,0.620854,0.618942,0.618942,0.618942,0.618942,B,0.0,0.0,0.0,0.00309,3.19387,0.0,0.2392,1.0031,1.0,1.0,4.1939,1.0,2389,10000,2389,2389,2389,1058958,253274,,"{""EAGER"": 0, ""LATE_PERSIST"": 0, ""PER_QUERY"": 0}",13.4,49908.25
ecom|s25|r1|PRED_OVERLAP|c2,ecom,25,1,PRED_OVERLAP,2,0.2389,0.2389,1,5.194296,1.238355,1.242177,1.238355,1.238355,1.238355,1.238355,B,0.0,0.0,0.0,0.00309,3.19451,0.0,0.2391,1.0031,1.0,1.0,4.1945,1.0,4778,20000,4778,4778,4778,2011724,481157,,"{""EAGER"": 0, ""LATE_PERSIST"": 0, ""PER_QUERY"": 0}",13.4,101769.3
ecom|s25|r1|PRED_OVERLAP|c4,ecom,25,1,PRED_OVERLAP,4,0.2389,0.2389,1,9.73136,2.319506,2.327151,2.319506,2.319506,2.319506,2.319506,B,0.0,0.0,0.0,0.0033,3.19545,0.0,0.2391,1.0033,1.0,1.0,4.1954,1.0,9556,40000,9556,9556,9556,3727256,891532,,"{""EAGER"": 0, ""LATE_PERSIST"": 0, ""PER_QUERY"": 0}",13.4,191157.4
ecom|s25|r1|PRED_MUTEX|c1,ecom,25,1,PRED_MUTEX,1,0.25,0.25,1,2.595764,0.647352,0.649352,0.647352,0.647352,0.647352,0.647352,B,0.0,0.0,0.0,0.00309,3.00982,0.0,0.2502,1.0031,1.0,1.0,4.0098,1.0,2500,10000,2500,2500,2500,1058958,264875,,"{""EAGER"": 0, ""LATE_PERSIST"": 0, ""PER_QUERY"": 0}",13.4,52200.25
ecom|s25|r1|PRED_MUTEX|c2,ecom,25,1,PRED_MUTEX,2,0.25,0.25,1,5.194296,1.295216,1.299216,1.295216,1.295216,1.295216,1.295216,B,0.0,0.0,0.0,0.00309,3.01037,0.0,0.2501,1.0031,1.0,1.0,4.0104,1.0,5000,20000,5000,5000,5000,2011724,503182,,"{""EAGER"": 0, ""LATE_PERSIST"": 0, ""PER_QUERY"": 0}",13.4,106446.3
ecom|s25|r1|PRED_MUTEX|c4,ecom,25,1,PRED_MUTEX,4,0.25,0.25,1,9.73136,2.425944,2.433944,2.425944,2.425944,2.425944,2.425944,B,0.0,0.0,0.0,0.0033,3.01137,0.0,0.2501,1.0033,1.0,1.0,4.0114,1.0,10000,40000,10000,10000,10000,3727256,932296,,"{""EAGER"": 0, ""LATE_PERSIST"": 0, ""PER_QUERY"": 0}",13.4,199938.4
ecom|s25|r10|PRED_SHARED|c1,ecom,25,10,PRED_SHARED,1,0.2511,0.2511,10,2.596484,6.495815,0.65231,1.301812,3.245986,0.65231,2.596484,C,3.97614,0.99569,2.98044,0.0,2.98044,8.95817,0.2512,0.1004,2.4934,4.9761,3.9804,9.9582,2511,10000,25110,2511,12511,1058958,1324833,,"{""EAGER"": 0, ""LATE_PERSIST"": 0, ""PER_QUERY"": 0}",13.4,156284.2
ecom|s25|r10|PRED_SHARED|c2,ecom,25,10,PRED_SHARED,2,0.2511,0.2511,10,5.195016,13.00109,1.304847,2.604876,6.495045,1.304847,5.195016,C,3.97763,0.99631,2.98132,0.0,2.98132,8.96369,0.2512,0.1004,2.4934,4.9776,3.9813,9.9637,5022,20000,50220,5022,25022,2011724,2516861,,"{""EAGER"": 0, ""LATE_PERSIST"": 0, ""PER_QUERY"": 0}",13.4,318728.4
ecom|s25|r10|PRED_SHARED|c4,ecom,25,10,PRED_SHARED,4,0.2511,0.2511,10,9.73208,24.35438,2.444193,4.879551,12.167438,2.444193,9.73208,C,3.9781,0.99639,2.98171,0.0,2.98171,8.96418,0.2511,0.1004,2.4936,4.9781,3.9817,9.9642,10044,40000,100440,10044,50044,3727256,4663208,,"{""EAGER"": 0, ""LATE_PERSIST"": 0, ""PER_QUERY"": 0}",13.4,598682.8
ecom|s25|r10|PRED_DISTINCT|c1,ecom,25,10,PRED_DISTINCT,1,0.25375,0.9456,10,2.596484,6.566467,2.454799,3.063779,3.063779,2.454799,2.596484,C,0.24808,0.24808,0.05772,0.0,0.05772,1.67495,0.9454,0.3738,1.0,1.2481,1.0577,2.675,9456,10000,25375,9456,11813,1058958,1250350,,"{""EAGER"": 0, ""LATE_PERSIST"": 0, ""PER_QUERY"": 0}",13.4,53606.8
ecom|s25|r10|PRED_DISTINCT|c2,ecom,25,10,PRED_DISTINCT,2,0.25375,0.9456,10,5.195016,13.138985,4.911522,6.130241,6.130241,4.911522,5.195016,C,0.24813,0.24813,0.05772,0.0,0.05772,1.67514,0.9454,0.3738,1.0,1.2481,1.0577,2.6751,18912,20000,50750,18912,23626,2011724,2375275,,"{""EAGER"": 0, ""LATE_PERSIST"": 0, ""PER_QUERY"": 0}",13.4,109326.0
ecom|s25|r10|PRED_DISTINCT|c4,ecom,25,10,PRED_DISTINCT,4,0.25375,0.9456,10,9.73208,24.60927,9.200871,11.483505,11.483505,9.200871,9.73208,C,0.24809,0.24809,0.05773,0.0,0.05773,1.67467,0.9454,0.3739,1.0,1.2481,1.0577,2.6747,37824,40000,101500,37824,47252,3727256,4400678,,"{""EAGER"": 0, ""LATE_PERSIST"": 0, ""PER_QUERY"": 0}",13.4,205350.4
ecom|s25|r10|PRED_NESTED|c1,ecom,25,10,PRED_NESTED,1,0.25234,0.456,10,2.596484,6.529171,1.184444,1.307449,2.719489,1.184444,2.719489,C,1.29601,0.10385,1.29601,0.0,1.19215,4.51244,0.4562,0.1814,2.08,2.296,2.1922,5.5124,4560,10000,25234,4560,10475,1058958,1109298,,"{""EAGER"": 0, ""LATE_PERSIST"": 0, ""PER_QUERY"": 0}",13.4,132713.4
ecom|s25|r10|PRED_NESTED|c2,ecom,25,10,PRED_NESTED,2,0.25234,0.456,10,5.195016,13.066534,2.369468,2.615597,5.441145,2.369468,5.441145,C,1.29636,0.10388,1.29636,0.0,1.19248,4.51454,0.4561,0.1813,2.0803,2.2964,2.1925,5.5145,9120,20000,50468,9120,20950,2011724,2107357,,"{""EAGER"": 0, ""LATE_PERSIST"": 0, ""PER_QUERY"": 0}",13.4,270654.4
ecom|s25|r10|PRED_NESTED|c4,ecom,25,10,PRED_NESTED,4,0.25234,0.456,10,9.73208,24.475816,4.438556,4.899582,10.193106,4.438556,10.193106,C,1.29649,0.10387,1.29649,0.0,1.19262,4.51436,0.4561,0.1813,2.0804,2.2965,2.1926,5.5144,18240,40000,100936,18240,41900,3727256,3904450,,"{""EAGER"": 0, ""LATE_PERSIST"": 0, ""PER_QUERY"": 0}",13.4,508382.4
ecom|s25|r10|PRED_OVERLAP|c1,ecom,25,10,PRED_OVERLAP,1,0.23901,0.7694,10,2.596484,6.183661,1.997702,2.531562,2.531562,1.997702,2.596484,C,0.26724,0.26724,0.29974,0.0,0.29974,2.09539,0.7694,0.3231,1.0,1.2672,1.2997,3.0954,7694,10000,23901,7694,9758,1058958,1033382,,"{""EAGER"": 0, ""LATE_PERSIST"": 0, ""PER_QUERY"": 0}",13.4,49908.25
ecom|s25|r10|PRED_OVERLAP|c2,ecom,25,10,PRED_OVERLAP,2,0.23901,0.7694,10,5.195016,12.374963,3.997228,5.065548,5.065548,3.997228,5.195016,C,0.26727,0.26727,0.29965,0.0,0.29965,2.09589,0.7694,0.323,1.0,1.2673,1.2997,3.0959,15388,20000,47802,15388,19516,2011724,1963216,,"{""EAGER"": 0, ""LATE_PERSIST"": 0, ""PER_QUERY"": 0}",13.4,101769.3
ecom|s25|r10|PRED_OVERLAP|c4,ecom,25,10,PRED_OVERLAP,4,0.23901,0.7694,10,9.73208,23.180102,7.488477,9.489493,9.489493,7.488477,9.73208,C,0.26721,0.26721,0.29961,0.0,0.29961,2.09544,0.7695,0.3231,1.0,1.2672,1.2996,3.0954,30776,40000,95604,30776,39032,3727256,3637482,,"{""EAGER"": 0, ""LATE_PERSIST"": 0, ""PER_QUERY"": 0}",13.4,191157.4
ecom|s25|r10|PRED_MUTEX|c1,ecom,25,10,PRED_MUTEX,1,0.1,1.0,10,2.596484,2.588484,2.596484,2.588484,2.588484,2.588484,2.588484,B,0.0,0.0,0.0,0.00309,0.00309,0.0,1.0,1.0031,1.0,1.0,1.0031,1.0,10000,10000,10000,10000,10000,1058958,1058958,,"{""EAGER"": 0, ""LATE_PERSIST"": 0, ""PER_QUERY"": 0}",13.4,20903.35
ecom|s25|r10|PRED_MUTEX|c2,ecom,25,10,PRED_MUTEX,2,0.1,1.0,10,5.195016,5.179016,5.195016,5.179016,5.179016,5.179016,5.179016,B,0.0,0.0,0.0,0.00309,0.00309,0.0,1.0,1.0031,1.0,1.0,1.0031,1.0,20000,20000,20000,20000,20000,2011724,2011724,,"{""EAGER"": 0, ""LATE_PERSIST"": 0, ""PER_QUERY"": 0}",13.4,42627.3
ecom|s25|r10|PRED_MUTEX|c4,ecom,25,10,PRED_MUTEX,4,0.1,1.0,10,9.73208,9.70008,9.73208,9.70008,9.70008,9.70008,9.70008,B,0.0,0.0,0.0,0.0033,0.0033,0.0,1.0,1.0033,1.0,1.0,1.0033,1.0,40000,40000,40000,40000,40000,3727256,3727256,,"{""EAGER"": 0, ""LATE_PERSIST"": 0, ""PER_QUERY"": 0}",13.4,80075.2
ecom|s25|r50|PRED_SHARED|c1,ecom,25,50,PRED_SHARED,1,0.2511,0.2511,50,2.599684,32.479075,0.65551,1.305012,3.249185,0.65551,2.599684,C,3.95673,0.99083,2.96589,0.0,2.96589,48.54777,0.2521,0.0202,2.4898,4.9567,3.9659,49.5478,2511,10000,125550,2511,12511,1058958,1324833,,"{""EAGER"": 0, ""LATE_PERSIST"": 0, ""PER_QUERY"": 0}",13.4,52372.7
ecom|s25|r50|PRED_SHARED|c2,ecom,25,50,PRED_SHARED,2,0.2511,0.2511,50,5.198216,65.00545,1.308047,2.608076,6.498245,1.308047,5.198216,C,3.9679,0.99387,2.97403,0.0,2.97403,48.69659,0.2516,0.0201,2.4916,4.9679,3.974,49.6966,5022,20000,251100,5022,25022,2011724,2516861,,"{""EAGER"": 0, ""LATE_PERSIST"": 0, ""PER_QUERY"": 0}",13.4,106843.4
ecom|s25|r50|PRED_SHARED|c4,ecom,25,50,PRED_SHARED,4,0.2511,0.2511,50,9.73528,121.7719,2.447393,4.882751,12.170638,2.447393,9.73528,C,3.9729,0.99508,2.97782,0.0,2.97782,48.75576,0.2514,0.0201,2.4926,4.9729,3.9778,49.7558,10044,40000,502200,10044,50044,3727256,4663208,,"{""EAGER"": 0, ""LATE_PERSIST"": 0, ""PER_QUERY"": 0}",13.4,200718.8
ecom|s25|r50|PRED_DISTINCT|c1,ecom,25,50,PRED_DISTINCT,1,0.25067,1.0,50,2.599684,32.437432,2.599684,3.255311,3.255311,2.599684,2.599684,A,0.25219,0.25219,0.0,0.0,0.0,11.47745,1.0,0.0801,1.0,1.2522,1.0,12.4775,10000,10000,125336,10000,12537,1058958,1327185,,"{""EAGER"": 0, ""LATE_PERSIST"": 0, ""PER_QUERY"": 0}",13.4,38352.4
ecom|s25|r50|PRED_DISTINCT|c2,ecom,25,50,PRED_DISTINCT,2,0.25067,1.0,50,5.198216,64.905504,5.198216,6.510203,6.510203,5.198216,5.198216,A,0.25239,0.25239,0.0,0.0,0.0,11.48611,1.0,0.0801,1.0,1.2524,1.0,12.4861,20000,20000,250672,20000,25074,2011724,2521239,,"{""EAGER"": 0, ""LATE_PERSIST"": 0, ""PER_QUERY"": 0}",13.4,78214.8
ecom|s25|r50|PRED_DISTINCT|c4,ecom,25,50,PRED_DISTINCT,4,0.25067,1.0,50,9.73528,121.569472,9.73528,12.192546,12.192546,9.73528,9.73528,A,0.25241,0.25241,0.0,0.0,0.0,11.48752,1.0,0.0801,1.0,1.2524,1.0,12.4875,40000,40000,501344,40000,50148,3727256,4671144,,"{""EAGER"": 0, ""LATE_PERSIST"": 0, ""PER_QUERY"": 0}",13.4,146917.6
ecom|s25|r50|PRED_NESTED|c1,ecom,25,50,PRED_NESTED,1,0.25201,0.4848,50,2.599684,32.60407,1.262656,1.28918,2.626208,1.262656,2.626208,C,1.07991,0.02101,1.07991,0.0,1.0589,24.82181,0.4857,0.0387,2.0371,2.0799,2.0589,25.8218,4848,10000,126007,4848,10103,1058958,1069814,,"{""EAGER"": 0, ""LATE_PERSIST"": 0, ""PER_QUERY"": 0}",13.4,2596.0
ecom|s25|r50|PRED_NESTED|c2,ecom,25,50,PRED_NESTED,2,0.25201,0.4848,50,5.198216,65.248837,2.522777,2.575894,5.251333,2.522777,5.251333,C,1.08157,0.02105,1.08157,0.0,1.06051,24.8639,0.4853,0.0387,2.0386,2.0816,2.0605,25.8639,9696,20000,252014,9696,20206,2011724,2032349,,"{""EAGER"": 0, ""LATE_PERSIST"": 0, ""PER_QUERY"": 0}",13.4,5284.2
ecom|s25|r50|PRED_NESTED|c4,ecom,25,50,PRED_NESTED,4,0.25201,0.4848,50,9.73528,122.22191,4.72305,4.822556,9.834786,4.72305,9.834786,C,1.0823,0.02107,1.0823,0.0,1.06123,24.87775,0.4851,0.0386,2.0393,2.0823,2.0612,25.8778,19392,40000,504028,19392,40412,3727256,3765462,,"{""EAGER"": 0, ""LATE_PERSIST"": 0, ""PER_QUERY"": 0}",13.4,9916.6
ecom|s25|r50|PRED_OVERLAP|c1,ecom,25,50,PRED_OVERLAP,1,0.23852,0.9989,50,2.599684,30.856634,2.59683,3.215692,3.215692,2.59683,2.599684,C,0.23831,0.23831,0.0011,0.0,0.0011,10.88242,0.9989,0.0842,1.0,1.2383,1.0011,11.8824,9989,10000,119259,9989,12378,1058958,1311072,,"{""EAGER"": 0, ""LATE_PERSIST"": 0, ""PER_QUERY"": 0}",13.4,20157.5
ecom|s25|r50|PRED_OVERLAP|c2,ecom,25,50,PRED_OVERLAP,2,0.23852,0.9989,50,5.198216,61.751081,5.192517,6.430792,6.430792,5.192517,5.198216,C,0.23847,0.23847,0.0011,0.0,0.0011,10.89232,0.9989,0.0841,1.0,1.2385,1.0011,11.8923,19978,20000,238518,19978,24756,2011724,2490680,,"{""EAGER"": 0, ""LATE_PERSIST"": 0, ""PER_QUERY"": 0}",13.4,41097.2
ecom|s25|r50|PRED_OVERLAP|c4,ecom,25,50,PRED_OVERLAP,4,0.23852,0.9989,50,9.73528,115.668882,9.724619,12.044045,12.044045,9.724619,9.73528,C,0.23851,0.23851,0.0011,0.0,0.0011,10.89444,0.9989,0.0841,1.0,1.2385,1.0011,11.8944,39956,40000,477036,39956,49512,3727256,4614714,,"{""EAGER"": 0, ""LATE_PERSIST"": 0, ""PER_QUERY"": 0}",13.4,77180.6
ecom|s25|r50|PRED_MUTEX|c1,ecom,25,50,PRED_MUTEX,1,0.02,1.0,50,2.599684,2.591684,2.599684,2.591684,2.591684,2.591684,2.591684,B,0.0,0.0,0.0,0.00309,0.00309,0.0,1.0,1.0031,1.0,1.0,1.0031,1.0,10000,10000,10000,10000,10000,1058958,1058958,,"{""EAGER"": 0, ""LATE_PERSIST"": 0, ""PER_QUERY"": 0}",13.4,4198.5
ecom|s25|r50|PRED_MUTEX|c2,ecom,25,50,PRED_MUTEX,2,0.02,1.0,50,5.198216,5.182216,5.198216,5.182216,5.182216,5.182216,5.182216,B,0.0,0.0,0.0,0.00309,0.00309,0.0,1.0,1.0031,1.0,1.0,1.0031,1.0,20000,20000,20000,20000,20000,2011724,2011724,,"{""EAGER"": 0, ""LATE_PERSIST"": 0, ""PER_QUERY"": 0}",13.4,8545.9
ecom|s25|r50|PRED_MUTEX|c4,ecom,25,50,PRED_MUTEX,4,0.02,1.0,50,9.73528,9.70328,9.73528,9.70328,9.70328,9.70328,9.70328,B,0.0,0.0,0.0,0.0033,0.0033,0.0,1.0,1.0033,1.0,1.0,1.0033,1.0,40000,40000,40000,40000,40000,3727256,3727256,,"{""EAGER"": 0, ""LATE_PERSIST"": 0, ""PER_QUERY"": 0}",13.4,16048.8
ecom|s25|r100|PRED_SHARED|c1,ecom,25,100,PRED_SHARED,1,0.2511,0.2511,100,2.603684,64.95815,0.65951,1.309012,3.253185,0.65951,2.603684,C,3.93273,0.98482,2.9479,0.0,2.9479,97.49452,0.2533,0.0102,2.4852,4.9327,3.9479,98.4945,2511,10000,251100,2511,12511,1058958,1324833,,"{""EAGER"": 0, ""LATE_PERSIST"": 0, ""PER_QUERY"": 0}",13.4,13.4
ecom|s25|r100|PRED_SHARED|c2,ecom,25,100,PRED_SHARED,2,0.2511,0.2511,100,5.202216,130.0109,1.312047,2.612076,6.502245,1.312047,5.202216,C,3.9558,0.99084,2.96496,0.0,2.96496,98.09015,0.2522,0.0101,2.4893,4.9558,3.965,99.0902,5022,20000,502200,5022,25022,2011724,2516861,,"{""EAGER"": 0, ""LATE_PERSIST"": 0, ""PER_QUERY"": 0}",13.4,13.4
ecom|s25|r100|PRED_SHARED|c4,ecom,25,100,PRED_SHARED,4,0.2511,0.2511,100,9.73928,243.5438,2.451393,4.886751,12.174638,2.451393,9.73928,C,3.96642,0.99346,2.97296,0.0,2.97296,98.34914,0.2517,0.0101,2.4914,4.9664,3.973,99.3491,10044,40000,1004400,10044,50044,3727256,4663208,,"{""EAGER"": 0, ""LATE_PERSIST"": 0, ""PER_QUERY"": 0}",13.4,13.4
ecom|s25|r100|PRED_DISTINCT|c1,ecom,25,100,PRED_DISTINCT,1,0.2503,1.0,100,2.603684,64.774464,2.603684,3.259311,3.259311,2.603684,2.603684,A,0.25181,0.25181,0.0,0.0,0.0,23.87801,1.0,0.0402,1.0,1.2518,1.0,24.878,10000,10000,250300,10000,12537,1058958,1327185,,"{""EAGER"": 0, ""LATE_PERSIST"": 0, ""PER_QUERY"": 0}",13.4,16936.1
ecom|s25|r100|PRED_DISTINCT|c2,ecom,25,100,PRED_DISTINCT,2,0.2503,1.0,100,5.202216,129.61238,5.202216,6.514203,6.514203,5.202216,5.202216,A,0.2522,0.2522,0.0,0.0,0.0,23.91484,1.0,0.0401,1.0,1.2522,1.0,24.9148,20000,20000,500600,20000,25074,2011724,2521239,,"{""EAGER"": 0, ""LATE_PERSIST"": 0, ""PER_QUERY"": 0}",13.4,34557.8
ecom|s25|r100|PRED_DISTINCT|c4,ecom,25,100,PRED_DISTINCT,4,0.2503,1.0,100,9.73928,242.768412,9.73928,12.196546,12.196546,9.73928,9.73928,A,0.2523,0.2523,0.0,0.0,0.0,23.92673,1.0,0.0401,1.0,1.2523,1.0,24.9267,40000,40000,1001200,40000,50148,3727256,4671144,,"{""EAGER"": 0, ""LATE_PERSIST"": 0, ""PER_QUERY"": 0}",13.4,64923.2
ecom|s25|r100|PRED_NESTED|c1,ecom,25,100,PRED_NESTED,1,0.25198,0.4895,100,2.603684,65.198832,1.27893,1.291888,2.616643,1.27893,2.616643,C,1.04596,0.01013,1.04596,0.0,1.03583,49.97922,0.4912,0.0196,2.0254,2.046,2.0358,50.9792,4895,10000,251976,4895,10050,1058958,1064253,,"{""EAGER"": 0, ""LATE_PERSIST"": 0, ""PER_QUERY"": 0}",13.4,1228.0
ecom|s25|r100|PRED_NESTED|c2,ecom,25,100,PRED_NESTED,2,0.25198,0.4895,100,5.202216,130.478896,2.551301,2.577203,5.228118,2.551301,5.228118,C,1.0492,0.01015,1.0492,0.0,1.03904,50.1421,0.4904,0.0196,2.0286,2.0492,2.039,51.1421,9790,20000,503952,9790,20100,2011724,2021778,,"{""EAGER"": 0, ""LATE_PERSIST"": 0, ""PER_QUERY"": 0}",13.4,2488.2
ecom|s25|r100|PRED_NESTED|c4,ecom,25,100,PRED_NESTED,4,0.25198,0.4895,100,9.73928,244.408608,4.772974,4.821462,9.787768,4.772974,9.787768,C,1.05066,0.01016,1.05066,0.0,1.04051,50.20678,0.4901,0.0195,2.03,2.0507,2.0405,51.2068,19580,40000,1007904,19580,40200,3727256,3745878,,"{""EAGER"": 0, ""LATE_PERSIST"": 0, ""PER_QUERY"": 0}",13.4,4660.6
ecom|s25|r100|PRED_OVERLAP|c1,ecom,25,100,PRED_OVERLAP,1,0.23834,1.0,100,2.603684,61.67402,2.603684,3.222546,3.222546,2.603684,2.603684,A,0.23769,0.23769,0.0,0.0,0.0,22.68721,1.0,0.0422,1.0,1.2377,1.0,23.6872,10000,10000,238345,10000,12389,1058958,1312232,,"{""EAGER"": 0, ""LATE_PERSIST"": 0, ""PER_QUERY"": 0}",13.4,12924.7
ecom|s25|r100|PRED_OVERLAP|c2,ecom,25,100,PRED_OVERLAP,2,0.23834,1.0,100,5.202216,123.423259,5.202216,6.440491,6.440491,5.202216,5.202216,A,0.23803,0.23803,0.0,0.0,0.0,22.72513,1.0,0.0421,1.0,1.238,1.0,23.7251,20000,20000,476690,20000,24778,2011724,2492881,,"{""EAGER"": 0, ""LATE_PERSIST"": 0, ""PER_QUERY"": 0}",13.4,26356.2
ecom|s25|r100|PRED_OVERLAP|c4,ecom,25,100,PRED_OVERLAP,4,0.23834,1.0,100,9.73928,231.190966,9.73928,12.058706,12.058706,9.73928,9.73928,A,0.23815,0.23815,0.0,0.0,0.0,22.73799,1.0,0.0421,1.0,1.2382,1.0,23.738,40000,40000,953380,40000,49556,3727256,4618788,,"{""EAGER"": 0, ""LATE_PERSIST"": 0, ""PER_QUERY"": 0}",13.4,49505.2
ecom|s25|r100|PRED_MUTEX|c1,ecom,25,100,PRED_MUTEX,1,0.01,1.0,100,2.603684,2.595684,2.603684,2.595684,2.595684,2.595684,2.595684,B,0.0,0.0,0.0,0.00308,0.00308,0.0,1.0,1.0031,1.0,1.0,1.0031,1.0,10000,10000,10000,10000,10000,1058958,1058958,,"{""EAGER"": 0, ""LATE_PERSIST"": 0, ""PER_QUERY"": 0}",13.4,2111.2
ecom|s25|r100|PRED_MUTEX|c2,ecom,25,100,PRED_MUTEX,2,0.01,1.0,100,5.202216,5.186216,5.202216,5.186216,5.186216,5.186216,5.186216,B,0.0,0.0,0.0,0.00309,0.00309,0.0,1.0,1.0031,1.0,1.0,1.0031,1.0,20000,20000,20000,20000,20000,2011724,2011724,,"{""EAGER"": 0, ""LATE_PERSIST"": 0, ""PER_QUERY"": 0}",13.4,4288.2
ecom|s25|r100|PRED_MUTEX|c4,ecom,25,100,PRED_MUTEX,4,0.01,1.0,100,9.73928,9.70728,9.73928,9.70728,9.70728,9.70728,9.70728,B,0.0,0.0,0.0,0.0033,0.0033,0.0,1.0,1.0033,1.0,1.0,1.0033,1.0,40000,40000,40000,40000,40000,3727256,3727256,,"{""EAGER"": 0, ""LATE_PERSIST"": 0, ""PER_QUERY"": 0}",13.4,8043.4
ecom|s50|r1|PRED_SHARED|c1,ecom,50,1,PRED_SHARED,1,0.4952,0.4952,1,2.595764,1.28179,1.285752,1.28179,1.28179,1.28179,1.28179,B,0.0,0.0,0.0,0.00309,1.02511,0.0,0.4953,1.0031,1.0,1.0,2.0251,1.0,4952,10000,4952,4952,4952,1058958,524557,,"{""EAGER"": 0, ""LATE_PERSIST"": 0, ""PER_QUERY"": 0}",13.4,103347.45
ecom|s50|r1|PRED_SHARED|c2,ecom,50,1,PRED_SHARED,2,0.4952,0.4952,1,5.194296,2.56496,2.572883,2.56496,2.56496,2.56496,2.56496,B,0.0,0.0,0.0,0.00309,1.0251,0.0,0.4953,1.0031,1.0,1.0,2.0251,1.0,9904,20000,9904,9904,9904,2011724,996536,0,"{""EAGER"": 0, ""LATE_PERSIST"": 0, ""PER_QUERY"": 1}",13.4,210789.1
ecom|s50|r1|PRED_SHARED|c4,ecom,50,1,PRED_SHARED,4,0.4952,0.4952,1,9.73136,4.804468,4.820314,4.804468,4.804468,4.804468,4.804468,B,0.0,0.0,0.0,0.0033,1.02548,0.0,0.4953,1.0033,1.0,1.0,2.0255,1.0,19808,40000,19808,19808,19808,3727256,1846406,,"{""EAGER"": 0, ""LATE_PERSIST"": 0, ""PER_QUERY"": 0}",13.4,395960.4
ecom|s50|r1|PRED_DISTINCT|c1,ecom,50,1,PRED_DISTINCT,1,0.514,0.514,1,2.595764,1.330258,1.33437,1.330258,1.330258,1.330258,1.330258,B,0.0,0.0,0.0,0.00309,0.95132,0.0,0.5141,1.0031,1.0,1.0,1.9513,1.0,5140,10000,5140,5140,5140,1058958,544320,,"{""EAGER"": 0, ""LATE_PERSIST"": 0, ""PER_QUERY"": 0}",13.4,107260.3
ecom|s50|r1|PRED_DISTINCT|c2,ecom,50,1,PRED_DISTINCT,2,0.514,0.514,1,5.194296,2.661784,2.670008,2.661784,2.661784,2.661784,2.661784,B,0.0,0.0,0.0,0.00309,0.95143,0.0,0.514,1.0031,1.0,1.0,1.9514,1.0,10280,20000,10280,10280,10280,2011724,1034038,0,"{""EAGER"": 0, ""LATE_PERSIST"": 0, ""PER_QUERY"": 1}",13.4,218754.0
ecom|s50|r1|PRED_DISTINCT|c4,ecom,50,1,PRED_DISTINCT,4,0.514,0.514,1,9.73136,4.985596,5.002044,4.985596,4.985596,4.985596,4.985596,B,0.0,0.0,0.0,0.0033,0.9519,0.0,0.514,1.0033,1.0,1.0,1.9519,1.0,20560,40000,20560,20560,20560,3727256,1915814,,"{""EAGER"": 0, ""LATE_PERSIST"": 0, ""PER_QUERY"": 0}",13.4,410901.4
ecom|s50|r1|PRED_NESTED|c1,ecom,50,1,PRED_NESTED,1,0.4952,0.4952,1,2.595764,1.28179,1.285752,1.28179,1.28179,1.28179,1.28179,B,0.0,0.0,0.0,0.00309,1.02511,0.0,0.4953,1.0031,1.0,1.0,2.0251,1.0,4952,10000,4952,4952,4952,1058958,524557,,"{""EAGER"": 0, ""LATE_PERSIST"": 0, ""PER_QUERY"": 0}",13.4,103347.45
ecom|s50|r1|PRED_NESTED|c2,ecom,50,1,PRED_NESTED,2,0.4952,0.4952,1,5.194296,2.56496,2.572883,2.56496,2.56496,2.56496,2.56496,B,0.0,0.0,0.0,0.00309,1.0251,0.0,0.4953,1.0031,1.0,1.0,2.0251,1.0,9904,20000,9904,9904,9904,2011724,996536,0,"{""EAGER"": 0, ""LATE_PERSIST"": 0, ""PER_QUERY"": 1}",13.4,210789.1
ecom|s50|r1|PRED_NESTED|c4,ecom,50,1,PRED_NESTED,4,0.4952,0.4952,1,9.73136,4.804468,4.820314,4.804468,4.804468,4.804468,4.804468,B,0.0,0.0,0.0,0.0033,1.02548,0.0,0.4953,1.0033,1.0,1.0,2.0255,1.0,19808,40000,19808,19808,19808,3727256,1846406,,"{""EAGER"": 0, ""LATE_PERSIST"": 0, ""PER_QUERY"": 0}",13.4,395960.4
ecom|s50|r1|PRED_OVERLAP|c1,ecom,50,1,PRED_OVERLAP,1,0.4408,0.4408,1,2.595764,1.1401,1.143626,1.1401,1.1401,1.1401,1.1401,B,0.0,0.0,0.0,0.00309,1.27679,0.0,0.4406,1.0031,1.0,1.0,2.2768,1.0,4408,10000,4408,4408,4408,1058958,466548,,"{""EAGER"": 0, ""LATE_PERSIST"": 0, ""PER_QUERY"": 0}",13.4,91924.6
ecom|s50|r1|PRED_OVERLAP|c2,ecom,50,1,PRED_OVERLAP,2,0.4408,0.4408,1,5.194296,2.2816,2.288653,2.2816,2.2816,2.2816,2.2816,B,0.0,0.0,0.0,0.00309,1.2766,0.0,0.4406,1.0031,1.0,1.0,2.2766,1.0,8816,20000,8816,8816,8816,2011724,886324,0,"{""EAGER"": 0, ""LATE_PERSIST"": 0, ""PER_QUERY"": 1}",13.4,187510.2
ecom|s50|r1|PRED_OVERLAP|c4,ecom,50,1,PRED_OVERLAP,4,0.4408,0.4408,1,9.73136,4.273672,4.287778,4.273672,4.273672,4.273672,4.273672,B,0.0,0.0,0.0,0.0033,1.27705,0.0,0.4406,1.0033,1.0,1.0,2.277,1.0,17632,40000,17632,17632,17632,3727256,1642124,,"{""EAGER"": 0, ""LATE_PERSIST"": 0, ""PER_QUERY"": 0}",13.4,352233.4
ecom|s50|r1|PRED_MUTEX|c1,ecom,50,1,PRED_MUTEX,1,0.5,0.5,1,2.595764,1.293684,1.297684,1.293684,1.293684,1.293684,1.293684,B,0.0,0.0,0.0,0.00309,1.00649,0.0,0.4999,1.0031,1.0,1.0,2.0065,1.0,5000,10000,5000,5000,5000,1058958,529480,,"{""EAGER"": 0, ""LATE_PERSIST"": 0, ""PER_QUERY"": 0}",13.4,104301.6
ecom|s50|r1|PRED_MUTEX|c2,ecom,50,1,PRED_MUTEX,2,0.5,0.5,1,5.194296,2.589072,2.597072,2.589072,2.589072,2.589072,2.589072,B,0.0,0.0,0.0,0.00309,1.00624,0.0,0.5,1.0031,1.0,1.0,2.0062,1.0,10000,20000,10000,10000,10000,2011724,1005924,0,"{""EAGER"": 0, ""LATE_PERSIST"": 0, ""PER_QUERY"": 1}",13.4,212768.2
ecom|s50|r1|PRED_MUTEX|c4,ecom,50,1,PRED_MUTEX,4,0.5,0.5,1,9.73136,4.849848,4.865848,4.849848,4.849848,4.849848,4.849848,B,0.0,0.0,0.0,0.0033,1.00653,0.0,0.5,1.0033,1.0,1.0,2.0065,1.0,20000,40000,20000,20000,20000,3727256,1863812,,"{""EAGER"": 0, ""LATE_PERSIST"": 0, ""PER_QUERY"": 0}",13.4,399701.4
ecom|s50|r10|PRED_SHARED|c1,ecom,50,10,PRED_SHARED,1,0.4952,0.4952,10,2.596484,12.8179,1.286472,2.568182,3.878194,1.286472,2.596484,C,2.0146,0.9963,1.0183,0.0,1.0183,8.96361,0.4955,0.1004,1.5101,3.0146,2.0183,9.9636,4952,10000,49520,4952,14952,1058958,1583515,,"{""EAGER"": 0, ""LATE_PERSIST"": 0, ""PER_QUERY"": 0}",13.4,105309.45
ecom|s50|r10|PRED_SHARED|c2,ecom,50,10,PRED_SHARED,2,0.4952,0.4952,10,5.195016,25.6496,2.573603,5.138483,7.759896,2.573603,5.195016,C,2.01519,0.99661,1.01858,0.0,1.01858,8.96642,0.4954,0.1003,1.5102,3.0152,2.0186,9.9664,9904,20000,99040,9904,29904,2011724,3008260,3,"{""EAGER"": 1, ""LATE_PERSIST"": 8, ""PER_QUERY"": 1}",13.4,214782.7
ecom|s50|r10|PRED_SHARED|c4,ecom,50,10,PRED_SHARED,4,0.4952,0.4952,10,9.73208,48.04468,4.821034,9.625422,14.536468,4.821034,9.73208,C,2.01522,0.99655,1.01867,0.0,1.01867,8.96564,0.4954,0.1003,1.5102,3.0152,2.0187,9.9656,19808,40000,198080,19808,59808,3727256,5573662,,"{""EAGER"": 0, ""LATE_PERSIST"": 0, ""PER_QUERY"": 0}",13.4,403441.2
ecom|s50|r10|PRED_DISTINCT|c1,ecom,50,10,PRED_DISTINCT,1,0.50326,0.9993,10,2.596484,13.025933,2.594665,3.921963,3.921963,2.594665,2.594665,C,0.51155,0.51155,0.0,0.0,0.0007,4.02028,0.9993,0.1992,1.0,1.5115,1.0007,5.0203,9993,10000,50326,9993,15122,1058958,1601364,,"{""EAGER"": 0, ""LATE_PERSIST"": 0, ""PER_QUERY"": 0}",13.4,107260.3
ecom|s50|r10|PRED_DISTINCT|c2,ecom,50,10,PRED_DISTINCT,2,0.50326,0.9993,10,5.195016,26.06445,5.19138,7.847333,7.847333,5.19138,5.19138,C,0.51161,0.51161,0.0,0.0,0.0007,4.02072,0.9993,0.1992,1.0,1.5116,1.0007,5.0207,19986,20000,100652,19986,30244,2011724,3042128,1,"{""EAGER"": 0, ""LATE_PERSIST"": 9, ""PER_QUERY"": 1}",13.4,218754.0
ecom|s50|r10|PRED_DISTINCT|c4,ecom,50,10,PRED_DISTINCT,4,0.50326,0.9993,10,9.73208,48.819968,9.725272,14.700022,14.700022,9.725272,9.725272,C,0.51153,0.51153,0.0,0.0,0.0007,4.01991,0.9993,0.1992,1.0,1.5115,1.0007,5.0199,39972,40000,201304,39972,60488,3727256,5636338,,"{""EAGER"": 0, ""LATE_PERSIST"": 0, ""PER_QUERY"": 0}",13.4,410901.4
ecom|s50|r10|PRED_NESTED|c1,ecom,50,10,PRED_NESTED,1,0.49939,0.9073,10,2.596484,12.922465,2.355751,2.595278,2.595278,2.355751,2.836011,C,0.10168,0.10168,0.20387,0.0,0.10219,4.4855,0.9073,0.1823,1.0,1.1017,1.1022,5.4855,9073,10000,49939,9073,9999,1058958,1058750,,"{""EAGER"": 0, ""LATE_PERSIST"": 0, ""PER_QUERY"": 0}",13.4,38940.7
ecom|s50|r10|PRED_NESTED|c2,ecom,50,10,PRED_NESTED,2,0.49939,0.9073,10,5.195016,25.859585,4.713136,5.192606,5.192606,4.713136,5.674486,C,0.10173,0.10173,0.20397,0.0,0.10224,4.4867,0.9072,0.1823,1.0,1.1017,1.1022,5.4867,18146,20000,99878,18146,19998,2011724,2011319,1,"{""EAGER"": 0, ""LATE_PERSIST"": 9, ""PER_QUERY"": 1}",13.4,79439.4
ecom|s50|r10|PRED_NESTED|c4,ecom,50,10,PRED_NESTED,4,0.49939,0.9073,10,9.73208,48.43785,8.829088,9.727328,9.727328,8.829088,10.63032,C,0.10174,0.10174,0.20401,0.0,0.10227,4.48617,0.9072,0.1823,1.0,1.1017,1.1023,5.4862,36292,40000,199756,36292,39996,3727256,3726476,,"{""EAGER"": 0, ""LATE_PERSIST"": 0, ""PER_QUERY"": 0}",13.4,149234.8
ecom|s50|r10|PRED_OVERLAP|c1,ecom,50,10,PRED_OVERLAP,1,0.43723,0.9579,10,2.596484,11.313166,2.487547,3.594703,3.594703,2.487547,2.596484,C,0.44508,0.44508,0.04379,0.0,0.04379,3.54792,0.958,0.2199,1.0,1.4451,1.0438,4.5479,9579,10000,43723,9579,13861,1058958,1467681,,"{""EAGER"": 0, ""LATE_PERSIST"": 0, ""PER_QUERY"": 0}",13.4,91924.6
ecom|s50|r10|PRED_OVERLAP|c2,ecom,50,10,PRED_OVERLAP,2,0.43723,0.9579,10,5.195016,22.640349,4.976987,7.192804,7.192804,4.976987,5.195016,C,0.44521,0.44521,0.04381,0.0,0.04381,3.54901,0.958,0.2198,1.0,1.4452,1.0438,4.549,19158,20000,87446,19158,27722,2011724,2788211,1,"{""EAGER"": 0, ""LATE_PERSIST"": 9, ""PER_QUERY"": 1}",13.4,187510.2
ecom|s50|r10|PRED_OVERLAP|c4,ecom,50,10,PRED_OVERLAP,4,0.43723,0.9579,10,9.73208,42.408998,9.323655,13.47418,13.47418,9.323655,9.73208,C,0.44516,0.44516,0.04381,0.0,0.04381,3.54854,0.958,0.2199,1.0,1.4452,1.0438,4.5485,38316,40000,174892,38316,55444,3727256,5165912,,"{""EAGER"": 0, ""LATE_PERSIST"": 0, ""PER_QUERY"": 0}",13.4,352233.4
ecom|s50|r10|PRED_MUTEX|c1,ecom,50,10,PRED_MUTEX,1,0.1,1.0,10,2.596484,2.588484,2.596484,2.588484,2.588484,2.588484,2.588484,B,0.0,0.0,0.0,0.00309,0.00309,0.0,1.0,1.0031,1.0,1.0,1.0031,1.0,10000,10000,10000,10000,10000,1058958,1058958,,"{""EAGER"": 0, ""LATE_PERSIST"": 0, ""PER_QUERY"": 0}",13.4,20912.65
ecom|s50|r10|PRED_MUTEX|c2,ecom,50,10,PRED_MUTEX,2,0.1,1.0,10,5.195016,5.179016,5.195016,5.179016,5.179016,5.179016,5.179016,B,0.0,0.0,0.0,0.00309,0.00309,0.0,1.0,1.0031,1.0,1.0,1.0031,1.0,20000,20000,20000,20000,20000,2011724,2011724,0,"{""EAGER"": 0, ""LATE_PERSIST"": 0, ""PER_QUERY"": 10}",13.4,42631.5
ecom|s50|r10|PRED_MUTEX|c4,ecom,50,10,PRED_MUTEX,4,0.1,1.0,10,9.73208,9.70008,9.73208,9.70008,9.70008,9.70008,9.70008,B,0.0,0.0,0.0,0.0033,0.0033,0.0,1.0,1.0033,1.0,1.0,1.0033,1.0,40000,40000,40000,40000,40000,3727256,3727256,,"{""EAGER"": 0, ""LATE_PERSIST"": 0, ""PER_QUERY"": 0}",13.4,80069.2
ecom|s50|r50|PRED_SHARED|c1,ecom,50,50,PRED_SHARED,1,0.4952,0.4952,50,2.599684,64.0895,1.289672,2.571382,3.881394,1.289672,2.599684,C,2.0096,0.99383,1.01577,0.0,1.01577,48.69443,0.4961,0.0201,1.5095,3.0096,2.0158,49.6944,4952,10000,247600,4952,14952,1058958,1583515,,"{""EAGER"": 0, ""LATE_PERSIST"": 0, ""PER_QUERY"": 0}",13.4,103347.45
ecom|s50|r50|PRED_SHARED|c2,ecom,50,50,PRED_SHARED,2,0.4952,0.4952,50,5.198216,128.248,2.576803,5.141683,7.763096,2.576803,5.198216,C,2.01268,0.99537,1.01731,0.0,1.01731,48.7702,0.4957,0.0201,1.5098,3.0127,2.0173,49.7702,9904,20000,495200,9904,29904,2011724,3008260,3,"{""EAGER"": 1, ""LATE_PERSIST"": 48, ""PER_QUERY"": 1}",13.4,210789.1
ecom|s50|r50|PRED_SHARED|c4,ecom,50,50,PRED_SHARED,4,0.4952,0.4952,50,9.73528,240.2234,4.824234,9.628622,14.539668,4.824234,9.73528,C,2.01388,0.99589,1.01799,0.0,1.01799,48.79513,0.4955,0.0201,1.51,3.0139,2.018,49.7951,19808,40000,990400,19808,59808,3727256,5573662,,"{""EAGER"": 0, ""LATE_PERSIST"": 0, ""PER_QUERY"": 0}",13.4,395960.4
ecom|s50|r50|PRED_DISTINCT|c1,ecom,50,50,PRED_DISTINCT,1,0.50027,1.0,50,2.599684,64.729372,2.599684,3.929862,3.929862,2.599684,2.599684,A,0.51167,0.51167,0.0,0.0,0.0,23.89894,1.0,0.0402,1.0,1.5117,1.0,24.8989,10000,10000,250137,10000,15140,1058958,1603278,,"{""EAGER"": 0, ""LATE_PERSIST"": 0, ""PER_QUERY"": 0}",13.4,52113.9
ecom|s50|r50|PRED_DISTINCT|c2,ecom,50,50,PRED_DISTINCT,2,0.50027,1.0,50,5.198216,129.524711,5.198216,7.85992,7.85992,5.198216,5.198216,A,0.51204,0.51204,0.0,0.0,0.0,23.91715,1.0,0.0401,1.0,1.512,1.0,24.9171,20000,20000,500274,20000,30280,2011724,3045762,1,"{""EAGER"": 0, ""LATE_PERSIST"": 49, ""PER_QUERY"": 1}",13.4,106228.6
ecom|s50|r50|PRED_DISTINCT|c4,ecom,50,50,PRED_DISTINCT,4,0.50027,1.0,50,9.73528,242.606346,9.73528,14.720796,14.720796,9.73528,9.73528,A,0.51211,0.51211,0.0,0.0,0.0,23.92033,1.0,0.0401,1.0,1.5121,1.0,24.9203,40000,40000,1000548,40000,60560,3727256,5643070,,"{""EAGER"": 0, ""LATE_PERSIST"": 0, ""PER_QUERY"": 0}",13.4,199488.0
ecom|s50|r50|PRED_NESTED|c1,ecom,50,50,PRED_NESTED,1,0.49976,0.9806,50,2.599684,64.662502,2.54926,2.604128,2.654552,2.54926,2.654552,C,0.0413,0.02152,0.0413,0.0,0.01978,24.36521,0.9806,0.0394,1.0194,1.0413,1.0198,25.3652,9806,10000,249879,9806,10212,1058958,1081403,,"{""EAGER"": 0, ""LATE_PERSIST"": 0, ""PER_QUERY"": 0}",13.4,5125.05
ecom|s50|r50|PRED_NESTED|c2,ecom,50,50,PRED_NESTED,2,0.49976,0.9806,50,5.198216,129.397929,5.097276,5.207044,5.307984,5.097276,5.307984,C,0.04134,0.02153,0.04134,0.0,0.0198,24.3857,0.9806,0.0394,1.0194,1.0413,1.0198,25.3857,19612,20000,499758,19612,20424,2011724,2054358,3,"{""EAGER"": 1, ""LATE_PERSIST"": 48, ""PER_QUERY"": 1}",13.4,10436.5
ecom|s50|r50|PRED_NESTED|c4,ecom,50,50,PRED_NESTED,4,0.49976,0.9806,50,9.73528,242.37677,9.546111,9.751687,9.940856,9.546111,9.940856,C,0.04135,0.02154,0.04135,0.0,0.01982,24.39011,0.9806,0.0394,1.0194,1.0414,1.0198,25.3901,39224,40000,999516,39224,40848,3727256,3806240,,"{""EAGER"": 0, ""LATE_PERSIST"": 0, ""PER_QUERY"": 0}",13.4,19589.4
ecom|s50|r50|PRED_OVERLAP|c1,ecom,50,50,PRED_OVERLAP,1,0.43844,1.0,50,2.599684,56.715775,2.599684,3.739704,3.739704,2.599684,2.599684,A,0.43852,0.43852,0.0,0.0,0.0,20.81641,1.0,0.0458,1.0,1.4385,1.0,21.8164,10000,10000,219219,10000,14408,1058958,1525506,,"{""EAGER"": 0, ""LATE_PERSIST"": 0, ""PER_QUERY"": 0}",13.4,28835.2
ecom|s50|r50|PRED_OVERLAP|c2,ecom,50,50,PRED_OVERLAP,2,0.43844,1.0,50,5.198216,113.503121,5.198216,7.479736,7.479736,5.198216,5.198216,A,0.4389,0.4389,0.0,0.0,0.0,20.83501,1.0,0.0458,1.0,1.4389,1.0,21.835,20000,20000,438438,20000,28816,2011724,2898048,1,"{""EAGER"": 0, ""LATE_PERSIST"": 49, ""PER_QUERY"": 1}",13.4,58837.8
ecom|s50|r50|PRED_OVERLAP|c4,ecom,50,50,PRED_OVERLAP,4,0.43844,1.0,50,9.73528,212.609358,9.73528,14.008872,14.008872,9.73528,9.73528,A,0.43898,0.43898,0.0,0.0,0.0,20.83906,1.0,0.0458,1.0,1.439,1.0,21.8391,40000,40000,876876,40000,57632,3727256,5369380,,"{""EAGER"": 0, ""LATE_PERSIST"": 0, ""PER_QUERY"": 0}",13.4,110539.0
ecom|s50|r50|PRED_MUTEX|c1,ecom,50,50,PRED_MUTEX,1,0.02,1.0,50,2.599684,2.591684,2.599684,2.591684,2.591684,2.591684,2.591684,B,0.0,0.0,0.0,0.00309,0.00309,0.0,1.0,1.0031,1.0,1.0,1.0031,1.0,10000,10000,10000,10000,10000,1058958,1058958,,"{""EAGER"": 0, ""LATE_PERSIST"": 0, ""PER_QUERY"": 0}",13.4,4208.85
ecom|s50|r50|PRED_MUTEX|c2,ecom,50,50,PRED_MUTEX,2,0.02,1.0,50,5.198216,5.182216,5.198216,5.182216,5.182216,5.182216,5.182216,B,0.0,0.0,0.0,0.00309,0.00309,0.0,1.0,1.0031,1.0,1.0,1.0031,1.0,20000,20000,20000,20000,20000,2011724,2011724,0,"{""EAGER"": 0, ""LATE_PERSIST"": 0, ""PER_QUERY"": 50}",13.4,8561.2
ecom|s50|r50|PRED_MUTEX|c4,ecom,50,50,PRED_MUTEX,4,0.02,1.0,50,9.73528,9.70328,9.73528,9.70328,9.70328,9.70328,9.70328,B,0.0,0.0,0.0,0.0033,0.0033,0.0,1.0,1.0033,1.0,1.0,1.0033,1.0,40000,40000,40000,40000,40000,3727256,3727256,,"{""EAGER"": 0, ""LATE_PERSIST"": 0, ""PER_QUERY"": 0}",13.4,16068.6
ecom|s50|r100|PRED_SHARED|c1,ecom,50,100,PRED_SHARED,1,0.4952,0.4952,100,2.603684,128.179,1.293672,2.575382,3.885394,1.293672,2.603684,C,2.00339,0.99075,1.01263,0.0,1.01263,98.08156,0.4969,0.0101,1.5087,3.0034,2.0126,99.0816,4952,10000,495200,4952,14952,1058958,1583515,,"{""EAGER"": 0, ""LATE_PERSIST"": 0, ""PER_QUERY"": 0}",13.4,13.4
ecom|s50|r100|PRED_SHARED|c2,ecom,50,100,PRED_SHARED,2,0.4952,0.4952,100,5.202216,256.496,2.580803,5.145683,7.767096,2.580803,5.202216,C,2.00957,0.99383,1.01574,0.0,1.01574,98.38611,0.4961,0.0101,1.5094,3.0096,2.0157,99.3861,9904,20000,990400,9904,29904,2011724,3008260,3,"{""EAGER"": 1, ""LATE_PERSIST"": 98, ""PER_QUERY"": 1}",13.4,13.4
ecom|s50|r100|PRED_SHARED|c4,ecom,50,100,PRED_SHARED,4,0.4952,0.4952,100,9.73928,480.4468,4.828234,9.632622,14.543668,4.828234,9.73928,C,2.01221,0.99506,1.01715,0.0,1.01715,98.50776,0.4957,0.01,1.5098,3.0122,2.0172,99.5078,19808,40000,1980800,19808,59808,3727256,5573662,,"{""EAGER"": 0, ""LATE_PERSIST"": 0, ""PER_QUERY"": 0}",13.4,13.4
ecom|s50|r100|PRED_DISTINCT|c1,ecom,50,100,PRED_DISTINCT,1,0.49982,1.0,100,2.603684,129.346774,2.603684,3.933862,3.933862,2.603684,2.603684,A,0.51088,0.51088,0.0,0.0,0.0,48.67837,1.0,0.0201,1.0,1.5109,1.0,49.6784,10000,10000,499819,10000,15140,1058958,1603278,,"{""EAGER"": 0, ""LATE_PERSIST"": 0, ""PER_QUERY"": 0}",13.4,7144.25
ecom|s50|r100|PRED_DISTINCT|c2,ecom,50,100,PRED_DISTINCT,2,0.49982,1.0,100,5.202216,258.827481,5.202216,7.86392,7.86392,5.202216,5.202216,A,0.51165,0.51165,0.0,0.0,0.0,48.75331,1.0,0.0201,1.0,1.5116,1.0,49.7533,20000,20000,999638,20000,30280,2011724,3045762,1,"{""EAGER"": 0, ""LATE_PERSIST"": 99, ""PER_QUERY"": 1}",13.4,14567.9
ecom|s50|r100|PRED_DISTINCT|c4,ecom,50,100,PRED_DISTINCT,4,0.49982,1.0,100,9.73928,484.800842,9.73928,14.724796,14.724796,9.73928,9.73928,A,0.5119,0.5119,0.0,0.0,0.0,48.77789,1.0,0.0201,1.0,1.5119,1.0,49.7779,40000,40000,1999276,40000,60560,3727256,5643070,,"{""EAGER"": 0, ""LATE_PERSIST"": 0, ""PER_QUERY"": 0}",13.4,27363.2
ecom|s50|r100|PRED_NESTED|c1,ecom,50,100,PRED_NESTED,1,0.49968,0.9909,100,2.603684,129.303951,2.579998,2.606521,2.630208,2.579998,2.630208,C,0.01946,0.01028,0.01946,0.0,0.00918,49.11785,0.9909,0.02,1.0091,1.0195,1.0092,50.1179,9909,10000,499677,9909,10103,1058958,1069814,,"{""EAGER"": 0, ""LATE_PERSIST"": 0, ""PER_QUERY"": 0}",13.4,2264.6
ecom|s50|r100|PRED_NESTED|c2,ecom,50,100,PRED_NESTED,2,0.49968,0.9909,100,5.202216,258.753771,5.154809,5.207926,5.255333,5.154809,5.255333,C,0.0195,0.0103,0.0195,0.0,0.0092,49.19657,0.9909,0.0199,1.0091,1.0195,1.0092,50.1966,19818,20000,999354,19818,20206,2011724,2032349,3,"{""EAGER"": 1, ""LATE_PERSIST"": 98, ""PER_QUERY"": 1}",13.4,4605.8
ecom|s50|r100|PRED_NESTED|c4,ecom,50,100,PRED_NESTED,4,0.49968,0.9909,100,9.73928,484.67473,9.650439,9.749945,9.838786,9.650439,9.838786,C,0.01952,0.01031,0.01952,0.0,0.00921,49.22308,0.9909,0.0199,1.0091,1.0195,1.0092,50.2231,39636,40000,1998708,39636,40412,3727256,3765462,,"{""EAGER"": 0, ""LATE_PERSIST"": 0, ""PER_QUERY"": 0}",13.4,8640.2
ecom|s50|r100|PRED_OVERLAP|c1,ecom,50,100,PRED_OVERLAP,1,0.43826,1.0,100,2.603684,113.390007,2.603684,3.743704,3.743704,2.603684,2.603684,A,0.43785,0.43785,0.0,0.0,0.0,42.54983,1.0,0.023,1.0,1.4378,1.0,43.5498,10000,10000,438258,10000,14408,1058958,1525506,,"{""EAGER"": 0, ""LATE_PERSIST"": 0, ""PER_QUERY"": 0}",13.4,12583.35
ecom|s50|r100|PRED_OVERLAP|c2,ecom,50,100,PRED_OVERLAP,2,0.43826,1.0,100,5.202216,226.921522,5.202216,7.483736,7.483736,5.202216,5.202216,A,0.43857,0.43857,0.0,0.0,0.0,42.62017,1.0,0.0229,1.0,1.4386,1.0,43.6202,20000,20000,876516,20000,28816,2011724,2898048,1,"{""EAGER"": 0, ""LATE_PERSIST"": 99, ""PER_QUERY"": 1}",13.4,25641.7
ecom|s50|r100|PRED_OVERLAP|c4,ecom,50,100,PRED_OVERLAP,4,0.43826,1.0,100,9.73928,425.059524,9.73928,14.012872,14.012872,9.73928,9.73928,A,0.4388,0.4388,0.0,0.0,0.0,42.64383,1.0,0.0229,1.0,1.4388,1.0,43.6438,40000,40000,1753032,40000,57632,3727256,5369380,,"{""EAGER"": 0, ""LATE_PERSIST"": 0, ""PER_QUERY"": 0}",13.4,48146.4
ecom|s50|r100|PRED_MUTEX|c1,ecom,50,100,PRED_MUTEX,1,0.01,1.0,100,2.603684,2.595684,2.603684,2.595684,2.595684,2.595684,2.595684,B,0.0,0.0,0.0,0.00308,0.00308,0.0,1.0,1.0031,1.0,1.0,1.0031,1.0,10000,10000,10000,10000,10000,1058958,1058958,,"{""EAGER"": 0, ""LATE_PERSIST"": 0, ""PER_QUERY"": 0}",13.4,2112.4
ecom|s50|r100|PRED_MUTEX|c2,ecom,50,100,PRED_MUTEX,2,0.01,1.0,100,5.202216,5.186216,5.202216,5.186216,5.186216,5.186216,5.186216,B,0.0,0.0,0.0,0.00309,0.00309,0.0,1.0,1.0031,1.0,1.0,1.0031,1.0,20000,20000,20000,20000,20000,2011724,2011724,0,"{""EAGER"": 0, ""LATE_PERSIST"": 0, ""PER_QUERY"": 100}",13.4,4289.7
ecom|s50|r100|PRED_MUTEX|c4,ecom,50,100,PRED_MUTEX,4,0.01,1.0,100,9.73928,9.70728,9.73928,9.70728,9.70728,9.70728,9.70728,B,0.0,0.0,0.0,0.0033,0.0033,0.0,1.0,1.0033,1.0,1.0,1.0033,1.0,40000,40000,40000,40000,40000,3727256,3727256,,"{""EAGER"": 0, ""LATE_PERSIST"": 0, ""PER_QUERY"": 0}",13.4,8049.4
ecom|s75|r1|PRED_SHARED|c1,ecom,75,1,PRED_SHARED,1,0.7473,0.7473,1,2.595764,1.934104,1.940083,1.934104,1.934104,1.934104,1.934104,B,0.0,0.0,0.0,0.00309,0.3421,0.0,0.7474,1.0031,1.0,1.0,1.3421,1.0,7473,10000,7473,7473,7473,1058958,791508,,"{""EAGER"": 0, ""LATE_PERSIST"": 0, ""PER_QUERY"": 0}",13.4,155939.45
ecom|s75|r1|PRED_SHARED|c2,ecom,75,1,PRED_SHARED,2,0.7473,0.7473,1,5.194296,3.870331,3.882288,3.870331,3.870331,3.870331,3.870331,B,0.0,0.0,0.0,0.00309,0.34208,0.0,0.7474,1.0031,1.0,1.0,1.3421,1.0,14946,20000,14946,14946,14946,2011724,1503671,,"{""EAGER"": 0, ""LATE_PERSIST"": 0, ""PER_QUERY"": 0}",13.4,318064.1
ecom|s75|r1|PRED_SHARED|c4,ecom,75,1,PRED_SHARED,4,0.7473,0.7473,1,9.73136,7.249566,7.27348,7.249566,7.249566,7.249566,7.249566,B,0.0,0.0,0.0,0.0033,0.34234,0.0,0.7474,1.0033,1.0,1.0,1.3423,1.0,29892,40000,29892,29892,29892,3727256,2786010,,"{""EAGER"": 0, ""LATE_PERSIST"": 0, ""PER_QUERY"": 0}",13.4,597475.4
ecom|s75|r1|PRED_DISTINCT|c1,ecom,75,1,PRED_DISTINCT,1,0.7412,0.7412,1,2.595764,1.917858,1.923788,1.917858,1.917858,1.917858,1.917858,B,0.0,0.0,0.0,0.00309,0.35347,0.0,0.7411,1.0031,1.0,1.0,1.3535,1.0,7412,10000,7412,7412,7412,1058958,784868,,"{""EAGER"": 0, ""LATE_PERSIST"": 0, ""PER_QUERY"": 0}",13.4,154628.4
ecom|s75|r1|PRED_DISTINCT|c2,ecom,75,1,PRED_DISTINCT,2,0.7412,0.7412,1,5.194296,3.837972,3.849831,3.837972,3.837972,3.837972,3.837972,B,0.0,0.0,0.0,0.00309,0.3534,0.0,0.7412,1.0031,1.0,1.0,1.3534,1.0,14824,20000,14824,14824,14824,2011724,1491064,,"{""EAGER"": 0, ""LATE_PERSIST"": 0, ""PER_QUERY"": 0}",13.4,315406.6
ecom|s75|r1|PRED_DISTINCT|c4,ecom,75,1,PRED_DISTINCT,4,0.7412,0.7412,1,9.73136,7.189008,7.212726,7.189008,7.189008,7.189008,7.189008,B,0.0,0.0,0.0,0.0033,0.35364,0.0,0.7412,1.0033,1.0,1.0,1.3536,1.0,29648,40000,29648,29648,29648,3727256,2762628,,"{""EAGER"": 0, ""LATE_PERSIST"": 0, ""PER_QUERY"": 0}",13.4,592491.0
ecom|s75|r1|PRED_NESTED|c1,ecom,75,1,PRED_NESTED,1,0.7473,0.7473,1,2.595764,1.934104,1.940083,1.934104,1.934104,1.934104,1.934104,B,0.0,0.0,0.0,0.00309,0.3421,0.0,0.7474,1.0031,1.0,1.0,1.3421,1.0,7473,10000,7473,7473,7473,1058958,791508,,"{""EAGER"": 0, ""LATE_PERSIST"": 0, ""PER_QUERY"": 0}",13.4,155939.45
ecom|s75|r1|PRED_NESTED|c2,ecom,75,1,PRED_NESTED,2,0.7473,0.7473,1,5.194296,3.870331,3.882288,3.870331,3.870331,3.870331,3.870331,B,0.0,0.0,0.0,0.00309,0.34208,0.0,0.7474,1.0031,1.0,1.0,1.3421,1.0,14946,20000,14946,14946,14946,2011724,1503671,,"{""EAGER"": 0, ""LATE_PERSIST"": 0, ""PER_QUERY"": 0}",13.4,318064.1
ecom|s75|r1|PRED_NESTED|c4,ecom,75,1,PRED_NESTED,4,0.7473,0.7473,1,9.73136,7.249566,7.27348,7.249566,7.249566,7.249566,7.249566,B,0.0,0.0,0.0,0.0033,0.34234,0.0,0.7474,1.0033,1.0,1.0,1.3423,1.0,29892,40000,29892,29892,29892,3727256,2786010,,"{""EAGER"": 0, ""LATE_PERSIST"": 0, ""PER_QUERY"": 0}",13.4,597475.4
ecom|s75|r1|PRED_OVERLAP|c1,ecom,75,1,PRED_OVERLAP,1,0.6114,0.6114,1,2.595764,1.582561,1.587452,1.582561,1.582561,1.582561,1.582561,B,0.0,0.0,0.0,0.00309,0.64023,0.0,0.6116,1.0031,1.0,1.0,1.6402,1.0,6114,10000,6114,6114,6114,1058958,647684,,"{""EAGER"": 0, ""LATE_PERSIST"": 0, ""PER_QUERY"": 0}",13.4,127593.8
ecom|s75|r1|PRED_OVERLAP|c2,ecom,75,1,PRED_OVERLAP,2,0.6114,0.6114,1,5.194296,3.166938,3.17672,3.166938,3.166938,3.166938,3.166938,B,0.0,0.0,0.0,0.00309,0.64016,0.0,0.6116,1.0031,1.0,1.0,1.6402,1.0,12228,20000,12228,12228,12228,2011724,1230468,,"{""EAGER"": 0, ""LATE_PERSIST"": 0, ""PER_QUERY"": 0}",13.4,260255.0
ecom|s75|r1|PRED_OVERLAP|c4,ecom,75,1,PRED_OVERLAP,4,0.6114,0.6114,1,9.73136,5.932168,5.951733,5.932168,5.932168,5.932168,5.932168,B,0.0,0.0,0.0,0.0033,0.64044,0.0,0.6116,1.0033,1.0,1.0,1.6404,1.0,24456,40000,24456,24456,24456,3727256,2279870,,"{""EAGER"": 0, ""LATE_PERSIST"": 0, ""PER_QUERY"": 0}",13.4,488893.4
ecom|s75|r1|PRED_MUTEX|c1,ecom,75,1,PRED_MUTEX,1,0.75,0.75,1,2.595764,1.94048,1.94648,1.94048,1.94648,1.94048,1.94648,B,0.00309,0.0,0.00309,0.00309,0.33769,0.0,0.7499,1.0031,1.0031,1.0031,1.3377,1.0,7500,10000,7500,7500,7500,1058958,794057,,"{""EAGER"": 0, ""LATE_PERSIST"": 0, ""PER_QUERY"": 0}",13.4,156457.25
ecom|s75|r1|PRED_MUTEX|c2,ecom,75,1,PRED_MUTEX,2,0.75,0.75,1,5.194296,3.883076,3.895076,3.883076,3.895076,3.883076,3.895076,B,0.00309,0.0,0.00309,0.00309,0.33768,0.0,0.7499,1.0031,1.0031,1.0031,1.3377,1.0,15000,20000,15000,15000,15000,2011724,1508480,,"{""EAGER"": 0, ""LATE_PERSIST"": 0, ""PER_QUERY"": 0}",13.4,319120.7
ecom|s75|r1|PRED_MUTEX|c4,ecom,75,1,PRED_MUTEX,4,0.75,0.75,1,9.73136,7.273268,7.297268,7.273268,7.297268,7.273268,7.297268,B,0.0033,0.0,0.0033,0.0033,0.33796,0.0,0.7499,1.0033,1.0033,1.0033,1.338,1.0,30000,40000,30000,30000,30000,3727256,2794826,,"{""EAGER"": 0, ""LATE_PERSIST"": 0, ""PER_QUERY"": 0}",13.4,599447.6
ecom|s75|r10|PRED_SHARED|c1,ecom,75,10,PRED_SHARED,1,0.7473,0.7473,10,2.596484,19.341045,1.940803,3.874827,3.874827,1.940803,1.940803,C,0.99651,0.99651,0.0,0.0,0.33784,8.96549,0.7475,0.1003,1.0,1.9965,1.3378,9.9655,7473,10000,74730,7473,14946,1058958,1583016,,"{""EAGER"": 0, ""LATE_PERSIST"": 0, ""PER_QUERY"": 0}",13.4,155939.45
ecom|s75|r10|PRED_SHARED|c2,ecom,75,10,PRED_SHARED,2,0.7473,0.7473,10,5.195016,38.70331,3.883008,7.753259,7.753259,3.883008,3.883008,C,0.99671,0.99671,0.0,0.0,0.33788,8.96735,0.7474,0.1003,1.0,1.9967,1.3379,9.9674,14946,20000,149460,14946,29892,2011724,3007342,,"{""EAGER"": 0, ""LATE_PERSIST"": 0, ""PER_QUERY"": 0}",13.4,318064.1
ecom|s75|r10|PRED_SHARED|c4,ecom,75,10,PRED_SHARED,4,0.7473,0.7473,10,9.73208,72.49566,7.2742,14.523686,14.523686,7.2742,7.2742,C,0.9966,0.9966,0.0,0.0,0.33789,8.96614,0.7474,0.1003,1.0,1.9966,1.3379,9.9661,29892,40000,298920,29892,59784,3727256,5572020,,"{""EAGER"": 0, ""LATE_PERSIST"": 0, ""PER_QUERY"": 0}",13.4,597475.4
ecom|s75|r10|PRED_DISTINCT|c1,ecom,75,10,PRED_DISTINCT,1,0.74878,1.0,10,2.596484,19.375329,2.596484,4.514262,4.514262,2.596484,2.596484,A,0.73861,0.73861,0.0,0.0,0.0,6.46214,1.0,0.134,1.0,1.7386,1.0,7.4621,10000,10000,74878,10000,17412,1058958,1843826,,"{""EAGER"": 0, ""LATE_PERSIST"": 0, ""PER_QUERY"": 0}",13.4,157908.5
ecom|s75|r10|PRED_DISTINCT|c2,ecom,75,10,PRED_DISTINCT,2,0.74878,1.0,10,5.195016,38.771618,5.195016,9.032908,9.032908,5.195016,5.195016,A,0.73876,0.73876,0.0,0.0,0.0,6.46323,1.0,0.134,1.0,1.7388,1.0,7.4632,20000,20000,149756,20000,34824,2011724,3502788,,"{""EAGER"": 0, ""LATE_PERSIST"": 0, ""PER_QUERY"": 0}",13.4,322019.0
ecom|s75|r10|PRED_DISTINCT|c4,ecom,75,10,PRED_DISTINCT,4,0.74878,1.0,10,9.73208,72.622248,9.73208,16.921008,16.921008,9.73208,9.73208,A,0.73868,0.73868,0.0,0.0,0.0,6.46215,1.0,0.134,1.0,1.7387,1.0,7.4622,40000,40000,299512,40000,69648,3727256,6489884,,"{""EAGER"": 0, ""LATE_PERSIST"": 0, ""PER_QUERY"": 0}",13.4,604862.0
ecom|s75|r10|PRED_NESTED|c1,ecom,75,10,PRED_NESTED,1,0.68159,1.0,10,2.59649,17.638402,2.59649,2.964393,2.964393,2.59649,2.59649,A,0.14169,0.14169,0.0,0.0,0.0,5.79317,1.0,0.1472,1.0,1.1417,1.0,6.7932,10000,10000,68159,10000,11422,1058958,1209566,,"{""EAGER"": 0, ""LATE_PERSIST"": 0, ""PER_QUERY"": 0}",13.55,57240.3
ecom|s75|r10|PRED_NESTED|c2,ecom,75,10,PRED_NESTED,2,0.68159,1.0,10,5.195022,35.296003,5.195022,5.931404,5.931404,5.195022,5.195022,A,0.14175,0.14175,0.0,0.0,0.0,5.7942,1.0,0.1472,1.0,1.1417,1.0,6.7942,20000,20000,136318,20000,22844,2011724,2297868,,"{""EAGER"": 0, ""LATE_PERSIST"": 0, ""PER_QUERY"": 0}",13.55,116756.8
ecom|s75|r10|PRED_NESTED|c4,ecom,75,10,PRED_NESTED,4,0.68159,1.0,10,9.732086,66.112712,9.732086,11.111574,11.111574,9.732086,9.732086,A,0.14175,0.14175,0.0,0.0,0.0,5.79327,1.0,0.1472,1.0,1.1417,1.0,6.7933,40000,40000,272636,40000,45688,3727256,4257454,,"{""EAGER"": 0, ""LATE_PERSIST"": 0, ""PER_QUERY"": 0}",13.55,219325.8
ecom|s75|r10|PRED_OVERLAP|c1,ecom,75,10,PRED_OVERLAP,1,0.60923,0.994,10,2.596484,15.763825,2.58102,4.15404,4.15404,2.58102,2.58102,C,0.60946,0.60946,0.0,0.0,0.00599,5.1076,0.994,0.1637,1.0,1.6095,1.006,6.1076,9940,10000,60923,9940,16018,1058958,1696482,,"{""EAGER"": 0, ""LATE_PERSIST"": 0, ""PER_QUERY"": 0}",13.4,127593.8
ecom|s75|r10|PRED_OVERLAP|c2,ecom,75,10,PRED_OVERLAP,2,0.60923,0.994,10,5.195016,31.545897,5.164052,8.312024,8.312024,5.164052,5.164052,C,0.60959,0.60959,0.0,0.0,0.006,5.10875,0.994,0.1637,1.0,1.6096,1.006,6.1087,19880,20000,121846,19880,32036,2011724,3222896,,"{""EAGER"": 0, ""LATE_PERSIST"": 0, ""PER_QUERY"": 0}",13.4,260255.0
ecom|s75|r10|PRED_OVERLAP|c4,ecom,75,10,PRED_OVERLAP,4,0.60923,0.994,10,9.73208,59.089122,9.674076,15.570805,15.570805,9.674076,9.674076,C,0.60954,0.60954,0.0,0.0,0.006,5.10799,0.994,0.1637,1.0,1.6095,1.006,6.108,39760,40000,243692,39760,64072,3727256,5971382,,"{""EAGER"": 0, ""LATE_PERSIST"": 0, ""PER_QUERY"": 0}",13.4,488893.4
ecom|s75|r10|PRED_MUTEX|c1,ecom,75,10,PRED_MUTEX,1,0.1,1.0,10,2.596484,2.588484,2.596484,2.588484,2.588484,2.588484,2.588484,B,0.0,0.0,0.0,0.00309,0.00309,0.0,1.0,1.0031,1.0,1.0,1.0031,1.0,10000,10000,10000,10000,10000,1058958,1058958,,"{""EAGER"": 0, ""LATE_PERSIST"": 0, ""PER_QUERY"": 0}",13.4,20912.05
ecom|s75|r10|PRED_MUTEX|c2,ecom,75,10,PRED_MUTEX,2,0.1,1.0,10,5.195016,5.179016,5.195016,5.179016,5.179016,5.179016,5.179016,B,0.0,0.0,0.0,0.00309,0.00309,0.0,1.0,1.0031,1.0,1.0,1.0031,1.0,20000,20000,20000,20000,20000,2011724,2011724,,"{""EAGER"": 0, ""LATE_PERSIST"": 0, ""PER_QUERY"": 0}",13.4,42633.9
ecom|s75|r10|PRED_MUTEX|c4,ecom,75,10,PRED_MUTEX,4,0.1,1.0,10,9.73208,9.70008,9.73208,9.70008,9.70008,9.70008,9.70008,B,0.0,0.0,0.0,0.0033,0.0033,0.0,1.0,1.0033,1.0,1.0,1.0033,1.0,40000,40000,40000,40000,40000,3727256,3727256,,"{""EAGER"": 0, ""LATE_PERSIST"": 0, ""PER_QUERY"": 0}",13.4,80077.6
ecom|s75|r50|PRED_SHARED|c1,ecom,75,50,PRED_SHARED,1,0.7473,0.7473,50,2.599684,96.705225,1.944003,3.878027,3.878027,1.944003,1.944003,C,0.99487,0.99487,0.0,0.0,0.33728,48.74541,0.7478,0.0201,1.0,1.9949,1.3373,49.7454,7473,10000,373650,7473,14946,1058958,1583016,,"{""EAGER"": 0, ""LATE_PERSIST"": 0, ""PER_QUERY"": 0}",13.4,13.4
ecom|s75|r50|PRED_SHARED|c2,ecom,75,50,PRED_SHARED,2,0.7473,0.7473,50,5.198216,193.51655,3.886208,7.756459,7.756459,3.886208,3.886208,C,0.99589,0.99589,0.0,0.0,0.33761,48.79573,0.7476,0.0201,1.0,1.9959,1.3376,49.7957,14946,20000,747300,14946,29892,2011724,3007342,,"{""EAGER"": 0, ""LATE_PERSIST"": 0, ""PER_QUERY"": 0}",13.4,13.4
ecom|s75|r50|PRED_SHARED|c4,ecom,75,50,PRED_SHARED,4,0.7473,0.7473,50,9.73528,362.4783,7.2774,14.526886,14.526886,7.2774,7.2774,C,0.99616,0.99616,0.0,0.0,0.33774,48.80877,0.7475,0.0201,1.0,1.9962,1.3377,49.8088,29892,40000,1494600,29892,59784,3727256,5572020,,"{""EAGER"": 0, ""LATE_PERSIST"": 0, ""PER_QUERY"": 0}",13.4,13.4
ecom|s75|r50|PRED_DISTINCT|c1,ecom,75,50,PRED_DISTINCT,1,0.74994,1.0,50,2.599684,97.034098,2.599684,4.517462,4.517462,2.599684,2.599684,A,0.7377,0.7377,0.0,0.0,0.0,36.32534,1.0,0.0268,1.0,1.7377,1.0,37.3253,10000,10000,374971,10000,17412,1058958,1843826,,"{""EAGER"": 0, ""LATE_PERSIST"": 0, ""PER_QUERY"": 0}",13.4,38070.05
ecom|s75|r50|PRED_DISTINCT|c2,ecom,75,50,PRED_DISTINCT,2,0.74994,1.0,50,5.198216,194.171221,5.198216,9.036108,9.036108,5.198216,5.198216,A,0.73831,0.73831,0.0,0.0,0.0,36.35343,1.0,0.0268,1.0,1.7383,1.0,37.3534,20000,20000,749942,20000,34824,2011724,3502788,,"{""EAGER"": 0, ""LATE_PERSIST"": 0, ""PER_QUERY"": 0}",13.4,77676.5
ecom|s75|r50|PRED_DISTINCT|c4,ecom,75,50,PRED_DISTINCT,4,0.74994,1.0,50,9.73528,363.697382,9.73528,16.924208,16.924208,9.73528,9.73528,A,0.73844,0.73844,0.0,0.0,0.0,36.3587,1.0,0.0268,1.0,1.7384,1.0,37.3587,40000,40000,1499884,40000,69648,3727256,6489884,,"{""EAGER"": 0, ""LATE_PERSIST"": 0, ""PER_QUERY"": 0}",13.4,145927.4
ecom|s75|r50|PRED_NESTED|c1,ecom,75,50,PRED_NESTED,1,0.66985,1.0,50,2.599718,86.670577,2.599718,2.679615,2.679615,2.599718,2.599718,A,0.03073,0.03073,0.0,0.0,0.0,32.33845,1.0,0.03,1.0,1.0307,1.0,33.3385,10000,10000,334926,10000,10309,1058958,1091637,,"{""EAGER"": 0, ""LATE_PERSIST"": 0, ""PER_QUERY"": 0}",13.55,7051.45
ecom|s75|r50|PRED_NESTED|c2,ecom,75,50,PRED_NESTED,2,0.66985,1.0,50,5.19825,173.43642,5.19825,5.358097,5.358097,5.19825,5.19825,A,0.03075,0.03075,0.0,0.0,0.0,32.36439,1.0,0.03,1.0,1.0308,1.0,33.3644,20000,20000,669852,20000,20618,2011724,2073795,,"{""EAGER"": 0, ""LATE_PERSIST"": 0, ""PER_QUERY"": 0}",13.55,14364.9
ecom|s75|r50|PRED_NESTED|c4,ecom,75,50,PRED_NESTED,4,0.66985,1.0,50,9.735314,324.86299,9.735314,10.034668,10.034668,9.735314,9.735314,A,0.03075,0.03075,0.0,0.0,0.0,32.36954,1.0,0.03,1.0,1.0307,1.0,33.3695,40000,40000,1339704,40000,41236,3727256,3842240,,"{""EAGER"": 0, ""LATE_PERSIST"": 0, ""PER_QUERY"": 0}",13.55,26969.8
ecom|s75|r50|PRED_OVERLAP|c1,ecom,75,50,PRED_OVERLAP,1,0.60954,1.0,50,2.599684,78.858152,2.599684,4.182165,4.182165,2.599684,2.599684,A,0.60872,0.60872,0.0,0.0,0.0,29.33375,1.0,0.033,1.0,1.6087,1.0,30.3337,10000,10000,304768,10000,16114,1058958,1706642,,"{""EAGER"": 0, ""LATE_PERSIST"": 0, ""PER_QUERY"": 0}",13.4,29636.15
ecom|s75|r50|PRED_OVERLAP|c2,ecom,75,50,PRED_OVERLAP,2,0.60954,1.0,50,5.198216,157.80724,5.198216,8.365074,8.365074,5.198216,5.198216,A,0.60922,0.60922,0.0,0.0,0.0,29.35796,1.0,0.0329,1.0,1.6092,1.0,30.358,20000,20000,609536,20000,32228,2011724,3242192,,"{""EAGER"": 0, ""LATE_PERSIST"": 0, ""PER_QUERY"": 0}",13.4,60433.1
ecom|s75|r50|PRED_OVERLAP|c4,ecom,75,50,PRED_OVERLAP,4,0.60954,1.0,50,9.73528,295.590728,9.73528,15.667368,15.667368,9.73528,9.73528,A,0.60934,0.60934,0.0,0.0,0.0,29.36284,1.0,0.0329,1.0,1.6093,1.0,30.3628,40000,40000,1219072,40000,64456,3727256,6007126,,"{""EAGER"": 0, ""LATE_PERSIST"": 0, ""PER_QUERY"": 0}",13.4,113513.0
ecom|s75|r50|PRED_MUTEX|c1,ecom,75,50,PRED_MUTEX,1,0.02,1.0,50,2.599684,2.591684,2.599684,2.591684,2.591684,2.591684,2.591684,B,0.0,0.0,0.0,0.00309,0.00309,0.0,1.0,1.0031,1.0,1.0,1.0031,1.0,10000,10000,10000,10000,10000,1058958,1058958,,"{""EAGER"": 0, ""LATE_PERSIST"": 0, ""PER_QUERY"": 0}",13.4,4210.8
ecom|s75|r50|PRED_MUTEX|c2,ecom,75,50,PRED_MUTEX,2,0.02,1.0,50,5.198216,5.182216,5.198216,5.182216,5.182216,5.182216,5.182216,B,0.0,0.0,0.0,0.00309,0.00309,0.0,1.0,1.0031,1.0,1.0,1.0031,1.0,20000,20000,20000,20000,20000,2011724,2011724,,"{""EAGER"": 0, ""LATE_PERSIST"": 0, ""PER_QUERY"": 0}",13.4,8570.2
ecom|s75|r50|PRED_MUTEX|c4,ecom,75,50,PRED_MUTEX,4,0.02,1.0,50,9.73528,9.70328,9.73528,9.70328,9.70328,9.70328,9.70328,B,0.0,0.0,0.0,0.0033,0.0033,0.0,1.0,1.0033,1.0,1.0,1.0033,1.0,40000,40000,40000,40000,40000,3727256,3727256,,"{""EAGER"": 0, ""LATE_PERSIST"": 0, ""PER_QUERY"": 0}",13.4,16083.0
ecom|s75|r100|PRED_SHARED|c1,ecom,75,100,PRED_SHARED,1,0.7473,0.7473,100,2.603684,193.41045,1.948003,3.882027,3.882027,1.948003,1.948003,C,0.99282,0.99282,0.0,0.0,0.33659,98.28653,0.7482,0.0101,1.0,1.9928,1.3366,99.2865,7473,10000,747300,7473,14946,1058958,1583016,,"{""EAGER"": 0, ""LATE_PERSIST"": 0, ""PER_QUERY"": 0}",13.4,13.4
ecom|s75|r100|PRED_SHARED|c2,ecom,75,100,PRED_SHARED,2,0.7473,0.7473,100,5.202216,387.0331,3.890208,7.760459,7.760459,3.890208,3.890208,C,0.99487,0.99487,0.0,0.0,0.33726,98.48906,0.7478,0.0101,1.0,1.9949,1.3373,99.4891,14946,20000,1494600,14946,29892,2011724,3007342,,"{""EAGER"": 0, ""LATE_PERSIST"": 0, ""PER_QUERY"": 0}",13.4,13.4
ecom|s75|r100|PRED_SHARED|c4,ecom,75,100,PRED_SHARED,4,0.7473,0.7473,100,9.73928,724.9566,7.2814,14.530886,14.530886,7.2814,7.2814,C,0.99562,0.99562,0.0,0.0,0.33756,98.56281,0.7476,0.01,1.0,1.9956,1.3376,99.5628,29892,40000,2989200,29892,59784,3727256,5572020,,"{""EAGER"": 0, ""LATE_PERSIST"": 0, ""PER_QUERY"": 0}",13.4,13.4
ecom|s75|r100|PRED_DISTINCT|c1,ecom,75,100,PRED_DISTINCT,1,0.75008,1.0,100,2.603684,194.099488,2.603684,4.521462,4.521462,2.603684,2.603684,A,0.73656,0.73656,0.0,0.0,0.0,73.54802,1.0,0.0134,1.0,1.7366,1.0,74.548,10000,10000,750075,10000,17412,1058958,1843826,,"{""EAGER"": 0, ""LATE_PERSIST"": 0, ""PER_QUERY"": 0}",13.4,830.75
ecom|s75|r100|PRED_DISTINCT|c2,ecom,75,100,PRED_DISTINCT,2,0.75008,1.0,100,5.202216,388.405841,5.202216,9.040108,9.040108,5.202216,5.202216,A,0.73774,0.73774,0.0,0.0,0.0,73.66161,1.0,0.0134,1.0,1.7377,1.0,74.6616,20000,20000,1500150,20000,34824,2011724,3502788,,"{""EAGER"": 0, ""LATE_PERSIST"": 0, ""PER_QUERY"": 0}",13.4,1678.7
ecom|s75|r100|PRED_DISTINCT|c4,ecom,75,100,PRED_DISTINCT,4,0.75008,1.0,100,9.73928,727.513598,9.73928,16.928208,16.928208,9.73928,9.73928,A,0.73814,0.73814,0.0,0.0,0.0,73.69891,1.0,0.0134,1.0,1.7381,1.0,74.6989,40000,40000,3000300,40000,69648,3727256,6489884,,"{""EAGER"": 0, ""LATE_PERSIST"": 0, ""PER_QUERY"": 0}",13.4,3140.6
ecom|s75|r100|PRED_NESTED|c1,ecom,75,100,PRED_NESTED,1,0.66808,1.0,100,2.60375,172.884096,2.60375,2.644801,2.644801,2.60375,2.60375,A,0.01577,0.01577,0.0,0.0,0.0,65.39812,1.0,0.0151,1.0,1.0158,1.0,66.3981,10000,10000,668084,10000,10159,1058958,1075752,,"{""EAGER"": 0, ""LATE_PERSIST"": 0, ""PER_QUERY"": 0}",13.55,3241.6
ecom|s75|r100|PRED_NESTED|c2,ecom,75,100,PRED_NESTED,2,0.66808,1.0,100,5.202282,345.958098,5.202282,5.284439,5.284439,5.202282,5.202282,A,0.01579,0.01579,0.0,0.0,0.0,65.50122,1.0,0.015,1.0,1.0158,1.0,66.5012,20000,20000,1336168,20000,20318,2011724,2043625,,"{""EAGER"": 0, ""LATE_PERSIST"": 0, ""PER_QUERY"": 0}",13.55,6595.8
ecom|s75|r100|PRED_NESTED|c4,ecom,75,100,PRED_NESTED,4,0.66808,1.0,100,9.739346,648.012558,9.739346,9.89322,9.89322,9.739346,9.739346,A,0.0158,0.0158,0.0,0.0,0.0,65.53553,1.0,0.015,1.0,1.0158,1.0,66.5355,40000,40000,2672336,40000,40636,3727256,3786350,,"{""EAGER"": 0, ""LATE_PERSIST"": 0, ""PER_QUERY"": 0}",13.55,12380.2
ecom|s75|r100|PRED_OVERLAP|c1,ecom,75,100,PRED_OVERLAP,1,0.60951,1.0,100,2.603684,157.710835,2.603684,4.186165,4.186165,2.603684,2.603684,A,0.60779,0.60779,0.0,0.0,0.0,59.57219,1.0,0.0165,1.0,1.6078,1.0,60.5722,10000,10000,609513,10000,16114,1058958,1706642,,"{""EAGER"": 0, ""LATE_PERSIST"": 0, ""PER_QUERY"": 0}",13.4,7215.05
ecom|s75|r100|PRED_OVERLAP|c2,ecom,75,100,PRED_OVERLAP,2,0.60951,1.0,100,5.202216,315.603167,5.202216,8.369074,8.369074,5.202216,5.202216,A,0.60875,0.60875,0.0,0.0,0.0,59.66706,1.0,0.0165,1.0,1.6088,1.0,60.6671,20000,20000,1219026,20000,32228,2011724,3242192,,"{""EAGER"": 0, ""LATE_PERSIST"": 0, ""PER_QUERY"": 0}",13.4,14706.5
ecom|s75|r100|PRED_OVERLAP|c4,ecom,75,100,PRED_OVERLAP,4,0.60951,1.0,100,9.73928,591.159974,9.73928,15.671368,15.671368,9.73928,9.73928,A,0.60909,0.60909,0.0,0.0,0.0,59.69853,1.0,0.0165,1.0,1.6091,1.0,60.6985,40000,40000,2438052,40000,64456,3727256,6007126,,"{""EAGER"": 0, ""LATE_PERSIST"": 0, ""PER_QUERY"": 0}",13.4,27619.4
ecom|s75|r100|PRED_MUTEX|c1,ecom,75,100,PRED_MUTEX,1,0.01,1.0,100,2.603684,2.595684,2.603684,2.595684,2.595684,2.595684,2.595684,B,0.0,0.0,0.0,0.00308,0.00308,0.0,1.0,1.0031,1.0,1.0,1.0031,1.0,10000,10000,10000,10000,10000,1058958,1058958,,"{""EAGER"": 0, ""LATE_PERSIST"": 0, ""PER_QUERY"": 0}",13.4,2114.05
ecom|s75|r100|PRED_MUTEX|c2,ecom,75,100,PRED_MUTEX,2,0.01,1.0,100,5.202216,5.186216,5.202216,5.186216,5.186216,5.186216,5.186216,B,0.0,0.0,0.0,0.00309,0.00309,0.0,1.0,1.0031,1.0,1.0,1.0031,1.0,20000,20000,20000,20000,20000,2011724,2011724,,"{""EAGER"": 0, ""LATE_PERSIST"": 0, ""PER_QUERY"": 0}",13.4,4293.3
ecom|s75|r100|PRED_MUTEX|c4,ecom,75,100,PRED_MUTEX,4,0.01,1.0,100,9.73928,9.70728,9.73928,9.70728,9.70728,9.70728,9.70728,B,0.0,0.0,0.0,0.0033,0.0033,0.0,1.0,1.0033,1.0,1.0,1.0033,1.0,40000,40000,40000,40000,40000,3727256,3727256,,"{""EAGER"": 0, ""LATE_PERSIST"": 0, ""PER_QUERY"": 0}",13.4,8056.0
ecom|s100|r1|PRED_SHARED|c1,ecom,100,1,PRED_SHARED,1,1.0,1.0,1,2.595766,2.587766,2.595766,2.587766,2.595766,2.587766,2.595766,B,0.00309,0.0,0.00309,0.00309,0.00309,0.0,1.0,1.0031,1.0031,1.0031,1.0031,1.0,10000,10000,10000,10000,10000,1058958,1058958,,"{""EAGER"": 0, ""LATE_PERSIST"": 0, ""PER_QUERY"": 0}",13.55,208643.65
ecom|s100|r1|PRED_SHARED|c2,ecom,100,1,PRED_SHARED,2,1.0,1.0,1,5.194298,5.178298,5.194298,5.178298,5.194298,5.178298,5.194298,B,0.00309,0.0,0.00309,0.00309,0.00309,0.0,1.0,1.0031,1.0031,1.0031,1.0031,1.0,20000,20000,20000,20000,20000,2011724,2011724,0,"{""EAGER"": 0, ""LATE_PERSIST"": 1, ""PER_QUERY"": 0}",13.55,425558.55
ecom|s100|r1|PRED_SHARED|c4,ecom,100,1,PRED_SHARED,4,1.0,1.0,1,9.731362,9.699362,9.731362,9.699362,9.731362,9.699362,9.731362,B,0.0033,0.0,0.0033,0.0033,0.0033,0.0,1.0,1.0033,1.0033,1.0033,1.0033,1.0,40000,40000,40000,40000,40000,3727256,3727256,,"{""EAGER"": 0, ""LATE_PERSIST"": 0, ""PER_QUERY"": 0}",13.55,799388.35
ecom|s100|r1|PRED_DISTINCT|c1,ecom,100,1,PRED_DISTINCT,1,1.0,1.0,1,2.595766,2.587766,2.595766,2.587766,2.595766,2.587766,2.595766,B,0.00309,0.0,0.00309,0.00309,0.00309,0.0,1.0,1.0031,1.0031,1.0031,1.0031,1.0,10000,10000,10000,10000,10000,1058958,1058958,,"{""EAGER"": 0, ""LATE_PERSIST"": 0, ""PER_QUERY"": 0}",13.55,208643.65
ecom|s100|r1|PRED_DISTINCT|c2,ecom,100,1,PRED_DISTINCT,2,1.0,1.0,1,5.194298,5.178298,5.194298,5.178298,5.194298,5.178298,5.194298,B,0.00309,0.0,0.00309,0.00309,0.00309,0.0,1.0,1.0031,1.0031,1.0031,1.0031,1.0,20000,20000,20000,20000,20000,2011724,2011724,0,"{""EAGER"": 0, ""LATE_PERSIST"": 1, ""PER_QUERY"": 0}",13.55,425558.55
ecom|s100|r1|PRED_DISTINCT|c4,ecom,100,1,PRED_DISTINCT,4,1.0,1.0,1,9.731362,9.699362,9.731362,9.699362,9.731362,9.699362,9.731362,B,0.0033,0.0,0.0033,0.0033,0.0033,0.0,1.0,1.0033,1.0033,1.0033,1.0033,1.0,40000,40000,40000,40000,40000,3727256,3727256,,"{""EAGER"": 0, ""LATE_PERSIST"": 0, ""PER_QUERY"": 0}",13.55,799388.35
ecom|s100|r1|PRED_NESTED|c1,ecom,100,1,PRED_NESTED,1,1.0,1.0,1,2.595766,2.587766,2.595766,2.587766,2.595766,2.587766,2.595766,B,0.00309,0.0,0.00309,0.00309,0.00309,0.0,1.0,1.0031,1.0031,1.0031,1.0031,1.0,10000,10000,10000,10000,10000,1058958,1058958,,"{""EAGER"": 0, ""LATE_PERSIST"": 0, ""PER_QUERY"": 0}",13.55,208643.65
ecom|s100|r1|PRED_NESTED|c2,ecom,100,1,PRED_NESTED,2,1.0,1.0,1,5.194298,5.178298,5.194298,5.178298,5.194298,5.178298,5.194298,B,0.00309,0.0,0.00309,0.00309,0.00309,0.0,1.0,1.0031,1.0031,1.0031,1.0031,1.0,20000,20000,20000,20000,20000,2011724,2011724,0,"{""EAGER"": 0, ""LATE_PERSIST"": 1, ""PER_QUERY"": 0}",13.55,425558.55
ecom|s100|r1|PRED_NESTED|c4,ecom,100,1,PRED_NESTED,4,1.0,1.0,1,9.731362,9.699362,9.731362,9.699362,9.731362,9.699362,9.731362,B,0.0033,0.0,0.0033,0.0033,0.0033,0.0,1.0,1.0033,1.0033,1.0033,1.0033,1.0,40000,40000,40000,40000,40000,3727256,3727256,,"{""EAGER"": 0, ""LATE_PERSIST"": 0, ""PER_QUERY"": 0}",13.55,799388.35
ecom|s100|r1|PRED_OVERLAP|c1,ecom,100,1,PRED_OVERLAP,1,0.7502,0.7502,1,2.595764,1.941361,1.947363,1.941361,1.947363,1.941361,1.947363,B,0.00309,0.0,0.00309,0.00309,0.33708,0.0,0.7502,1.0031,1.0031,1.0031,1.3371,1.0,7502,10000,7502,7502,7502,1058958,794477,,"{""EAGER"": 0, ""LATE_PERSIST"": 0, ""PER_QUERY"": 0}",13.4,156524.25
ecom|s100|r1|PRED_OVERLAP|c2,ecom,100,1,PRED_OVERLAP,2,0.7502,0.7502,1,5.194296,3.884918,3.896921,3.884918,3.896921,3.884918,3.896921,B,0.00309,0.0,0.00309,0.00309,0.33704,0.0,0.7502,1.0031,1.0031,1.0031,1.337,1.0,15004,20000,15004,15004,15004,2011724,1509312,0,"{""EAGER"": 0, ""LATE_PERSIST"": 1, ""PER_QUERY"": 0}",13.4,319264.3
ecom|s100|r1|PRED_OVERLAP|c4,ecom,100,1,PRED_OVERLAP,4,0.7502,0.7502,1,9.73136,7.2769,7.300906,7.2769,7.300906,7.2769,7.300906,B,0.0033,0.0,0.0033,0.0033,0.33729,0.0,0.7502,1.0033,1.0033,1.0033,1.3373,1.0,30008,40000,30008,30008,30008,3727256,2796444,,"{""EAGER"": 0, ""LATE_PERSIST"": 0, ""PER_QUERY"": 0}",13.4,599732.4
ecom|s100|r1|PRED_MUTEX|c1,ecom,100,1,PRED_MUTEX,1,1.0,1.0,1,2.595766,2.587766,2.595766,2.587766,2.595766,2.587766,2.595766,B,0.00309,0.0,0.00309,0.00309,0.00309,0.0,1.0,1.0031,1.0031,1.0031,1.0031,1.0,10000,10000,10000,10000,10000,1058958,1058958,,"{""EAGER"": 0, ""LATE_PERSIST"": 0, ""PER_QUERY"": 0}",13.55,208643.65
ecom|s100|r1|PRED_MUTEX|c2,ecom,100,1,PRED_MUTEX,2,1.0,1.0,1,5.194298,5.178298,5.194298,5.178298,5.194298,5.178298,5.194298,B,0.00309,0.0,0.00309,0.00309,0.00309,0.0,1.0,1.0031,1.0031,1.0031,1.0031,1.0,20000,20000,20000,20000,20000,2011724,2011724,0,"{""EAGER"": 0, ""LATE_PERSIST"": 1, ""PER_QUERY"": 0}",13.55,425558.55
ecom|s100|r1|PRED_MUTEX|c4,ecom,100,1,PRED_MUTEX,4,1.0,1.0,1,9.731362,9.699362,9.731362,9.699362,9.731362,9.699362,9.731362,B,0.0033,0.0,0.0033,0.0033,0.0033,0.0,1.0,1.0033,1.0033,1.0033,1.0033,1.0,40000,40000,40000,40000,40000,3727256,3727256,,"{""EAGER"": 0, ""LATE_PERSIST"": 0, ""PER_QUERY"": 0}",13.55,799388.35
ecom|s100|r10|PRED_SHARED|c1,ecom,100,10,PRED_SHARED,1,1.0,1.0,10,2.596504,25.87766,2.596504,5.184188,2.596504,2.596504,2.596504,A,0.0,0.9966,0.0,0.0,0.0,8.96635,1.0,0.1003,0.5009,1.0,1.0,9.9663,10000,10000,100000,10000,10000,1058958,1058958,,"{""EAGER"": 0, ""LATE_PERSIST"": 0, ""PER_QUERY"": 0}",13.55,208643.65
ecom|s100|r10|PRED_SHARED|c2,ecom,100,10,PRED_SHARED,2,1.0,1.0,10,5.195036,51.78298,5.195036,10.373252,5.195036,5.195036,5.195036,A,0.0,0.99676,0.0,0.0,0.0,8.96778,1.0,0.1003,0.5008,1.0,1.0,9.9678,20000,20000,200000,20000,20000,2011724,2011724,0,"{""EAGER"": 0, ""LATE_PERSIST"": 10, ""PER_QUERY"": 0}",13.55,425558.55
ecom|s100|r10|PRED_SHARED|c4,ecom,100,10,PRED_SHARED,4,1.0,1.0,10,9.7321,96.99362,9.7321,19.43138,9.7321,9.7321,9.7321,A,0.0,0.99663,0.0,0.0,0.0,8.96636,1.0,0.1003,0.5008,1.0,1.0,9.9664,40000,40000,400000,40000,40000,3727256,3727256,,"{""EAGER"": 0, ""LATE_PERSIST"": 0, ""PER_QUERY"": 0}",13.55,799388.35
ecom|s100|r10|PRED_DISTINCT|c1,ecom,100,10,PRED_DISTINCT,1,1.0,1.0,10,2.596504,25.87766,2.596504,5.184188,2.596504,2.596504,2.596504,A,0.0,0.9966,0.0,0.0,0.0,8.96635,1.0,0.1003,0.5009,1.0,1.0,9.9663,10000,10000,100000,10000,10000,1058958,1058958,,"{""EAGER"": 0, ""LATE_PERSIST"": 0, ""PER_QUERY"": 0}",13.55,208643.65
ecom|s100|r10|PRED_DISTINCT|c2,ecom,100,10,PRED_DISTINCT,2,1.0,1.0,10,5.195036,51.78298,5.195036,10.373252,5.195036,5.195036,5.195036,A,0.0,0.99676,0.0,0.0,0.0,8.96778,1.0,0.1003,0.5008,1.0,1.0,9.9678,20000,20000,200000,20000,20000,2011724,2011724,0,"{""EAGER"": 0, ""LATE_PERSIST"": 10, ""PER_QUERY"": 0}",13.55,425558.55
ecom|s100|r10|PRED_DISTINCT|c4,ecom,100,10,PRED_DISTINCT,4,1.0,1.0,10,9.7321,96.99362,9.7321,19.43138,9.7321,9.7321,9.7321,A,0.0,0.99663,0.0,0.0,0.0,8.96636,1.0,0.1003,0.5008,1.0,1.0,9.9664,40000,40000,400000,40000,40000,3727256,3727256,,"{""EAGER"": 0, ""LATE_PERSIST"": 0, ""PER_QUERY"": 0}",13.55,799388.35
ecom|s100|r10|PRED_NESTED|c1,ecom,100,10,PRED_NESTED,1,0.77242,1.0,10,2.596494,19.988133,2.596494,3.079378,3.079378,2.596494,2.596494,A,0.18598,0.18598,0.0,0.0,0.0,6.69812,1.0,0.1299,1.0,1.186,1.0,7.6981,10000,10000,77242,10000,11867,1058958,1256629,,"{""EAGER"": 0, ""LATE_PERSIST"": 0, ""PER_QUERY"": 0}",13.55,75943.5
ecom|s100|r10|PRED_NESTED|c2,ecom,100,10,PRED_NESTED,2,0.77242,1.0,10,5.195026,39.998128,5.195026,6.161571,6.161571,5.195026,5.195026,A,0.18605,0.18605,0.0,0.0,0.0,6.69931,1.0,0.1299,1.0,1.1861,1.0,7.6993,20000,20000,154484,20000,23734,2011724,2387281,1,"{""EAGER"": 0, ""LATE_PERSIST"": 9, ""PER_QUERY"": 1}",13.55,154917.4
ecom|s100|r10|PRED_NESTED|c4,ecom,100,10,PRED_NESTED,4,0.77242,1.0,10,9.73209,74.920146,9.73209,11.542736,11.542736,9.73209,9.73209,A,0.18605,0.18605,0.0,0.0,0.0,6.69826,1.0,0.1299,1.0,1.186,1.0,7.6983,40000,40000,308968,40000,47468,3727256,4423112,,"{""EAGER"": 0, ""LATE_PERSIST"": 0, ""PER_QUERY"": 0}",13.55,291019.2
ecom|s100|r10|PRED_OVERLAP|c1,ecom,100,10,PRED_OVERLAP,1,0.74765,0.9992,10,2.596484,19.349141,2.594426,4.534376,2.594426,2.594426,2.594426,C,0.0,0.74774,0.0,0.0,0.00079,6.45797,0.9992,0.1341,0.5722,1.0,1.0008,7.458,9992,10000,74765,9992,9992,1058958,1058126,,"{""EAGER"": 0, ""LATE_PERSIST"": 0, ""PER_QUERY"": 0}",13.4,156524.25
ecom|s100|r10|PRED_OVERLAP|c2,ecom,100,10,PRED_OVERLAP,2,0.74765,0.9992,10,5.195016,38.719311,5.190915,9.073102,5.190915,5.190915,5.190915,C,0.0,0.74788,0.0,0.0,0.00079,6.45905,0.9992,0.1341,0.5721,1.0,1.0008,7.4591,19984,20000,149530,19984,19984,2011724,2010148,0,"{""EAGER"": 0, ""LATE_PERSIST"": 10, ""PER_QUERY"": 0}",13.4,319264.3
ecom|s100|r10|PRED_OVERLAP|c4,ecom,100,10,PRED_OVERLAP,4,0.74765,0.9992,10,9.73208,72.525162,9.724422,16.99628,9.724422,9.724422,9.724422,C,0.0,0.74779,0.0,0.0,0.00079,6.45804,0.9992,0.1341,0.5722,1.0,1.0008,7.458,39968,40000,299060,39968,39968,3727256,3724344,,"{""EAGER"": 0, ""LATE_PERSIST"": 0, ""PER_QUERY"": 0}",13.4,599732.4
ecom|s100|r10|PRED_MUTEX|c1,ecom,100,10,PRED_MUTEX,1,0.1,1.0,10,2.596484,2.588484,2.596484,2.588484,2.588484,2.588484,2.588484,B,0.0,0.0,0.0,0.00309,0.00309,0.0,1.0,1.0031,1.0,1.0,1.0031,1.0,10000,10000,10000,10000,10000,1058958,1058958,,"{""EAGER"": 0, ""LATE_PERSIST"": 0, ""PER_QUERY"": 0}",13.4,20909.65
ecom|s100|r10|PRED_MUTEX|c2,ecom,100,10,PRED_MUTEX,2,0.1,1.0,10,5.195016,5.179016,5.195016,5.179016,5.179016,5.179016,5.179016,B,0.0,0.0,0.0,0.00309,0.00309,0.0,1.0,1.0031,1.0,1.0,1.0031,1.0,20000,20000,20000,20000,20000,2011724,2011724,0,"{""EAGER"": 0, ""LATE_PERSIST"": 0, ""PER_QUERY"": 10}",13.4,42602.7
ecom|s100|r10|PRED_MUTEX|c4,ecom,100,10,PRED_MUTEX,4,0.1,1.0,10,9.73208,9.70008,9.73208,9.70008,9.70008,9.70008,9.70008,B,0.0,0.0,0.0,0.0033,0.0033,0.0,1.0,1.0033,1.0,1.0,1.0033,1.0,40000,40000,40000,40000,40000,3727256,3727256,,"{""EAGER"": 0, ""LATE_PERSIST"": 0, ""PER_QUERY"": 0}",13.4,80005.0
ecom|s100|r50|PRED_SHARED|c1,ecom,100,50,PRED_SHARED,1,1.0,1.0,50,2.599784,129.3883,2.599784,5.187468,2.599784,2.599784,2.599784,A,0.0,0.99535,0.0,0.0,0.0,48.76887,1.0,0.0201,0.5012,1.0,1.0,49.7689,10000,10000,500000,10000,10000,1058958,1058958,,"{""EAGER"": 0, ""LATE_PERSIST"": 0, ""PER_QUERY"": 0}",13.55,13.55
ecom|s100|r50|PRED_SHARED|c2,ecom,100,50,PRED_SHARED,2,1.0,1.0,50,5.198316,258.9149,5.198316,10.376532,5.198316,5.198316,5.198316,A,0.0,0.99613,0.0,0.0,0.0,48.80746,1.0,0.0201,0.501,1.0,1.0,49.8075,20000,20000,1000000,20000,20000,2011724,2011724,0,"{""EAGER"": 0, ""LATE_PERSIST"": 50, ""PER_QUERY"": 0}",13.55,13.55
ecom|s100|r50|PRED_SHARED|c4,ecom,100,50,PRED_SHARED,4,1.0,1.0,50,9.73538,484.9681,9.73538,19.43466,9.73538,9.73538,9.73538,A,0.0,0.99629,0.0,0.0,0.0,48.81501,1.0,0.0201,0.5009,1.0,1.0,49.815,40000,40000,2000000,40000,40000,3727256,3727256,,"{""EAGER"": 0, ""LATE_PERSIST"": 0, ""PER_QUERY"": 0}",13.55,13.55
ecom|s100|r50|PRED_DISTINCT|c1,ecom,100,50,PRED_DISTINCT,1,1.0,1.0,50,2.599784,129.3883,2.599784,5.187468,2.599784,2.599784,2.599784,A,0.0,0.99535,0.0,0.0,0.0,48.76887,1.0,0.0201,0.5012,1.0,1.0,49.7689,10000,10000,500000,10000,10000,1058958,1058958,,"{""EAGER"": 0, ""LATE_PERSIST"": 0, ""PER_QUERY"": 0}",13.55,13.55
ecom|s100|r50|PRED_DISTINCT|c2,ecom,100,50,PRED_DISTINCT,2,1.0,1.0,50,5.198316,258.9149,5.198316,10.376532,5.198316,5.198316,5.198316,A,0.0,0.99613,0.0,0.0,0.0,48.80746,1.0,0.0201,0.501,1.0,1.0,49.8075,20000,20000,1000000,20000,20000,2011724,2011724,0,"{""EAGER"": 0, ""LATE_PERSIST"": 50, ""PER_QUERY"": 0}",13.55,13.55
ecom|s100|r50|PRED_DISTINCT|c4,ecom,100,50,PRED_DISTINCT,4,1.0,1.0,50,9.73538,484.9681,9.73538,19.43466,9.73538,9.73538,9.73538,A,0.0,0.99629,0.0,0.0,0.0,48.81501,1.0,0.0201,0.5009,1.0,1.0,49.815,40000,40000,2000000,40000,40000,3727256,3727256,,"{""EAGER"": 0, ""LATE_PERSIST"": 0, ""PER_QUERY"": 0}",13.55,13.55
ecom|s100|r50|PRED_NESTED|c1,ecom,100,50,PRED_NESTED,1,0.75488,1.0,50,2.599734,97.672602,2.599734,2.70642,2.70642,2.599734,2.599734,A,0.04104,0.04104,0.0,0.0,0.0,36.57023,1.0,0.0266,1.0,1.041,1.0,37.5702,10000,10000,377441,10000,10412,1058958,1102622,,"{""EAGER"": 0, ""LATE_PERSIST"": 0, ""PER_QUERY"": 0}",13.55,9050.95
ecom|s100|r50|PRED_NESTED|c2,ecom,100,50,PRED_NESTED,2,0.75488,1.0,50,5.198266,195.451581,5.198266,5.41175,5.41175,5.198266,5.198266,A,0.04107,0.04107,0.0,0.0,0.0,36.59938,1.0,0.0266,1.0,1.0411,1.0,37.5994,20000,20000,754882,20000,20824,2011724,2094676,3,"{""EAGER"": 1, ""LATE_PERSIST"": 48, ""PER_QUERY"": 1}",13.55,18444.3
ecom|s100|r50|PRED_NESTED|c4,ecom,100,50,PRED_NESTED,4,0.75488,1.0,50,9.73533,366.098432,9.73533,10.135218,10.135218,9.73533,9.73533,A,0.04108,0.04108,0.0,0.0,0.0,36.60514,1.0,0.0266,1.0,1.0411,1.0,37.6051,40000,40000,1509764,40000,41648,3727256,3880956,,"{""EAGER"": 0, ""LATE_PERSIST"": 0, ""PER_QUERY"": 0}",13.55,34633.0
ecom|s100|r50|PRED_OVERLAP|c1,ecom,100,50,PRED_OVERLAP,1,0.74791,1.0,50,2.599684,96.77581,2.599684,4.540965,2.599684,2.599684,2.599684,A,0.0,0.74674,0.0,0.0,0.0,36.22599,1.0,0.0269,0.5725,1.0,1.0,37.226,10000,10000,373956,10000,10000,1058958,1058958,,"{""EAGER"": 0, ""LATE_PERSIST"": 0, ""PER_QUERY"": 0}",13.4,13100.8
ecom|s100|r50|PRED_OVERLAP|c2,ecom,100,50,PRED_OVERLAP,2,0.74791,1.0,50,5.198216,193.657432,5.198216,9.083054,5.198216,5.198216,5.198216,A,0.0,0.74734,0.0,0.0,0.0,36.2546,1.0,0.0268,0.5723,1.0,1.0,37.2546,20000,20000,747912,20000,20000,2011724,2011724,0,"{""EAGER"": 0, ""LATE_PERSIST"": 50, ""PER_QUERY"": 0}",13.4,26722.2
ecom|s100|r50|PRED_OVERLAP|c4,ecom,100,50,PRED_OVERLAP,4,0.74791,1.0,50,9.73528,362.73958,9.73528,17.0121,9.73528,9.73528,9.73528,A,0.0,0.74747,0.0,0.0,0.0,36.26031,1.0,0.0268,0.5723,1.0,1.0,37.2603,40000,40000,1495824,40000,40000,3727256,3727256,,"{""EAGER"": 0, ""LATE_PERSIST"": 0, ""PER_QUERY"": 0}",13.4,50197.0
ecom|s100|r50|PRED_MUTEX|c1,ecom,100,50,PRED_MUTEX,1,0.02,1.0,50,2.599684,2.591684,2.599684,2.591684,2.591684,2.591684,2.591684,B,0.0,0.0,0.0,0.00309,0.00309,0.0,1.0,1.0031,1.0,1.0,1.0031,1.0,10000,10000,10000,10000,10000,1058958,1058958,,"{""EAGER"": 0, ""LATE_PERSIST"": 0, ""PER_QUERY"": 0}",13.4,4206.75
ecom|s100|r50|PRED_MUTEX|c2,ecom,100,50,PRED_MUTEX,2,0.02,1.0,50,5.198216,5.182216,5.198216,5.182216,5.182216,5.182216,5.182216,B,0.0,0.0,0.0,0.00309,0.00309,0.0,1.0,1.0031,1.0,1.0,1.0031,1.0,20000,20000,20000,20000,20000,2011724,2011724,0,"{""EAGER"": 0, ""LATE_PERSIST"": 0, ""PER_QUERY"": 50}",13.4,8557.9
ecom|s100|r50|PRED_MUTEX|c4,ecom,100,50,PRED_MUTEX,4,0.02,1.0,50,9.73528,9.70328,9.73528,9.70328,9.70328,9.70328,9.70328,B,0.0,0.0,0.0,0.0033,0.0033,0.0,1.0,1.0033,1.0,1.0,1.0033,1.0,40000,40000,40000,40000,40000,3727256,3727256,,"{""EAGER"": 0, ""LATE_PERSIST"": 0, ""PER_QUERY"": 0}",13.4,16054.8
ecom|s100|r100|PRED_SHARED|c1,ecom,100,100,PRED_SHARED,1,1.0,1.0,100,2.603884,258.7766,2.603884,5.191568,2.603884,2.603884,2.603884,A,0.0,0.99378,0.0,0.0,0.0,98.381,1.0,0.0101,0.5016,1.0,1.0,99.381,10000,10000,1000000,10000,10000,1058958,1058958,,"{""EAGER"": 0, ""LATE_PERSIST"": 0, ""PER_QUERY"": 0}",13.55,13.55
ecom|s100|r100|PRED_SHARED|c2,ecom,100,100,PRED_SHARED,2,1.0,1.0,100,5.202416,517.8298,5.202416,10.380632,5.202416,5.202416,5.202416,A,0.0,0.99535,0.0,0.0,0.0,98.53641,1.0,0.01,0.5012,1.0,1.0,99.5364,20000,20000,2000000,20000,20000,2011724,2011724,0,"{""EAGER"": 0, ""LATE_PERSIST"": 100, ""PER_QUERY"": 0}",13.55,13.55
ecom|s100|r100|PRED_SHARED|c4,ecom,100,100,PRED_SHARED,4,1.0,1.0,100,9.73948,969.9362,9.73948,19.43876,9.73948,9.73948,9.73948,A,0.0,0.99587,0.0,0.0,0.0,98.58809,1.0,0.01,0.501,1.0,1.0,99.5881,40000,40000,4000000,40000,40000,3727256,3727256,,"{""EAGER"": 0, ""LATE_PERSIST"": 0, ""PER_QUERY"": 0}",13.55,13.55
ecom|s100|r100|PRED_DISTINCT|c1,ecom,100,100,PRED_DISTINCT,1,1.0,1.0,100,2.603884,258.7766,2.603884,5.191568,2.603884,2.603884,2.603884,A,0.0,0.99378,0.0,0.0,0.0,98.381,1.0,0.0101,0.5016,1.0,1.0,99.381,10000,10000,1000000,10000,10000,1058958,1058958,,"{""EAGER"": 0, ""LATE_PERSIST"": 0, ""PER_QUERY"": 0}",13.55,13.55
ecom|s100|r100|PRED_DISTINCT|c2,ecom,100,100,PRED_DISTINCT,2,1.0,1.0,100,5.202416,517.8298,5.202416,10.380632,5.202416,5.202416,5.202416,A,0.0,0.99535,0.0,0.0,0.0,98.53641,1.0,0.01,0.5012,1.0,1.0,99.5364,20000,20000,2000000,20000,20000,2011724,2011724,0,"{""EAGER"": 0, ""LATE_PERSIST"": 100, ""PER_QUERY"": 0}",13.55,13.55
ecom|s100|r100|PRED_DISTINCT|c4,ecom,100,100,PRED_DISTINCT,4,1.0,1.0,100,9.73948,969.9362,9.73948,19.43876,9.73948,9.73948,9.73948,A,0.0,0.99587,0.0,0.0,0.0,98.58809,1.0,0.01,0.501,1.0,1.0,99.5881,40000,40000,4000000,40000,40000,3727256,3727256,,"{""EAGER"": 0, ""LATE_PERSIST"": 0, ""PER_QUERY"": 0}",13.55,13.55
ecom|s100|r100|PRED_NESTED|c1,ecom,100,100,PRED_NESTED,1,0.75231,1.0,100,2.603784,194.678539,2.603784,2.658652,2.658652,2.603784,2.603784,A,0.02107,0.02107,0.0,0.0,0.0,73.76755,1.0,0.0134,1.0,1.0211,1.0,74.7675,10000,10000,752305,10000,10212,1058958,1081403,,"{""EAGER"": 0, ""LATE_PERSIST"": 0, ""PER_QUERY"": 0}",13.55,4352.65
ecom|s100|r100|PRED_NESTED|c2,ecom,100,100,PRED_NESTED,2,0.75231,1.0,100,5.202316,389.569151,5.202316,5.312084,5.312084,5.202316,5.202316,A,0.0211,0.0211,0.0,0.0,0.0,73.88379,1.0,0.0134,1.0,1.0211,1.0,74.8838,20000,20000,1504610,20000,20424,2011724,2054358,3,"{""EAGER"": 1, ""LATE_PERSIST"": 98, ""PER_QUERY"": 1}",13.55,8868.3
ecom|s100|r100|PRED_NESTED|c4,ecom,100,100,PRED_NESTED,4,0.75231,1.0,100,9.73938,729.698246,9.73938,9.944956,9.944956,9.73938,9.73938,A,0.02111,0.02111,0.0,0.0,0.0,73.92245,1.0,0.0133,1.0,1.0211,1.0,74.9225,40000,40000,3009220,40000,40848,3727256,3806240,,"{""EAGER"": 0, ""LATE_PERSIST"": 0, ""PER_QUERY"": 0}",13.55,16651.6
ecom|s100|r100|PRED_OVERLAP|c1,ecom,100,100,PRED_OVERLAP,1,0.74776,1.0,100,2.603684,193.509286,2.603684,4.544965,2.603684,2.603684,2.603684,A,0.0,0.74559,0.0,0.0,0.0,73.32134,1.0,0.0135,0.5729,1.0,1.0,74.3213,10000,10000,747759,10000,10000,1058958,1058958,,"{""EAGER"": 0, ""LATE_PERSIST"": 0, ""PER_QUERY"": 0}",13.4,1707.05
ecom|s100|r100|PRED_OVERLAP|c2,ecom,100,100,PRED_OVERLAP,2,0.74776,1.0,100,5.202216,387.230945,5.202216,9.087054,5.202216,5.202216,5.202216,A,0.0,0.74677,0.0,0.0,0.0,73.43577,1.0,0.0134,0.5725,1.0,1.0,74.4358,20000,20000,1495518,20000,20000,2011724,2011724,0,"{""EAGER"": 0, ""LATE_PERSIST"": 100, ""PER_QUERY"": 0}",13.4,3468.5
ecom|s100|r100|PRED_OVERLAP|c4,ecom,100,100,PRED_OVERLAP,4,0.74776,1.0,100,9.73928,725.32217,9.73928,17.0161,9.73928,9.73928,9.73928,A,0.0,0.74716,0.0,0.0,0.0,73.4739,1.0,0.0134,0.5724,1.0,1.0,74.4739,40000,40000,2991036,40000,40000,3727256,3727256,,"{""EAGER"": 0, ""LATE_PERSIST"": 0, ""PER_QUERY"": 0}",13.4,6505.4
ecom|s100|r100|PRED_MUTEX|c1,ecom,100,100,PRED_MUTEX,1,0.01,1.0,100,2.603684,2.595684,2.603684,2.595684,2.595684,2.595684,2.595684,B,0.0,0.0,0.0,0.00308,0.00308,0.0,1.0,1.0031,1.0,1.0,1.0031,1.0,10000,10000,10000,10000,10000,1058958,1058958,,"{""EAGER"": 0, ""LATE_PERSIST"": 0, ""PER_QUERY"": 0}",13.4,2117.35
ecom|s100|r100|PRED_MUTEX|c2,ecom,100,100,PRED_MUTEX,2,0.01,1.0,100,5.202216,5.186216,5.202216,5.186216,5.186216,5.186216,5.186216,B,0.0,0.0,0.0,0.00309,0.00309,0.0,1.0,1.0031,1.0,1.0,1.0031,1.0,20000,20000,20000,20000,20000,2011724,2011724,0,"{""EAGER"": 0, ""LATE_PERSIST"": 0, ""PER_QUERY"": 100}",13.4,4295.7
ecom|s100|r100|PRED_MUTEX|c4,ecom,100,100,PRED_MUTEX,4,0.01,1.0,100,9.73928,9.70728,9.73928,9.70728,9.70728,9.70728,9.70728,B,0.0,0.0,0.0,0.0033,0.0033,0.0,1.0,1.0033,1.0,1.0,1.0033,1.0,40000,40000,40000,40000,40000,3727256,3727256,,"{""EAGER"": 0, ""LATE_PERSIST"": 0, ""PER_QUERY"": 0}",13.4,8053.6
finproc|s1|r1|PRED_SHARED|c1,finproc,1,1,PRED_SHARED,1,0.0097,0.0097,1,1.91524,0.018655,0.018732,0.018655,0.018655,0.018655,0.018655,B,0.0,0.0,0.0,0.00416,101.66906,0.0,0.0098,1.0042,1.0,1.0,102.6691,1.0,97,10000,97,97,97,751080,7323,,"{""EAGER"": 0, ""LATE_PERSIST"": 0, ""PER_QUERY"": 0}",13.4,1524.1
finproc|s1|r1|PRED_SHARED|c2,finproc,1,1,PRED_SHARED,2,0.0097,0.0097,1,4.4904,0.043631,0.043786,0.043631,0.043631,0.043631,0.043631,B,0.0,0.0,0.0,0.00356,101.91765,0.0,0.0098,1.0036,1.0,1.0,102.9177,1.0,194,20000,194,194,194,1692160,16489,0,"{""EAGER"": 0, ""LATE_PERSIST"": 0, ""PER_QUERY"": 1}",13.4,3616.8
finproc|s1|r1|PRED_SHARED|c4,finproc,1,1,PRED_SHARED,4,0.0097,0.0097,1,9.54072,0.092614,0.092924,0.092614,0.092614,0.092614,0.092614,B,0.0,0.0,0.0,0.00335,102.01596,0.0,0.0097,1.0034,1.0,1.0,103.016,1.0,388,40000,388,388,388,3664320,35694,,"{""EAGER"": 0, ""LATE_PERSIST"": 0, ""PER_QUERY"": 0}",13.4,7627.6
finproc|s1|r1|PRED_DISTINCT|c1,finproc,1,1,PRED_DISTINCT,1,0.0094,0.0094,1,1.91524,0.018099,0.018174,0.018099,0.018099,0.018099,0.018099,B,0.0,0.0,0.0,0.00415,104.82021,0.0,0.0095,1.0042,1.0,1.0,105.8202,1.0,94,10000,94,94,94,751080,7106,,"{""EAGER"": 0, ""LATE_PERSIST"": 0, ""PER_QUERY"": 0}",13.4,1478.8
finproc|s1|r1|PRED_DISTINCT|c2,finproc,1,1,PRED_DISTINCT,2,0.0094,0.0094,1,4.4904,0.042322,0.042472,0.042322,0.042322,0.042322,0.042322,B,0.0,0.0,0.0,0.00355,105.10085,0.0,0.0095,1.0036,1.0,1.0,106.1008,1.0,188,20000,188,188,188,1692160,15998,0,"{""EAGER"": 0, ""LATE_PERSIST"": 0, ""PER_QUERY"": 1}",13.4,3508.2
finproc|s1|r1|PRED_DISTINCT|c4,finproc,1,1,PRED_DISTINCT,4,0.0094,0.0094,1,9.54072,0.089828,0.090129,0.089828,0.089828,0.089828,0.089828,B,0.0,0.0,0.0,0.00335,105.21098,0.0,0.0094,1.0033,1.0,1.0,106.211,1.0,376,40000,376,376,376,3664320,34628,,"{""EAGER"": 0, ""LATE_PERSIST"": 0, ""PER_QUERY"": 0}",13.4,7397.8
finproc|s1|r1|PRED_NESTED|c1,finproc,1,1,PRED_NESTED,1,0.0097,0.0097,1,1.91524,0.018655,0.018732,0.018655,0.018655,0.018655,0.018655,B,0.0,0.0,0.0,0.00416,101.66906,0.0,0.0098,1.0042,1.0,1.0,102.6691,1.0,97,10000,97,97,97,751080,7323,,"{""EAGER"": 0, ""LATE_PERSIST"": 0, ""PER_QUERY"": 0}",13.4,1524.1
finproc|s1|r1|PRED_NESTED|c2,finproc,1,1,PRED_NESTED,2,0.0097,0.0097,1,4.4904,0.043631,0.043786,0.043631,0.043631,0.043631,0.043631,B,0.0,0.0,0.0,0.00356,101.91765,0.0,0.0098,1.0036,1.0,1.0,102.9177,1.0,194,20000,194,194,194,1692160,16489,0,"{""EAGER"": 0, ""LATE_PERSIST"": 0, ""PER_QUERY"": 1}",13.4,3616.8
finproc|s1|r1|PRED_NESTED|c4,finproc,1,1,PRED_NESTED,4,0.0097,0.0097,1,9.54072,0.092614,0.092924,0.092614,0.092614,0.092614,0.092614,B,0.0,0.0,0.0,0.00335,102.01596,0.0,0.0097,1.0034,1.0,1.0,103.016,1.0,388,40000,388,388,388,3664320,35694,,"{""EAGER"": 0, ""LATE_PERSIST"": 0, ""PER_QUERY"": 0}",13.4,7627.6
finproc|s1|r1|PRED_OVERLAP|c1,finproc,1,1,PRED_OVERLAP,1,0.0112,0.0112,1,1.91524,0.02159,0.02168,0.02159,0.02159,0.02159,0.02159,B,0.0,0.0,0.0,0.00415,87.70959,0.0,0.0113,1.0042,1.0,1.0,88.7096,1.0,112,10000,112,112,112,751080,8487,,"{""EAGER"": 0, ""LATE_PERSIST"": 0, ""PER_QUERY"": 0}",13.4,1762.45
finproc|s1|r1|PRED_OVERLAP|c2,finproc,1,1,PRED_OVERLAP,2,0.0112,0.0112,1,4.4904,0.050492,0.050671,0.050492,0.050492,0.050492,0.050492,B,0.0,0.0,0.0,0.00355,87.9329,0.0,0.0113,1.0035,1.0,1.0,88.9329,1.0,224,20000,224,224,224,1692160,19102,0,"{""EAGER"": 0, ""LATE_PERSIST"": 0, ""PER_QUERY"": 1}",13.4,4183.5
finproc|s1|r1|PRED_OVERLAP|c4,finproc,1,1,PRED_OVERLAP,4,0.0112,0.0112,1,9.54072,0.107176,0.107534,0.107176,0.107176,0.107176,0.107176,B,0.0,0.0,0.0,0.00334,88.01918,0.0,0.0113,1.0033,1.0,1.0,89.0192,1.0,448,40000,448,448,448,3664320,41340,,"{""EAGER"": 0, ""LATE_PERSIST"": 0, ""PER_QUERY"": 0}",13.4,8824.0
finproc|s1|r1|PRED_MUTEX|c1,finproc,1,1,PRED_MUTEX,1,0.01,0.01,1,1.91524,0.019136,0.019216,0.019136,0.019136,0.019136,0.019136,B,0.0,0.0,0.0,0.00418,99.0857,0.0,0.01,1.0042,1.0,1.0,100.0857,1.0,100,10000,100,100,100,751080,7503,,"{""EAGER"": 0, ""LATE_PERSIST"": 0, ""PER_QUERY"": 0}",13.4,1563.85
finproc|s1|r1|PRED_MUTEX|c2,finproc,1,1,PRED_MUTEX,2,0.01,0.01,1,4.4904,0.044792,0.044952,0.044792,0.044792,0.044792,0.044792,B,0.0,0.0,0.0,0.00357,99.25004,0.0,0.01,1.0036,1.0,1.0,100.25,1.0,200,20000,200,200,200,1692160,16906,0,"{""EAGER"": 0, ""LATE_PERSIST"": 0, ""PER_QUERY"": 1}",13.4,3714.3
finproc|s1|r1|PRED_MUTEX|c4,finproc,1,1,PRED_MUTEX,4,0.01,0.01,1,9.54072,0.095104,0.095424,0.095104,0.095104,0.095104,0.095104,B,0.0,0.0,0.0,0.00336,99.31881,0.0,0.01,1.0034,1.0,1.0,100.3188,1.0,400,40000,400,400,400,3664320,36612,,"{""EAGER"": 0, ""LATE_PERSIST"": 0, ""PER_QUERY"": 0}",13.4,7835.2
finproc|s1|r10|PRED_SHARED|c1,finproc,1,10,PRED_SHARED,1,0.0097,0.0097,10,1.91596,0.186545,0.019452,0.038027,0.038027,0.019452,0.038027,C,0.95488,0.95488,0.95488,0.0,97.49631,8.58997,0.0102,0.1043,1.0,1.9549,98.4963,9.59,97,10000,970,97,194,751080,14646,,"{""EAGER"": 0, ""LATE_PERSIST"": 0, ""PER_QUERY"": 0}",13.4,1524.1
finproc|s1|r10|PRED_SHARED|c2,finproc,1,10,PRED_SHARED,2,0.0097,0.0097,10,4.49112,0.43631,0.044506,0.088057,0.088057,0.044506,0.088057,C,0.97854,0.97854,0.97854,0.0,99.90999,8.80335,0.0099,0.102,1.0,1.9785,100.91,9.8034,194,20000,1940,194,388,1692160,32978,1,"{""EAGER"": 0, ""LATE_PERSIST"": 9, ""PER_QUERY"": 1}",13.4,3616.8
finproc|s1|r10|PRED_SHARED|c4,finproc,1,10,PRED_SHARED,4,0.0097,0.0097,10,9.54144,0.92614,0.093644,0.186178,0.186178,0.093644,0.186178,C,0.98814,0.98814,0.98814,0.0,100.89013,8.88997,0.0098,0.1011,1.0,1.9881,101.8901,9.89,388,40000,3880,388,776,3664320,71388,,"{""EAGER"": 0, ""LATE_PERSIST"": 0, ""PER_QUERY"": 0}",13.4,7627.6
finproc|s1|r10|PRED_DISTINCT|c1,finproc,1,10,PRED_DISTINCT,1,0.00986,0.0937,10,1.91596,0.188809,0.180152,0.184227,0.184227,0.180152,0.184227,C,0.02262,0.02262,0.02262,0.0,9.63524,0.04805,0.094,0.9541,1.0,1.0226,10.6352,1.0481,937,10000,986,937,959,751080,72026,,"{""EAGER"": 0, ""LATE_PERSIST"": 0, ""PER_QUERY"": 0}",13.4,1747.9
finproc|s1|r10|PRED_DISTINCT|c2,finproc,1,10,PRED_DISTINCT,2,0.00986,0.0937,10,4.49112,0.441894,0.421346,0.430947,0.430947,0.421346,0.430947,C,0.02279,0.02279,0.02279,0.0,9.65898,0.04877,0.0938,0.9535,1.0,1.0228,10.659,1.0488,1874,20000,1972,1874,1918,1692160,162273,3,"{""EAGER"": 0, ""LATE_PERSIST"": 7, ""PER_QUERY"": 3}",13.4,4154.4
finproc|s1|r10|PRED_DISTINCT|c4,finproc,1,10,PRED_DISTINCT,4,0.00986,0.0937,10,9.54144,0.938204,0.894364,0.9075,0.9075,0.894364,0.9075,C,0.01469,0.01469,0.01469,0.0,9.6684,0.04902,0.0937,0.9533,1.0,1.0147,10.6684,1.049,3748,40000,3944,3748,3804,3664320,348454,,"{""EAGER"": 0, ""LATE_PERSIST"": 0, ""PER_QUERY"": 0}",13.4,8765.8
finproc|s1|r10|PRED_NESTED|c1,finproc,1,10,PRED_NESTED,1,0.01032,0.0192,10,1.91596,0.198184,0.037636,0.041668,0.041668,0.037636,0.041668,C,0.10715,0.10715,0.10715,0.0,49.90818,4.26587,0.0196,0.1899,1.0,1.1071,50.9082,5.2659,192,10000,1032,192,213,751080,16044,,"{""EAGER"": 0, ""LATE_PERSIST"": 0, ""PER_QUERY"": 0}",13.4,716.6
finproc|s1|r10|PRED_NESTED|c2,finproc,1,10,PRED_NESTED,2,0.01032,0.0192,10,4.49112,0.46368,0.087143,0.096594,0.096594,0.087143,0.096594,C,0.10845,0.10845,0.10845,0.0,50.53724,4.3209,0.0194,0.1879,1.0,1.1085,51.5372,5.3209,384,20000,2064,384,426,1692160,36135,1,"{""EAGER"": 0, ""LATE_PERSIST"": 9, ""PER_QUERY"": 1}",13.4,1689.8
finproc|s1|r10|PRED_NESTED|c4,finproc,1,10,PRED_NESTED,4,0.01032,0.0192,10,9.54144,0.984352,0.184238,0.204316,0.204316,0.184238,0.204316,C,0.10898,0.10898,0.10898,0.0,50.78855,4.34282,0.0193,0.1872,1.0,1.109,51.7886,5.3428,768,40000,4128,768,852,3664320,78234,,"{""EAGER"": 0, ""LATE_PERSIST"": 0, ""PER_QUERY"": 0}",13.4,3555.2
finproc|s1|r10|PRED_OVERLAP|c1,finproc,1,10,PRED_OVERLAP,1,0.01078,0.0573,10,1.91596,0.207267,0.110777,0.122066,0.122066,0.110777,0.122066,C,0.10191,0.10191,0.10191,0.0,16.29566,0.87103,0.0578,0.5345,1.0,1.1019,17.2957,1.871,573,10000,1078,573,632,751080,47627,,"{""EAGER"": 0, ""LATE_PERSIST"": 0, ""PER_QUERY"": 0}",13.4,1762.45
finproc|s1|r10|PRED_OVERLAP|c2,finproc,1,10,PRED_OVERLAP,2,0.01078,0.0573,10,4.49112,0.484882,0.258572,0.285044,0.285044,0.258572,0.285044,C,0.10238,0.10238,0.10238,0.0,16.36895,0.87523,0.0576,0.5333,1.0,1.1024,17.3689,1.8752,1146,20000,2156,1146,1264,1692160,107262,1,"{""EAGER"": 0, ""LATE_PERSIST"": 9, ""PER_QUERY"": 1}",13.4,4183.5
finproc|s1|r10|PRED_OVERLAP|c4,finproc,1,10,PRED_OVERLAP,4,0.01078,0.0573,10,9.54144,1.029332,0.548432,0.60468,0.60468,0.548432,0.60468,C,0.10256,0.10256,0.10256,0.0,16.39768,0.87686,0.0575,0.5328,1.0,1.1026,17.3977,1.8769,2292,40000,4312,2292,2528,3664320,232220,,"{""EAGER"": 0, ""LATE_PERSIST"": 0, ""PER_QUERY"": 0}",13.4,8824.0
finproc|s1|r10|PRED_MUTEX|c1,finproc,1,10,PRED_MUTEX,1,0.01,0.1,10,1.91596,0.191602,0.192402,0.191602,0.191602,0.191602,0.191602,B,0.0,0.0,0.0,0.00418,8.99969,0.0,0.1004,1.0042,1.0,1.0,9.9997,1.0,1000,10000,1000,1000,1000,751080,75151,,"{""EAGER"": 0, ""LATE_PERSIST"": 0, ""PER_QUERY"": 0}",13.4,1578.25
finproc|s1|r10|PRED_MUTEX|c2,finproc,1,10,PRED_MUTEX,2,0.01,0.1,10,4.49112,0.448404,0.450004,0.448404,0.448404,0.448404,0.448404,B,0.0,0.0,0.0,0.00357,9.01579,0.0,0.1002,1.0036,1.0,1.0,10.0158,1.0,2000,20000,2000,2000,2000,1692160,169302,0,"{""EAGER"": 0, ""LATE_PERSIST"": 0, ""PER_QUERY"": 10}",13.4,3743.1
finproc|s1|r10|PRED_MUTEX|c4,finproc,1,10,PRED_MUTEX,4,0.01,0.1,10,9.54144,0.952008,0.955208,0.952008,0.952008,0.952008,0.952008,B,0.0,0.0,0.0,0.00336,9.02244,0.0,0.1001,1.0034,1.0,1.0,10.0224,1.0,4000,40000,4000,4000,4000,3664320,366604,,"{""EAGER"": 0, ""LATE_PERSIST"": 0, ""PER_QUERY"": 0}",13.4,7892.8
finproc|s1|r50|PRED_SHARED|c1,finproc,1,50,PRED_SHARED,1,0.0097,0.0097,50,1.91916,0.932725,0.022652,0.041227,0.041227,0.022652,0.041227,C,0.81999,0.81999,0.81999,0.0,83.72327,40.17609,0.0118,0.0243,1.0,1.82,84.7233,41.1761,97,10000,4850,97,194,751080,14646,,"{""EAGER"": 0, ""LATE_PERSIST"": 0, ""PER_QUERY"": 0}",13.4,13.4
finproc|s1|r50|PRED_SHARED|c2,finproc,1,50,PRED_SHARED,2,0.0097,0.0097,50,4.49432,2.18155,0.047706,0.091257,0.091257,0.047706,0.091257,C,0.9129,0.9129,0.9129,0.0,93.2083,44.72886,0.0106,0.0219,1.0,1.9129,94.2083,45.7289,194,20000,9700,194,388,1692160,32978,1,"{""EAGER"": 0, ""LATE_PERSIST"": 49, ""PER_QUERY"": 1}",13.4,13.4
finproc|s1|r50|PRED_SHARED|c4,finproc,1,50,PRED_SHARED,4,0.0097,0.0097,50,9.54464,4.6307,0.096844,0.189378,0.189378,0.096844,0.189378,C,0.95549,0.95549,0.95549,0.0,97.55645,46.81588,0.0101,0.0209,1.0,1.9555,98.5564,47.8159,388,40000,19400,388,776,3664320,71388,,"{""EAGER"": 0, ""LATE_PERSIST"": 0, ""PER_QUERY"": 0}",13.4,13.4
finproc|s1|r50|PRED_DISTINCT|c1,finproc,1,50,PRED_DISTINCT,1,0.01003,0.3945,50,1.91916,0.960495,0.759675,0.808165,0.808165,0.759675,0.808165,C,0.06383,0.06383,0.06383,0.0,1.52629,0.26435,0.3958,0.7909,1.0,1.0638,2.5263,1.2644,3945,10000,5015,3945,4203,751080,315810,,"{""EAGER"": 0, ""LATE_PERSIST"": 0, ""PER_QUERY"": 0}",13.4,1723.95
finproc|s1|r50|PRED_DISTINCT|c2,finproc,1,50,PRED_DISTINCT,2,0.01003,0.3945,50,4.49432,2.247981,1.775719,1.876813,1.876813,1.775719,1.876813,C,0.05693,0.05693,0.05693,0.0,1.53099,0.26596,0.3951,0.7899,1.0,1.0569,2.531,1.266,7890,20000,10030,7890,8346,1692160,706473,17,"{""EAGER"": 0, ""LATE_PERSIST"": 37, ""PER_QUERY"": 13}",13.4,4094.5
finproc|s1|r50|PRED_DISTINCT|c4,finproc,1,50,PRED_DISTINCT,4,0.01003,0.3945,50,9.54464,4.772802,3.768358,3.924287,3.924287,3.768358,3.924287,C,0.04138,0.04138,0.04138,0.0,1.53284,0.26655,0.3948,0.7895,1.0,1.0414,2.5328,1.2665,15780,40000,20060,15780,16440,3664320,1506920,,"{""EAGER"": 0, ""LATE_PERSIST"": 0, ""PER_QUERY"": 0}",13.4,8318.8
finproc|s1|r50|PRED_NESTED|c1,finproc,1,50,PRED_NESTED,1,0.01032,0.0206,50,1.91916,0.991172,0.043616,0.045561,0.045561,0.043616,0.045561,C,0.04459,0.04459,0.04459,0.0,43.00149,21.72507,0.0227,0.044,1.0,1.0446,44.0015,22.7251,206,10000,5160,206,216,751080,16324,,"{""EAGER"": 0, ""LATE_PERSIST"": 0, ""PER_QUERY"": 0}",13.4,232.8
finproc|s1|r50|PRED_NESTED|c2,finproc,1,50,PRED_NESTED,2,0.01032,0.0206,50,4.49432,2.318904,0.096828,0.101378,0.101378,0.096828,0.101378,C,0.04699,0.04699,0.04699,0.0,45.41569,22.94879,0.0215,0.0418,1.0,1.047,46.4157,23.9488,412,20000,10320,412,432,1692160,36752,1,"{""EAGER"": 0, ""LATE_PERSIST"": 49, ""PER_QUERY"": 1}",13.4,536.2
finproc|s1|r50|PRED_NESTED|c4,finproc,1,50,PRED_NESTED,4,0.01032,0.0206,50,9.54464,4.922768,0.201191,0.210851,0.210851,0.201191,0.210851,C,0.04801,0.04801,0.04801,0.0,46.44064,23.46811,0.0211,0.0409,1.0,1.048,47.4406,24.4681,824,40000,20640,824,864,3664320,79552,,"{""EAGER"": 0, ""LATE_PERSIST"": 0, ""PER_QUERY"": 0}",13.4,1117.8
finproc|s1|r50|PRED_OVERLAP|c1,finproc,1,50,PRED_OVERLAP,1,0.01031,0.2196,50,1.91916,0.991783,0.425029,0.437667,0.437667,0.425029,0.437667,C,0.02973,0.02973,0.02973,0.0,3.51536,1.33345,0.2215,0.4286,1.0,1.0297,4.5154,2.3334,2196,10000,5157,2196,2262,751080,170168,,"{""EAGER"": 0, ""LATE_PERSIST"": 0, ""PER_QUERY"": 0}",13.4,1009.45
finproc|s1|r50|PRED_OVERLAP|c2,finproc,1,50,PRED_OVERLAP,2,0.01031,0.2196,50,4.49432,2.319927,0.990994,1.020626,1.020626,0.990994,1.020626,C,0.0299,0.0299,0.0299,0.0,3.53517,1.34101,0.2205,0.4272,1.0,1.0299,4.5352,2.341,4392,20000,10314,4392,4524,1692160,383314,1,"{""EAGER"": 0, ""LATE_PERSIST"": 49, ""PER_QUERY"": 1}",13.4,2389.5
finproc|s1|r50|PRED_OVERLAP|c4,finproc,1,50,PRED_OVERLAP,4,0.01031,0.2196,50,9.54464,4.924646,2.100963,2.163924,2.163924,2.100963,2.163924,C,0.02997,0.02997,0.02997,0.0,3.54298,1.34399,0.2201,0.4266,1.0,1.03,4.543,2.344,8784,40000,20628,8784,9048,3664320,829964,,"{""EAGER"": 0, ""LATE_PERSIST"": 0, ""PER_QUERY"": 0}",13.4,5034.4
finproc|s1|r50|PRED_MUTEX|c1,finproc,1,50,PRED_MUTEX,1,0.01,0.5,50,1.91916,0.9572,0.9612,0.9572,0.9572,0.9572,0.9572,B,0.0,0.0,0.0,0.00418,1.00497,0.0,0.5008,1.0042,1.0,1.0,2.005,1.0,5000,10000,5000,5000,5000,751080,375350,,"{""EAGER"": 0, ""LATE_PERSIST"": 0, ""PER_QUERY"": 0}",13.4,1573.9
finproc|s1|r50|PRED_MUTEX|c2,finproc,1,50,PRED_MUTEX,2,0.01,0.5,50,4.49432,2.2404,2.2484,2.2404,2.2404,2.2404,2.2404,B,0.0,0.0,0.0,0.00357,1.00603,0.0,0.5003,1.0036,1.0,1.0,2.006,1.0,10000,20000,10000,10000,10000,1692160,845700,0,"{""EAGER"": 0, ""LATE_PERSIST"": 0, ""PER_QUERY"": 50}",13.4,3734.4
finproc|s1|r50|PRED_MUTEX|c4,finproc,1,50,PRED_MUTEX,4,0.01,0.5,50,9.54464,4.7568,4.7728,4.7568,4.7568,4.7568,4.7568,B,0.0,0.0,0.0,0.00336,1.00653,0.0,0.5001,1.0034,1.0,1.0,2.0065,1.0,20000,40000,20000,20000,20000,3664320,1831400,,"{""EAGER"": 0, ""LATE_PERSIST"": 0, ""PER_QUERY"": 0}",13.4,7875.4
finproc|s1|r100|PRED_SHARED|c1,finproc,1,100,PRED_SHARED,1,0.0097,0.0097,100,1.92316,1.86545,0.026652,0.045227,0.045227,0.026652,0.045227,C,0.69692,0.69692,0.69692,0.0,71.15792,68.99261,0.0139,0.0143,1.0,1.6969,72.1579,69.9926,97,10000,9700,97,194,751080,14646,,"{""EAGER"": 0, ""LATE_PERSIST"": 0, ""PER_QUERY"": 0}",13.4,13.4
finproc|s1|r100|PRED_SHARED|c2,finproc,1,100,PRED_SHARED,2,0.0097,0.0097,100,4.49832,4.3631,0.051706,0.095257,0.095257,0.051706,0.095257,C,0.84228,0.84228,0.84228,0.0,85.99769,83.38253,0.0115,0.0119,1.0,1.8423,86.9977,84.3825,194,20000,19400,194,388,1692160,32978,1,"{""EAGER"": 0, ""LATE_PERSIST"": 99, ""PER_QUERY"": 1}",13.4,13.4
finproc|s1|r100|PRED_SHARED|c4,finproc,1,100,PRED_SHARED,4,0.0097,0.0097,100,9.54864,9.2614,0.100844,0.193378,0.193378,0.100844,0.193378,C,0.91759,0.91759,0.91759,0.0,93.68686,90.83852,0.0106,0.0109,1.0,1.9176,94.6869,91.8385,388,40000,38800,388,776,3664320,71388,,"{""EAGER"": 0, ""LATE_PERSIST"": 0, ""PER_QUERY"": 0}",13.4,13.4
finproc|s1|r100|PRED_DISTINCT|c1,finproc,1,100,PRED_DISTINCT,1,0.00997,0.6319,100,1.92316,1.909423,1.217835,1.389144,1.389144,1.217835,1.389144,C,0.14067,0.14067,0.14067,0.0,0.57916,0.56788,0.6332,0.6378,1.0,1.1407,1.5792,1.5679,6319,10000,9973,6319,7224,751080,542353,,"{""EAGER"": 0, ""LATE_PERSIST"": 0, ""PER_QUERY"": 0}",13.4,1595.9
finproc|s1|r100|PRED_DISTINCT|c2,finproc,1,100,PRED_DISTINCT,2,0.00997,0.6319,100,4.49832,4.469063,2.844723,3.132478,3.132478,2.844723,3.132478,C,0.10115,0.10115,0.10115,0.0,0.58129,0.571,0.6324,0.6365,1.0,1.1012,1.5813,1.571,12638,20000,19946,12638,13930,1692160,1178317,31,"{""EAGER"": 0, ""LATE_PERSIST"": 77, ""PER_QUERY"": 23}",13.4,3696.8
finproc|s1|r100|PRED_DISTINCT|c4,finproc,1,100,PRED_DISTINCT,4,0.00997,0.6319,100,9.54864,9.488614,6.035311,6.510915,6.510915,6.035311,6.510915,C,0.0788,0.0788,0.0788,0.0,0.58213,0.57218,0.6321,0.6361,1.0,1.0788,1.5821,1.5722,25276,40000,39892,25276,27284,3664320,2499098,,"{""EAGER"": 0, ""LATE_PERSIST"": 0, ""PER_QUERY"": 0}",13.4,7718.4
finproc|s1|r100|PRED_NESTED|c1,finproc,1,100,PRED_NESTED,1,0.01031,0.0206,100,1.92316,1.980347,0.047616,0.049561,0.049561,0.047616,0.049561,C,0.04085,0.04085,0.04085,0.0,39.38911,40.59011,0.0248,0.024,1.0,1.0408,40.3891,41.5901,206,10000,10309,206,216,751080,16324,,"{""EAGER"": 0, ""LATE_PERSIST"": 0, ""PER_QUERY"": 0}",13.4,199.1
finproc|s1|r100|PRED_NESTED|c2,finproc,1,100,PRED_NESTED,2,0.01031,0.0206,100,4.49832,4.633087,0.100828,0.105378,0.105378,0.100828,0.105378,C,0.04513,0.04513,0.04513,0.0,43.61397,44.95058,0.0224,0.0218,1.0,1.0451,44.614,45.9506,412,20000,20618,412,432,1692160,36752,1,"{""EAGER"": 0, ""LATE_PERSIST"": 99, ""PER_QUERY"": 1}",13.4,456.8
finproc|s1|r100|PRED_NESTED|c4,finproc,1,100,PRED_NESTED,4,0.01031,0.0206,100,9.54864,9.835478,0.205191,0.214851,0.214851,0.205191,0.214851,C,0.04708,0.04708,0.04708,0.0,45.53533,46.93323,0.0215,0.0209,1.0,1.0471,46.5353,47.9332,824,40000,41236,824,864,3664320,79552,,"{""EAGER"": 0, ""LATE_PERSIST"": 0, ""PER_QUERY"": 0}",13.4,950.6
finproc|s1|r100|PRED_OVERLAP|c1,finproc,1,100,PRED_OVERLAP,1,0.01039,0.39,100,1.92316,1.997163,0.755766,0.770136,0.770136,0.755766,0.770136,C,0.01901,0.01901,0.01901,0.0,1.54465,1.64257,0.393,0.3784,1.0,1.019,2.5447,2.6426,3900,10000,10386,3900,3975,751080,299029,,"{""EAGER"": 0, ""LATE_PERSIST"": 0, ""PER_QUERY"": 0}",13.4,851.15
finproc|s1|r100|PRED_OVERLAP|c2,finproc,1,100,PRED_OVERLAP,2,0.01039,0.39,100,4.49832,4.671802,1.760932,1.794622,1.794622,1.760932,1.794622,C,0.01913,0.01913,0.01913,0.0,1.55451,1.65303,0.3915,0.3769,1.0,1.0191,2.5545,2.653,7800,20000,20772,7800,7950,1692160,673583,1,"{""EAGER"": 0, ""LATE_PERSIST"": 99, ""PER_QUERY"": 1}",13.4,2012.9
finproc|s1|r100|PRED_OVERLAP|c4,finproc,1,100,PRED_OVERLAP,4,0.01039,0.39,100,9.54864,9.91722,3.732264,3.803844,3.803844,3.732264,3.803844,C,0.01918,0.01918,0.01918,0.0,1.5584,1.65716,0.3909,0.3763,1.0,1.0192,2.5584,2.6572,15600,40000,41544,15600,15900,3664320,1458466,,"{""EAGER"": 0, ""LATE_PERSIST"": 0, ""PER_QUERY"": 0}",13.4,4239.2
finproc|s1|r100|PRED_MUTEX|c1,finproc,1,100,PRED_MUTEX,1,0.01,1.0,100,1.92316,1.91516,1.92316,1.91516,1.91516,1.91516,1.91516,B,0.0,0.0,0.0,0.00418,0.00418,0.0,1.0,1.0042,1.0,1.0,1.0042,1.0,10000,10000,10000,10000,10000,751080,751080,,"{""EAGER"": 0, ""LATE_PERSIST"": 0, ""PER_QUERY"": 0}",13.4,1575.7
finproc|s1|r100|PRED_MUTEX|c2,finproc,1,100,PRED_MUTEX,2,0.01,1.0,100,4.49832,4.48232,4.49832,4.48232,4.48232,4.48232,4.48232,B,0.0,0.0,0.0,0.00357,0.00357,0.0,1.0,1.0036,1.0,1.0,1.0036,1.0,20000,20000,20000,20000,20000,1692160,1692160,0,"{""EAGER"": 0, ""LATE_PERSIST"": 0, ""PER_QUERY"": 100}",13.4,3738.0
finproc|s1|r100|PRED_MUTEX|c4,finproc,1,100,PRED_MUTEX,4,0.01,1.0,100,9.54864,9.51664,9.54864,9.51664,9.51664,9.51664,9.51664,B,0.0,0.0,0.0,0.00336,0.00336,0.0,1.0,1.0034,1.0,1.0,1.0034,1.0,40000,40000,40000,40000,40000,3664320,3664320,,"{""EAGER"": 0, ""LATE_PERSIST"": 0, ""PER_QUERY"": 0}",13.4,7882.6
finproc|s5|r1|PRED_SHARED|c1,finproc,5,1,PRED_SHARED,1,0.0533,0.0533,1,1.91524,0.101939,0.102365,0.101939,0.101939,0.101939,0.101939,B,0.0,0.0,0.0,0.00418,17.78819,0.0,0.0534,1.0042,1.0,1.0,18.7882,1.0,533,10000,533,533,533,751080,40136,,"{""EAGER"": 0, ""LATE_PERSIST"": 0, ""PER_QUERY"": 0}",13.4,8299.05
finproc|s5|r1|PRED_SHARED|c2,finproc,5,1,PRED_SHARED,2,0.0533,0.0533,1,4.4904,0.238975,0.239828,0.238975,0.238975,0.238975,0.238975,B,0.0,0.0,0.0,0.00357,17.79025,0.0,0.0534,1.0036,1.0,1.0,18.7903,1.0,1066,20000,1066,1066,1066,1692160,90399,,"{""EAGER"": 0, ""LATE_PERSIST"": 0, ""PER_QUERY"": 0}",13.4,19782.7
finproc|s5|r1|PRED_SHARED|c4,finproc,5,1,PRED_SHARED,4,0.0533,0.0533,1,9.54072,0.507718,0.509424,0.507718,0.507718,0.507718,0.507718,B,0.0,0.0,0.0,0.00336,17.79138,0.0,0.0534,1.0034,1.0,1.0,18.7914,1.0,2132,40000,2132,2132,2132,3664320,195722,,"{""EAGER"": 0, ""LATE_PERSIST"": 0, ""PER_QUERY"": 0}",13.4,41790.6
finproc|s5|r1|PRED_DISTINCT|c1,finproc,5,1,PRED_DISTINCT,1,0.0449,0.0449,1,1.91524,0.085551,0.08591,0.085551,0.085551,0.085551,0.085551,B,0.0,0.0,0.0,0.0042,21.38724,0.0,0.0449,1.0042,1.0,1.0,22.3872,1.0,449,10000,449,449,449,751080,33643,,"{""EAGER"": 0, ""LATE_PERSIST"": 0, ""PER_QUERY"": 0}",13.4,6968.1
finproc|s5|r1|PRED_DISTINCT|c2,finproc,5,1,PRED_DISTINCT,2,0.0449,0.0449,1,4.4904,0.200655,0.201373,0.200655,0.200655,0.200655,0.200655,B,0.0,0.0,0.0,0.00358,21.37871,0.0,0.0448,1.0036,1.0,1.0,22.3787,1.0,898,20000,898,898,898,1692160,75817,,"{""EAGER"": 0, ""LATE_PERSIST"": 0, ""PER_QUERY"": 0}",13.4,16616.8
finproc|s5|r1|PRED_DISTINCT|c4,finproc,5,1,PRED_DISTINCT,4,0.0449,0.0449,1,9.54072,0.426374,0.427811,0.426374,0.426374,0.426374,0.426374,B,0.0,0.0,0.0,0.00337,21.37641,0.0,0.0448,1.0034,1.0,1.0,22.3764,1.0,1796,40000,1796,1796,1796,3664320,164206,,"{""EAGER"": 0, ""LATE_PERSIST"": 0, ""PER_QUERY"": 0}",13.4,35106.0
finproc|s5|r1|PRED_NESTED|c1,finproc,5,1,PRED_NESTED,1,0.0533,0.0533,1,1.91524,0.101939,0.102365,0.101939,0.101939,0.101939,0.101939,B,0.0,0.0,0.0,0.00418,17.78819,0.0,0.0534,1.0042,1.0,1.0,18.7882,1.0,533,10000,533,533,533,751080,40136,,"{""EAGER"": 0, ""LATE_PERSIST"": 0, ""PER_QUERY"": 0}",13.4,8299.05
finproc|s5|r1|PRED_NESTED|c2,finproc,5,1,PRED_NESTED,2,0.0533,0.0533,1,4.4904,0.238975,0.239828,0.238975,0.238975,0.238975,0.238975,B,0.0,0.0,0.0,0.00357,17.79025,0.0,0.0534,1.0036,1.0,1.0,18.7903,1.0,1066,20000,1066,1066,1066,1692160,90399,,"{""EAGER"": 0, ""LATE_PERSIST"": 0, ""PER_QUERY"": 0}",13.4,19782.7
finproc|s5|r1|PRED_NESTED|c4,finproc,5,1,PRED_NESTED,4,0.0533,0.0533,1,9.54072,0.507718,0.509424,0.507718,0.507718,0.507718,0.507718,B,0.0,0.0,0.0,0.00336,17.79138,0.0,0.0534,1.0034,1.0,1.0,18.7914,1.0,2132,40000,2132,2132,2132,3664320,195722,,"{""EAGER"": 0, ""LATE_PERSIST"": 0, ""PER_QUERY"": 0}",13.4,41790.6
finproc|s5|r1|PRED_OVERLAP|c1,finproc,5,1,PRED_OVERLAP,1,0.0474,0.0474,1,1.91524,0.090705,0.091084,0.090705,0.090705,0.090705,0.090705,B,0.0,0.0,0.0,0.00418,20.11504,0.0,0.0476,1.0042,1.0,1.0,21.115,1.0,474,10000,474,474,474,751080,35714,,"{""EAGER"": 0, ""LATE_PERSIST"": 0, ""PER_QUERY"": 0}",13.4,7385.0
finproc|s5|r1|PRED_OVERLAP|c2,finproc,5,1,PRED_OVERLAP,2,0.0474,0.0474,1,4.4904,0.212614,0.213372,0.212614,0.212614,0.212614,0.212614,B,0.0,0.0,0.0,0.00357,20.11996,0.0,0.0475,1.0036,1.0,1.0,21.12,1.0,948,20000,948,948,948,1692160,80434,,"{""EAGER"": 0, ""LATE_PERSIST"": 0, ""PER_QUERY"": 0}",13.4,17600.6
finproc|s5|r1|PRED_OVERLAP|c4,finproc,5,1,PRED_OVERLAP,4,0.0474,0.0474,1,9.54072,0.451692,0.453209,0.451692,0.451692,0.451692,0.451692,B,0.0,0.0,0.0,0.00336,20.12218,0.0,0.0475,1.0034,1.0,1.0,21.1222,1.0,1896,40000,1896,1896,1896,3664320,174140,,"{""EAGER"": 0, ""LATE_PERSIST"": 0, ""PER_QUERY"": 0}",13.4,37178.6
finproc|s5|r1|PRED_MUTEX|c1,finproc,5,1,PRED_MUTEX,1,0.05,0.05,1,1.91524,0.095336,0.095736,0.095336,0.095336,0.095336,0.095336,B,0.0,0.0,0.0,0.0042,19.08937,0.0,0.05,1.0042,1.0,1.0,20.0894,1.0,500,10000,500,500,500,751080,37503,,"{""EAGER"": 0, ""LATE_PERSIST"": 0, ""PER_QUERY"": 0}",13.4,7763.85
finproc|s5|r1|PRED_MUTEX|c2,finproc,5,1,PRED_MUTEX,2,0.05,0.05,1,4.4904,0.223592,0.224392,0.223592,0.223592,0.223592,0.223592,B,0.0,0.0,0.0,0.00358,19.08301,0.0,0.05,1.0036,1.0,1.0,20.083,1.0,1000,20000,1000,1000,1000,1692160,84506,,"{""EAGER"": 0, ""LATE_PERSIST"": 0, ""PER_QUERY"": 0}",13.4,18514.3
finproc|s5|r1|PRED_MUTEX|c4,finproc,5,1,PRED_MUTEX,4,0.05,0.05,1,9.54072,0.475104,0.476704,0.475104,0.475104,0.475104,0.475104,B,0.0,0.0,0.0,0.00337,19.08133,0.0,0.05,1.0034,1.0,1.0,20.0813,1.0,2000,40000,2000,2000,2000,3664320,183012,,"{""EAGER"": 0, ""LATE_PERSIST"": 0, ""PER_QUERY"": 0}",13.4,39115.2
finproc|s5|r10|PRED_SHARED|c1,finproc,5,10,PRED_SHARED,1,0.0533,0.0533,10,1.91596,1.019385,0.103085,0.204943,0.204943,0.103085,0.204943,C,0.9881,0.9881,0.9881,0.0,17.58623,8.88879,0.0538,0.1011,1.0,1.9881,18.5862,9.8888,533,10000,5330,533,1066,751080,80272,,"{""EAGER"": 0, ""LATE_PERSIST"": 0, ""PER_QUERY"": 0}",13.4,8299.05
finproc|s5|r10|PRED_SHARED|c2,finproc,5,10,PRED_SHARED,2,0.0533,0.0533,10,4.49112,2.38975,0.240548,0.479443,0.479443,0.240548,0.479443,C,0.99313,0.99313,0.99313,0.0,17.67038,8.93462,0.0536,0.1007,1.0,1.9931,18.6704,9.9346,1066,20000,10660,1066,2132,1692160,180798,,"{""EAGER"": 0, ""LATE_PERSIST"": 0, ""PER_QUERY"": 0}",13.4,19782.7
finproc|s5|r10|PRED_SHARED|c4,finproc,5,10,PRED_SHARED,4,0.0533,0.0533,10,9.54144,5.07718,0.510144,1.017782,1.017782,0.510144,1.017782,C,0.99509,0.99509,0.99509,0.0,17.70344,8.95245,0.0535,0.1005,1.0,1.9951,18.7034,9.9525,2132,40000,21320,2132,4264,3664320,391444,,"{""EAGER"": 0, ""LATE_PERSIST"": 0, ""PER_QUERY"": 0}",13.4,41790.6
finproc|s5|r10|PRED_DISTINCT|c1,finproc,5,10,PRED_DISTINCT,1,0.04879,0.3915,10,1.91596,0.931916,0.750827,0.781654,0.781654,0.750827,0.781654,C,0.04106,0.04106,0.04106,0.0,1.5518,0.24118,0.3919,0.8057,1.0,1.0411,2.5518,1.2412,3915,10000,4879,3915,4078,751080,306396,,"{""EAGER"": 0, ""LATE_PERSIST"": 0, ""PER_QUERY"": 0}",13.4,7606.65
finproc|s5|r10|PRED_DISTINCT|c2,finproc,5,10,PRED_DISTINCT,2,0.04879,0.3915,10,4.49112,2.185045,1.759245,1.831656,1.831656,1.759245,1.831656,C,0.04116,0.04116,0.04116,0.0,1.55287,0.24204,0.3917,0.8051,1.0,1.0412,2.5529,1.242,7830,20000,9758,7830,8156,1692160,690274,,"{""EAGER"": 0, ""LATE_PERSIST"": 0, ""PER_QUERY"": 0}",13.4,18127.9
finproc|s5|r10|PRED_DISTINCT|c4,finproc,5,10,PRED_DISTINCT,4,0.04879,0.3915,10,9.54144,4.642514,3.73693,3.890881,3.890881,3.73693,3.890881,C,0.0412,0.0412,0.0412,0.0,1.55328,0.24233,0.3917,0.8049,1.0,1.0412,2.5533,1.2423,15660,40000,19516,15660,16312,3664320,1494732,,"{""EAGER"": 0, ""LATE_PERSIST"": 0, ""PER_QUERY"": 0}",13.4,38292.0
finproc|s5|r10|PRED_NESTED|c1,finproc,5,10,PRED_NESTED,1,0.05157,0.0924,10,1.91596,0.985389,0.177675,0.194152,0.194152,0.177675,0.194152,C,0.09274,0.09274,0.09274,0.0,9.7835,4.54601,0.0927,0.1803,1.0,1.0927,10.7835,5.546,924,10000,5157,924,1010,751080,75854,,"{""EAGER"": 0, ""LATE_PERSIST"": 0, ""PER_QUERY"": 0}",13.4,2997.35
finproc|s5|r10|PRED_NESTED|c2,finproc,5,10,PRED_NESTED,2,0.05157,0.0924,10,4.49112,2.310339,0.415534,0.454164,0.454164,0.415534,0.454164,C,0.09296,0.09296,0.09296,0.0,9.80806,4.55992,0.0925,0.1799,1.0,1.093,10.8081,5.5599,1848,20000,10314,1848,2020,1692160,170898,,"{""EAGER"": 0, ""LATE_PERSIST"": 0, ""PER_QUERY"": 0}",13.4,7133.3
finproc|s5|r10|PRED_NESTED|c4,finproc,5,10,PRED_NESTED,4,0.05157,0.0924,10,9.54144,4.90867,0.882013,0.964089,0.964089,0.882013,0.964089,C,0.09306,0.09306,0.09306,0.0,9.8178,4.5653,0.0924,0.1797,1.0,1.0931,10.8178,5.5653,3696,40000,20628,3696,4040,3664320,370076,,"{""EAGER"": 0, ""LATE_PERSIST"": 0, ""PER_QUERY"": 0}",13.4,15059.6
finproc|s5|r10|PRED_OVERLAP|c1,finproc,5,10,PRED_OVERLAP,1,0.04892,0.239,10,1.91596,0.93548,0.458713,0.51597,0.51597,0.458713,0.51597,C,0.12482,0.12482,0.12482,0.0,3.17682,1.03936,0.2394,0.4904,1.0,1.1248,4.1768,2.0394,2390,10000,4892,2390,2690,751080,202226,,"{""EAGER"": 0, ""LATE_PERSIST"": 0, ""PER_QUERY"": 0}",13.4,7601.4
finproc|s5|r10|PRED_OVERLAP|c2,finproc,5,10,PRED_OVERLAP,2,0.04892,0.239,10,4.49112,2.193032,1.074366,1.20868,1.20868,1.074366,1.20868,C,0.12502,0.12502,0.12502,0.0,3.18025,1.04123,0.2392,0.4899,1.0,1.125,4.1803,2.0412,4780,20000,9784,4780,5380,1692160,455562,,"{""EAGER"": 0, ""LATE_PERSIST"": 0, ""PER_QUERY"": 0}",13.4,18117.4
finproc|s5|r10|PRED_OVERLAP|c4,finproc,5,10,PRED_OVERLAP,4,0.04892,0.239,10,9.54144,4.659216,2.281772,2.567199,2.567199,2.281772,2.567199,C,0.12509,0.12509,0.12509,0.0,3.18159,1.04193,0.2391,0.4897,1.0,1.1251,4.1816,2.0419,9560,40000,19568,9560,10760,3664320,986444,,"{""EAGER"": 0, ""LATE_PERSIST"": 0, ""PER_QUERY"": 0}",13.4,38271.0
finproc|s5|r10|PRED_MUTEX|c1,finproc,5,10,PRED_MUTEX,1,0.05,0.5,10,1.91596,0.954076,0.958076,0.954076,0.954076,0.954076,0.954076,B,0.0,0.0,0.0,0.00419,1.00818,0.0,0.5001,1.0042,1.0,1.0,2.0082,1.0,5000,10000,5000,5000,5000,751080,375388,,"{""EAGER"": 0, ""LATE_PERSIST"": 0, ""PER_QUERY"": 0}",13.4,7793.1
finproc|s5|r10|PRED_MUTEX|c2,finproc,5,10,PRED_MUTEX,2,0.05,0.5,10,4.49112,2.237352,2.245352,2.237352,2.237352,2.237352,2.237352,B,0.0,0.0,0.0,0.00358,1.00734,0.0,0.5,1.0036,1.0,1.0,2.0073,1.0,10000,20000,10000,10000,10000,1692160,845776,,"{""EAGER"": 0, ""LATE_PERSIST"": 0, ""PER_QUERY"": 0}",13.4,18572.8
finproc|s5|r10|PRED_MUTEX|c4,finproc,5,10,PRED_MUTEX,4,0.05,0.5,10,9.54144,4.753904,4.769904,4.753904,4.753904,4.753904,4.753904,B,0.0,0.0,0.0,0.00337,1.00707,0.0,0.4999,1.0034,1.0,1.0,2.0071,1.0,20000,40000,20000,20000,20000,3664320,1831552,,"{""EAGER"": 0, ""LATE_PERSIST"": 0, ""PER_QUERY"": 0}",13.4,39232.2
finproc|s5|r50|PRED_SHARED|c1,finproc,5,50,PRED_SHARED,1,0.0533,0.0533,50,1.91916,5.096925,0.106285,0.208143,2.021018,0.106285,1.91916,C,18.0151,0.95835,17.05675,0.0,17.05675,46.95531,0.0554,0.0209,9.7097,19.0151,18.0568,47.9553,533,10000,26650,533,10533,751080,791216,,"{""EAGER"": 0, ""LATE_PERSIST"": 0, ""PER_QUERY"": 0}",13.4,8299.05
finproc|s5|r50|PRED_SHARED|c2,finproc,5,50,PRED_SHARED,2,0.0533,0.0533,50,4.49432,11.94875,0.243748,0.482643,4.733215,0.243748,4.49432,C,18.41849,0.98009,17.4384,0.0,17.4384,48.02096,0.0542,0.0204,9.8069,19.4185,18.4384,49.021,1066,20000,53300,1066,21066,1692160,1782559,,"{""EAGER"": 0, ""LATE_PERSIST"": 0, ""PER_QUERY"": 0}",13.4,19782.7
finproc|s5|r50|PRED_SHARED|c4,finproc,5,50,PRED_SHARED,4,0.0533,0.0533,50,9.54464,25.3859,0.513344,1.020982,10.052278,0.513344,9.54464,C,18.58197,0.98889,17.59308,0.0,17.59308,48.45206,0.0538,0.0202,9.8457,19.582,18.5931,49.4521,2132,40000,106600,2132,42132,3664320,3860042,,"{""EAGER"": 0, ""LATE_PERSIST"": 0, ""PER_QUERY"": 0}",13.4,41790.6
finproc|s5|r50|PRED_DISTINCT|c1,finproc,5,50,PRED_DISTINCT,1,0.0497,0.9216,50,1.91916,4.743726,1.768919,1.846391,1.846391,1.768919,1.91916,C,0.0438,0.0438,0.08493,0.0,0.08493,1.68171,0.9217,0.3729,1.0,1.0438,1.0849,2.6817,9216,10000,24852,9216,9623,751080,722660,,"{""EAGER"": 0, ""LATE_PERSIST"": 0, ""PER_QUERY"": 0}",13.4,6968.1
finproc|s5|r50|PRED_DISTINCT|c2,finproc,5,50,PRED_DISTINCT,2,0.0497,0.9216,50,4.49432,11.123684,4.142094,4.323899,4.323899,4.142094,4.49432,C,0.04389,0.04389,0.08504,0.0,0.08504,1.68552,0.9216,0.3724,1.0,1.0439,1.085,2.6855,18432,20000,49704,18432,19246,1692160,1628157,,"{""EAGER"": 0, ""LATE_PERSIST"": 0, ""PER_QUERY"": 0}",13.4,16616.8
finproc|s5|r50|PRED_DISTINCT|c4,finproc,5,50,PRED_DISTINCT,4,0.0497,0.9216,50,9.54464,23.63508,8.796283,9.182687,9.182687,8.796283,9.54464,C,0.04393,0.04393,0.08508,0.0,0.08508,1.68694,0.9216,0.3722,1.0,1.0439,1.0851,2.6869,36864,40000,99408,36864,38492,3664320,3525758,,"{""EAGER"": 0, ""LATE_PERSIST"": 0, ""PER_QUERY"": 0}",13.4,35106.0
finproc|s5|r50|PRED_NESTED|c1,finproc,5,50,PRED_NESTED,1,0.05153,0.0979,50,1.91916,4.923142,0.191469,0.195501,1.923193,0.191469,1.923193,C,9.04442,0.02106,9.04442,0.0,9.02336,24.71252,0.0998,0.0389,9.8372,10.0444,10.0234,25.7125,979,10000,25765,979,10021,751080,752671,,"{""EAGER"": 0, ""LATE_PERSIST"": 0, ""PER_QUERY"": 0}",13.4,476.15
finproc|s5|r50|PRED_NESTED|c2,finproc,5,50,PRED_NESTED,2,0.05153,0.0979,50,4.49432,11.542775,0.443551,0.453002,4.503771,0.443551,4.503771,C,9.15389,0.02131,9.15389,0.0,9.13258,25.02353,0.0987,0.0384,9.942,10.1539,10.1326,26.0235,1958,20000,51530,1958,20042,1692160,1695741,,"{""EAGER"": 0, ""LATE_PERSIST"": 0, ""PER_QUERY"": 0}",13.4,1118.9
finproc|s5|r50|PRED_NESTED|c4,finproc,5,50,PRED_NESTED,4,0.05153,0.0979,50,9.54464,24.52439,0.937927,0.958005,9.564718,0.937927,9.564718,C,9.19772,0.02141,9.19772,0.0,9.17632,25.14745,0.0983,0.0382,9.984,10.1977,10.1763,26.1474,3916,40000,103060,3916,40084,3664320,3672070,,"{""EAGER"": 0, ""LATE_PERSIST"": 0, ""PER_QUERY"": 0}",13.4,2350.4
finproc|s5|r50|PRED_OVERLAP|c1,finproc,5,50,PRED_OVERLAP,1,0.04918,0.7225,50,1.91916,4.702464,1.388081,1.466534,1.466534,1.388081,1.91916,C,0.05652,0.05652,0.3826,0.0,0.3826,2.38775,0.7233,0.2952,1.0,1.0565,1.3826,3.3877,7225,10000,24592,7225,7635,751080,573794,,"{""EAGER"": 0, ""LATE_PERSIST"": 0, ""PER_QUERY"": 0}",13.4,3841.35
finproc|s5|r50|PRED_OVERLAP|c2,finproc,5,50,PRED_OVERLAP,2,0.04918,0.7225,50,4.49432,11.024,3.249011,3.432979,3.432979,3.249011,4.49432,C,0.05662,0.05662,0.38329,0.0,0.38329,2.39303,0.7229,0.2947,1.0,1.0566,1.3833,3.393,14450,20000,49184,14450,15270,1692160,1292653,,"{""EAGER"": 0, ""LATE_PERSIST"": 0, ""PER_QUERY"": 0}",13.4,9157.3
finproc|s5|r50|PRED_OVERLAP|c4,finproc,5,50,PRED_OVERLAP,4,0.04918,0.7225,50,9.54464,23.421152,6.898622,7.289517,7.289517,6.898622,9.54464,C,0.05666,0.05666,0.38356,0.0,0.38356,2.39505,0.7228,0.2945,1.0,1.0567,1.3836,3.395,28900,40000,98368,28900,30540,3664320,2799086,,"{""EAGER"": 0, ""LATE_PERSIST"": 0, ""PER_QUERY"": 0}",13.4,19342.8
finproc|s5|r50|PRED_MUTEX|c1,finproc,5,50,PRED_MUTEX,1,0.02,1.0,50,1.91916,1.91116,1.91916,1.91116,1.91116,1.91116,1.91116,B,0.0,0.0,0.0,0.00419,0.00419,0.0,1.0,1.0042,1.0,1.0,1.0042,1.0,10000,10000,10000,10000,10000,751080,751080,,"{""EAGER"": 0, ""LATE_PERSIST"": 0, ""PER_QUERY"": 0}",13.4,3131.25
finproc|s5|r50|PRED_MUTEX|c2,finproc,5,50,PRED_MUTEX,2,0.02,1.0,50,4.49432,4.47832,4.49432,4.47832,4.47832,4.47832,4.47832,B,0.0,0.0,0.0,0.00357,0.00357,0.0,1.0,1.0036,1.0,1.0,1.0036,1.0,20000,20000,20000,20000,20000,1692160,1692160,,"{""EAGER"": 0, ""LATE_PERSIST"": 0, ""PER_QUERY"": 0}",13.4,7449.1
finproc|s5|r50|PRED_MUTEX|c4,finproc,5,50,PRED_MUTEX,4,0.02,1.0,50,9.54464,9.51264,9.54464,9.51264,9.51264,9.51264,9.51264,B,0.0,0.0,0.0,0.00336,0.00336,0.0,1.0,1.0034,1.0,1.0,1.0034,1.0,40000,40000,40000,40000,40000,3664320,3664320,,"{""EAGER"": 0, ""LATE_PERSIST"": 0, ""PER_QUERY"": 0}",13.4,15724.8
finproc|s5|r100|PRED_SHARED|c1,finproc,5,100,PRED_SHARED,1,0.0533,0.0533,100,1.92316,10.19385,0.110285,0.212143,2.025018,0.110285,1.92316,C,17.3617,0.92359,16.43811,0.0,16.43811,91.43196,0.0573,0.0108,9.5455,18.3617,17.4381,92.432,533,10000,53300,533,10533,751080,791216,,"{""EAGER"": 0, ""LATE_PERSIST"": 0, ""PER_QUERY"": 0}",13.4,13.4
finproc|s5|r100|PRED_SHARED|c2,finproc,5,100,PRED_SHARED,2,0.0533,0.0533,100,4.49832,23.8975,0.247748,0.486643,4.737215,0.247748,4.49832,C,18.12112,0.96427,17.15685,0.0,17.15685,95.45898,0.0551,0.0104,9.7345,19.1211,18.1569,96.459,1066,20000,106600,1066,21066,1692160,1782559,,"{""EAGER"": 0, ""LATE_PERSIST"": 0, ""PER_QUERY"": 0}",13.4,13.4
finproc|s5|r100|PRED_SHARED|c4,finproc,5,100,PRED_SHARED,4,0.0533,0.0533,100,9.54864,50.7718,0.517344,1.024982,10.056278,0.517344,9.54864,C,18.4383,0.98124,17.45706,0.0,17.45706,97.13942,0.0542,0.0102,9.8112,19.4383,18.4571,98.1394,2132,40000,213200,2132,42132,3664320,3860042,,"{""EAGER"": 0, ""LATE_PERSIST"": 0, ""PER_QUERY"": 0}",13.4,13.4
finproc|s5|r100|PRED_DISTINCT|c1,finproc,5,100,PRED_DISTINCT,1,0.04989,0.9935,100,1.92316,9.521463,1.910719,1.99619,1.99619,1.910719,1.92316,C,0.04473,0.04473,0.00651,0.0,0.00651,3.98318,0.9935,0.2007,1.0,1.0447,1.0065,4.9832,9935,10000,49886,9935,10384,751080,779845,,"{""EAGER"": 0, ""LATE_PERSIST"": 0, ""PER_QUERY"": 0}",13.4,6173.75
finproc|s5|r100|PRED_DISTINCT|c2,finproc,5,100,PRED_DISTINCT,2,0.04989,0.9935,100,4.49832,22.327402,4.469149,4.669724,4.669724,4.469149,4.49832,C,0.04488,0.04488,0.00653,0.0,0.00653,3.9959,0.9935,0.2002,1.0,1.0449,1.0065,4.9959,19870,20000,99772,19870,20768,1692160,1756986,,"{""EAGER"": 0, ""LATE_PERSIST"": 0, ""PER_QUERY"": 0}",13.4,14728.1
finproc|s5|r100|PRED_DISTINCT|c4,finproc,5,100,PRED_DISTINCT,4,0.04989,0.9935,100,9.54864,47.44042,9.486658,9.912952,9.912952,9.486658,9.54864,C,0.04494,0.04494,0.00653,0.0,0.00653,4.00075,0.9935,0.2,1.0,1.0449,1.0065,5.0008,39740,40000,199544,39740,41536,3664320,3804724,,"{""EAGER"": 0, ""LATE_PERSIST"": 0, ""PER_QUERY"": 0}",13.4,31118.6
finproc|s5|r100|PRED_NESTED|c1,finproc,5,100,PRED_NESTED,1,0.05152,0.099,100,1.92316,9.844392,0.197591,0.199536,1.925105,0.197591,1.925105,C,8.74288,0.00984,8.74288,0.0,8.73303,48.82207,0.1027,0.0201,9.6479,9.7429,9.733,49.8221,990,10000,51520,990,10010,751080,751850,,"{""EAGER"": 0, ""LATE_PERSIST"": 0, ""PER_QUERY"": 0}",13.4,263.8
finproc|s5|r100|PRED_NESTED|c2,finproc,5,100,PRED_NESTED,2,0.05152,0.099,100,4.49832,23.081104,0.452522,0.457072,4.50287,0.452522,4.50287,C,8.95061,0.01005,8.95061,0.0,8.94056,50.00548,0.1006,0.0196,9.8516,9.9506,9.9406,51.0055,1980,20000,103040,1980,20020,1692160,1693890,,"{""EAGER"": 0, ""LATE_PERSIST"": 0, ""PER_QUERY"": 0}",13.4,610.2
finproc|s5|r100|PRED_NESTED|c4,finproc,5,100,PRED_NESTED,4,0.05152,0.099,100,9.54864,49.039328,0.952484,0.962144,9.5583,0.952484,9.5583,C,9.03513,0.01014,9.03513,0.0,9.02499,50.48572,0.0998,0.0194,9.9344,10.0351,10.025,51.4857,3960,40000,206080,3960,40040,3664320,3668060,,"{""EAGER"": 0, ""LATE_PERSIST"": 0, ""PER_QUERY"": 0}",13.4,1274.2
finproc|s5|r100|PRED_OVERLAP|c1,finproc,5,100,PRED_OVERLAP,1,0.04924,0.9208,100,1.92316,9.413517,1.771316,1.858488,1.858488,1.771316,1.92316,C,0.04921,0.04921,0.08572,0.0,0.08572,4.31442,0.921,0.1882,1.0,1.0492,1.0857,5.3144,9208,10000,49239,9208,9664,751080,725872,,"{""EAGER"": 0, ""LATE_PERSIST"": 0, ""PER_QUERY"": 0}",13.4,3483.7
finproc|s5|r100|PRED_OVERLAP|c2,finproc,5,100,PRED_OVERLAP,2,0.04924,0.9208,100,4.49832,22.068809,4.142361,4.3468,4.3468,4.142361,4.49832,C,0.04935,0.04935,0.08593,0.0,0.08593,4.32759,0.9209,0.1877,1.0,1.0494,1.0859,5.3276,18416,20000,98478,18416,19328,1692160,1635360,,"{""EAGER"": 0, ""LATE_PERSIST"": 0, ""PER_QUERY"": 0}",13.4,8292.0
finproc|s5|r100|PRED_OVERLAP|c4,finproc,5,100,PRED_OVERLAP,4,0.04924,0.9208,100,9.54864,46.887002,8.79237,9.226784,9.226784,8.79237,9.54864,C,0.04941,0.04941,0.08601,0.0,0.08601,4.33269,0.9208,0.1875,1.0,1.0494,1.086,5.3327,36832,40000,196956,36832,38656,3664320,3541312,,"{""EAGER"": 0, ""LATE_PERSIST"": 0, ""PER_QUERY"": 0}",13.4,17507.2
finproc|s5|r100|PRED_MUTEX|c1,finproc,5,100,PRED_MUTEX,1,0.01,1.0,100,1.92316,1.91516,1.92316,1.91516,1.91516,1.91516,1.91516,B,0.0,0.0,0.0,0.00418,0.00418,0.0,1.0,1.0042,1.0,1.0,1.0042,1.0,10000,10000,10000,10000,10000,751080,751080,,"{""EAGER"": 0, ""LATE_PERSIST"": 0, ""PER_QUERY"": 0}",13.4,1574.5
finproc|s5|r100|PRED_MUTEX|c2,finproc,5,100,PRED_MUTEX,2,0.01,1.0,100,4.49832,4.48232,4.49832,4.48232,4.48232,4.48232,4.48232,B,0.0,0.0,0.0,0.00357,0.00357,0.0,1.0,1.0036,1.0,1.0,1.0036,1.0,20000,20000,20000,20000,20000,1692160,1692160,,"{""EAGER"": 0, ""LATE_PERSIST"": 0, ""PER_QUERY"": 0}",13.4,3735.6
finproc|s5|r100|PRED_MUTEX|c4,finproc,5,100,PRED_MUTEX,4,0.01,1.0,100,9.54864,9.51664,9.54864,9.51664,9.51664,9.51664,9.51664,B,0.0,0.0,0.0,0.00336,0.00336,0.0,1.0,1.0034,1.0,1.0,1.0034,1.0,40000,40000,40000,40000,40000,3664320,3664320,,"{""EAGER"": 0, ""LATE_PERSIST"": 0, ""PER_QUERY"": 0}",13.4,7877.8
finproc|s10|r1|PRED_SHARED|c1,finproc,10,1,PRED_SHARED,1,0.1,0.1,1,1.91524,0.190814,0.191614,0.190814,0.190814,0.190814,0.190814,B,0.0,0.0,0.0,0.00419,9.03721,0.0,0.1,1.0042,1.0,1.0,10.0372,1.0,1000,10000,1000,1000,1000,751080,75117,,"{""EAGER"": 0, ""LATE_PERSIST"": 0, ""PER_QUERY"": 0}",13.4,15530.95
finproc|s10|r1|PRED_SHARED|c2,finproc,10,1,PRED_SHARED,2,0.1,0.1,1,4.4904,0.447548,0.449148,0.447548,0.447548,0.447548,0.447548,B,0.0,0.0,0.0,0.00358,9.03334,0.0,0.1,1.0036,1.0,1.0,10.0333,1.0,2000,20000,2000,2000,2000,1692160,169234,0,"{""EAGER"": 0, ""LATE_PERSIST"": 0, ""PER_QUERY"": 1}",13.4,37048.5
finproc|s10|r1|PRED_SHARED|c4,finproc,10,1,PRED_SHARED,4,0.1,0.1,1,9.54072,0.951016,0.954216,0.951016,0.951016,0.951016,0.951016,B,0.0,0.0,0.0,0.00336,9.03213,0.0,0.1,1.0034,1.0,1.0,10.0321,1.0,4000,40000,4000,4000,4000,3664320,366468,,"{""EAGER"": 0, ""LATE_PERSIST"": 0, ""PER_QUERY"": 0}",13.4,78283.6
finproc|s10|r1|PRED_DISTINCT|c1,finproc,10,1,PRED_DISTINCT,1,0.0968,0.0968,1,1.91524,0.184596,0.18537,0.184596,0.184596,0.184596,0.184596,B,0.0,0.0,0.0,0.0042,9.37531,0.0,0.0968,1.0042,1.0,1.0,10.3753,1.0,968,10000,968,968,968,751080,72656,,"{""EAGER"": 0, ""LATE_PERSIST"": 0, ""PER_QUERY"": 0}",13.4,15025.8
finproc|s10|r1|PRED_DISTINCT|c2,finproc,10,1,PRED_DISTINCT,2,0.0968,0.0968,1,4.4904,0.433,0.434549,0.433,0.433,0.433,0.433,B,0.0,0.0,0.0,0.00358,9.37044,0.0,0.0968,1.0036,1.0,1.0,10.3704,1.0,1936,20000,1936,1936,1936,1692160,163704,0,"{""EAGER"": 0, ""LATE_PERSIST"": 0, ""PER_QUERY"": 1}",13.4,35846.2
finproc|s10|r1|PRED_DISTINCT|c4,finproc,10,1,PRED_DISTINCT,4,0.0968,0.0968,1,9.54072,0.920128,0.923226,0.920128,0.920128,0.920128,0.920128,B,0.0,0.0,0.0,0.00337,9.36891,0.0,0.0968,1.0034,1.0,1.0,10.3689,1.0,3872,40000,3872,3872,3872,3664320,354512,,"{""EAGER"": 0, ""LATE_PERSIST"": 0, ""PER_QUERY"": 0}",13.4,75744.6
finproc|s10|r1|PRED_NESTED|c1,finproc,10,1,PRED_NESTED,1,0.1,0.1,1,1.91524,0.190814,0.191614,0.190814,0.190814,0.190814,0.190814,B,0.0,0.0,0.0,0.00419,9.03721,0.0,0.1,1.0042,1.0,1.0,10.0372,1.0,1000,10000,1000,1000,1000,751080,75117,,"{""EAGER"": 0, ""LATE_PERSIST"": 0, ""PER_QUERY"": 0}",13.4,15530.95
finproc|s10|r1|PRED_NESTED|c2,finproc,10,1,PRED_NESTED,2,0.1,0.1,1,4.4904,0.447548,0.449148,0.447548,0.447548,0.447548,0.447548,B,0.0,0.0,0.0,0.00358,9.03334,0.0,0.1,1.0036,1.0,1.0,10.0333,1.0,2000,20000,2000,2000,2000,1692160,169234,0,"{""EAGER"": 0, ""LATE_PERSIST"": 0, ""PER_QUERY"": 1}",13.4,37048.5
finproc|s10|r1|PRED_NESTED|c4,finproc,10,1,PRED_NESTED,4,0.1,0.1,1,9.54072,0.951016,0.954216,0.951016,0.951016,0.951016,0.951016,B,0.0,0.0,0.0,0.00336,9.03213,0.0,0.1,1.0034,1.0,1.0,10.0321,1.0,4000,40000,4000,4000,4000,3664320,366468,,"{""EAGER"": 0, ""LATE_PERSIST"": 0, ""PER_QUERY"": 0}",13.4,78283.6
finproc|s10|r1|PRED_OVERLAP|c1,finproc,10,1,PRED_OVERLAP,1,0.1068,0.1068,1,1.91524,0.20378,0.204634,0.20378,0.20378,0.20378,0.20378,B,0.0,0.0,0.0,0.00419,8.39857,0.0,0.1068,1.0042,1.0,1.0,9.3986,1.0,1068,10000,1068,1068,1068,751080,80223,,"{""EAGER"": 0, ""LATE_PERSIST"": 0, ""PER_QUERY"": 0}",13.4,16585.85
finproc|s10|r1|PRED_OVERLAP|c2,finproc,10,1,PRED_OVERLAP,2,0.1068,0.1068,1,4.4904,0.477968,0.479677,0.477968,0.477968,0.477968,0.477968,B,0.0,0.0,0.0,0.00358,8.39477,0.0,0.1068,1.0036,1.0,1.0,9.3948,1.0,2136,20000,2136,2136,2136,1692160,180738,0,"{""EAGER"": 0, ""LATE_PERSIST"": 0, ""PER_QUERY"": 1}",13.4,39566.3
finproc|s10|r1|PRED_OVERLAP|c4,finproc,10,1,PRED_OVERLAP,4,0.1068,0.1068,1,9.54072,1.015664,1.019082,1.015664,1.015664,1.015664,1.015664,B,0.0,0.0,0.0,0.00336,8.39358,0.0,0.1068,1.0034,1.0,1.0,9.3936,1.0,4272,40000,4272,4272,4272,3664320,391380,,"{""EAGER"": 0, ""LATE_PERSIST"": 0, ""PER_QUERY"": 0}",13.4,83604.8
finproc|s10|r1|PRED_MUTEX|c1,finproc,10,1,PRED_MUTEX,1,0.1,0.1,1,1.91524,0.190826,0.191626,0.190826,0.190826,0.190826,0.190826,B,0.0,0.0,0.0,0.00419,9.03658,0.0,0.1001,1.0042,1.0,1.0,10.0366,1.0,1000,10000,1000,1000,1000,751080,75123,,"{""EAGER"": 0, ""LATE_PERSIST"": 0, ""PER_QUERY"": 0}",13.4,15531.85
finproc|s10|r1|PRED_MUTEX|c2,finproc,10,1,PRED_MUTEX,2,0.1,0.1,1,4.4904,0.447572,0.449172,0.447572,0.447572,0.447572,0.447572,B,0.0,0.0,0.0,0.00357,9.0328,0.0,0.1,1.0036,1.0,1.0,10.0328,1.0,2000,20000,2000,2000,2000,1692160,169246,0,"{""EAGER"": 0, ""LATE_PERSIST"": 0, ""PER_QUERY"": 1}",13.4,37050.3
finproc|s10|r1|PRED_MUTEX|c4,finproc,10,1,PRED_MUTEX,4,0.1,0.1,1,9.54072,0.951064,0.954264,0.951064,0.951064,0.951064,0.951064,B,0.0,0.0,0.0,0.00336,9.03163,0.0,0.1,1.0034,1.0,1.0,10.0316,1.0,4000,40000,4000,4000,4000,3664320,366492,,"{""EAGER"": 0, ""LATE_PERSIST"": 0, ""PER_QUERY"": 0}",13.4,78287.2
finproc|s10|r10|PRED_SHARED|c1,finproc,10,10,PRED_SHARED,1,0.1,0.1,10,1.91596,1.90814,0.192334,0.383068,0.383068,0.192334,0.383068,C,0.99168,0.99168,0.99168,0.0,8.96163,8.92097,0.1004,0.1008,1.0,1.9917,9.9616,9.921,1000,10000,10000,1000,2000,751080,150234,,"{""EAGER"": 0, ""LATE_PERSIST"": 0, ""PER_QUERY"": 0}",13.4,15530.95
finproc|s10|r10|PRED_SHARED|c2,finproc,10,10,PRED_SHARED,2,0.1,0.1,10,4.49112,4.47548,0.449868,0.897336,0.897336,0.449868,0.897336,C,0.99467,0.99467,0.99467,0.0,8.9832,8.94843,0.1002,0.1005,1.0,1.9947,9.9832,9.9484,2000,20000,20000,2000,4000,1692160,338468,1,"{""EAGER"": 0, ""LATE_PERSIST"": 9, ""PER_QUERY"": 1}",13.4,37048.5
finproc|s10|r10|PRED_SHARED|c4,finproc,10,10,PRED_SHARED,4,0.1,0.1,10,9.54144,9.51016,0.954936,1.905872,1.905872,0.954936,1.905872,C,0.99581,0.99581,0.99581,0.0,8.99171,8.95895,0.1001,0.1004,1.0,1.9958,9.9917,9.959,4000,40000,40000,4000,8000,3664320,732936,,"{""EAGER"": 0, ""LATE_PERSIST"": 0, ""PER_QUERY"": 0}",13.4,78283.6
finproc|s10|r10|PRED_DISTINCT|c1,finproc,10,10,PRED_DISTINCT,1,0.09741,0.6347,10,1.91596,1.859226,1.216437,1.331143,1.331143,1.216437,1.331143,C,0.0943,0.0943,0.0943,0.0,0.57506,0.52842,0.6349,0.6543,1.0,1.0943,1.5751,1.5284,6347,10000,9741,6347,6950,751080,522041,,"{""EAGER"": 0, ""LATE_PERSIST"": 0, ""PER_QUERY"": 0}",13.4,15093.65
finproc|s10|r10|PRED_DISTINCT|c2,finproc,10,10,PRED_DISTINCT,2,0.09741,0.6347,10,4.49112,4.360559,2.850976,3.120185,3.120185,2.850976,3.120185,C,0.09443,0.09443,0.09443,0.0,0.57529,0.5295,0.6348,0.6538,1.0,1.0944,1.5753,1.5295,12694,20000,19482,12694,13900,1692160,1176132,1,"{""EAGER"": 0, ""LATE_PERSIST"": 9, ""PER_QUERY"": 1}",13.4,36005.9
finproc|s10|r10|PRED_DISTINCT|c4,finproc,10,10,PRED_DISTINCT,4,0.09741,0.6347,10,9.54144,9.265814,6.056584,6.62877,6.62877,6.056584,6.62877,C,0.09447,0.09447,0.09447,0.0,0.57538,0.52987,0.6348,0.6536,1.0,1.0945,1.5754,1.5299,25388,40000,38964,25388,27800,3664320,2546864,,"{""EAGER"": 0, ""LATE_PERSIST"": 0, ""PER_QUERY"": 0}",13.4,76080.8
finproc|s10|r10|PRED_NESTED|c1,finproc,10,10,PRED_NESTED,1,0.10133,0.1828,10,1.91596,1.935307,0.351118,0.3878,0.3878,0.351118,0.3878,C,0.10447,0.10447,0.10447,0.0,4.45673,4.51183,0.1833,0.1814,1.0,1.1045,5.4567,5.5118,1828,10000,10133,1828,2020,751080,151864,,"{""EAGER"": 0, ""LATE_PERSIST"": 0, ""PER_QUERY"": 0}",13.4,5849.6
finproc|s10|r10|PRED_NESTED|c2,finproc,10,10,PRED_NESTED,2,0.10133,0.1828,10,4.49112,4.538591,0.822085,0.908121,0.908121,0.822085,0.908121,C,0.10466,0.10466,0.10466,0.0,4.46309,4.52083,0.183,0.1811,1.0,1.1047,5.4631,5.5208,3656,20000,20266,3656,4040,1692160,342108,1,"{""EAGER"": 0, ""LATE_PERSIST"": 9, ""PER_QUERY"": 1}",13.4,13935.8
finproc|s10|r10|PRED_NESTED|c4,finproc,10,10,PRED_NESTED,4,0.10133,0.1828,10,9.54144,9.64383,1.745738,1.928562,1.928562,1.745738,1.928562,C,0.10473,0.10473,0.10473,0.0,4.46556,4.52422,0.183,0.181,1.0,1.1047,5.4656,5.5242,7312,40000,40532,7312,8080,3664320,740776,,"{""EAGER"": 0, ""LATE_PERSIST"": 0, ""PER_QUERY"": 0}",13.4,29433.2
finproc|s10|r10|PRED_OVERLAP|c1,finproc,10,10,PRED_OVERLAP,1,0.10215,0.4459,10,1.91596,1.950525,0.854433,0.991776,0.991776,0.854433,0.991776,C,0.16074,0.16074,0.16074,0.0,1.24238,1.28283,0.446,0.4381,1.0,1.1607,2.2424,2.2828,4459,10000,10215,4459,5180,751080,388948,,"{""EAGER"": 0, ""LATE_PERSIST"": 0, ""PER_QUERY"": 0}",13.4,16585.85
finproc|s10|r10|PRED_OVERLAP|c2,finproc,10,10,PRED_OVERLAP,2,0.10215,0.4459,10,4.49112,4.574441,2.002359,2.324631,2.324631,2.002359,2.324631,C,0.16095,0.16095,0.16095,0.0,1.24291,1.28453,0.4458,0.4377,1.0,1.1609,2.2429,2.2845,8918,20000,20430,8918,10360,1692160,876316,1,"{""EAGER"": 0, ""LATE_PERSIST"": 9, ""PER_QUERY"": 1}",13.4,39566.3
finproc|s10|r10|PRED_OVERLAP|c4,finproc,10,10,PRED_OVERLAP,4,0.10215,0.4459,10,9.54144,9.720122,4.253623,4.938542,4.938542,4.253623,4.938542,C,0.16102,0.16102,0.16102,0.0,1.24313,1.28514,0.4458,0.4376,1.0,1.161,2.2431,2.2851,17836,40000,40860,17836,20720,3664320,1897672,,"{""EAGER"": 0, ""LATE_PERSIST"": 0, ""PER_QUERY"": 0}",13.4,83604.8
finproc|s10|r10|PRED_MUTEX|c1,finproc,10,10,PRED_MUTEX,1,0.1,1.0,10,1.91596,1.90796,1.91596,1.90796,1.90796,1.90796,1.90796,B,0.0,0.0,0.0,0.00419,0.00419,0.0,1.0,1.0042,1.0,1.0,1.0042,1.0,10000,10000,10000,10000,10000,751080,751080,,"{""EAGER"": 0, ""LATE_PERSIST"": 0, ""PER_QUERY"": 0}",13.4,15572.2
finproc|s10|r10|PRED_MUTEX|c2,finproc,10,10,PRED_MUTEX,2,0.1,1.0,10,4.49112,4.47512,4.49112,4.47512,4.47512,4.47512,4.47512,B,0.0,0.0,0.0,0.00358,0.00358,0.0,1.0,1.0036,1.0,1.0,1.0036,1.0,20000,20000,20000,20000,20000,1692160,1692160,0,"{""EAGER"": 0, ""LATE_PERSIST"": 0, ""PER_QUERY"": 10}",13.4,37131.0
finproc|s10|r10|PRED_MUTEX|c4,finproc,10,10,PRED_MUTEX,4,0.1,1.0,10,9.54144,9.50944,9.54144,9.50944,9.50944,9.50944,9.50944,B,0.0,0.0,0.0,0.00337,0.00337,0.0,1.0,1.0034,1.0,1.0,1.0034,1.0,40000,40000,40000,40000,40000,3664320,3664320,,"{""EAGER"": 0, ""LATE_PERSIST"": 0, ""PER_QUERY"": 0}",13.4,78448.6
finproc|s10|r50|PRED_SHARED|c1,finproc,10,50,PRED_SHARED,1,0.1,0.1,50,1.91916,9.5407,0.195534,0.386268,2.109894,0.195534,1.91916,C,9.79042,0.97545,8.81497,0.0,8.81497,47.79305,0.1019,0.0205,5.4623,10.7904,9.815,48.793,1000,10000,50000,1000,11000,751080,826197,,"{""EAGER"": 0, ""LATE_PERSIST"": 0, ""PER_QUERY"": 0}",13.4,15530.95
finproc|s10|r50|PRED_SHARED|c2,finproc,10,50,PRED_SHARED,2,0.1,0.1,50,4.49432,22.3774,0.453068,0.900536,4.941788,0.453068,4.49432,C,9.90739,0.98764,8.91975,0.0,8.91975,48.39082,0.1008,0.0202,5.4876,10.9074,9.9197,49.3908,2000,20000,100000,2000,22000,1692160,1861394,3,"{""EAGER"": 1, ""LATE_PERSIST"": 48, ""PER_QUERY"": 1}",13.4,37048.5
finproc|s10|r50|PRED_SHARED|c4,finproc,10,50,PRED_SHARED,4,0.1,0.1,50,9.54464,47.5508,0.958136,1.909072,10.495576,0.958136,9.54464,C,9.95416,0.99249,8.96168,0.0,8.96168,48.62845,0.1004,0.0201,5.4977,10.9542,9.9617,49.6284,4000,40000,200000,4000,44000,3664320,4030788,,"{""EAGER"": 0, ""LATE_PERSIST"": 0, ""PER_QUERY"": 0}",13.4,78283.6
finproc|s10|r50|PRED_DISTINCT|c1,finproc,10,50,PRED_DISTINCT,1,0.10011,0.9951,50,1.91916,9.552677,1.90985,2.093239,2.093239,1.90985,1.91916,C,0.09602,0.09602,0.00487,0.0,0.00487,4.00179,0.9951,0.1999,1.0,1.096,1.0049,5.0018,9951,10000,50057,9951,10913,751080,819653,,"{""EAGER"": 0, ""LATE_PERSIST"": 0, ""PER_QUERY"": 0}",13.4,13270.75
finproc|s10|r50|PRED_DISTINCT|c2,finproc,10,50,PRED_DISTINCT,2,0.10011,0.9951,50,4.49432,22.405115,4.472467,4.902735,4.902735,4.472467,4.49432,C,0.0962,0.0962,0.00489,0.0,0.00489,4.00957,0.9951,0.1996,1.0,1.0962,1.0049,5.0096,19902,20000,100114,19902,21826,1692160,1846653,1,"{""EAGER"": 0, ""LATE_PERSIST"": 49, ""PER_QUERY"": 1}",13.4,31646.1
finproc|s10|r50|PRED_DISTINCT|c4,finproc,10,50,PRED_DISTINCT,4,0.10011,0.9951,50,9.54464,47.609422,9.498189,10.412598,10.412598,9.498189,9.54464,C,0.09627,0.09627,0.00489,0.0,0.00489,4.01247,0.9951,0.1995,1.0,1.0963,1.0049,5.0125,39804,40000,200228,39804,43652,3664320,3998870,,"{""EAGER"": 0, ""LATE_PERSIST"": 0, ""PER_QUERY"": 0}",13.4,66861.4
finproc|s10|r50|PRED_NESTED|c1,finproc,10,50,PRED_NESTED,1,0.10099,0.1954,50,1.91916,9.644419,0.37847,0.387119,1.927809,0.37847,1.927809,C,4.09369,0.02285,4.09369,0.0,4.07084,24.48264,0.1972,0.0392,4.9799,5.0937,5.0708,25.4826,1954,10000,50497,1954,10045,751080,754493,,"{""EAGER"": 0, ""LATE_PERSIST"": 0, ""PER_QUERY"": 0}",13.4,820.3
finproc|s10|r50|PRED_NESTED|c2,finproc,10,50,PRED_NESTED,2,0.10099,0.1954,50,4.49432,22.617639,0.881904,0.902171,4.514587,0.881904,4.514587,C,4.11913,0.02298,4.11913,0.0,4.09615,24.64636,0.1962,0.039,5.0041,5.1191,5.0962,25.6464,3908,20000,100994,3908,20090,1692160,1699841,3,"{""EAGER"": 1, ""LATE_PERSIST"": 48, ""PER_QUERY"": 1}",13.4,1939.2
finproc|s10|r50|PRED_NESTED|c4,finproc,10,50,PRED_NESTED,4,0.10099,0.1954,50,9.54464,48.05911,1.869233,1.912287,9.587694,1.869233,9.587694,C,4.12921,0.02303,4.12921,0.0,4.10618,24.71061,0.1958,0.0389,5.0137,5.1292,5.1062,25.7106,7816,40000,201988,7816,40180,3664320,3680942,,"{""EAGER"": 0, ""LATE_PERSIST"": 0, ""PER_QUERY"": 0}",13.4,4083.4
finproc|s10|r50|PRED_OVERLAP|c1,finproc,10,50,PRED_OVERLAP,1,0.10065,0.927,50,1.91916,9.612356,1.779243,1.977609,1.977609,1.779243,1.91916,C,0.11149,0.11149,0.07864,0.0,0.07864,4.4025,0.9271,0.1851,1.0,1.1115,1.0786,5.4025,9270,10000,50324,9270,10310,751080,774330,,"{""EAGER"": 0, ""LATE_PERSIST"": 0, ""PER_QUERY"": 0}",13.4,7012.95
finproc|s10|r50|PRED_OVERLAP|c2,finproc,10,50,PRED_OVERLAP,2,0.10065,0.927,50,4.49432,22.542096,4.166306,4.631677,4.631677,4.166306,4.49432,C,0.1117,0.1117,0.07873,0.0,0.07873,4.41057,0.927,0.1848,1.0,1.1117,1.0787,5.4106,18540,20000,100648,18540,20620,1692160,1744550,1,"{""EAGER"": 0, ""LATE_PERSIST"": 49, ""PER_QUERY"": 1}",13.4,16724.5
finproc|s10|r50|PRED_OVERLAP|c4,finproc,10,50,PRED_OVERLAP,4,0.10065,0.927,50,9.54464,47.898336,8.847732,9.836714,9.836714,8.847732,9.54464,C,0.11178,0.11178,0.07877,0.0,0.07877,4.41363,0.927,0.1847,1.0,1.1118,1.0788,5.4136,37080,40000,201296,37080,41240,3664320,3777780,,"{""EAGER"": 0, ""LATE_PERSIST"": 0, ""PER_QUERY"": 0}",13.4,35334.0
finproc|s10|r50|PRED_MUTEX|c1,finproc,10,50,PRED_MUTEX,1,0.02,1.0,50,1.91916,1.91116,1.91916,1.91116,1.91116,1.91116,1.91116,B,0.0,0.0,0.0,0.00419,0.00419,0.0,1.0,1.0042,1.0,1.0,1.0042,1.0,10000,10000,10000,10000,10000,751080,751080,,"{""EAGER"": 0, ""LATE_PERSIST"": 0, ""PER_QUERY"": 0}",13.4,3135.9
finproc|s10|r50|PRED_MUTEX|c2,finproc,10,50,PRED_MUTEX,2,0.02,1.0,50,4.49432,4.47832,4.49432,4.47832,4.47832,4.47832,4.47832,B,0.0,0.0,0.0,0.00357,0.00357,0.0,1.0,1.0036,1.0,1.0,1.0036,1.0,20000,20000,20000,20000,20000,1692160,1692160,0,"{""EAGER"": 0, ""LATE_PERSIST"": 0, ""PER_QUERY"": 50}",13.4,7458.4
finproc|s10|r50|PRED_MUTEX|c4,finproc,10,50,PRED_MUTEX,4,0.02,1.0,50,9.54464,9.51264,9.54464,9.51264,9.51264,9.51264,9.51264,B,0.0,0.0,0.0,0.00336,0.00336,0.0,1.0,1.0034,1.0,1.0,1.0034,1.0,40000,40000,40000,40000,40000,3664320,3664320,,"{""EAGER"": 0, ""LATE_PERSIST"": 0, ""PER_QUERY"": 0}",13.4,15743.4
finproc|s10|r100|PRED_SHARED|c1,finproc,10,100,PRED_SHARED,1,0.1,0.1,100,1.92316,19.0814,0.199534,0.390268,2.113894,0.199534,1.92316,C,9.59415,0.9559,8.63826,0.0,8.63826,94.62982,0.1038,0.0105,5.4165,10.5942,9.6383,95.6298,1000,10000,100000,1000,11000,751080,826197,,"{""EAGER"": 0, ""LATE_PERSIST"": 0, ""PER_QUERY"": 0}",13.4,13.4
finproc|s10|r100|PRED_SHARED|c2,finproc,10,100,PRED_SHARED,2,0.1,0.1,100,4.49832,44.7548,0.457068,0.904536,4.945788,0.457068,4.49832,C,9.82068,0.979,8.84169,0.0,8.84169,96.91716,0.1016,0.0102,5.4678,10.8207,9.8417,97.9172,2000,20000,200000,2000,22000,1692160,1861394,3,"{""EAGER"": 1, ""LATE_PERSIST"": 98, ""PER_QUERY"": 1}",13.4,13.4
finproc|s10|r100|PRED_SHARED|c4,finproc,10,100,PRED_SHARED,4,0.1,0.1,100,9.54864,95.1016,0.962136,1.913072,10.499576,0.962136,9.54864,C,9.91278,0.98836,8.92442,0.0,8.92442,97.84424,0.1008,0.0101,5.4883,10.9128,9.9244,98.8442,4000,40000,400000,4000,44000,3664320,4030788,,"{""EAGER"": 0, ""LATE_PERSIST"": 0, ""PER_QUERY"": 0}",13.4,13.4
finproc|s10|r100|PRED_DISTINCT|c1,finproc,10,100,PRED_DISTINCT,1,0.10034,1.0,100,1.92316,19.143545,1.92316,2.107676,2.107676,1.92316,1.92316,A,0.09594,0.09594,0.0,0.0,0.0,8.95421,1.0,0.1005,1.0,1.0959,1.0,9.9542,10000,10000,100335,10000,10968,751080,823736,,"{""EAGER"": 0, ""LATE_PERSIST"": 0, ""PER_QUERY"": 0}",13.4,9824.9
finproc|s10|r100|PRED_DISTINCT|c2,finproc,10,100,PRED_DISTINCT,2,0.10034,1.0,100,4.49832,44.901201,4.49832,4.93124,4.93124,4.49832,4.49832,A,0.09624,0.09624,0.0,0.0,0.0,8.98177,1.0,0.1002,1.0,1.0962,1.0,9.9818,20000,20000,200670,20000,21936,1692160,1855864,1,"{""EAGER"": 0, ""LATE_PERSIST"": 99, ""PER_QUERY"": 1}",13.4,23434.4
finproc|s10|r100|PRED_DISTINCT|c4,finproc,10,100,PRED_DISTINCT,4,0.10034,1.0,100,9.54864,95.413162,9.54864,10.468688,10.468688,9.54864,9.54864,A,0.09635,0.09635,0.0,0.0,0.0,8.99233,1.0,0.1001,1.0,1.0964,1.0,9.9923,40000,40000,401340,40000,43872,3664320,4018832,,"{""EAGER"": 0, ""LATE_PERSIST"": 0, ""PER_QUERY"": 0}",13.4,49514.0
finproc|s10|r100|PRED_NESTED|c1,finproc,10,100,PRED_NESTED,1,0.10097,0.1971,100,1.92316,19.284901,0.38572,0.389753,1.927193,0.38572,1.927193,C,3.99635,0.01045,3.99635,0.0,3.98589,48.99711,0.2006,0.02,4.9447,4.9963,4.9859,49.9971,1971,10000,100974,1971,10021,751080,752671,,"{""EAGER"": 0, ""LATE_PERSIST"": 0, ""PER_QUERY"": 0}",13.4,417.0
finproc|s10|r100|PRED_NESTED|c2,finproc,10,100,PRED_NESTED,2,0.10097,0.1971,100,4.49832,45.226086,0.893527,0.902978,4.507771,0.893527,4.507771,C,4.04492,0.01058,4.04492,0.0,4.03434,49.61527,0.1986,0.0198,4.9921,5.0449,5.0343,50.6153,3942,20000,201948,3942,20042,1692160,1695741,3,"{""EAGER"": 1, ""LATE_PERSIST"": 98, ""PER_QUERY"": 1}",13.4,976.6
finproc|s10|r100|PRED_NESTED|c4,finproc,10,100,PRED_NESTED,4,0.10097,0.1971,100,9.54864,96.098716,1.889429,1.909507,9.568718,1.889429,9.568718,C,4.06434,0.01063,4.06434,0.0,4.05372,49.86124,0.1979,0.0197,5.0111,5.0643,5.0537,50.8612,7884,40000,403896,7884,40084,3664320,3672070,,"{""EAGER"": 0, ""LATE_PERSIST"": 0, ""PER_QUERY"": 0}",13.4,2049.0
finproc|s10|r100|PRED_OVERLAP|c1,finproc,10,100,PRED_OVERLAP,1,0.10086,0.9947,100,1.92316,19.264181,1.913045,2.116558,2.116558,1.913045,1.92316,C,0.10638,0.10638,0.00529,0.0,0.00529,9.0699,0.9947,0.0993,1.0,1.1064,1.0053,10.0699,9947,10000,100858,9947,11014,751080,827267,,"{""EAGER"": 0, ""LATE_PERSIST"": 0, ""PER_QUERY"": 0}",13.4,6101.85
finproc|s10|r100|PRED_OVERLAP|c2,finproc,10,100,PRED_OVERLAP,2,0.10086,0.9947,100,4.49832,45.17699,4.474592,4.95204,4.95204,4.474592,4.49832,C,0.1067,0.1067,0.0053,0.0,0.0053,9.09634,0.9947,0.099,1.0,1.1067,1.0053,10.0963,19894,20000,201716,19894,22028,1692160,1863800,1,"{""EAGER"": 0, ""LATE_PERSIST"": 99, ""PER_QUERY"": 1}",13.4,14542.3
finproc|s10|r100|PRED_OVERLAP|c4,finproc,10,100,PRED_OVERLAP,4,0.10086,0.9947,100,9.54864,95.994028,9.498216,10.512863,10.512863,9.498216,9.54864,C,0.10682,0.10682,0.00531,0.0,0.00531,9.10653,0.9947,0.0989,1.0,1.1068,1.0053,10.1065,39788,40000,403432,39788,44056,3664320,4035992,,"{""EAGER"": 0, ""LATE_PERSIST"": 0, ""PER_QUERY"": 0}",13.4,30717.6
finproc|s10|r100|PRED_MUTEX|c1,finproc,10,100,PRED_MUTEX,1,0.01,1.0,100,1.92316,1.91516,1.92316,1.91516,1.91516,1.91516,1.91516,B,0.0,0.0,0.0,0.00418,0.00418,0.0,1.0,1.0042,1.0,1.0,1.0042,1.0,10000,10000,10000,10000,10000,751080,751080,,"{""EAGER"": 0, ""LATE_PERSIST"": 0, ""PER_QUERY"": 0}",13.4,1576.3
finproc|s10|r100|PRED_MUTEX|c2,finproc,10,100,PRED_MUTEX,2,0.01,1.0,100,4.49832,4.48232,4.49832,4.48232,4.48232,4.48232,4.48232,B,0.0,0.0,0.0,0.00357,0.00357,0.0,1.0,1.0036,1.0,1.0,1.0036,1.0,20000,20000,20000,20000,20000,1692160,1692160,0,"{""EAGER"": 0, ""LATE_PERSIST"": 0, ""PER_QUERY"": 100}",13.4,3739.2
finproc|s10|r100|PRED_MUTEX|c4,finproc,10,100,PRED_MUTEX,4,0.01,1.0,100,9.54864,9.51664,9.54864,9.51664,9.51664,9.51664,9.51664,B,0.0,0.0,0.0,0.00336,0.00336,0.0,1.0,1.0034,1.0,1.0,1.0034,1.0,40000,40000,40000,40000,40000,3664320,3664320,,"{""EAGER"": 0, ""LATE_PERSIST"": 0, ""PER_QUERY"": 0}",13.4,7885.0
finproc|s25|r1|PRED_SHARED|c1,finproc,25,1,PRED_SHARED,1,0.2491,0.2491,1,1.91524,0.475403,0.477396,0.475403,0.475403,0.475403,0.475403,B,0.0,0.0,0.0,0.00419,3.02866,0.0,0.2493,1.0042,1.0,1.0,4.0287,1.0,2491,10000,2491,2491,2491,751080,187219,,"{""EAGER"": 0, ""LATE_PERSIST"": 0, ""PER_QUERY"": 0}",13.4,38683.0
finproc|s25|r1|PRED_SHARED|c2,finproc,25,1,PRED_SHARED,2,0.2491,0.2491,1,4.4904,1.115133,1.119119,1.115133,1.115133,1.115133,1.115133,B,0.0,0.0,0.0,0.00357,3.02678,0.0,0.2492,1.0036,1.0,1.0,4.0268,1.0,4982,20000,4982,4982,4982,1692160,421767,,"{""EAGER"": 0, ""LATE_PERSIST"": 0, ""PER_QUERY"": 0}",13.4,92298.6
finproc|s25|r1|PRED_SHARED|c4,finproc,25,1,PRED_SHARED,4,0.2491,0.2491,1,9.54072,2.369682,2.377653,2.369682,2.369682,2.369682,2.369682,B,0.0,0.0,0.0,0.00336,3.02616,0.0,0.2492,1.0034,1.0,1.0,4.0262,1.0,9964,40000,9964,9964,9964,3664320,913282,,"{""EAGER"": 0, ""LATE_PERSIST"": 0, ""PER_QUERY"": 0}",13.4,195046.0
finproc|s25|r1|PRED_DISTINCT|c1,finproc,25,1,PRED_DISTINCT,1,0.2464,0.2464,1,1.91524,0.470056,0.472027,0.470056,0.470056,0.470056,0.470056,B,0.0,0.0,0.0,0.00419,3.07449,0.0,0.2465,1.0042,1.0,1.0,4.0745,1.0,2464,10000,2464,2464,2464,751080,185092,,"{""EAGER"": 0, ""LATE_PERSIST"": 0, ""PER_QUERY"": 0}",13.4,38249.2
finproc|s25|r1|PRED_DISTINCT|c2,finproc,25,1,PRED_DISTINCT,2,0.2464,0.2464,1,4.4904,1.102656,1.106598,1.102656,1.102656,1.102656,1.102656,B,0.0,0.0,0.0,0.00358,3.07235,0.0,0.2464,1.0036,1.0,1.0,4.0723,1.0,4928,20000,4928,4928,4928,1692160,417000,,"{""EAGER"": 0, ""LATE_PERSIST"": 0, ""PER_QUERY"": 0}",13.4,91269.0
finproc|s25|r1|PRED_DISTINCT|c4,finproc,25,1,PRED_DISTINCT,4,0.2464,0.2464,1,9.54072,2.343216,2.351101,2.343216,2.343216,2.343216,2.343216,B,0.0,0.0,0.0,0.00336,3.07163,0.0,0.2464,1.0034,1.0,1.0,4.0716,1.0,9856,40000,9856,9856,9856,3664320,902992,,"{""EAGER"": 0, ""LATE_PERSIST"": 0, ""PER_QUERY"": 0}",13.4,192873.4
finproc|s25|r1|PRED_NESTED|c1,finproc,25,1,PRED_NESTED,1,0.2491,0.2491,1,1.91524,0.475403,0.477396,0.475403,0.475403,0.475403,0.475403,B,0.0,0.0,0.0,0.00419,3.02866,0.0,0.2493,1.0042,1.0,1.0,4.0287,1.0,2491,10000,2491,2491,2491,751080,187219,,"{""EAGER"": 0, ""LATE_PERSIST"": 0, ""PER_QUERY"": 0}",13.4,38683.0
finproc|s25|r1|PRED_NESTED|c2,finproc,25,1,PRED_NESTED,2,0.2491,0.2491,1,4.4904,1.115133,1.119119,1.115133,1.115133,1.115133,1.115133,B,0.0,0.0,0.0,0.00357,3.02678,0.0,0.2492,1.0036,1.0,1.0,4.0268,1.0,4982,20000,4982,4982,4982,1692160,421767,,"{""EAGER"": 0, ""LATE_PERSIST"": 0, ""PER_QUERY"": 0}",13.4,92298.6
finproc|s25|r1|PRED_NESTED|c4,finproc,25,1,PRED_NESTED,4,0.2491,0.2491,1,9.54072,2.369682,2.377653,2.369682,2.369682,2.369682,2.369682,B,0.0,0.0,0.0,0.00336,3.02616,0.0,0.2492,1.0034,1.0,1.0,4.0262,1.0,9964,40000,9964,9964,9964,3664320,913282,,"{""EAGER"": 0, ""LATE_PERSIST"": 0, ""PER_QUERY"": 0}",13.4,195046.0
finproc|s25|r1|PRED_OVERLAP|c1,finproc,25,1,PRED_OVERLAP,1,0.2317,0.2317,1,1.91524,0.442039,0.443892,0.442039,0.442039,0.442039,0.442039,B,0.0,0.0,0.0,0.00419,3.33274,0.0,0.2318,1.0042,1.0,1.0,4.3327,1.0,2317,10000,2317,2317,2317,751080,174060,,"{""EAGER"": 0, ""LATE_PERSIST"": 0, ""PER_QUERY"": 0}",13.4,35969.65
finproc|s25|r1|PRED_OVERLAP|c2,finproc,25,1,PRED_OVERLAP,2,0.2317,0.2317,1,4.4904,1.036919,1.040626,1.036919,1.036919,1.036919,1.036919,B,0.0,0.0,0.0,0.00358,3.33052,0.0,0.2317,1.0036,1.0,1.0,4.3305,1.0,4634,20000,4634,4634,4634,1692160,392143,,"{""EAGER"": 0, ""LATE_PERSIST"": 0, ""PER_QUERY"": 0}",13.4,85827.9
finproc|s25|r1|PRED_OVERLAP|c4,finproc,25,1,PRED_OVERLAP,4,0.2317,0.2317,1,9.54072,2.20351,2.210924,2.20351,2.20351,2.20351,2.20351,B,0.0,0.0,0.0,0.00336,3.32978,0.0,0.2317,1.0034,1.0,1.0,4.3298,1.0,9268,40000,9268,9268,9268,3664320,849162,,"{""EAGER"": 0, ""LATE_PERSIST"": 0, ""PER_QUERY"": 0}",13.4,181373.8
finproc|s25|r1|PRED_MUTEX|c1,finproc,25,1,PRED_MUTEX,1,0.25,0.25,1,1.91524,0.476884,0.478884,0.476884,0.476884,0.476884,0.476884,B,0.0,0.0,0.0,0.00419,3.01615,0.0,0.25,1.0042,1.0,1.0,4.0162,1.0,2500,10000,2500,2500,2500,751080,187777,,"{""EAGER"": 0, ""LATE_PERSIST"": 0, ""PER_QUERY"": 0}",13.4,38804.95
finproc|s25|r1|PRED_MUTEX|c2,finproc,25,1,PRED_MUTEX,2,0.25,0.25,1,4.4904,1.118688,1.122688,1.118688,1.118688,1.118688,1.118688,B,0.0,0.0,0.0,0.00358,3.01399,0.0,0.25,1.0036,1.0,1.0,4.014,1.0,5000,20000,5000,5000,5000,1692160,423054,,"{""EAGER"": 0, ""LATE_PERSIST"": 0, ""PER_QUERY"": 0}",13.4,92596.5
finproc|s25|r1|PRED_MUTEX|c4,finproc,25,1,PRED_MUTEX,4,0.25,0.25,1,9.54072,2.377296,2.385296,2.377296,2.377296,2.377296,2.377296,B,0.0,0.0,0.0,0.00337,3.01327,0.0,0.25,1.0034,1.0,1.0,4.0133,1.0,10000,40000,10000,10000,10000,3664320,916108,,"{""EAGER"": 0, ""LATE_PERSIST"": 0, ""PER_QUERY"": 0}",13.4,195679.6
finproc|s25|r10|PRED_SHARED|c1,finproc,25,10,PRED_SHARED,1,0.2491,0.2491,10,1.91596,4.754035,0.478116,0.95344,2.391284,0.478116,1.91596,C,4.00147,0.99416,3.00731,0.0,3.00731,8.94326,0.2495,0.1006,2.5081,5.0015,4.0073,9.9433,2491,10000,24910,2491,12491,751080,938299,,"{""EAGER"": 0, ""LATE_PERSIST"": 0, ""PER_QUERY"": 0}",13.4,116505.8
finproc|s25|r10|PRED_SHARED|c2,finproc,25,10,PRED_SHARED,2,0.2491,0.2491,10,4.49112,11.15133,1.119839,2.234892,5.606173,1.119839,4.49112,C,4.00623,0.99573,3.01051,0.0,3.01051,8.95798,0.2493,0.1004,2.5085,5.0062,4.0105,9.958,4982,20000,49820,4982,24982,1692160,2113927,,"{""EAGER"": 0, ""LATE_PERSIST"": 0, ""PER_QUERY"": 0}",13.4,278052.2
finproc|s25|r10|PRED_SHARED|c4,finproc,25,10,PRED_SHARED,4,0.2491,0.2491,10,9.54144,23.69682,2.378373,4.747975,11.911042,2.378373,9.54144,C,4.00806,0.99631,3.01175,0.0,3.01175,8.96346,0.2493,0.1004,2.5087,5.0081,4.0118,9.9635,9964,40000,99640,9964,49964,3664320,4577602,,"{""EAGER"": 0, ""LATE_PERSIST"": 0, ""PER_QUERY"": 0}",13.4,587628.8
finproc|s25|r10|PRED_DISTINCT|c1,finproc,25,10,PRED_DISTINCT,1,0.25031,0.944,10,1.91596,4.776517,1.808654,2.24357,2.24357,1.808654,1.91596,C,0.24046,0.24046,0.05933,0.0,0.05933,1.64092,0.944,0.3787,1.0,1.2405,1.0593,2.6409,9440,10000,25031,9440,11721,751080,880332,,"{""EAGER"": 0, ""LATE_PERSIST"": 0, ""PER_QUERY"": 0}",13.4,39517.3
finproc|s25|r10|PRED_DISTINCT|c2,finproc,25,10,PRED_DISTINCT,2,0.25031,0.944,10,4.49112,11.204281,4.239548,5.259926,5.259926,4.239548,4.49112,C,0.24068,0.24068,0.05934,0.0,0.05934,1.6428,0.944,0.3784,1.0,1.2407,1.0593,2.6428,18880,20000,50062,18880,23442,1692160,1983363,,"{""EAGER"": 0, ""LATE_PERSIST"": 0, ""PER_QUERY"": 0}",13.4,94291.2
finproc|s25|r10|PRED_DISTINCT|c4,finproc,25,10,PRED_DISTINCT,4,0.25031,0.944,10,9.54144,23.809498,9.006936,11.175428,11.175428,9.006936,9.54144,C,0.24076,0.24076,0.05934,0.0,0.05934,1.64346,0.944,0.3783,1.0,1.2408,1.0593,2.6435,37760,40000,100124,37760,46884,3664320,4294914,,"{""EAGER"": 0, ""LATE_PERSIST"": 0, ""PER_QUERY"": 0}",13.4,199258.0
finproc|s25|r10|PRED_NESTED|c1,finproc,25,10,PRED_NESTED,1,0.24897,0.4541,10,1.91596,4.750616,0.870543,0.961224,2.006641,0.870543,2.006641,C,1.30504,0.10417,1.30504,0.0,1.20088,4.45707,0.4544,0.1832,2.0876,2.305,2.2009,5.4571,4541,10000,24897,4541,10474,751080,786822,,"{""EAGER"": 0, ""LATE_PERSIST"": 0, ""PER_QUERY"": 0}",13.4,99728.65
finproc|s25|r10|PRED_NESTED|c2,finproc,25,10,PRED_NESTED,2,0.24897,0.4541,10,4.49112,11.143635,2.039993,2.252639,4.703766,2.039993,4.703766,C,1.30578,0.10424,1.30578,0.0,1.20154,4.46259,0.4542,0.1831,2.0881,2.3058,2.2015,5.4626,9082,20000,49794,9082,20948,1692160,1772650,,"{""EAGER"": 0, ""LATE_PERSIST"": 0, ""PER_QUERY"": 0}",13.4,238005.9
finproc|s25|r10|PRED_NESTED|c4,finproc,25,10,PRED_NESTED,4,0.24897,0.4541,10,9.54144,23.680702,4.333481,4.785317,9.993276,4.333481,9.993276,C,1.30606,0.10427,1.30606,0.0,1.2018,4.46459,0.4542,0.183,2.0883,2.3061,2.2018,5.4646,18164,40000,99588,18164,41896,3664320,3838572,,"{""EAGER"": 0, ""LATE_PERSIST"": 0, ""PER_QUERY"": 0}",13.4,502991.8
finproc|s25|r10|PRED_OVERLAP|c1,finproc,25,10,PRED_OVERLAP,1,0.23424,0.769,10,1.91596,4.471098,1.473847,1.858015,1.858015,1.473847,1.91596,C,0.26066,0.26066,0.29997,0.0,0.29997,2.03362,0.7692,0.3296,1.0,1.2607,1.3,3.0336,7690,10000,23424,7690,9705,751080,729126,,"{""EAGER"": 0, ""LATE_PERSIST"": 0, ""PER_QUERY"": 0}",13.4,36446.55
finproc|s25|r10|PRED_OVERLAP|c2,finproc,25,10,PRED_OVERLAP,2,0.23424,0.769,10,4.49112,10.48738,3.454434,4.35576,4.35576,3.454434,4.49112,C,0.26092,0.26092,0.3001,0.0,0.3001,2.03592,0.7692,0.3294,1.0,1.2609,1.3001,3.0359,15380,20000,46848,15380,19410,1692160,1642647,,"{""EAGER"": 0, ""LATE_PERSIST"": 0, ""PER_QUERY"": 0}",13.4,86967.7
finproc|s25|r10|PRED_OVERLAP|c4,finproc,25,10,PRED_OVERLAP,4,0.23424,0.769,10,9.54144,22.285704,7.338708,9.2542,9.2542,7.338708,9.54144,C,0.26101,0.26101,0.30015,0.0,0.30015,2.03673,0.7691,0.3293,1.0,1.261,1.3002,3.0367,30760,40000,93696,30760,38820,3664320,3557034,,"{""EAGER"": 0, ""LATE_PERSIST"": 0, ""PER_QUERY"": 0}",13.4,183783.6
finproc|s25|r10|PRED_MUTEX|c1,finproc,25,10,PRED_MUTEX,1,0.1,1.0,10,1.91596,1.90796,1.91596,1.90796,1.90796,1.90796,1.90796,B,0.0,0.0,0.0,0.00419,0.00419,0.0,1.0,1.0042,1.0,1.0,1.0042,1.0,10000,10000,10000,10000,10000,751080,751080,,"{""EAGER"": 0, ""LATE_PERSIST"": 0, ""PER_QUERY"": 0}",13.4,15569.35
finproc|s25|r10|PRED_MUTEX|c2,finproc,25,10,PRED_MUTEX,2,0.1,1.0,10,4.49112,4.47512,4.49112,4.47512,4.47512,4.47512,4.47512,B,0.0,0.0,0.0,0.00358,0.00358,0.0,1.0,1.0036,1.0,1.0,1.0036,1.0,20000,20000,20000,20000,20000,1692160,1692160,,"{""EAGER"": 0, ""LATE_PERSIST"": 0, ""PER_QUERY"": 0}",13.4,37125.3
finproc|s25|r10|PRED_MUTEX|c4,finproc,25,10,PRED_MUTEX,4,0.1,1.0,10,9.54144,9.50944,9.54144,9.50944,9.50944,9.50944,9.50944,B,0.0,0.0,0.0,0.00337,0.00337,0.0,1.0,1.0034,1.0,1.0,1.0034,1.0,40000,40000,40000,40000,40000,3664320,3664320,,"{""EAGER"": 0, ""LATE_PERSIST"": 0, ""PER_QUERY"": 0}",13.4,78437.2
finproc|s25|r50|PRED_SHARED|c1,finproc,25,50,PRED_SHARED,1,0.2491,0.2491,50,1.91916,23.770175,0.481316,0.95664,2.394484,0.481316,1.91916,C,3.97486,0.98755,2.98732,0.0,2.98732,48.38577,0.2508,0.0202,2.503,4.9749,3.9873,49.3858,2491,10000,124550,2491,12491,751080,938299,,"{""EAGER"": 0, ""LATE_PERSIST"": 0, ""PER_QUERY"": 0}",13.4,38683.0
finproc|s25|r50|PRED_SHARED|c2,finproc,25,50,PRED_SHARED,2,0.2491,0.2491,50,4.49432,55.75665,1.123039,2.238092,5.609373,1.123039,4.49432,C,3.99482,0.99289,3.00193,0.0,3.00193,48.64803,0.2499,0.0201,2.5063,4.9948,4.0019,49.648,4982,20000,249100,4982,24982,1692160,2113927,,"{""EAGER"": 0, ""LATE_PERSIST"": 0, ""PER_QUERY"": 0}",13.4,92298.6
finproc|s25|r50|PRED_SHARED|c4,finproc,25,50,PRED_SHARED,4,0.2491,0.2491,50,9.54464,118.4841,2.381573,4.751175,11.914242,2.381573,9.54464,C,4.00268,0.99497,3.0077,0.0,3.0077,48.75035,0.2495,0.0201,2.5076,5.0027,4.0077,49.7503,9964,40000,498200,9964,49964,3664320,4577602,,"{""EAGER"": 0, ""LATE_PERSIST"": 0, ""PER_QUERY"": 0}",13.4,195046.0
finproc|s25|r50|PRED_DISTINCT|c1,finproc,25,50,PRED_DISTINCT,1,0.25004,1.0,50,1.91916,23.848785,1.91916,2.389136,2.389136,1.91916,1.91916,A,0.24489,0.24489,0.0,0.0,0.0,11.42668,1.0,0.0805,1.0,1.2449,1.0,12.4267,10000,10000,125018,10000,12464,751080,936172,,"{""EAGER"": 0, ""LATE_PERSIST"": 0, ""PER_QUERY"": 0}",13.4,29185.85
finproc|s25|r50|PRED_DISTINCT|c2,finproc,25,50,PRED_DISTINCT,2,0.25004,1.0,50,4.49432,55.944758,4.49432,5.596896,5.596896,4.49432,4.49432,A,0.24533,0.24533,0.0,0.0,0.0,11.44788,1.0,0.0803,1.0,1.2453,1.0,12.4479,20000,20000,250036,20000,24928,1692160,2109160,,"{""EAGER"": 0, ""LATE_PERSIST"": 0, ""PER_QUERY"": 0}",13.4,69644.3
finproc|s25|r50|PRED_DISTINCT|c4,finproc,25,50,PRED_DISTINCT,4,0.25004,1.0,50,9.54464,118.886524,9.54464,11.887776,11.887776,9.54464,9.54464,A,0.24549,0.24549,0.0,0.0,0.0,11.45584,1.0,0.0803,1.0,1.2455,1.0,12.4558,40000,40000,500072,40000,49856,3664320,4567312,,"{""EAGER"": 0, ""LATE_PERSIST"": 0, ""PER_QUERY"": 0}",13.4,147175.4
finproc|s25|r50|PRED_NESTED|c1,finproc,25,50,PRED_NESTED,1,0.24856,0.4864,50,1.91916,23.714965,0.935933,0.954508,1.937734,0.935933,1.937734,C,1.07038,0.01985,1.07038,0.0,1.05053,24.33831,0.4877,0.0395,2.0301,2.0704,2.0505,25.3383,4864,10000,124281,4864,10097,751080,758403,,"{""EAGER"": 0, ""LATE_PERSIST"": 0, ""PER_QUERY"": 0}",13.4,1894.6
finproc|s25|r50|PRED_NESTED|c2,finproc,25,50,PRED_NESTED,2,0.24856,0.4864,50,4.49432,55.628475,2.18889,2.232441,4.537871,2.18889,4.537871,C,1.07314,0.0199,1.07314,0.0,1.05324,24.41401,0.487,0.0393,2.0327,2.0731,2.0532,25.414,9728,20000,248562,9728,20194,1692160,1708649,,"{""EAGER"": 0, ""LATE_PERSIST"": 0, ""PER_QUERY"": 0}",13.4,4501.8
finproc|s25|r50|PRED_NESTED|c4,finproc,25,50,PRED_NESTED,4,0.24856,0.4864,50,9.54464,118.212686,4.646165,4.738699,9.637174,4.646165,9.637174,C,1.07422,0.01992,1.07422,0.0,1.05431,24.44307,0.4868,0.0393,2.0337,2.0742,2.0543,25.4431,19456,40000,497124,19456,40388,3664320,3700014,,"{""EAGER"": 0, ""LATE_PERSIST"": 0, ""PER_QUERY"": 0}",13.4,9498.4
finproc|s25|r50|PRED_OVERLAP|c1,finproc,25,50,PRED_OVERLAP,1,0.23463,0.9986,50,1.91916,22.391744,1.916524,2.358094,2.358094,1.916524,1.91916,C,0.2304,0.2304,0.00138,0.0,0.00138,10.68352,0.9986,0.0856,1.0,1.2304,1.0014,11.6835,9986,10000,117315,9986,12301,751080,923958,,"{""EAGER"": 0, ""LATE_PERSIST"": 0, ""PER_QUERY"": 0}",13.4,14798.8
finproc|s25|r50|PRED_OVERLAP|c2,finproc,25,50,PRED_OVERLAP,2,0.23463,0.9986,50,4.49432,52.522277,4.488124,5.524053,5.524053,4.488124,4.49432,C,0.23082,0.23082,0.00138,0.0,0.00138,10.7025,0.9986,0.0855,1.0,1.2308,1.0014,11.7025,19972,20000,234630,19972,24602,1692160,2081635,,"{""EAGER"": 0, ""LATE_PERSIST"": 0, ""PER_QUERY"": 0}",13.4,35296.2
finproc|s25|r50|PRED_OVERLAP|c4,finproc,25,50,PRED_OVERLAP,4,0.23463,0.9986,50,9.54464,111.610194,9.531463,11.732963,11.732963,9.531463,9.54464,C,0.23097,0.23097,0.00138,0.0,0.00138,10.70966,0.9986,0.0854,1.0,1.231,1.0014,11.7097,39944,40000,469260,39944,49204,3664320,4507698,,"{""EAGER"": 0, ""LATE_PERSIST"": 0, ""PER_QUERY"": 0}",13.4,74577.4
finproc|s25|r50|PRED_MUTEX|c1,finproc,25,50,PRED_MUTEX,1,0.02,1.0,50,1.91916,1.91116,1.91916,1.91116,1.91116,1.91116,1.91116,B,0.0,0.0,0.0,0.00419,0.00419,0.0,1.0,1.0042,1.0,1.0,1.0042,1.0,10000,10000,10000,10000,10000,751080,751080,,"{""EAGER"": 0, ""LATE_PERSIST"": 0, ""PER_QUERY"": 0}",13.4,3130.8
finproc|s25|r50|PRED_MUTEX|c2,finproc,25,50,PRED_MUTEX,2,0.02,1.0,50,4.49432,4.47832,4.49432,4.47832,4.47832,4.47832,4.47832,B,0.0,0.0,0.0,0.00357,0.00357,0.0,1.0,1.0036,1.0,1.0,1.0036,1.0,20000,20000,20000,20000,20000,1692160,1692160,,"{""EAGER"": 0, ""LATE_PERSIST"": 0, ""PER_QUERY"": 0}",13.4,7448.2
finproc|s25|r50|PRED_MUTEX|c4,finproc,25,50,PRED_MUTEX,4,0.02,1.0,50,9.54464,9.51264,9.54464,9.51264,9.51264,9.51264,9.51264,B,0.0,0.0,0.0,0.00336,0.00336,0.0,1.0,1.0034,1.0,1.0,1.0034,1.0,40000,40000,40000,40000,40000,3664320,3664320,,"{""EAGER"": 0, ""LATE_PERSIST"": 0, ""PER_QUERY"": 0}",13.4,15723.0
finproc|s25|r100|PRED_SHARED|c1,finproc,25,100,PRED_SHARED,1,0.2491,0.2491,100,1.92316,47.54035,0.485316,0.96064,2.398484,0.485316,1.92316,C,3.9421,0.97941,2.96269,0.0,2.96269,96.95746,0.2524,0.0102,2.4968,4.9421,3.9627,97.9575,2491,10000,249100,2491,12491,751080,938299,,"{""EAGER"": 0, ""LATE_PERSIST"": 0, ""PER_QUERY"": 0}",13.4,13.4
finproc|s25|r100|PRED_SHARED|c2,finproc,25,100,PRED_SHARED,2,0.2491,0.2491,100,4.49832,111.5133,1.127039,2.242092,5.613373,1.127039,4.49832,C,3.98064,0.98937,2.99127,0.0,2.99127,97.94364,0.2505,0.0101,2.5036,4.9806,3.9913,98.9436,4982,20000,498200,4982,24982,1692160,2113927,,"{""EAGER"": 0, ""LATE_PERSIST"": 0, ""PER_QUERY"": 0}",13.4,13.4
finproc|s25|r100|PRED_SHARED|c4,finproc,25,100,PRED_SHARED,4,0.2491,0.2491,100,9.54864,236.9682,2.385573,4.755175,11.918242,2.385573,9.54864,C,3.99597,0.99331,3.00266,0.0,3.00266,98.33386,0.2498,0.0101,2.5064,4.996,4.0027,99.3339,9964,40000,996400,9964,49964,3664320,4577602,,"{""EAGER"": 0, ""LATE_PERSIST"": 0, ""PER_QUERY"": 0}",13.4,13.4
finproc|s25|r100|PRED_DISTINCT|c1,finproc,25,100,PRED_DISTINCT,1,0.24938,1.0,100,1.92316,47.569834,1.92316,2.393136,2.393136,1.92316,1.92316,A,0.24438,0.24438,0.0,0.0,0.0,23.73525,1.0,0.0404,1.0,1.2444,1.0,24.7352,10000,10000,249384,10000,12464,751080,936172,,"{""EAGER"": 0, ""LATE_PERSIST"": 0, ""PER_QUERY"": 0}",13.4,11995.0
finproc|s25|r100|PRED_DISTINCT|c2,finproc,25,100,PRED_DISTINCT,2,0.24938,1.0,100,4.49832,111.591012,4.49832,5.600896,5.600896,4.49832,4.49832,A,0.24511,0.24511,0.0,0.0,0.0,23.80726,1.0,0.0403,1.0,1.2451,1.0,24.8073,20000,20000,498768,20000,24928,1692160,2109160,,"{""EAGER"": 0, ""LATE_PERSIST"": 0, ""PER_QUERY"": 0}",13.4,28608.6
finproc|s25|r100|PRED_DISTINCT|c4,finproc,25,100,PRED_DISTINCT,4,0.24938,1.0,100,9.54864,237.139528,9.54864,11.891776,11.891776,9.54864,9.54864,A,0.24539,0.24539,0.0,0.0,0.0,23.8349,1.0,0.0403,1.0,1.2454,1.0,24.8349,40000,40000,997536,40000,49856,3664320,4567312,,"{""EAGER"": 0, ""LATE_PERSIST"": 0, ""PER_QUERY"": 0}",13.4,60446.2
finproc|s25|r100|PRED_NESTED|c1,finproc,25,100,PRED_NESTED,1,0.24857,0.4914,100,1.92316,47.431305,0.949458,0.960022,1.933723,0.949458,1.933723,C,1.03666,0.01113,1.03666,0.0,1.02553,48.95618,0.4937,0.02,2.0142,2.0367,2.0255,49.9562,4914,10000,248573,4914,10055,751080,755248,,"{""EAGER"": 0, ""LATE_PERSIST"": 0, ""PER_QUERY"": 0}",13.4,923.2
finproc|s25|r100|PRED_NESTED|c2,finproc,25,100,PRED_NESTED,2,0.24857,0.4914,100,4.49832,111.260427,2.21524,2.239997,4.523077,2.21524,4.523077,C,1.0418,0.01118,1.0418,0.0,1.03062,49.22499,0.4925,0.0199,2.0192,2.0418,2.0306,50.225,9828,20000,497146,9828,20110,1692160,1701541,,"{""EAGER"": 0, ""LATE_PERSIST"": 0, ""PER_QUERY"": 0}",13.4,2181.0
finproc|s25|r100|PRED_NESTED|c4,finproc,25,100,PRED_NESTED,4,0.24857,0.4914,100,9.54864,236.432942,4.697665,4.750259,9.601234,4.697665,9.601234,C,1.04383,0.0112,1.04383,0.0,1.03264,49.32989,0.492,0.0199,2.0212,2.0438,2.0326,50.3299,19656,40000,994292,19656,40220,3664320,3684622,,"{""EAGER"": 0, ""LATE_PERSIST"": 0, ""PER_QUERY"": 0}",13.4,4592.2
finproc|s25|r100|PRED_OVERLAP|c1,finproc,25,100,PRED_OVERLAP,1,0.2343,1.0,100,1.92316,44.71835,1.92316,2.365118,2.365118,1.92316,1.92316,A,0.22981,0.22981,0.0,0.0,0.0,22.25254,1.0,0.043,1.0,1.2298,1.0,23.2525,10000,10000,234301,10000,12317,751080,925140,,"{""EAGER"": 0, ""LATE_PERSIST"": 0, ""PER_QUERY"": 0}",13.4,10211.55
finproc|s25|r100|PRED_OVERLAP|c2,finproc,25,100,PRED_OVERLAP,2,0.2343,1.0,100,4.49832,104.892567,4.49832,5.535159,5.535159,4.49832,4.49832,A,0.23049,0.23049,0.0,0.0,0.0,22.31816,1.0,0.0429,1.0,1.2305,1.0,23.3182,20000,20000,468602,20000,24634,1692160,2084303,,"{""EAGER"": 0, ""LATE_PERSIST"": 0, ""PER_QUERY"": 0}",13.4,24345.7
finproc|s25|r100|PRED_OVERLAP|c4,finproc,25,100,PRED_OVERLAP,4,0.2343,1.0,100,9.54864,222.89799,9.54864,11.75207,11.75207,9.54864,9.54864,A,0.23076,0.23076,0.0,0.0,0.0,22.34343,1.0,0.0428,1.0,1.2308,1.0,23.3434,40000,40000,937204,40000,49268,3664320,4513482,,"{""EAGER"": 0, ""LATE_PERSIST"": 0, ""PER_QUERY"": 0}",13.4,51433.2
finproc|s25|r100|PRED_MUTEX|c1,finproc,25,100,PRED_MUTEX,1,0.01,1.0,100,1.92316,1.91516,1.92316,1.91516,1.91516,1.91516,1.91516,B,0.0,0.0,0.0,0.00418,0.00418,0.0,1.0,1.0042,1.0,1.0,1.0042,1.0,10000,10000,10000,10000,10000,751080,751080,,"{""EAGER"": 0, ""LATE_PERSIST"": 0, ""PER_QUERY"": 0}",13.4,1576.45
finproc|s25|r100|PRED_MUTEX|c2,finproc,25,100,PRED_MUTEX,2,0.01,1.0,100,4.49832,4.48232,4.49832,4.48232,4.48232,4.48232,4.48232,B,0.0,0.0,0.0,0.00357,0.00357,0.0,1.0,1.0036,1.0,1.0,1.0036,1.0,20000,20000,20000,20000,20000,1692160,1692160,,"{""EAGER"": 0, ""LATE_PERSIST"": 0, ""PER_QUERY"": 0}",13.4,3739.5
finproc|s25|r100|PRED_MUTEX|c4,finproc,25,100,PRED_MUTEX,4,0.01,1.0,100,9.54864,9.51664,9.54864,9.51664,9.51664,9.51664,9.51664,B,0.0,0.0,0.0,0.00336,0.00336,0.0,1.0,1.0034,1.0,1.0,1.0034,1.0,40000,40000,40000,40000,40000,3664320,3664320,,"{""EAGER"": 0, ""LATE_PERSIST"": 0, ""PER_QUERY"": 0}",13.4,7885.6
finproc|s50|r1|PRED_SHARED|c1,finproc,50,1,PRED_SHARED,1,0.4971,0.4971,1,1.91524,0.948569,0.952546,0.948569,0.948569,0.948569,0.948569,B,0.0,0.0,0.0,0.00419,1.01908,0.0,0.4974,1.0042,1.0,1.0,2.0191,1.0,4971,10000,4971,4971,4971,751080,373582,,"{""EAGER"": 0, ""LATE_PERSIST"": 0, ""PER_QUERY"": 0}",13.4,77177.45
finproc|s50|r1|PRED_SHARED|c2,finproc,50,1,PRED_SHARED,2,0.4971,0.4971,1,4.4904,2.225145,2.233099,2.225145,2.225145,2.225145,2.225145,B,0.0,0.0,0.0,0.00357,1.01803,0.0,0.4973,1.0036,1.0,1.0,2.018,1.0,9942,20000,9942,9942,9942,1692160,841613,0,"{""EAGER"": 0, ""LATE_PERSIST"": 0, ""PER_QUERY"": 1}",13.4,184167.5
finproc|s50|r1|PRED_SHARED|c4,finproc,50,1,PRED_SHARED,4,0.4971,0.4971,1,9.54072,4.728586,4.744493,4.728586,4.728586,4.728586,4.728586,B,0.0,0.0,0.0,0.00336,1.01767,0.0,0.4973,1.0034,1.0,1.0,2.0177,1.0,19884,40000,19884,19884,19884,3664320,1822414,,"{""EAGER"": 0, ""LATE_PERSIST"": 0, ""PER_QUERY"": 0}",13.4,389199.8
finproc|s50|r1|PRED_DISTINCT|c1,finproc,50,1,PRED_DISTINCT,1,0.5073,0.5073,1,1.91524,0.967147,0.971205,0.967147,0.967147,0.967147,0.967147,B,0.0,0.0,0.0,0.0042,0.9803,0.0,0.5071,1.0042,1.0,1.0,1.9803,1.0,5073,10000,5073,5073,5073,751080,380805,,"{""EAGER"": 0, ""LATE_PERSIST"": 0, ""PER_QUERY"": 0}",13.4,78694.4
finproc|s50|r1|PRED_DISTINCT|c2,finproc,50,1,PRED_DISTINCT,2,0.5073,0.5073,1,4.4904,2.269031,2.277148,2.269031,2.269031,2.269031,2.269031,B,0.0,0.0,0.0,0.00358,0.97899,0.0,0.5071,1.0036,1.0,1.0,1.979,1.0,10146,20000,10146,10146,10146,1692160,857997,0,"{""EAGER"": 0, ""LATE_PERSIST"": 0, ""PER_QUERY"": 1}",13.4,187813.4
finproc|s50|r1|PRED_DISTINCT|c4,finproc,50,1,PRED_DISTINCT,4,0.5073,0.5073,1,9.54072,4.82207,4.838304,4.82207,4.82207,4.82207,4.82207,B,0.0,0.0,0.0,0.00337,0.97855,0.0,0.5071,1.0034,1.0,1.0,1.9786,1.0,20292,40000,20292,20292,20292,3664320,1858038,,"{""EAGER"": 0, ""LATE_PERSIST"": 0, ""PER_QUERY"": 0}",13.4,396920.0
finproc|s50|r1|PRED_NESTED|c1,finproc,50,1,PRED_NESTED,1,0.4971,0.4971,1,1.91524,0.948569,0.952546,0.948569,0.948569,0.948569,0.948569,B,0.0,0.0,0.0,0.00419,1.01908,0.0,0.4974,1.0042,1.0,1.0,2.0191,1.0,4971,10000,4971,4971,4971,751080,373582,,"{""EAGER"": 0, ""LATE_PERSIST"": 0, ""PER_QUERY"": 0}",13.4,77177.45
finproc|s50|r1|PRED_NESTED|c2,finproc,50,1,PRED_NESTED,2,0.4971,0.4971,1,4.4904,2.225145,2.233099,2.225145,2.225145,2.225145,2.225145,B,0.0,0.0,0.0,0.00357,1.01803,0.0,0.4973,1.0036,1.0,1.0,2.018,1.0,9942,20000,9942,9942,9942,1692160,841613,0,"{""EAGER"": 0, ""LATE_PERSIST"": 0, ""PER_QUERY"": 1}",13.4,184167.5
finproc|s50|r1|PRED_NESTED|c4,finproc,50,1,PRED_NESTED,4,0.4971,0.4971,1,9.54072,4.728586,4.744493,4.728586,4.728586,4.728586,4.728586,B,0.0,0.0,0.0,0.00336,1.01767,0.0,0.4973,1.0034,1.0,1.0,2.0177,1.0,19884,40000,19884,19884,19884,3664320,1822414,,"{""EAGER"": 0, ""LATE_PERSIST"": 0, ""PER_QUERY"": 0}",13.4,389199.8
finproc|s50|r1|PRED_OVERLAP|c1,finproc,50,1,PRED_OVERLAP,1,0.4384,0.4384,1,1.91524,0.836068,0.839575,0.836068,0.836068,0.836068,0.836068,B,0.0,0.0,0.0,0.00419,1.29077,0.0,0.4384,1.0042,1.0,1.0,2.2908,1.0,4384,10000,4384,4384,4384,751080,329218,,"{""EAGER"": 0, ""LATE_PERSIST"": 0, ""PER_QUERY"": 0}",13.4,68028.1
finproc|s50|r1|PRED_OVERLAP|c2,finproc,50,1,PRED_OVERLAP,2,0.4384,0.4384,1,4.4904,1.9614,1.968414,1.9614,1.9614,1.9614,1.9614,B,0.0,0.0,0.0,0.00358,1.28939,0.0,0.4384,1.0036,1.0,1.0,2.2894,1.0,8768,20000,8768,8768,8768,1692160,741732,0,"{""EAGER"": 0, ""LATE_PERSIST"": 0, ""PER_QUERY"": 1}",13.4,162346.8
finproc|s50|r1|PRED_OVERLAP|c4,finproc,50,1,PRED_OVERLAP,4,0.4384,0.4384,1,9.54072,4.168224,4.182253,4.168224,4.168224,4.168224,4.168224,B,0.0,0.0,0.0,0.00337,1.28892,0.0,0.4384,1.0034,1.0,1.0,2.2889,1.0,17536,40000,17536,17536,17536,3664320,1606216,,"{""EAGER"": 0, ""LATE_PERSIST"": 0, ""PER_QUERY"": 0}",13.4,343093.0
finproc|s50|r1|PRED_MUTEX|c1,finproc,50,1,PRED_MUTEX,1,0.5,0.5,1,1.91524,0.953436,0.957436,0.953436,0.953436,0.953436,0.953436,B,0.0,0.0,0.0,0.0042,1.00878,0.0,0.4999,1.0042,1.0,1.0,2.0088,1.0,5000,10000,5000,5000,5000,751080,375428,,"{""EAGER"": 0, ""LATE_PERSIST"": 0, ""PER_QUERY"": 0}",13.4,77577.6
finproc|s50|r1|PRED_MUTEX|c2,finproc,50,1,PRED_MUTEX,2,0.5,0.5,1,4.4904,2.236792,2.244792,2.236792,2.236792,2.236792,2.236792,B,0.0,0.0,0.0,0.00358,1.00752,0.0,0.4999,1.0036,1.0,1.0,2.0075,1.0,10000,20000,10000,10000,10000,1692160,845856,0,"{""EAGER"": 0, ""LATE_PERSIST"": 0, ""PER_QUERY"": 1}",13.4,185141.8
finproc|s50|r1|PRED_MUTEX|c4,finproc,50,1,PRED_MUTEX,4,0.5,0.5,1,9.54072,4.753504,4.769504,4.753504,4.753504,4.753504,4.753504,B,0.0,0.0,0.0,0.00337,1.00709,0.0,0.4999,1.0034,1.0,1.0,2.0071,1.0,20000,40000,20000,20000,20000,3664320,1831712,,"{""EAGER"": 0, ""LATE_PERSIST"": 0, ""PER_QUERY"": 0}",13.4,391270.2
finproc|s50|r10|PRED_SHARED|c1,finproc,50,10,PRED_SHARED,1,0.4971,0.4971,10,1.91596,9.485695,0.953266,1.901756,2.86445,0.953266,1.91596,C,2.00488,0.99499,1.00989,0.0,1.00989,8.95073,0.4975,0.1005,1.5062,3.0049,2.0099,9.9507,4971,10000,49710,4971,14971,751080,1124662,,"{""EAGER"": 0, ""LATE_PERSIST"": 0, ""PER_QUERY"": 0}",13.4,78011.35
finproc|s50|r10|PRED_SHARED|c2,finproc,50,10,PRED_SHARED,2,0.4971,0.4971,10,4.49112,22.25145,2.233819,4.458884,6.716185,2.233819,4.49112,C,2.00659,0.99608,1.01051,0.0,1.01051,8.96117,0.4974,0.1004,1.5062,3.0066,2.0105,9.9612,9942,20000,99420,9942,29942,1692160,2533773,3,"{""EAGER"": 1, ""LATE_PERSIST"": 8, ""PER_QUERY"": 1}",13.4,186183.3
finproc|s50|r10|PRED_SHARED|c4,finproc,50,10,PRED_SHARED,4,0.4971,0.4971,10,9.54144,47.28586,4.745213,9.473719,14.269946,4.745213,9.54144,C,2.00723,0.99648,1.01075,0.0,1.01075,8.96496,0.4973,0.1004,1.5063,3.0072,2.0108,9.965,19884,40000,198840,19884,59884,3664320,5486734,,"{""EAGER"": 0, ""LATE_PERSIST"": 0, ""PER_QUERY"": 0}",13.4,393475.0
finproc|s50|r10|PRED_DISTINCT|c1,finproc,50,10,PRED_DISTINCT,1,0.50119,0.9991,10,1.91596,9.558722,1.9142,2.879115,2.879115,1.9142,1.9142,C,0.50408,0.50408,0.0,0.0,0.00092,3.99358,0.9991,0.2003,1.0,1.5041,1.0009,4.9936,9991,10000,50119,9991,15053,751080,1130342,,"{""EAGER"": 0, ""LATE_PERSIST"": 0, ""PER_QUERY"": 0}",13.4,78694.4
finproc|s50|r10|PRED_DISTINCT|c2,finproc,50,10,PRED_DISTINCT,2,0.50119,0.9991,10,4.49112,22.424497,4.487007,6.750927,6.750927,4.487007,4.487007,C,0.50455,0.50455,0.0,0.0,0.00092,3.99765,0.9991,0.2001,1.0,1.5046,1.0009,4.9977,19982,20000,100238,19982,30106,1692160,2546691,1,"{""EAGER"": 0, ""LATE_PERSIST"": 9, ""PER_QUERY"": 1}",13.4,187813.4
finproc|s50|r10|PRED_DISTINCT|c4,finproc,50,10,PRED_DISTINCT,4,0.50119,0.9991,10,9.54144,47.654858,9.532709,14.344022,14.344022,9.532709,9.532709,C,0.50472,0.50472,0.0,0.0,0.00092,3.99909,0.9991,0.2,1.0,1.5047,1.0009,4.9991,39964,40000,200476,39964,60212,3664320,5514866,,"{""EAGER"": 0, ""LATE_PERSIST"": 0, ""PER_QUERY"": 0}",13.4,396920.0
finproc|s50|r10|PRED_NESTED|c1,finproc,50,10,PRED_NESTED,1,0.49972,0.9131,10,1.91596,9.533214,1.749816,1.925952,1.925952,1.749816,2.092096,C,0.10066,0.10066,0.19561,0.0,0.09495,4.44812,0.9133,0.1835,1.0,1.1007,1.0949,5.4481,9131,10000,49972,9131,10055,751080,755310,,"{""EAGER"": 0, ""LATE_PERSIST"": 0, ""PER_QUERY"": 0}",13.4,28394.05
finproc|s50|r10|PRED_NESTED|c2,finproc,50,10,PRED_NESTED,2,0.49972,0.9131,10,4.49112,22.36378,4.101479,4.514735,4.514735,4.101479,4.904376,C,0.10076,0.10076,0.19576,0.0,0.095,4.45261,0.9132,0.1834,1.0,1.1008,1.095,5.4526,18262,20000,99944,18262,20110,1692160,1701665,1,"{""EAGER"": 0, ""LATE_PERSIST"": 9, ""PER_QUERY"": 1}",13.4,67742.7
finproc|s50|r10|PRED_NESTED|c4,finproc,50,10,PRED_NESTED,4,0.49972,0.9131,10,9.54144,47.525192,8.713493,9.591749,9.591749,8.713493,10.419696,C,0.10079,0.10079,0.19581,0.0,0.09502,4.45421,0.9132,0.1833,1.0,1.1008,1.095,5.4542,36524,40000,199888,36524,40220,3664320,3684870,,"{""EAGER"": 0, ""LATE_PERSIST"": 0, ""PER_QUERY"": 0}",13.4,143149.6
finproc|s50|r10|PRED_OVERLAP|c1,finproc,50,10,PRED_OVERLAP,1,0.43788,0.958,10,1.91596,8.352518,1.835112,2.642802,2.642802,1.835112,1.91596,C,0.44013,0.44013,0.04406,0.0,0.04406,3.5515,0.9578,0.2197,1.0,1.4401,1.0441,4.5515,9580,10000,43788,9580,13816,751080,1037454,,"{""EAGER"": 0, ""LATE_PERSIST"": 0, ""PER_QUERY"": 0}",13.4,69029.55
finproc|s50|r10|PRED_OVERLAP|c2,finproc,50,10,PRED_OVERLAP,2,0.43788,0.958,10,4.49112,19.594244,4.301704,6.196659,6.196659,4.301704,4.49112,C,0.44051,0.44051,0.04403,0.0,0.04403,3.555,0.9578,0.2195,1.0,1.4405,1.044,4.555,19160,20000,87576,19160,27632,1692160,2337412,1,"{""EAGER"": 0, ""LATE_PERSIST"": 9, ""PER_QUERY"": 1}",13.4,164733.7
finproc|s50|r10|PRED_OVERLAP|c4,finproc,50,10,PRED_OVERLAP,4,0.43788,0.958,10,9.54144,41.639816,9.139088,13.166214,13.166214,9.139088,9.54144,C,0.44065,0.44065,0.04403,0.0,0.04403,3.55623,0.9578,0.2195,1.0,1.4406,1.044,4.5562,38320,40000,175152,38320,55264,3664320,5061672,,"{""EAGER"": 0, ""LATE_PERSIST"": 0, ""PER_QUERY"": 0}",13.4,348135.6
finproc|s50|r10|PRED_MUTEX|c1,finproc,50,10,PRED_MUTEX,1,0.1,1.0,10,1.91596,1.90796,1.91596,1.90796,1.90796,1.90796,1.90796,B,0.0,0.0,0.0,0.00419,0.00419,0.0,1.0,1.0042,1.0,1.0,1.0042,1.0,10000,10000,10000,10000,10000,751080,751080,,"{""EAGER"": 0, ""LATE_PERSIST"": 0, ""PER_QUERY"": 0}",13.4,15552.55
finproc|s50|r10|PRED_MUTEX|c2,finproc,50,10,PRED_MUTEX,2,0.1,1.0,10,4.49112,4.47512,4.49112,4.47512,4.47512,4.47512,4.47512,B,0.0,0.0,0.0,0.00358,0.00358,0.0,1.0,1.0036,1.0,1.0,1.0036,1.0,20000,20000,20000,20000,20000,1692160,1692160,0,"{""EAGER"": 0, ""LATE_PERSIST"": 0, ""PER_QUERY"": 10}",13.4,37091.7
finproc|s50|r10|PRED_MUTEX|c4,finproc,50,10,PRED_MUTEX,4,0.1,1.0,10,9.54144,9.50944,9.54144,9.50944,9.50944,9.50944,9.50944,B,0.0,0.0,0.0,0.00337,0.00337,0.0,1.0,1.0034,1.0,1.0,1.0034,1.0,40000,40000,40000,40000,40000,3664320,3664320,,"{""EAGER"": 0, ""LATE_PERSIST"": 0, ""PER_QUERY"": 0}",13.4,78370.0
finproc|s50|r50|PRED_SHARED|c1,finproc,50,50,PRED_SHARED,1,0.4971,0.4971,50,1.91916,47.428475,0.956466,1.904956,2.86765,0.956466,1.91916,C,1.99817,0.99166,1.00651,0.0,1.00651,48.58719,0.4984,0.0202,1.5054,2.9982,2.0065,49.5872,4971,10000,248550,4971,14971,751080,1124662,,"{""EAGER"": 0, ""LATE_PERSIST"": 0, ""PER_QUERY"": 0}",13.4,77177.45
finproc|s50|r50|PRED_SHARED|c2,finproc,50,50,PRED_SHARED,2,0.4971,0.4971,50,4.49432,111.25725,2.237019,4.462084,6.719385,2.237019,4.49432,C,2.00372,0.99466,1.00907,0.0,1.00907,48.73461,0.4977,0.0201,1.5059,3.0037,2.0091,49.7346,9942,20000,497100,9942,29942,1692160,2533773,3,"{""EAGER"": 1, ""LATE_PERSIST"": 48, ""PER_QUERY"": 1}",13.4,184167.5
finproc|s50|r50|PRED_SHARED|c4,finproc,50,50,PRED_SHARED,4,0.4971,0.4971,50,9.54464,236.4293,4.748413,9.476919,14.273146,4.748413,9.54464,C,2.00588,0.99581,1.01007,0.0,1.01007,48.79122,0.4975,0.0201,1.5061,3.0059,2.0101,49.7912,19884,40000,994200,19884,59884,3664320,5486734,,"{""EAGER"": 0, ""LATE_PERSIST"": 0, ""PER_QUERY"": 0}",13.4,389199.8
finproc|s50|r50|PRED_DISTINCT|c1,finproc,50,50,PRED_DISTINCT,1,0.50084,1.0,50,1.91916,47.761365,1.91916,2.886226,2.886226,1.91916,1.91916,A,0.5039,0.5039,0.0,0.0,0.0,23.8866,1.0,0.0402,1.0,1.5039,1.0,24.8866,10000,10000,250418,10000,15073,751080,1131885,,"{""EAGER"": 0, ""LATE_PERSIST"": 0, ""PER_QUERY"": 0}",13.4,38393.8
finproc|s50|r50|PRED_DISTINCT|c2,finproc,50,50,PRED_DISTINCT,2,0.50084,1.0,50,4.49432,112.046318,4.49432,6.763271,6.763271,4.49432,4.49432,A,0.50485,0.50485,0.0,0.0,0.0,23.93065,1.0,0.0401,1.0,1.5048,1.0,24.9306,20000,20000,500836,20000,30146,1692160,2550157,1,"{""EAGER"": 0, ""LATE_PERSIST"": 49, ""PER_QUERY"": 1}",13.4,91612.2
finproc|s50|r50|PRED_DISTINCT|c4,finproc,50,50,PRED_DISTINCT,4,0.50084,1.0,50,9.54464,238.112044,9.54464,14.36663,14.36663,9.54464,9.54464,A,0.5052,0.5052,0.0,0.0,0.0,23.9472,1.0,0.0401,1.0,1.5052,1.0,24.9472,40000,40000,1001672,40000,60292,3664320,5522358,,"{""EAGER"": 0, ""LATE_PERSIST"": 0, ""PER_QUERY"": 0}",13.4,193597.6
finproc|s50|r50|PRED_NESTED|c1,finproc,50,50,PRED_NESTED,1,0.49959,0.9812,50,1.91916,47.654578,1.883284,1.922735,1.958611,1.883284,1.958611,C,0.04,0.02095,0.04,0.0,0.01905,24.30398,0.9813,0.0395,1.0187,1.04,1.019,25.304,9812,10000,249796,9812,10206,751080,766634,,"{""EAGER"": 0, ""LATE_PERSIST"": 0, ""PER_QUERY"": 0}",13.4,3421.15
finproc|s50|r50|PRED_NESTED|c2,finproc,50,50,PRED_NESTED,2,0.49959,0.9812,50,4.49432,111.791692,4.410159,4.502657,4.586818,4.410159,4.586818,C,0.04006,0.02097,0.04006,0.0,0.01908,24.34867,0.9813,0.0394,1.0187,1.0401,1.0191,25.3487,19624,20000,499592,19624,20412,1692160,1727182,3,"{""EAGER"": 1, ""LATE_PERSIST"": 48, ""PER_QUERY"": 1}",13.4,8148.9
finproc|s50|r50|PRED_NESTED|c4,finproc,50,50,PRED_NESTED,4,0.49959,0.9812,50,9.54464,237.56796,9.36579,9.562322,9.741172,9.36579,9.741172,C,0.04008,0.02098,0.04008,0.0,0.0191,24.3655,0.9813,0.0394,1.0187,1.0401,1.0191,25.3655,39248,40000,999184,39248,40824,3664320,3740132,,"{""EAGER"": 0, ""LATE_PERSIST"": 0, ""PER_QUERY"": 0}",13.4,17208.4
finproc|s50|r50|PRED_OVERLAP|c1,finproc,50,50,PRED_OVERLAP,1,0.43718,1.0,50,1.91916,41.699675,1.91916,2.755148,2.755148,1.91916,1.91916,A,0.4356,0.4356,0.0,0.0,0.0,20.72809,1.0,0.046,1.0,1.4356,1.0,21.7281,10000,10000,218589,10000,14384,751080,1080298,,"{""EAGER"": 0, ""LATE_PERSIST"": 0, ""PER_QUERY"": 0}",13.4,22233.95
finproc|s50|r50|PRED_OVERLAP|c2,finproc,50,50,PRED_OVERLAP,2,0.43718,1.0,50,4.49432,97.822223,4.49432,6.45564,6.45564,4.49432,4.49432,A,0.4364,0.4364,0.0,0.0,0.0,20.76574,1.0,0.0459,1.0,1.4364,1.0,21.7657,20000,20000,437178,20000,28768,1692160,2433892,1,"{""EAGER"": 0, ""LATE_PERSIST"": 49, ""PER_QUERY"": 1}",13.4,53058.5
finproc|s50|r50|PRED_OVERLAP|c4,finproc,50,50,PRED_OVERLAP,4,0.43718,1.0,50,9.54464,207.88143,9.54464,13.712784,13.712784,9.54464,9.54464,A,0.4367,0.4367,0.0,0.0,0.0,20.77991,1.0,0.0459,1.0,1.4367,1.0,21.7799,40000,40000,874356,40000,57536,3664320,5270536,,"{""EAGER"": 0, ""LATE_PERSIST"": 0, ""PER_QUERY"": 0}",13.4,112126.4
finproc|s50|r50|PRED_MUTEX|c1,finproc,50,50,PRED_MUTEX,1,0.02,1.0,50,1.91916,1.91116,1.91916,1.91116,1.91116,1.91116,1.91116,B,0.0,0.0,0.0,0.00419,0.00419,0.0,1.0,1.0042,1.0,1.0,1.0042,1.0,10000,10000,10000,10000,10000,751080,751080,,"{""EAGER"": 0, ""LATE_PERSIST"": 0, ""PER_QUERY"": 0}",13.4,3133.05
finproc|s50|r50|PRED_MUTEX|c2,finproc,50,50,PRED_MUTEX,2,0.02,1.0,50,4.49432,4.47832,4.49432,4.47832,4.47832,4.47832,4.47832,B,0.0,0.0,0.0,0.00357,0.00357,0.0,1.0,1.0036,1.0,1.0,1.0036,1.0,20000,20000,20000,20000,20000,1692160,1692160,0,"{""EAGER"": 0, ""LATE_PERSIST"": 0, ""PER_QUERY"": 50}",13.4,7452.7
finproc|s50|r50|PRED_MUTEX|c4,finproc,50,50,PRED_MUTEX,4,0.02,1.0,50,9.54464,9.51264,9.54464,9.51264,9.51264,9.51264,9.51264,B,0.0,0.0,0.0,0.00336,0.00336,0.0,1.0,1.0034,1.0,1.0,1.0034,1.0,40000,40000,40000,40000,40000,3664320,3664320,,"{""EAGER"": 0, ""LATE_PERSIST"": 0, ""PER_QUERY"": 0}",13.4,15732.0
finproc|s50|r100|PRED_SHARED|c1,finproc,50,100,PRED_SHARED,1,0.4971,0.4971,100,1.92316,94.85695,0.960466,1.908956,2.87165,0.960466,1.92316,C,1.98985,0.98753,1.00232,0.0,1.00232,97.76135,0.4994,0.0101,1.5043,2.9898,2.0023,98.7614,4971,10000,497100,4971,14971,751080,1124662,,"{""EAGER"": 0, ""LATE_PERSIST"": 0, ""PER_QUERY"": 0}",13.4,13.4
finproc|s50|r100|PRED_SHARED|c2,finproc,50,100,PRED_SHARED,2,0.4971,0.4971,100,4.49832,222.5145,2.241019,4.466084,6.723385,2.241019,4.49832,C,2.00015,0.99288,1.00727,0.0,1.00727,98.29168,0.4982,0.0101,1.5054,3.0001,2.0073,99.2917,9942,20000,994200,9942,29942,1692160,2533773,3,"{""EAGER"": 1, ""LATE_PERSIST"": 98, ""PER_QUERY"": 1}",13.4,13.4
finproc|s50|r100|PRED_SHARED|c4,finproc,50,100,PRED_SHARED,4,0.4971,0.4971,100,9.54864,472.8586,4.752413,9.480919,14.277146,4.752413,9.54864,C,2.00419,0.99497,1.00922,0.0,1.00922,98.49863,0.4977,0.0101,1.5059,3.0042,2.0092,99.4986,19884,40000,1988400,19884,59884,3664320,5486734,,"{""EAGER"": 0, ""LATE_PERSIST"": 0, ""PER_QUERY"": 0}",13.4,13.4
finproc|s50|r100|PRED_DISTINCT|c1,finproc,50,100,PRED_DISTINCT,1,0.50092,1.0,100,1.92316,95.53849,1.92316,2.890226,2.890226,1.92316,1.92316,A,0.50285,0.50285,0.0,0.0,0.0,48.67787,1.0,0.0201,1.0,1.5029,1.0,49.6779,10000,10000,500916,10000,15073,751080,1131885,,"{""EAGER"": 0, ""LATE_PERSIST"": 0, ""PER_QUERY"": 0}",13.4,5142.85
finproc|s50|r100|PRED_DISTINCT|c2,finproc,50,100,PRED_DISTINCT,2,0.50092,1.0,100,4.49832,224.129436,4.49832,6.767271,6.767271,4.49832,4.49832,A,0.5044,0.5044,0.0,0.0,0.0,48.82514,1.0,0.0201,1.0,1.5044,1.0,49.8251,20000,20000,1001832,20000,30146,1692160,2550157,1,"{""EAGER"": 0, ""LATE_PERSIST"": 99, ""PER_QUERY"": 1}",13.4,12258.3
finproc|s50|r100|PRED_DISTINCT|c4,finproc,50,100,PRED_DISTINCT,4,0.50092,1.0,100,9.54864,476.302168,9.54864,14.37063,14.37063,9.54864,9.54864,A,0.50499,0.50499,0.0,0.0,0.0,48.88168,1.0,0.02,1.0,1.505,1.0,49.8817,40000,40000,2003664,40000,60292,3664320,5522358,,"{""EAGER"": 0, ""LATE_PERSIST"": 0, ""PER_QUERY"": 0}",13.4,25893.4
finproc|s50|r100|PRED_NESTED|c1,finproc,50,100,PRED_NESTED,1,0.49964,0.9897,100,1.92316,95.319318,1.903548,1.922123,1.941734,1.903548,1.941734,C,0.02006,0.00976,0.02006,0.0,0.0103,49.07455,0.9898,0.02,1.0102,1.0201,1.0103,50.0746,9897,10000,499641,9897,10097,751080,758403,,"{""EAGER"": 0, ""LATE_PERSIST"": 0, ""PER_QUERY"": 0}",13.4,1637.85
finproc|s50|r100|PRED_NESTED|c2,finproc,50,100,PRED_NESTED,2,0.49964,0.9897,100,4.49832,223.606943,4.452298,4.495849,4.541871,4.452298,4.541871,C,0.02012,0.00978,0.02012,0.0,0.01034,49.22281,0.9898,0.0199,1.0102,1.0201,1.0103,50.2228,19794,20000,999282,19794,20194,1692160,1708649,3,"{""EAGER"": 1, ""LATE_PERSIST"": 98, ""PER_QUERY"": 1}",13.4,3886.3
finproc|s50|r100|PRED_NESTED|c4,finproc,50,100,PRED_NESTED,4,0.49964,0.9897,100,9.54864,475.185782,9.450828,9.543362,9.641174,9.450828,9.641174,C,0.02014,0.00979,0.02014,0.0,0.01035,49.2798,0.9898,0.0199,1.0102,1.0201,1.0103,50.2798,39588,40000,1998564,39588,40388,3664320,3700014,,"{""EAGER"": 0, ""LATE_PERSIST"": 0, ""PER_QUERY"": 0}",13.4,8196.0
finproc|s50|r100|PRED_OVERLAP|c1,finproc,50,100,PRED_OVERLAP,1,0.43742,1.0,100,1.92316,83.447434,1.92316,2.759148,2.759148,1.92316,1.92316,A,0.43469,0.43469,0.0,0.0,0.0,42.39079,1.0,0.023,1.0,1.4347,1.0,43.3908,10000,10000,437423,10000,14384,751080,1080298,,"{""EAGER"": 0, ""LATE_PERSIST"": 0, ""PER_QUERY"": 0}",13.4,9647.0
finproc|s50|r100|PRED_OVERLAP|c2,finproc,50,100,PRED_OVERLAP,2,0.43742,1.0,100,4.49832,195.756785,4.49832,6.45964,6.45964,4.49832,4.49832,A,0.43601,0.43601,0.0,0.0,0.0,42.51775,1.0,0.023,1.0,1.436,1.0,43.5178,20000,20000,874846,20000,28768,1692160,2433892,1,"{""EAGER"": 0, ""LATE_PERSIST"": 99, ""PER_QUERY"": 1}",13.4,23006.6
finproc|s50|r100|PRED_OVERLAP|c4,finproc,50,100,PRED_OVERLAP,4,0.43742,1.0,100,9.54864,416.001258,9.54864,13.716784,13.716784,9.54864,9.54864,A,0.43652,0.43652,0.0,0.0,0.0,42.56655,1.0,0.023,1.0,1.4365,1.0,43.5665,40000,40000,1749692,40000,57536,3664320,5270536,,"{""EAGER"": 0, ""LATE_PERSIST"": 0, ""PER_QUERY"": 0}",13.4,48608.0
finproc|s50|r100|PRED_MUTEX|c1,finproc,50,100,PRED_MUTEX,1,0.01,1.0,100,1.92316,1.91516,1.92316,1.91516,1.91516,1.91516,1.91516,B,0.0,0.0,0.0,0.00418,0.00418,0.0,1.0,1.0042,1.0,1.0,1.0042,1.0,10000,10000,10000,10000,10000,751080,751080,,"{""EAGER"": 0, ""LATE_PERSIST"": 0, ""PER_QUERY"": 0}",13.4,1575.25
finproc|s50|r100|PRED_MUTEX|c2,finproc,50,100,PRED_MUTEX,2,0.01,1.0,100,4.49832,4.48232,4.49832,4.48232,4.48232,4.48232,4.48232,B,0.0,0.0,0.0,0.00357,0.00357,0.0,1.0,1.0036,1.0,1.0,1.0036,1.0,20000,20000,20000,20000,20000,1692160,1692160,0,"{""EAGER"": 0, ""LATE_PERSIST"": 0, ""PER_QUERY"": 100}",13.4,3737.1
finproc|s50|r100|PRED_MUTEX|c4,finproc,50,100,PRED_MUTEX,4,0.01,1.0,100,9.54864,9.51664,9.54864,9.51664,9.51664,9.51664,9.51664,B,0.0,0.0,0.0,0.00336,0.00336,0.0,1.0,1.0034,1.0,1.0,1.0034,1.0,40000,40000,40000,40000,40000,3664320,3664320,,"{""EAGER"": 0, ""LATE_PERSIST"": 0, ""PER_QUERY"": 0}",13.4,7880.8
finproc|s75|r1|PRED_SHARED|c1,finproc,75,1,PRED_SHARED,1,0.7509,0.7509,1,1.91524,1.432228,1.438236,1.432228,1.438236,1.432228,1.438236,B,0.00419,0.0,0.00419,0.00419,0.33724,0.0,0.7509,1.0042,1.0042,1.0042,1.3372,1.0,7509,10000,7509,7509,7509,751080,564017,,"{""EAGER"": 0, ""LATE_PERSIST"": 0, ""PER_QUERY"": 0}",13.4,116529.2
finproc|s75|r1|PRED_SHARED|c2,finproc,75,1,PRED_SHARED,2,0.7509,0.7509,1,4.4904,3.359971,3.371985,3.359971,3.371985,3.359971,3.371985,B,0.00358,0.0,0.00358,0.00358,0.33644,0.0,0.7509,1.0036,1.0036,1.0036,1.3364,1.0,15018,20000,15018,15018,15018,1692160,1270705,,"{""EAGER"": 0, ""LATE_PERSIST"": 0, ""PER_QUERY"": 0}",13.4,278099.0
finproc|s75|r1|PRED_SHARED|c4,finproc,75,1,PRED_SHARED,4,0.7509,0.7509,1,9.54072,7.140366,7.164395,7.140366,7.164395,7.140366,7.164395,B,0.00337,0.0,0.00337,0.00337,0.33617,0.0,0.7509,1.0034,1.0034,1.0034,1.3362,1.0,30036,40000,30036,30036,30036,3664320,2751662,,"{""EAGER"": 0, ""LATE_PERSIST"": 0, ""PER_QUERY"": 0}",13.4,587722.4
finproc|s75|r1|PRED_DISTINCT|c1,finproc,75,1,PRED_DISTINCT,1,0.7505,0.7505,1,1.91524,1.431037,1.43704,1.431037,1.43704,1.431037,1.43704,B,0.0042,0.0,0.0042,0.0042,0.33836,0.0,0.7503,1.0042,1.0042,1.0042,1.3384,1.0,7505,10000,7505,7505,7505,751080,563502,,"{""EAGER"": 0, ""LATE_PERSIST"": 0, ""PER_QUERY"": 0}",13.4,116434.95
finproc|s75|r1|PRED_DISTINCT|c2,finproc,75,1,PRED_DISTINCT,2,0.7505,0.7505,1,4.4904,3.357323,3.369331,3.357323,3.369331,3.357323,3.369331,B,0.00358,0.0,0.00358,0.00358,0.33749,0.0,0.7503,1.0036,1.0036,1.0036,1.3375,1.0,15010,20000,15010,15010,15010,1692160,1269599,,"{""EAGER"": 0, ""LATE_PERSIST"": 0, ""PER_QUERY"": 0}",13.4,277886.5
finproc|s75|r1|PRED_DISTINCT|c4,finproc,75,1,PRED_DISTINCT,4,0.7505,0.7505,1,9.54072,7.134846,7.158862,7.134846,7.158862,7.134846,7.158862,B,0.00337,0.0,0.00337,0.00337,0.3372,0.0,0.7503,1.0034,1.0034,1.0034,1.3372,1.0,30020,40000,30020,30020,30020,3664320,2749338,,"{""EAGER"": 0, ""LATE_PERSIST"": 0, ""PER_QUERY"": 0}",13.4,587280.6
finproc|s75|r1|PRED_NESTED|c1,finproc,75,1,PRED_NESTED,1,0.7509,0.7509,1,1.91524,1.432228,1.438236,1.432228,1.438236,1.432228,1.438236,B,0.00419,0.0,0.00419,0.00419,0.33724,0.0,0.7509,1.0042,1.0042,1.0042,1.3372,1.0,7509,10000,7509,7509,7509,751080,564017,,"{""EAGER"": 0, ""LATE_PERSIST"": 0, ""PER_QUERY"": 0}",13.4,116529.2
finproc|s75|r1|PRED_NESTED|c2,finproc,75,1,PRED_NESTED,2,0.7509,0.7509,1,4.4904,3.359971,3.371985,3.359971,3.371985,3.359971,3.371985,B,0.00358,0.0,0.00358,0.00358,0.33644,0.0,0.7509,1.0036,1.0036,1.0036,1.3364,1.0,15018,20000,15018,15018,15018,1692160,1270705,,"{""EAGER"": 0, ""LATE_PERSIST"": 0, ""PER_QUERY"": 0}",13.4,278099.0
finproc|s75|r1|PRED_NESTED|c4,finproc,75,1,PRED_NESTED,4,0.7509,0.7509,1,9.54072,7.140366,7.164395,7.140366,7.164395,7.140366,7.164395,B,0.00337,0.0,0.00337,0.00337,0.33617,0.0,0.7509,1.0034,1.0034,1.0034,1.3362,1.0,30036,40000,30036,30036,30036,3664320,2751662,,"{""EAGER"": 0, ""LATE_PERSIST"": 0, ""PER_QUERY"": 0}",13.4,587722.4
finproc|s75|r1|PRED_OVERLAP|c1,finproc,75,1,PRED_OVERLAP,1,0.6041,0.6041,1,1.91524,1.152097,1.156929,1.152097,1.152097,1.152097,1.152097,B,0.0,0.0,0.0,0.00419,0.6624,0.0,0.6041,1.0042,1.0,1.0,1.6624,1.0,6041,10000,6041,6041,6041,751080,453678,,"{""EAGER"": 0, ""LATE_PERSIST"": 0, ""PER_QUERY"": 0}",13.4,93739.35
finproc|s75|r1|PRED_OVERLAP|c2,finproc,75,1,PRED_OVERLAP,2,0.6041,0.6041,1,4.4904,2.702819,2.712485,2.702819,2.702819,2.702819,2.702819,B,0.0,0.0,0.0,0.00358,0.66138,0.0,0.6041,1.0036,1.0,1.0,1.6614,1.0,12082,20000,12082,12082,12082,1692160,1022135,,"{""EAGER"": 0, ""LATE_PERSIST"": 0, ""PER_QUERY"": 0}",13.4,223711.3
finproc|s75|r1|PRED_OVERLAP|c4,finproc,75,1,PRED_OVERLAP,4,0.6041,0.6041,1,9.54072,5.743854,5.763185,5.743854,5.743854,5.743854,5.743854,B,0.0,0.0,0.0,0.00337,0.66103,0.0,0.6041,1.0034,1.0,1.0,1.661,1.0,24164,40000,24164,24164,24164,3664320,2213418,,"{""EAGER"": 0, ""LATE_PERSIST"": 0, ""PER_QUERY"": 0}",13.4,472781.4
finproc|s75|r1|PRED_MUTEX|c1,finproc,75,1,PRED_MUTEX,1,0.75,0.75,1,1.91524,1.430656,1.436656,1.430656,1.436656,1.430656,1.436656,B,0.00419,0.0,0.00419,0.00419,0.33871,0.0,0.7501,1.0042,1.0042,1.0042,1.3387,1.0,7500,10000,7500,7500,7500,751080,563413,,"{""EAGER"": 0, ""LATE_PERSIST"": 0, ""PER_QUERY"": 0}",13.4,116400.35
finproc|s75|r1|PRED_MUTEX|c2,finproc,75,1,PRED_MUTEX,2,0.75,0.75,1,4.4904,3.356232,3.368232,3.356232,3.368232,3.356232,3.368232,B,0.00358,0.0,0.00358,0.00358,0.33793,0.0,0.7501,1.0036,1.0036,1.0036,1.3379,1.0,15000,20000,15000,15000,15000,1692160,1269326,,"{""EAGER"": 0, ""LATE_PERSIST"": 0, ""PER_QUERY"": 0}",13.4,277787.3
finproc|s75|r1|PRED_MUTEX|c4,finproc,75,1,PRED_MUTEX,4,0.75,0.75,1,9.54072,7.132384,7.156384,7.132384,7.156384,7.132384,7.156384,B,0.00336,0.0,0.00336,0.00336,0.33766,0.0,0.7501,1.0034,1.0034,1.0034,1.3377,1.0,30000,40000,30000,30000,30000,3664320,2748652,,"{""EAGER"": 0, ""LATE_PERSIST"": 0, ""PER_QUERY"": 0}",13.4,587061.2
finproc|s75|r10|PRED_SHARED|c1,finproc,75,10,PRED_SHARED,1,0.7509,0.7509,10,1.91596,14.322285,1.438956,2.871104,1.438956,1.438956,1.438956,C,0.0,0.99527,0.0,0.0,0.33149,8.95325,0.751,0.1005,0.5012,1.0,1.3315,9.9532,7509,10000,75090,7509,7509,751080,564017,,"{""EAGER"": 0, ""LATE_PERSIST"": 0, ""PER_QUERY"": 0}",13.4,116529.2
finproc|s75|r10|PRED_SHARED|c2,finproc,75,10,PRED_SHARED,2,0.7509,0.7509,10,4.49112,33.59971,3.372705,6.732596,3.372705,3.372705,3.372705,C,0.0,0.9962,0.0,0.0,0.33161,8.96224,0.751,0.1004,0.501,1.0,1.3316,9.9622,15018,20000,150180,15018,15018,1692160,1270705,,"{""EAGER"": 0, ""LATE_PERSIST"": 0, ""PER_QUERY"": 0}",13.4,278099.0
finproc|s75|r10|PRED_SHARED|c4,finproc,75,10,PRED_SHARED,4,0.7509,0.7509,10,9.54144,71.40366,7.165115,14.305401,7.165115,7.165115,7.165115,C,0.0,0.99653,0.0,0.0,0.33165,8.96546,0.7509,0.1003,0.5009,1.0,1.3317,9.9655,30036,40000,300360,30036,30036,3664320,2751662,,"{""EAGER"": 0, ""LATE_PERSIST"": 0, ""PER_QUERY"": 0}",13.4,587722.4
finproc|s75|r10|PRED_DISTINCT|c1,finproc,75,10,PRED_DISTINCT,1,0.74967,1.0,10,1.91596,14.298645,1.91596,3.346916,1.91596,1.91596,1.91596,A,0.0,0.74686,0.0,0.0,0.0,6.46291,1.0,0.134,0.5725,1.0,1.0,7.4629,10000,10000,74967,10000,10000,751080,751080,,"{""EAGER"": 0, ""LATE_PERSIST"": 0, ""PER_QUERY"": 0}",13.4,116434.95
finproc|s75|r10|PRED_DISTINCT|c2,finproc,75,10,PRED_DISTINCT,2,0.74967,1.0,10,4.49112,33.544313,4.49112,7.848363,4.49112,4.49112,4.49112,A,0.0,0.74753,0.0,0.0,0.0,6.46903,1.0,0.1339,0.5722,1.0,1.0,7.469,20000,20000,149934,20000,20000,1692160,1692160,,"{""EAGER"": 0, ""LATE_PERSIST"": 0, ""PER_QUERY"": 0}",13.4,277886.5
finproc|s75|r10|PRED_DISTINCT|c4,finproc,75,10,PRED_DISTINCT,4,0.74967,1.0,10,9.54144,71.285978,9.54144,16.676206,9.54144,9.54144,9.54144,A,0.0,0.74777,0.0,0.0,0.0,6.4712,1.0,0.1338,0.5722,1.0,1.0,7.4712,40000,40000,299868,40000,40000,3664320,3664320,,"{""EAGER"": 0, ""LATE_PERSIST"": 0, ""PER_QUERY"": 0}",13.4,587280.6
finproc|s75|r10|PRED_NESTED|c1,finproc,75,10,PRED_NESTED,1,0.68179,1.0,10,1.915966,13.005349,1.915966,2.177886,2.177886,1.915966,1.915966,A,0.1367,0.1367,0.0,0.0,0.0,5.78788,1.0,0.1473,1.0,1.1367,1.0,6.7879,10000,10000,68179,10000,11372,751080,854257,,"{""EAGER"": 0, ""LATE_PERSIST"": 0, ""PER_QUERY"": 0}",13.55,42138.3
finproc|s75|r10|PRED_NESTED|c2,finproc,75,10,PRED_NESTED,2,0.68179,1.0,10,4.491126,30.509707,4.491126,5.105518,5.105518,4.491126,4.491126,A,0.1368,0.1368,0.0,0.0,0.0,5.79333,1.0,0.1472,1.0,1.1368,1.0,6.7933,20000,20000,136358,20000,22744,1692160,1924582,,"{""EAGER"": 0, ""LATE_PERSIST"": 0, ""PER_QUERY"": 0}",13.55,100547.2
finproc|s75|r10|PRED_NESTED|c4,finproc,75,10,PRED_NESTED,4,0.68179,1.0,10,9.541446,64.836632,9.541446,10.847062,10.847062,9.541446,9.541446,A,0.13684,0.13684,0.0,0.0,0.0,5.79526,1.0,0.1472,1.0,1.1368,1.0,6.7953,40000,40000,272716,40000,45488,3664320,4167580,,"{""EAGER"": 0, ""LATE_PERSIST"": 0, ""PER_QUERY"": 0}",13.55,212479.8
finproc|s75|r10|PRED_OVERLAP|c1,finproc,75,10,PRED_OVERLAP,1,0.60812,0.9961,10,1.91596,11.60102,1.908617,3.052402,3.052402,1.908617,1.908617,C,0.59927,0.59927,0.0,0.0,0.00385,5.07823,0.9962,0.1645,1.0,1.5993,1.0038,6.0782,9961,10000,60812,9961,15959,751080,1198664,,"{""EAGER"": 0, ""LATE_PERSIST"": 0, ""PER_QUERY"": 0}",13.4,94116.05
finproc|s75|r10|PRED_OVERLAP|c2,finproc,75,10,PRED_OVERLAP,2,0.60812,0.9961,10,4.49112,27.214832,4.473861,7.157298,7.157298,4.473861,4.473861,C,0.5998,0.5998,0.0,0.0,0.00386,5.08308,0.9962,0.1644,1.0,1.5998,1.0039,6.0831,19922,20000,121624,19922,31918,1692160,2700549,,"{""EAGER"": 0, ""LATE_PERSIST"": 0, ""PER_QUERY"": 0}",13.4,224596.7
finproc|s75|r10|PRED_OVERLAP|c4,finproc,75,10,PRED_OVERLAP,4,0.60812,0.9961,10,9.54144,57.834336,9.504737,15.2075,15.2075,9.504737,9.504737,C,0.59999,0.59999,0.0,0.0,0.00386,5.08479,0.9962,0.1643,1.0,1.6,1.0039,6.0848,39844,40000,243248,39844,63836,3664320,5847950,,"{""EAGER"": 0, ""LATE_PERSIST"": 0, ""PER_QUERY"": 0}",13.4,474644.6
finproc|s75|r10|PRED_MUTEX|c1,finproc,75,10,PRED_MUTEX,1,0.1,1.0,10,1.91596,1.90796,1.91596,1.90796,1.90796,1.90796,1.90796,B,0.0,0.0,0.0,0.00419,0.00419,0.0,1.0,1.0042,1.0,1.0,1.0042,1.0,10000,10000,10000,10000,10000,751080,751080,,"{""EAGER"": 0, ""LATE_PERSIST"": 0, ""PER_QUERY"": 0}",13.4,15571.0
finproc|s75|r10|PRED_MUTEX|c2,finproc,75,10,PRED_MUTEX,2,0.1,1.0,10,4.49112,4.47512,4.49112,4.47512,4.47512,4.47512,4.47512,B,0.0,0.0,0.0,0.00358,0.00358,0.0,1.0,1.0036,1.0,1.0,1.0036,1.0,20000,20000,20000,20000,20000,1692160,1692160,,"{""EAGER"": 0, ""LATE_PERSIST"": 0, ""PER_QUERY"": 0}",13.4,37128.6
finproc|s75|r10|PRED_MUTEX|c4,finproc,75,10,PRED_MUTEX,4,0.1,1.0,10,9.54144,9.50944,9.54144,9.50944,9.50944,9.50944,9.50944,B,0.0,0.0,0.0,0.00337,0.00337,0.0,1.0,1.0034,1.0,1.0,1.0034,1.0,40000,40000,40000,40000,40000,3664320,3664320,,"{""EAGER"": 0, ""LATE_PERSIST"": 0, ""PER_QUERY"": 0}",13.4,78443.8
finproc|s75|r50|PRED_SHARED|c1,finproc,75,50,PRED_SHARED,1,0.7509,0.7509,50,1.91916,71.611425,1.442156,2.874304,1.442156,1.442156,1.442156,C,0.0,0.99306,0.0,0.0,0.33076,48.65582,0.7515,0.0201,0.5017,1.0,1.3308,49.6558,7509,10000,375450,7509,7509,751080,564017,,"{""EAGER"": 0, ""LATE_PERSIST"": 0, ""PER_QUERY"": 0}",13.4,13.4
finproc|s75|r50|PRED_SHARED|c2,finproc,75,50,PRED_SHARED,2,0.7509,0.7509,50,4.49432,167.99855,3.375905,6.735796,3.375905,3.375905,3.375905,C,0.0,0.99526,0.0,0.0,0.33129,48.764,0.7511,0.0201,0.5012,1.0,1.3313,49.764,15018,20000,750900,15018,15018,1692160,1270705,,"{""EAGER"": 0, ""LATE_PERSIST"": 0, ""PER_QUERY"": 0}",13.4,13.4
finproc|s75|r50|PRED_SHARED|c4,finproc,75,50,PRED_SHARED,4,0.7509,0.7509,50,9.54464,357.0183,7.168315,14.308601,7.168315,7.168315,7.168315,C,0.0,0.99609,0.0,0.0,0.3315,48.80505,0.751,0.0201,0.501,1.0,1.3315,49.8051,30036,40000,1501800,30036,30036,3664320,2751662,,"{""EAGER"": 0, ""LATE_PERSIST"": 0, ""PER_QUERY"": 0}",13.4,13.4
finproc|s75|r50|PRED_DISTINCT|c1,finproc,75,50,PRED_DISTINCT,1,0.75035,1.0,50,1.91916,71.558071,1.91916,3.350116,1.91916,1.91916,1.91916,A,0.0,0.74562,0.0,0.0,0.0,36.28614,1.0,0.0268,0.5729,1.0,1.0,37.2861,10000,10000,375175,10000,10000,751080,751080,,"{""EAGER"": 0, ""LATE_PERSIST"": 0, ""PER_QUERY"": 0}",13.4,7365.7
finproc|s75|r50|PRED_DISTINCT|c2,finproc,75,50,PRED_DISTINCT,2,0.75035,1.0,50,4.49432,167.873693,4.49432,7.851563,4.49432,4.49432,4.49432,A,0.0,0.747,0.0,0.0,0.0,36.35241,1.0,0.0268,0.5724,1.0,1.0,37.3524,20000,20000,750350,20000,20000,1692160,1692160,,"{""EAGER"": 0, ""LATE_PERSIST"": 0, ""PER_QUERY"": 0}",13.4,17568.0
finproc|s75|r50|PRED_DISTINCT|c4,finproc,75,50,PRED_DISTINCT,4,0.75035,1.0,50,9.54464,356.753186,9.54464,16.679406,9.54464,9.54464,9.54464,A,0.0,0.74752,0.0,0.0,0.0,36.37733,1.0,0.0268,0.5722,1.0,1.0,37.3773,40000,40000,1500700,40000,40000,3664320,3664320,,"{""EAGER"": 0, ""LATE_PERSIST"": 0, ""PER_QUERY"": 0}",13.4,37117.6
finproc|s75|r50|PRED_NESTED|c1,finproc,75,50,PRED_NESTED,1,0.66977,1.0,50,1.919194,63.879391,1.919194,1.976409,1.976409,1.919194,1.919194,A,0.02981,0.02981,0.0,0.0,0.0,32.28449,1.0,0.03,1.0,1.0298,1.0,33.2845,10000,10000,334886,10000,10299,751080,773633,,"{""EAGER"": 0, ""LATE_PERSIST"": 0, ""PER_QUERY"": 0}",13.55,4702.65
finproc|s75|r50|PRED_NESTED|c2,finproc,75,50,PRED_NESTED,2,0.66977,1.0,50,4.494354,149.857224,4.494354,4.628519,4.628519,4.494354,4.494354,A,0.02985,0.02985,0.0,0.0,0.0,32.34344,1.0,0.03,1.0,1.0299,1.0,33.3434,20000,20000,669772,20000,20598,1692160,1742947,,"{""EAGER"": 0, ""LATE_PERSIST"": 0, ""PER_QUERY"": 0}",13.55,11203.9
finproc|s75|r50|PRED_NESTED|c4,finproc,75,50,PRED_NESTED,4,0.66977,1.0,50,9.544674,318.46403,9.544674,9.829748,9.829748,9.544674,9.544674,A,0.02987,0.02987,0.0,0.0,0.0,32.36563,1.0,0.03,1.0,1.0299,1.0,33.3656,40000,40000,1339544,40000,41196,3664320,3774266,,"{""EAGER"": 0, ""LATE_PERSIST"": 0, ""PER_QUERY"": 0}",13.55,23662.8
finproc|s75|r50|PRED_OVERLAP|c1,finproc,75,50,PRED_OVERLAP,1,0.60629,1.0,50,1.91916,57.819757,1.91916,3.071176,3.071176,1.91916,1.91916,A,0.60027,0.60027,0.0,0.0,0.0,29.12764,1.0,0.0332,1.0,1.6003,1.0,30.1276,10000,10000,303146,10000,16041,751080,1204758,,"{""EAGER"": 0, ""LATE_PERSIST"": 0, ""PER_QUERY"": 0}",13.4,22823.6
finproc|s75|r50|PRED_OVERLAP|c2,finproc,75,50,PRED_OVERLAP,2,0.60629,1.0,50,4.49432,135.64315,4.49432,7.197059,7.197059,4.49432,4.49432,A,0.60137,0.60137,0.0,0.0,0.0,29.18102,1.0,0.0331,1.0,1.6014,1.0,30.181,20000,20000,606292,20000,32082,1692160,2714295,,"{""EAGER"": 0, ""LATE_PERSIST"": 0, ""PER_QUERY"": 0}",13.4,54453.8
finproc|s75|r50|PRED_OVERLAP|c4,finproc,75,50,PRED_OVERLAP,4,0.60629,1.0,50,9.54464,288.258476,9.54464,15.288414,15.288414,9.54464,9.54464,A,0.60178,0.60178,0.0,0.0,0.0,29.20108,1.0,0.0331,1.0,1.6018,1.0,30.2011,40000,40000,1212584,40000,64164,3664320,5877738,,"{""EAGER"": 0, ""LATE_PERSIST"": 0, ""PER_QUERY"": 0}",13.4,115068.2
finproc|s75|r50|PRED_MUTEX|c1,finproc,75,50,PRED_MUTEX,1,0.02,1.0,50,1.91916,1.91116,1.91916,1.91116,1.91116,1.91116,1.91116,B,0.0,0.0,0.0,0.00419,0.00419,0.0,1.0,1.0042,1.0,1.0,1.0042,1.0,10000,10000,10000,10000,10000,751080,751080,,"{""EAGER"": 0, ""LATE_PERSIST"": 0, ""PER_QUERY"": 0}",13.4,3134.7
finproc|s75|r50|PRED_MUTEX|c2,finproc,75,50,PRED_MUTEX,2,0.02,1.0,50,4.49432,4.47832,4.49432,4.47832,4.47832,4.47832,4.47832,B,0.0,0.0,0.0,0.00357,0.00357,0.0,1.0,1.0036,1.0,1.0,1.0036,1.0,20000,20000,20000,20000,20000,1692160,1692160,,"{""EAGER"": 0, ""LATE_PERSIST"": 0, ""PER_QUERY"": 0}",13.4,7456.0
finproc|s75|r50|PRED_MUTEX|c4,finproc,75,50,PRED_MUTEX,4,0.02,1.0,50,9.54464,9.51264,9.54464,9.51264,9.51264,9.51264,9.51264,B,0.0,0.0,0.0,0.00336,0.00336,0.0,1.0,1.0034,1.0,1.0,1.0034,1.0,40000,40000,40000,40000,40000,3664320,3664320,,"{""EAGER"": 0, ""LATE_PERSIST"": 0, ""PER_QUERY"": 0}",13.4,15738.6
finproc|s75|r100|PRED_SHARED|c1,finproc,75,100,PRED_SHARED,1,0.7509,0.7509,100,1.92316,143.22285,1.446156,2.878304,1.446156,1.446156,1.446156,C,0.0,0.99031,0.0,0.0,0.32984,98.03695,0.752,0.0101,0.5024,1.0,1.3298,99.037,7509,10000,750900,7509,7509,751080,564017,,"{""EAGER"": 0, ""LATE_PERSIST"": 0, ""PER_QUERY"": 0}",13.4,13.4
finproc|s75|r100|PRED_SHARED|c2,finproc,75,100,PRED_SHARED,2,0.7509,0.7509,100,4.49832,335.9971,3.379905,6.739796,3.379905,3.379905,3.379905,C,0.0,0.99408,0.0,0.0,0.3309,98.41021,0.7514,0.0101,0.5015,1.0,1.3309,99.4102,15018,20000,1501800,15018,15018,1692160,1270705,,"{""EAGER"": 0, ""LATE_PERSIST"": 0, ""PER_QUERY"": 0}",13.4,13.4
finproc|s75|r100|PRED_SHARED|c4,finproc,75,100,PRED_SHARED,4,0.7509,0.7509,100,9.54864,714.0366,7.172315,14.312601,7.172315,7.172315,7.172315,C,0.0,0.99553,0.0,0.0,0.33132,98.55455,0.7511,0.01,0.5011,1.0,1.3313,99.5546,30036,40000,3003600,30036,30036,3664320,2751662,,"{""EAGER"": 0, ""LATE_PERSIST"": 0, ""PER_QUERY"": 0}",13.4,13.4
finproc|s75|r100|PRED_DISTINCT|c1,finproc,75,100,PRED_DISTINCT,1,0.75035,1.0,100,1.92316,143.115739,1.92316,3.354116,1.92316,1.92316,1.92316,A,0.0,0.74407,0.0,0.0,0.0,73.41697,1.0,0.0134,0.5734,1.0,1.0,74.417,10000,10000,750354,10000,10000,751080,751080,,"{""EAGER"": 0, ""LATE_PERSIST"": 0, ""PER_QUERY"": 0}",13.4,121.6
finproc|s75|r100|PRED_DISTINCT|c2,finproc,75,100,PRED_DISTINCT,2,0.75035,1.0,100,4.49832,335.746842,4.49832,7.855563,4.49832,4.49832,4.49832,A,0.0,0.74633,0.0,0.0,0.0,73.63827,1.0,0.0134,0.5726,1.0,1.0,74.6383,20000,20000,1500708,20000,20000,1692160,1692160,,"{""EAGER"": 0, ""LATE_PERSIST"": 0, ""PER_QUERY"": 0}",13.4,271.8
finproc|s75|r100|PRED_DISTINCT|c4,finproc,75,100,PRED_DISTINCT,4,0.75035,1.0,100,9.54864,713.505508,9.54864,16.683406,9.54864,9.54864,9.54864,A,0.0,0.7472,0.0,0.0,0.0,73.72326,1.0,0.0134,0.5723,1.0,1.0,74.7233,40000,40000,3001416,40000,40000,3664320,3664320,,"{""EAGER"": 0, ""LATE_PERSIST"": 0, ""PER_QUERY"": 0}",13.4,559.6
finproc|s75|r100|PRED_NESTED|c1,finproc,75,100,PRED_NESTED,1,0.66813,1.0,100,1.923226,127.446197,1.923226,1.952613,1.952613,1.923226,1.923226,A,0.01528,0.01528,0.0,0.0,0.0,65.26689,1.0,0.0151,1.0,1.0153,1.0,66.2669,10000,10000,668134,10000,10154,751080,762655,,"{""EAGER"": 0, ""LATE_PERSIST"": 0, ""PER_QUERY"": 0}",13.55,2405.4
finproc|s75|r100|PRED_NESTED|c2,finproc,75,100,PRED_NESTED,2,0.66813,1.0,100,4.498386,298.981172,4.498386,4.567324,4.567324,4.498386,4.498386,A,0.01533,0.01533,0.0,0.0,0.0,65.4641,1.0,0.015,1.0,1.0153,1.0,66.4641,20000,20000,1336268,20000,20308,1692160,1718236,,"{""EAGER"": 0, ""LATE_PERSIST"": 0, ""PER_QUERY"": 0}",13.55,5727.4
finproc|s75|r100|PRED_NESTED|c4,finproc,75,100,PRED_NESTED,4,0.66813,1.0,100,9.548706,635.369782,9.548706,9.695206,9.695206,9.548706,9.548706,A,0.01534,0.01534,0.0,0.0,0.0,65.53988,1.0,0.015,1.0,1.0153,1.0,66.5399,40000,40000,2672536,40000,40616,3664320,3720784,,"{""EAGER"": 0, ""LATE_PERSIST"": 0, ""PER_QUERY"": 0}",13.55,12092.4
finproc|s75|r100|PRED_OVERLAP|c1,finproc,75,100,PRED_OVERLAP,1,0.60603,1.0,100,1.92316,115.586925,1.92316,3.075176,3.075176,1.92316,1.92316,A,0.59902,0.59902,0.0,0.0,0.0,59.1026,1.0,0.0166,1.0,1.599,1.0,60.1026,10000,10000,606026,10000,16041,751080,1204758,,"{""EAGER"": 0, ""LATE_PERSIST"": 0, ""PER_QUERY"": 0}",13.4,5625.9
finproc|s75|r100|PRED_OVERLAP|c2,finproc,75,100,PRED_OVERLAP,2,0.60603,1.0,100,4.49832,271.163566,4.49832,7.201059,7.201059,4.49832,4.49832,A,0.60083,0.60083,0.0,0.0,0.0,59.28108,1.0,0.0166,1.0,1.6008,1.0,60.2811,20000,20000,1212052,20000,32082,1692160,2714295,,"{""EAGER"": 0, ""LATE_PERSIST"": 0, ""PER_QUERY"": 0}",13.4,13410.4
finproc|s75|r100|PRED_OVERLAP|c4,finproc,75,100,PRED_OVERLAP,4,0.60603,1.0,100,9.54864,576.256588,9.54864,15.292414,15.292414,9.54864,9.54864,A,0.60153,0.60153,0.0,0.0,0.0,59.3496,1.0,0.0166,1.0,1.6015,1.0,60.3496,40000,40000,2424104,40000,64164,3664320,5877738,,"{""EAGER"": 0, ""LATE_PERSIST"": 0, ""PER_QUERY"": 0}",13.4,28327.8
finproc|s75|r100|PRED_MUTEX|c1,finproc,75,100,PRED_MUTEX,1,0.01,1.0,100,1.92316,1.91516,1.92316,1.91516,1.91516,1.91516,1.91516,B,0.0,0.0,0.0,0.00418,0.00418,0.0,1.0,1.0042,1.0,1.0,1.0042,1.0,10000,10000,10000,10000,10000,751080,751080,,"{""EAGER"": 0, ""LATE_PERSIST"": 0, ""PER_QUERY"": 0}",13.4,1573.9
finproc|s75|r100|PRED_MUTEX|c2,finproc,75,100,PRED_MUTEX,2,0.01,1.0,100,4.49832,4.48232,4.49832,4.48232,4.48232,4.48232,4.48232,B,0.0,0.0,0.0,0.00357,0.00357,0.0,1.0,1.0036,1.0,1.0,1.0036,1.0,20000,20000,20000,20000,20000,1692160,1692160,,"{""EAGER"": 0, ""LATE_PERSIST"": 0, ""PER_QUERY"": 0}",13.4,3734.4
finproc|s75|r100|PRED_MUTEX|c4,finproc,75,100,PRED_MUTEX,4,0.01,1.0,100,9.54864,9.51664,9.54864,9.51664,9.51664,9.51664,9.51664,B,0.0,0.0,0.0,0.00336,0.00336,0.0,1.0,1.0034,1.0,1.0,1.0034,1.0,40000,40000,40000,40000,40000,3664320,3664320,,"{""EAGER"": 0, ""LATE_PERSIST"": 0, ""PER_QUERY"": 0}",13.4,7875.4
finproc|s100|r1|PRED_SHARED|c1,finproc,100,1,PRED_SHARED,1,1.0,1.0,1,1.915242,1.907242,1.915242,1.907242,1.915242,1.907242,1.915242,B,0.00419,0.0,0.00419,0.00419,0.00419,0.0,1.0,1.0042,1.0042,1.0042,1.0042,1.0,10000,10000,10000,10000,10000,751080,751080,,"{""EAGER"": 0, ""LATE_PERSIST"": 0, ""PER_QUERY"": 0}",13.55,155175.55
finproc|s100|r1|PRED_SHARED|c2,finproc,100,1,PRED_SHARED,2,1.0,1.0,1,4.490402,4.474402,4.490402,4.474402,4.490402,4.474402,4.490402,B,0.00358,0.0,0.00358,0.00358,0.00358,0.0,1.0,1.0036,1.0036,1.0036,1.0036,1.0,20000,20000,20000,20000,20000,1692160,1692160,0,"{""EAGER"": 0, ""LATE_PERSIST"": 1, ""PER_QUERY"": 0}",13.55,370337.55
finproc|s100|r1|PRED_SHARED|c4,finproc,100,1,PRED_SHARED,4,1.0,1.0,1,9.540722,9.508722,9.540722,9.508722,9.540722,9.508722,9.540722,B,0.00337,0.0,0.00337,0.00337,0.00337,0.0,1.0,1.0034,1.0034,1.0034,1.0034,1.0,40000,40000,40000,40000,40000,3664320,3664320,,"{""EAGER"": 0, ""LATE_PERSIST"": 0, ""PER_QUERY"": 0}",13.55,782661.55
finproc|s100|r1|PRED_DISTINCT|c1,finproc,100,1,PRED_DISTINCT,1,1.0,1.0,1,1.915242,1.907242,1.915242,1.907242,1.915242,1.907242,1.915242,B,0.00419,0.0,0.00419,0.00419,0.00419,0.0,1.0,1.0042,1.0042,1.0042,1.0042,1.0,10000,10000,10000,10000,10000,751080,751080,,"{""EAGER"": 0, ""LATE_PERSIST"": 0, ""PER_QUERY"": 0}",13.55,155175.55
finproc|s100|r1|PRED_DISTINCT|c2,finproc,100,1,PRED_DISTINCT,2,1.0,1.0,1,4.490402,4.474402,4.490402,4.474402,4.490402,4.474402,4.490402,B,0.00358,0.0,0.00358,0.00358,0.00358,0.0,1.0,1.0036,1.0036,1.0036,1.0036,1.0,20000,20000,20000,20000,20000,1692160,1692160,0,"{""EAGER"": 0, ""LATE_PERSIST"": 1, ""PER_QUERY"": 0}",13.55,370337.55
finproc|s100|r1|PRED_DISTINCT|c4,finproc,100,1,PRED_DISTINCT,4,1.0,1.0,1,9.540722,9.508722,9.540722,9.508722,9.540722,9.508722,9.540722,B,0.00337,0.0,0.00337,0.00337,0.00337,0.0,1.0,1.0034,1.0034,1.0034,1.0034,1.0,40000,40000,40000,40000,40000,3664320,3664320,,"{""EAGER"": 0, ""LATE_PERSIST"": 0, ""PER_QUERY"": 0}",13.55,782661.55
finproc|s100|r1|PRED_NESTED|c1,finproc,100,1,PRED_NESTED,1,1.0,1.0,1,1.915242,1.907242,1.915242,1.907242,1.915242,1.907242,1.915242,B,0.00419,0.0,0.00419,0.00419,0.00419,0.0,1.0,1.0042,1.0042,1.0042,1.0042,1.0,10000,10000,10000,10000,10000,751080,751080,,"{""EAGER"": 0, ""LATE_PERSIST"": 0, ""PER_QUERY"": 0}",13.55,155175.55
finproc|s100|r1|PRED_NESTED|c2,finproc,100,1,PRED_NESTED,2,1.0,1.0,1,4.490402,4.474402,4.490402,4.474402,4.490402,4.474402,4.490402,B,0.00358,0.0,0.00358,0.00358,0.00358,0.0,1.0,1.0036,1.0036,1.0036,1.0036,1.0,20000,20000,20000,20000,20000,1692160,1692160,0,"{""EAGER"": 0, ""LATE_PERSIST"": 1, ""PER_QUERY"": 0}",13.55,370337.55
finproc|s100|r1|PRED_NESTED|c4,finproc,100,1,PRED_NESTED,4,1.0,1.0,1,9.540722,9.508722,9.540722,9.508722,9.540722,9.508722,9.540722,B,0.00337,0.0,0.00337,0.00337,0.00337,0.0,1.0,1.0034,1.0034,1.0034,1.0034,1.0,40000,40000,40000,40000,40000,3664320,3664320,,"{""EAGER"": 0, ""LATE_PERSIST"": 0, ""PER_QUERY"": 0}",13.55,782661.55
finproc|s100|r1|PRED_OVERLAP|c1,finproc,100,1,PRED_OVERLAP,1,0.7534,0.7534,1,1.91524,1.437025,1.443052,1.437025,1.443052,1.437025,1.443052,B,0.00419,0.0,0.00419,0.00419,0.33278,0.0,0.7535,1.0042,1.0042,1.0042,1.3328,1.0,7534,10000,7534,7534,7534,751080,565909,,"{""EAGER"": 0, ""LATE_PERSIST"": 0, ""PER_QUERY"": 0}",13.4,116919.25
finproc|s100|r1|PRED_OVERLAP|c2,finproc,100,1,PRED_OVERLAP,2,0.7534,0.7534,1,4.4904,3.371214,3.383268,3.371214,3.383268,3.371214,3.383268,B,0.00358,0.0,0.00358,0.00358,0.33198,0.0,0.7534,1.0036,1.0036,1.0036,1.332,1.0,15068,20000,15068,15068,15068,1692160,1274964,0,"{""EAGER"": 0, ""LATE_PERSIST"": 1, ""PER_QUERY"": 0}",13.4,279029.1
finproc|s100|r1|PRED_OVERLAP|c4,finproc,100,1,PRED_OVERLAP,4,0.7534,0.7534,1,9.54072,7.164252,7.188361,7.164252,7.188361,7.164252,7.188361,B,0.00337,0.0,0.00337,0.00337,0.33171,0.0,0.7534,1.0034,1.0034,1.0034,1.3317,1.0,30136,40000,30136,30136,30136,3664320,2760880,,"{""EAGER"": 0, ""LATE_PERSIST"": 0, ""PER_QUERY"": 0}",13.4,589687.6
finproc|s100|r1|PRED_MUTEX|c1,finproc,100,1,PRED_MUTEX,1,1.0,1.0,1,1.915242,1.907242,1.915242,1.907242,1.915242,1.907242,1.915242,B,0.00419,0.0,0.00419,0.00419,0.00419,0.0,1.0,1.0042,1.0042,1.0042,1.0042,1.0,10000,10000,10000,10000,10000,751080,751080,,"{""EAGER"": 0, ""LATE_PERSIST"": 0, ""PER_QUERY"": 0}",13.55,155175.55
finproc|s100|r1|PRED_MUTEX|c2,finproc,100,1,PRED_MUTEX,2,1.0,1.0,1,4.490402,4.474402,4.490402,4.474402,4.490402,4.474402,4.490402,B,0.00358,0.0,0.00358,0.00358,0.00358,0.0,1.0,1.0036,1.0036,1.0036,1.0036,1.0,20000,20000,20000,20000,20000,1692160,1692160,0,"{""EAGER"": 0, ""LATE_PERSIST"": 1, ""PER_QUERY"": 0}",13.55,370337.55
finproc|s100|r1|PRED_MUTEX|c4,finproc,100,1,PRED_MUTEX,4,1.0,1.0,1,9.540722,9.508722,9.540722,9.508722,9.540722,9.508722,9.540722,B,0.00337,0.0,0.00337,0.00337,0.00337,0.0,1.0,1.0034,1.0034,1.0034,1.0034,1.0,40000,40000,40000,40000,40000,3664320,3664320,,"{""EAGER"": 0, ""LATE_PERSIST"": 0, ""PER_QUERY"": 0}",13.55,782661.55
finproc|s100|r10|PRED_SHARED|c1,finproc,100,10,PRED_SHARED,1,1.0,1.0,10,1.91598,19.07242,1.91598,3.82314,1.91598,1.91598,1.91598,A,0.0,0.9954,0.0,0.0,0.0,8.95439,1.0,0.1005,0.5012,1.0,1.0,9.9544,10000,10000,100000,10000,10000,751080,751080,,"{""EAGER"": 0, ""LATE_PERSIST"": 0, ""PER_QUERY"": 0}",13.55,155175.55
finproc|s100|r10|PRED_SHARED|c2,finproc,100,10,PRED_SHARED,2,1.0,1.0,10,4.49114,44.74402,4.49114,8.96546,4.49114,4.49114,4.49114,A,0.0,0.99625,0.0,0.0,0.0,8.96273,1.0,0.1004,0.5009,1.0,1.0,9.9627,20000,20000,200000,20000,20000,1692160,1692160,0,"{""EAGER"": 0, ""LATE_PERSIST"": 10, ""PER_QUERY"": 0}",13.55,370337.55
finproc|s100|r10|PRED_SHARED|c4,finproc,100,10,PRED_SHARED,4,1.0,1.0,10,9.54146,95.08722,9.54146,19.0501,9.54146,9.54146,9.54146,A,0.0,0.99656,0.0,0.0,0.0,8.96569,1.0,0.1003,0.5009,1.0,1.0,9.9657,40000,40000,400000,40000,40000,3664320,3664320,,"{""EAGER"": 0, ""LATE_PERSIST"": 0, ""PER_QUERY"": 0}",13.55,782661.55
finproc|s100|r10|PRED_DISTINCT|c1,finproc,100,10,PRED_DISTINCT,1,1.0,1.0,10,1.91598,19.07242,1.91598,3.82314,1.91598,1.91598,1.91598,A,0.0,0.9954,0.0,0.0,0.0,8.95439,1.0,0.1005,0.5012,1.0,1.0,9.9544,10000,10000,100000,10000,10000,751080,751080,,"{""EAGER"": 0, ""LATE_PERSIST"": 0, ""PER_QUERY"": 0}",13.55,155175.55
finproc|s100|r10|PRED_DISTINCT|c2,finproc,100,10,PRED_DISTINCT,2,1.0,1.0,10,4.49114,44.74402,4.49114,8.96546,4.49114,4.49114,4.49114,A,0.0,0.99625,0.0,0.0,0.0,8.96273,1.0,0.1004,0.5009,1.0,1.0,9.9627,20000,20000,200000,20000,20000,1692160,1692160,0,"{""EAGER"": 0, ""LATE_PERSIST"": 10, ""PER_QUERY"": 0}",13.55,370337.55
finproc|s100|r10|PRED_DISTINCT|c4,finproc,100,10,PRED_DISTINCT,4,1.0,1.0,10,9.54146,95.08722,9.54146,19.0501,9.54146,9.54146,9.54146,A,0.0,0.99656,0.0,0.0,0.0,8.96569,1.0,0.1003,0.5009,1.0,1.0,9.9657,40000,40000,400000,40000,40000,3664320,3664320,,"{""EAGER"": 0, ""LATE_PERSIST"": 0, ""PER_QUERY"": 0}",13.55,782661.55
finproc|s100|r10|PRED_NESTED|c1,finproc,100,10,PRED_NESTED,1,0.77228,1.0,10,1.91597,14.730756,1.91597,2.264826,2.264826,1.91597,1.91597,A,0.18208,0.18208,0.0,0.0,0.0,6.68841,1.0,0.1301,1.0,1.1821,1.0,7.6884,10000,10000,77228,10000,11828,751080,888491,,"{""EAGER"": 0, ""LATE_PERSIST"": 0, ""PER_QUERY"": 0}",13.55,55460.15
finproc|s100|r10|PRED_NESTED|c2,finproc,100,10,PRED_NESTED,2,0.77228,1.0,10,4.49113,34.55775,4.49113,5.30949,5.30949,4.49113,4.49113,A,0.18222,0.18222,0.0,0.0,0.0,6.69467,1.0,0.13,1.0,1.1822,1.0,7.6947,20000,20000,154456,20000,23656,1692160,2001714,1,"{""EAGER"": 0, ""LATE_PERSIST"": 9, ""PER_QUERY"": 1}",13.55,132344.9
finproc|s100|r10|PRED_NESTED|c4,finproc,100,10,PRED_NESTED,4,0.77228,1.0,10,9.54145,73.439458,9.54145,11.280538,11.280538,9.54145,9.54145,A,0.18227,0.18227,0.0,0.0,0.0,6.69689,1.0,0.1299,1.0,1.1823,1.0,7.6969,40000,40000,308912,40000,47312,3664320,4334612,,"{""EAGER"": 0, ""LATE_PERSIST"": 0, ""PER_QUERY"": 0}",13.55,279683.0
finproc|s100|r10|PRED_OVERLAP|c1,finproc,100,10,PRED_OVERLAP,1,0.74863,0.9996,10,1.91596,14.279478,1.915183,3.351177,1.915183,1.915183,1.915183,C,0.0,0.7498,0.0,0.0,0.00041,6.45593,0.9996,0.1341,0.5715,1.0,1.0004,7.4559,9996,10000,74863,9996,9996,751080,750774,,"{""EAGER"": 0, ""LATE_PERSIST"": 0, ""PER_QUERY"": 0}",13.4,116919.25
finproc|s100|r10|PRED_OVERLAP|c2,finproc,100,10,PRED_OVERLAP,2,0.74863,0.9996,10,4.49112,33.499113,4.489302,7.858205,4.489302,4.489302,4.489302,C,0.0,0.75043,0.0,0.0,0.00041,6.46199,0.9996,0.134,0.5713,1.0,1.0004,7.462,19992,20000,149726,19992,19992,1692160,1691472,0,"{""EAGER"": 0, ""LATE_PERSIST"": 10, ""PER_QUERY"": 0}",13.4,279029.1
finproc|s100|r10|PRED_OVERLAP|c4,finproc,100,10,PRED_OVERLAP,4,0.74863,0.9996,10,9.54144,71.189754,9.537579,16.697009,9.537579,9.537579,9.537579,C,0.0,0.75065,0.0,0.0,0.0004,6.46413,0.9996,0.134,0.5712,1.0,1.0004,7.4641,39984,40000,299452,39984,39984,3664320,3662832,,"{""EAGER"": 0, ""LATE_PERSIST"": 0, ""PER_QUERY"": 0}",13.4,589687.6
finproc|s100|r10|PRED_MUTEX|c1,finproc,100,10,PRED_MUTEX,1,0.1,1.0,10,1.91596,1.90796,1.91596,1.90796,1.90796,1.90796,1.90796,B,0.0,0.0,0.0,0.00419,0.00419,0.0,1.0,1.0042,1.0,1.0,1.0042,1.0,10000,10000,10000,10000,10000,751080,751080,,"{""EAGER"": 0, ""LATE_PERSIST"": 0, ""PER_QUERY"": 0}",13.4,15551.8
finproc|s100|r10|PRED_MUTEX|c2,finproc,100,10,PRED_MUTEX,2,0.1,1.0,10,4.49112,4.47512,4.49112,4.47512,4.47512,4.47512,4.47512,B,0.0,0.0,0.0,0.00358,0.00358,0.0,1.0,1.0036,1.0,1.0,1.0036,1.0,20000,20000,20000,20000,20000,1692160,1692160,0,"{""EAGER"": 0, ""LATE_PERSIST"": 0, ""PER_QUERY"": 10}",13.4,37090.2
finproc|s100|r10|PRED_MUTEX|c4,finproc,100,10,PRED_MUTEX,4,0.1,1.0,10,9.54144,9.50944,9.54144,9.50944,9.50944,9.50944,9.50944,B,0.0,0.0,0.0,0.00337,0.00337,0.0,1.0,1.0034,1.0,1.0,1.0034,1.0,40000,40000,40000,40000,40000,3664320,3664320,,"{""EAGER"": 0, ""LATE_PERSIST"": 0, ""PER_QUERY"": 0}",13.4,78367.0
finproc|s100|r50|PRED_SHARED|c1,finproc,100,50,PRED_SHARED,1,1.0,1.0,50,1.91926,95.3621,1.91926,3.82642,1.91926,1.91926,1.91926,A,0.0,0.9937,0.0,0.0,0.0,48.68691,1.0,0.0201,0.5016,1.0,1.0,49.6869,10000,10000,500000,10000,10000,751080,751080,,"{""EAGER"": 0, ""LATE_PERSIST"": 0, ""PER_QUERY"": 0}",13.55,13.55
finproc|s100|r50|PRED_SHARED|c2,finproc,100,50,PRED_SHARED,2,1.0,1.0,50,4.49442,223.7201,4.49442,8.96874,4.49442,4.49442,4.49442,A,0.0,0.99553,0.0,0.0,0.0,48.7773,1.0,0.0201,0.5011,1.0,1.0,49.7773,20000,20000,1000000,20000,20000,1692160,1692160,0,"{""EAGER"": 0, ""LATE_PERSIST"": 50, ""PER_QUERY"": 0}",13.55,13.55
finproc|s100|r50|PRED_SHARED|c4,finproc,100,50,PRED_SHARED,4,1.0,1.0,50,9.54474,475.4361,9.54474,19.05338,9.54474,9.54474,9.54474,A,0.0,0.99622,0.0,0.0,0.0,48.81132,1.0,0.0201,0.5009,1.0,1.0,49.8113,40000,40000,2000000,40000,40000,3664320,3664320,,"{""EAGER"": 0, ""LATE_PERSIST"": 0, ""PER_QUERY"": 0}",13.55,13.55
finproc|s100|r50|PRED_DISTINCT|c1,finproc,100,50,PRED_DISTINCT,1,1.0,1.0,50,1.91926,95.3621,1.91926,3.82642,1.91926,1.91926,1.91926,A,0.0,0.9937,0.0,0.0,0.0,48.68691,1.0,0.0201,0.5016,1.0,1.0,49.6869,10000,10000,500000,10000,10000,751080,751080,,"{""EAGER"": 0, ""LATE_PERSIST"": 0, ""PER_QUERY"": 0}",13.55,13.55
finproc|s100|r50|PRED_DISTINCT|c2,finproc,100,50,PRED_DISTINCT,2,1.0,1.0,50,4.49442,223.7201,4.49442,8.96874,4.49442,4.49442,4.49442,A,0.0,0.99553,0.0,0.0,0.0,48.7773,1.0,0.0201,0.5011,1.0,1.0,49.7773,20000,20000,1000000,20000,20000,1692160,1692160,0,"{""EAGER"": 0, ""LATE_PERSIST"": 50, ""PER_QUERY"": 0}",13.55,13.55
finproc|s100|r50|PRED_DISTINCT|c4,finproc,100,50,PRED_DISTINCT,4,1.0,1.0,50,9.54474,475.4361,9.54474,19.05338,9.54474,9.54474,9.54474,A,0.0,0.99622,0.0,0.0,0.0,48.81132,1.0,0.0201,0.5009,1.0,1.0,49.8113,40000,40000,2000000,40000,40000,3664320,3664320,,"{""EAGER"": 0, ""LATE_PERSIST"": 0, ""PER_QUERY"": 0}",13.55,13.55
finproc|s100|r50|PRED_NESTED|c1,finproc,100,50,PRED_NESTED,1,0.75471,1.0,50,1.91921,71.977267,1.91921,1.995545,1.995545,1.91921,1.91921,A,0.03977,0.03977,0.0,0.0,0.0,36.50359,1.0,0.0267,1.0,1.0398,1.0,37.5036,10000,10000,377355,10000,10399,751080,781168,,"{""EAGER"": 0, ""LATE_PERSIST"": 0, ""PER_QUERY"": 0}",13.55,6222.35
finproc|s100|r50|PRED_NESTED|c2,finproc,100,50,PRED_NESTED,2,0.75471,1.0,50,4.49437,168.855915,4.49437,4.673375,4.673375,4.49437,4.49437,A,0.03983,0.03983,0.0,0.0,0.0,36.57054,1.0,0.0266,1.0,1.0398,1.0,37.5705,20000,20000,754710,20000,20798,1692160,1759917,3,"{""EAGER"": 1, ""LATE_PERSIST"": 48, ""PER_QUERY"": 1}",13.55,14825.3
finproc|s100|r50|PRED_NESTED|c4,finproc,100,50,PRED_NESTED,4,0.75471,1.0,50,9.54469,358.83966,9.54469,9.925044,9.925044,9.54469,9.54469,A,0.03985,0.03985,0.0,0.0,0.0,36.59574,1.0,0.0266,1.0,1.0398,1.0,37.5957,40000,40000,1509420,40000,41596,3664320,3811006,,"{""EAGER"": 0, ""LATE_PERSIST"": 0, ""PER_QUERY"": 0}",13.55,31313.0
finproc|s100|r50|PRED_OVERLAP|c1,finproc,100,50,PRED_OVERLAP,1,0.74933,1.0,50,1.91916,71.47117,1.91916,3.356105,1.91916,1.91916,1.91916,A,0.0,0.74874,0.0,0.0,0.0,36.24086,1.0,0.0269,0.5718,1.0,1.0,37.2409,10000,10000,374663,10000,10000,751080,751080,,"{""EAGER"": 0, ""LATE_PERSIST"": 0, ""PER_QUERY"": 0}",13.4,10137.85
finproc|s100|r50|PRED_OVERLAP|c2,finproc,100,50,PRED_OVERLAP,2,0.74933,1.0,50,4.49432,167.666097,4.49432,7.865454,4.49432,4.49432,4.49432,A,0.0,0.75009,0.0,0.0,0.0,36.30622,1.0,0.0268,0.5714,1.0,1.0,37.3062,20000,20000,749326,20000,20000,1692160,1692160,0,"{""EAGER"": 0, ""LATE_PERSIST"": 50, ""PER_QUERY"": 0}",13.4,24174.3
finproc|s100|r50|PRED_OVERLAP|c4,finproc,100,50,PRED_OVERLAP,4,0.74933,1.0,50,9.54464,356.309322,9.54464,16.708812,9.54464,9.54464,9.54464,A,0.0,0.7506,0.0,0.0,0.0,36.33083,1.0,0.0268,0.5712,1.0,1.0,37.3308,40000,40000,1498652,40000,40000,3664320,3664320,,"{""EAGER"": 0, ""LATE_PERSIST"": 0, ""PER_QUERY"": 0}",13.4,51073.6
finproc|s100|r50|PRED_MUTEX|c1,finproc,100,50,PRED_MUTEX,1,0.02,1.0,50,1.91916,1.91116,1.91916,1.91116,1.91116,1.91116,1.91116,B,0.0,0.0,0.0,0.00419,0.00419,0.0,1.0,1.0042,1.0,1.0,1.0042,1.0,10000,10000,10000,10000,10000,751080,751080,,"{""EAGER"": 0, ""LATE_PERSIST"": 0, ""PER_QUERY"": 0}",13.4,3126.0
finproc|s100|r50|PRED_MUTEX|c2,finproc,100,50,PRED_MUTEX,2,0.02,1.0,50,4.49432,4.47832,4.49432,4.47832,4.47832,4.47832,4.47832,B,0.0,0.0,0.0,0.00357,0.00357,0.0,1.0,1.0036,1.0,1.0,1.0036,1.0,20000,20000,20000,20000,20000,1692160,1692160,0,"{""EAGER"": 0, ""LATE_PERSIST"": 0, ""PER_QUERY"": 50}",13.4,7438.6
finproc|s100|r50|PRED_MUTEX|c4,finproc,100,50,PRED_MUTEX,4,0.02,1.0,50,9.54464,9.51264,9.54464,9.51264,9.51264,9.51264,9.51264,B,0.0,0.0,0.0,0.00336,0.00336,0.0,1.0,1.0034,1.0,1.0,1.0034,1.0,40000,40000,40000,40000,40000,3664320,3664320,,"{""EAGER"": 0, ""LATE_PERSIST"": 0, ""PER_QUERY"": 0}",13.4,15703.8
finproc|s100|r100|PRED_SHARED|c1,finproc,100,100,PRED_SHARED,1,1.0,1.0,100,1.92336,190.7242,1.92336,3.83052,1.92336,1.92336,1.92336,A,0.0,0.99158,0.0,0.0,0.0,98.16199,1.0,0.0101,0.5021,1.0,1.0,99.162,10000,10000,1000000,10000,10000,751080,751080,,"{""EAGER"": 0, ""LATE_PERSIST"": 0, ""PER_QUERY"": 0}",13.55,13.55
finproc|s100|r100|PRED_SHARED|c2,finproc,100,100,PRED_SHARED,2,1.0,1.0,100,4.49852,447.4402,4.49852,8.97284,4.49852,4.49852,4.49852,A,0.0,0.99462,0.0,0.0,0.0,98.46387,1.0,0.0101,0.5013,1.0,1.0,99.4639,20000,20000,2000000,20000,20000,1692160,1692160,0,"{""EAGER"": 0, ""LATE_PERSIST"": 100, ""PER_QUERY"": 0}",13.55,13.55
finproc|s100|r100|PRED_SHARED|c4,finproc,100,100,PRED_SHARED,4,1.0,1.0,100,9.54884,950.8722,9.54884,19.05748,9.54884,9.54884,9.54884,A,0.0,0.99579,0.0,0.0,0.0,98.57987,1.0,0.01,0.5011,1.0,1.0,99.5799,40000,40000,4000000,40000,40000,3664320,3664320,,"{""EAGER"": 0, ""LATE_PERSIST"": 0, ""PER_QUERY"": 0}",13.55,13.55
finproc|s100|r100|PRED_DISTINCT|c1,finproc,100,100,PRED_DISTINCT,1,1.0,1.0,100,1.92336,190.7242,1.92336,3.83052,1.92336,1.92336,1.92336,A,0.0,0.99158,0.0,0.0,0.0,98.16199,1.0,0.0101,0.5021,1.0,1.0,99.162,10000,10000,1000000,10000,10000,751080,751080,,"{""EAGER"": 0, ""LATE_PERSIST"": 0, ""PER_QUERY"": 0}",13.55,13.55
finproc|s100|r100|PRED_DISTINCT|c2,finproc,100,100,PRED_DISTINCT,2,1.0,1.0,100,4.49852,447.4402,4.49852,8.97284,4.49852,4.49852,4.49852,A,0.0,0.99462,0.0,0.0,0.0,98.46387,1.0,0.0101,0.5013,1.0,1.0,99.4639,20000,20000,2000000,20000,20000,1692160,1692160,0,"{""EAGER"": 0, ""LATE_PERSIST"": 100, ""PER_QUERY"": 0}",13.55,13.55
finproc|s100|r100|PRED_DISTINCT|c4,finproc,100,100,PRED_DISTINCT,4,1.0,1.0,100,9.54884,950.8722,9.54884,19.05748,9.54884,9.54884,9.54884,A,0.0,0.99579,0.0,0.0,0.0,98.57987,1.0,0.01,0.5011,1.0,1.0,99.5799,40000,40000,4000000,40000,40000,3664320,3664320,,"{""EAGER"": 0, ""LATE_PERSIST"": 0, ""PER_QUERY"": 0}",13.55,13.55
finproc|s100|r100|PRED_NESTED|c1,finproc,100,100,PRED_NESTED,1,0.75227,1.0,100,1.92326,143.488366,1.92326,1.962711,1.962711,1.92326,1.92326,A,0.02051,0.02051,0.0,0.0,0.0,73.60685,1.0,0.0134,1.0,1.0205,1.0,74.6068,10000,10000,752268,10000,10206,751080,766634,,"{""EAGER"": 0, ""LATE_PERSIST"": 0, ""PER_QUERY"": 0}",13.55,3162.2
finproc|s100|r100|PRED_NESTED|c2,finproc,100,100,PRED_NESTED,2,0.75227,1.0,100,4.49842,336.61832,4.49842,4.590918,4.590918,4.49842,4.49842,A,0.02056,0.02056,0.0,0.0,0.0,73.83034,1.0,0.0134,1.0,1.0206,1.0,74.8303,20000,20000,1504536,20000,20412,1692160,1727182,3,"{""EAGER"": 1, ""LATE_PERSIST"": 98, ""PER_QUERY"": 1}",13.55,7535.0
finproc|s100|r100|PRED_NESTED|c4,finproc,100,100,PRED_NESTED,4,0.75227,1.0,100,9.54874,715.355548,9.54874,9.745272,9.745272,9.54874,9.54874,A,0.02058,0.02058,0.0,0.0,0.0,73.91622,1.0,0.0133,1.0,1.0206,1.0,74.9162,40000,40000,3009072,40000,40824,3664320,3740132,,"{""EAGER"": 0, ""LATE_PERSIST"": 0, ""PER_QUERY"": 0}",13.55,15913.4
finproc|s100|r100|PRED_OVERLAP|c1,finproc,100,100,PRED_OVERLAP,1,0.74934,1.0,100,1.92316,142.945859,1.92316,3.360105,1.92316,1.92316,1.92316,A,0.0,0.74718,0.0,0.0,0.0,73.32864,1.0,0.0135,0.5724,1.0,1.0,74.3286,10000,10000,749337,10000,10000,751080,751080,,"{""EAGER"": 0, ""LATE_PERSIST"": 0, ""PER_QUERY"": 0}",13.4,1139.95
finproc|s100|r100|PRED_OVERLAP|c2,finproc,100,100,PRED_OVERLAP,2,0.74934,1.0,100,4.49832,335.339959,4.49832,7.869454,4.49832,4.49832,4.49832,A,0.0,0.74942,0.0,0.0,0.0,73.54782,1.0,0.0134,0.5716,1.0,1.0,74.5478,20000,20000,1498674,20000,20000,1692160,1692160,0,"{""EAGER"": 0, ""LATE_PERSIST"": 100, ""PER_QUERY"": 0}",13.4,2704.5
finproc|s100|r100|PRED_OVERLAP|c4,finproc,100,100,PRED_OVERLAP,4,0.74934,1.0,100,9.54864,712.63479,9.54864,16.712812,9.54864,9.54864,9.54864,A,0.0,0.75028,0.0,0.0,0.0,73.63207,1.0,0.0134,0.5713,1.0,1.0,74.6321,40000,40000,2997348,40000,40000,3664320,3664320,,"{""EAGER"": 0, ""LATE_PERSIST"": 0, ""PER_QUERY"": 0}",13.4,5702.2
finproc|s100|r100|PRED_MUTEX|c1,finproc,100,100,PRED_MUTEX,1,0.01,1.0,100,1.92316,1.91516,1.92316,1.91516,1.91516,1.91516,1.91516,B,0.0,0.0,0.0,0.00418,0.00418,0.0,1.0,1.0042,1.0,1.0,1.0042,1.0,10000,10000,10000,10000,10000,751080,751080,,"{""EAGER"": 0, ""LATE_PERSIST"": 0, ""PER_QUERY"": 0}",13.4,1574.65
finproc|s100|r100|PRED_MUTEX|c2,finproc,100,100,PRED_MUTEX,2,0.01,1.0,100,4.49832,4.48232,4.49832,4.48232,4.48232,4.48232,4.48232,B,0.0,0.0,0.0,0.00357,0.00357,0.0,1.0,1.0036,1.0,1.0,1.0036,1.0,20000,20000,20000,20000,20000,1692160,1692160,0,"{""EAGER"": 0, ""LATE_PERSIST"": 0, ""PER_QUERY"": 100}",13.4,3735.9
finproc|s100|r100|PRED_MUTEX|c4,finproc,100,100,PRED_MUTEX,4,0.01,1.0,100,9.54864,9.51664,9.54864,9.51664,9.51664,9.51664,9.51664,B,0.0,0.0,0.0,0.00336,0.00336,0.0,1.0,1.0034,1.0,1.0,1.0034,1.0,40000,40000,40000,40000,40000,3664320,3664320,,"{""EAGER"": 0, ""LATE_PERSIST"": 0, ""PER_QUERY"": 0}",13.4,7878.4
